05-05-2026 10:06:12 |INFO| users listed! 
05-05-2026 10:09:38 |INFO| users listed! 
05-05-2026 10:19:10 |ERROR| Error | POST | /api/v1/user : E11000 duplicate key error collection: eCommerece.users index: mobile_1 dup key: { mobile: "01006978541" } 
MongoServerError: E11000 duplicate key error collection: eCommerece.users index: mobile_1 dup key: { mobile: "01006978541" }
    at InsertOneOperation.handleOk (C:\Users\yosef\OneDrive\Desktop\NTI\Ecommerce\node_modules\mongodb\lib\operations\insert.js:51:19)
    at executeOperationWithRetries (C:\Users\yosef\OneDrive\Desktop\NTI\Ecommerce\node_modules\mongodb\lib\operations\execute_operation.js:194:34)
    at process.processTicksAndRejections (node:internal/process/task_queues:104:5)
    at async executeOperation (C:\Users\yosef\OneDrive\Desktop\NTI\Ecommerce\node_modules\mongodb\lib\operations\execute_operation.js:83:16)
    at async Collection.insertOne (C:\Users\yosef\OneDrive\Desktop\NTI\Ecommerce\node_modules\mongodb\lib\collection.js:154:16)
    at async model.$__save (C:\Users\yosef\OneDrive\Desktop\NTI\Ecommerce\node_modules\mongoose\lib\model.js:428:16)
    at async model.save (C:\Users\yosef\OneDrive\Desktop\NTI\Ecommerce\node_modules\mongoose\lib\model.js:667:5)
    at async model.create (C:\Users\yosef\OneDrive\Desktop\NTI\Ecommerce\node_modules\mongoose\lib\model.js:2747:5)
    at async C:\Users\yosef\OneDrive\Desktop\NTI\Ecommerce\controller\user.controller.js:15:18
05-05-2026 10:19:41 |INFO| users listed! 
05-05-2026 10:26:46 |ERROR| Error | GET | /api/v1/user : unauthorized, no token provided! 
Error: unauthorized, no token provided!
    at exports.authanticate (C:\Users\yosef\OneDrive\Desktop\NTI\Ecommerce\middlewares\auth.middleware.js:8:15)
    at Layer.handleRequest (C:\Users\yosef\OneDrive\Desktop\NTI\Ecommerce\node_modules\router\lib\layer.js:152:17)
    at next (C:\Users\yosef\OneDrive\Desktop\NTI\Ecommerce\node_modules\router\lib\route.js:157:13)
    at Route.dispatch (C:\Users\yosef\OneDrive\Desktop\NTI\Ecommerce\node_modules\router\lib\route.js:117:3)
    at handle (C:\Users\yosef\OneDrive\Desktop\NTI\Ecommerce\node_modules\router\index.js:435:11)
    at Layer.handleRequest (C:\Users\yosef\OneDrive\Desktop\NTI\Ecommerce\node_modules\router\lib\layer.js:152:17)
    at C:\Users\yosef\OneDrive\Desktop\NTI\Ecommerce\node_modules\router\index.js:295:15
    at processParams (C:\Users\yosef\OneDrive\Desktop\NTI\Ecommerce\node_modules\router\index.js:582:12)
    at next (C:\Users\yosef\OneDrive\Desktop\NTI\Ecommerce\node_modules\router\index.js:291:5)
    at router.handle (C:\Users\yosef\OneDrive\Desktop\NTI\Ecommerce\node_modules\router\index.js:186:3)
05-05-2026 10:39:20 |ERROR| Error | POST | /api/v1/auth/login : can't find /api/v1/auth/login 
Error: can't find /api/v1/auth/login
    at C:\Users\yosef\OneDrive\Desktop\NTI\Ecommerce\server.js:20:7
    at Layer.handleRequest (C:\Users\yosef\OneDrive\Desktop\NTI\Ecommerce\node_modules\router\lib\layer.js:152:17)
    at trimPrefix (C:\Users\yosef\OneDrive\Desktop\NTI\Ecommerce\node_modules\router\index.js:342:13)
    at C:\Users\yosef\OneDrive\Desktop\NTI\Ecommerce\node_modules\router\index.js:297:9
    at processParams (C:\Users\yosef\OneDrive\Desktop\NTI\Ecommerce\node_modules\router\index.js:582:12)
    at next (C:\Users\yosef\OneDrive\Desktop\NTI\Ecommerce\node_modules\router\index.js:291:5)
    at C:\Users\yosef\OneDrive\Desktop\NTI\Ecommerce\node_modules\router\index.js:688:15
    at next (C:\Users\yosef\OneDrive\Desktop\NTI\Ecommerce\node_modules\router\index.js:276:14)
    at router.handle (C:\Users\yosef\OneDrive\Desktop\NTI\Ecommerce\node_modules\router\index.js:186:3)
    at router (C:\Users\yosef\OneDrive\Desktop\NTI\Ecommerce\node_modules\router\index.js:60:12)
05-05-2026 10:39:50 |ERROR| Error | POST | /api/v1/auth/login : myUser.correctpassword is not a function 
TypeError: myUser.correctpassword is not a function
    at C:\Users\yosef\OneDrive\Desktop\NTI\Ecommerce\controller\auth.controller.js:17:30
    at process.processTicksAndRejections (node:internal/process/task_queues:104:5)
05-05-2026 10:41:51 |ERROR| Error | POST | /api/v1/auth/login : Invalid email or Password! 
Error: Invalid email or Password!
    at C:\Users\yosef\OneDrive\Desktop\NTI\Ecommerce\controller\auth.controller.js:21:7
05-05-2026 10:44:24 |ERROR| Error | GET | /api/v1/user : unauthorized, no token provided! 
Error: unauthorized, no token provided!
    at exports.authanticate (C:\Users\yosef\OneDrive\Desktop\NTI\Ecommerce\middlewares\auth.middleware.js:8:15)
    at Layer.handleRequest (C:\Users\yosef\OneDrive\Desktop\NTI\Ecommerce\node_modules\router\lib\layer.js:152:17)
    at next (C:\Users\yosef\OneDrive\Desktop\NTI\Ecommerce\node_modules\router\lib\route.js:157:13)
    at Route.dispatch (C:\Users\yosef\OneDrive\Desktop\NTI\Ecommerce\node_modules\router\lib\route.js:117:3)
    at handle (C:\Users\yosef\OneDrive\Desktop\NTI\Ecommerce\node_modules\router\index.js:435:11)
    at Layer.handleRequest (C:\Users\yosef\OneDrive\Desktop\NTI\Ecommerce\node_modules\router\lib\layer.js:152:17)
    at C:\Users\yosef\OneDrive\Desktop\NTI\Ecommerce\node_modules\router\index.js:295:15
    at processParams (C:\Users\yosef\OneDrive\Desktop\NTI\Ecommerce\node_modules\router\index.js:582:12)
    at next (C:\Users\yosef\OneDrive\Desktop\NTI\Ecommerce\node_modules\router\index.js:291:5)
    at router.handle (C:\Users\yosef\OneDrive\Desktop\NTI\Ecommerce\node_modules\router\index.js:186:3)
05-05-2026 10:45:22 |ERROR| Error | GET | /api/v1/user : unauthorized, no token provided! 
Error: unauthorized, no token provided!
    at exports.authanticate (C:\Users\yosef\OneDrive\Desktop\NTI\Ecommerce\middlewares\auth.middleware.js:8:15)
    at Layer.handleRequest (C:\Users\yosef\OneDrive\Desktop\NTI\Ecommerce\node_modules\router\lib\layer.js:152:17)
    at next (C:\Users\yosef\OneDrive\Desktop\NTI\Ecommerce\node_modules\router\lib\route.js:157:13)
    at Route.dispatch (C:\Users\yosef\OneDrive\Desktop\NTI\Ecommerce\node_modules\router\lib\route.js:117:3)
    at handle (C:\Users\yosef\OneDrive\Desktop\NTI\Ecommerce\node_modules\router\index.js:435:11)
    at Layer.handleRequest (C:\Users\yosef\OneDrive\Desktop\NTI\Ecommerce\node_modules\router\lib\layer.js:152:17)
    at C:\Users\yosef\OneDrive\Desktop\NTI\Ecommerce\node_modules\router\index.js:295:15
    at processParams (C:\Users\yosef\OneDrive\Desktop\NTI\Ecommerce\node_modules\router\index.js:582:12)
    at next (C:\Users\yosef\OneDrive\Desktop\NTI\Ecommerce\node_modules\router\index.js:291:5)
    at router.handle (C:\Users\yosef\OneDrive\Desktop\NTI\Ecommerce\node_modules\router\index.js:186:3)
05-05-2026 10:45:41 |ERROR| Error | GET | /api/v1/auth/login : can't find /api/v1/auth/login 
Error: can't find /api/v1/auth/login
    at C:\Users\yosef\OneDrive\Desktop\NTI\Ecommerce\server.js:20:7
    at Layer.handleRequest (C:\Users\yosef\OneDrive\Desktop\NTI\Ecommerce\node_modules\router\lib\layer.js:152:17)
    at trimPrefix (C:\Users\yosef\OneDrive\Desktop\NTI\Ecommerce\node_modules\router\index.js:342:13)
    at C:\Users\yosef\OneDrive\Desktop\NTI\Ecommerce\node_modules\router\index.js:297:9
    at processParams (C:\Users\yosef\OneDrive\Desktop\NTI\Ecommerce\node_modules\router\index.js:582:12)
    at next (C:\Users\yosef\OneDrive\Desktop\NTI\Ecommerce\node_modules\router\index.js:291:5)
    at C:\Users\yosef\OneDrive\Desktop\NTI\Ecommerce\node_modules\router\index.js:688:15
    at next (C:\Users\yosef\OneDrive\Desktop\NTI\Ecommerce\node_modules\router\index.js:276:14)
    at router.handle (C:\Users\yosef\OneDrive\Desktop\NTI\Ecommerce\node_modules\router\index.js:186:3)
    at router (C:\Users\yosef\OneDrive\Desktop\NTI\Ecommerce\node_modules\router\index.js:60:12)
05-05-2026 10:46:27 |INFO| users listed! 
05-05-2026 10:56:48 |ERROR| Error | POST | /api/v1/user/createadmin : myUser.select is not a function 
TypeError: myUser.select is not a function
    at C:\Users\yosef\OneDrive\Desktop\NTI\Ecommerce\controller\user.controller.js:26:51
    at process.processTicksAndRejections (node:internal/process/task_queues:104:5)
05-05-2026 10:57:42 |ERROR| Error | POST | /api/v1/user/createadmin : User.create(...).select is not a function 
TypeError: User.create(...).select is not a function
    at C:\Users\yosef\OneDrive\Desktop\NTI\Ecommerce\controller\user.controller.js:23:6
    at C:\Users\yosef\OneDrive\Desktop\NTI\Ecommerce\utilites\catchAsync.uti.js:4:3
    at Layer.handleRequest (C:\Users\yosef\OneDrive\Desktop\NTI\Ecommerce\node_modules\router\lib\layer.js:152:17)
    at next (C:\Users\yosef\OneDrive\Desktop\NTI\Ecommerce\node_modules\router\lib\route.js:157:13)
    at C:\Users\yosef\OneDrive\Desktop\NTI\Ecommerce\middlewares\role.middleware.js:8:3
    at Layer.handleRequest (C:\Users\yosef\OneDrive\Desktop\NTI\Ecommerce\node_modules\router\lib\layer.js:152:17)
    at next (C:\Users\yosef\OneDrive\Desktop\NTI\Ecommerce\node_modules\router\lib\route.js:157:13)
    at exports.authanticate (C:\Users\yosef\OneDrive\Desktop\NTI\Ecommerce\middlewares\auth.middleware.js:17:2)
    at process.processTicksAndRejections (node:internal/process/task_queues:104:5)
05-05-2026 10:58:22 |ERROR| Error | POST | /api/v1/user/createadmin : User.create(...).select is not a function 
TypeError: User.create(...).select is not a function
    at C:\Users\yosef\OneDrive\Desktop\NTI\Ecommerce\controller\user.controller.js:23:6
    at C:\Users\yosef\OneDrive\Desktop\NTI\Ecommerce\utilites\catchAsync.uti.js:4:3
    at Layer.handleRequest (C:\Users\yosef\OneDrive\Desktop\NTI\Ecommerce\node_modules\router\lib\layer.js:152:17)
    at next (C:\Users\yosef\OneDrive\Desktop\NTI\Ecommerce\node_modules\router\lib\route.js:157:13)
    at C:\Users\yosef\OneDrive\Desktop\NTI\Ecommerce\middlewares\role.middleware.js:8:3
    at Layer.handleRequest (C:\Users\yosef\OneDrive\Desktop\NTI\Ecommerce\node_modules\router\lib\layer.js:152:17)
    at next (C:\Users\yosef\OneDrive\Desktop\NTI\Ecommerce\node_modules\router\lib\route.js:157:13)
    at exports.authanticate (C:\Users\yosef\OneDrive\Desktop\NTI\Ecommerce\middlewares\auth.middleware.js:17:2)
    at process.processTicksAndRejections (node:internal/process/task_queues:104:5)
05-05-2026 11:00:35 |ERROR| Error | POST | /api/v1/user/createadmin : E11000 duplicate key error collection: eCommerece.users index: mobile_1 dup key: { mobile: "01006879542" } 
MongoServerError: E11000 duplicate key error collection: eCommerece.users index: mobile_1 dup key: { mobile: "01006879542" }
    at InsertOneOperation.handleOk (C:\Users\yosef\OneDrive\Desktop\NTI\Ecommerce\node_modules\mongodb\lib\operations\insert.js:51:19)
    at executeOperationWithRetries (C:\Users\yosef\OneDrive\Desktop\NTI\Ecommerce\node_modules\mongodb\lib\operations\execute_operation.js:194:34)
    at process.processTicksAndRejections (node:internal/process/task_queues:104:5)
    at async executeOperation (C:\Users\yosef\OneDrive\Desktop\NTI\Ecommerce\node_modules\mongodb\lib\operations\execute_operation.js:83:16)
    at async Collection.insertOne (C:\Users\yosef\OneDrive\Desktop\NTI\Ecommerce\node_modules\mongodb\lib\collection.js:154:16)
    at async model.$__save (C:\Users\yosef\OneDrive\Desktop\NTI\Ecommerce\node_modules\mongoose\lib\model.js:428:16)
    at async model.save (C:\Users\yosef\OneDrive\Desktop\NTI\Ecommerce\node_modules\mongoose\lib\model.js:667:5)
    at async model.create (C:\Users\yosef\OneDrive\Desktop\NTI\Ecommerce\node_modules\mongoose\lib\model.js:2747:5)
    at async C:\Users\yosef\OneDrive\Desktop\NTI\Ecommerce\controller\user.controller.js:15:18
05-05-2026 11:00:43 |ERROR| Error | POST | /api/v1/user/createadmin : E11000 duplicate key error collection: eCommerece.users index: email_1 dup key: { email: "yosefalsharawy123@gmail.com" } 
MongoServerError: E11000 duplicate key error collection: eCommerece.users index: email_1 dup key: { email: "yosefalsharawy123@gmail.com" }
    at InsertOneOperation.handleOk (C:\Users\yosef\OneDrive\Desktop\NTI\Ecommerce\node_modules\mongodb\lib\operations\insert.js:51:19)
    at executeOperationWithRetries (C:\Users\yosef\OneDrive\Desktop\NTI\Ecommerce\node_modules\mongodb\lib\operations\execute_operation.js:194:34)
    at process.processTicksAndRejections (node:internal/process/task_queues:104:5)
    at async executeOperation (C:\Users\yosef\OneDrive\Desktop\NTI\Ecommerce\node_modules\mongodb\lib\operations\execute_operation.js:83:16)
    at async Collection.insertOne (C:\Users\yosef\OneDrive\Desktop\NTI\Ecommerce\node_modules\mongodb\lib\collection.js:154:16)
    at async model.$__save (C:\Users\yosef\OneDrive\Desktop\NTI\Ecommerce\node_modules\mongoose\lib\model.js:428:16)
    at async model.save (C:\Users\yosef\OneDrive\Desktop\NTI\Ecommerce\node_modules\mongoose\lib\model.js:667:5)
    at async model.create (C:\Users\yosef\OneDrive\Desktop\NTI\Ecommerce\node_modules\mongoose\lib\model.js:2747:5)
    at async C:\Users\yosef\OneDrive\Desktop\NTI\Ecommerce\controller\user.controller.js:15:18
05-05-2026 11:02:30 |ERROR| Error | POST | /api/v1/user/createadmin : E11000 duplicate key error collection: eCommerece.users index: mobile_1 dup key: { mobile: "01007879542" } 
MongoServerError: E11000 duplicate key error collection: eCommerece.users index: mobile_1 dup key: { mobile: "01007879542" }
    at InsertOneOperation.handleOk (C:\Users\yosef\OneDrive\Desktop\NTI\Ecommerce\node_modules\mongodb\lib\operations\insert.js:51:19)
    at executeOperationWithRetries (C:\Users\yosef\OneDrive\Desktop\NTI\Ecommerce\node_modules\mongodb\lib\operations\execute_operation.js:194:34)
    at process.processTicksAndRejections (node:internal/process/task_queues:104:5)
    at async executeOperation (C:\Users\yosef\OneDrive\Desktop\NTI\Ecommerce\node_modules\mongodb\lib\operations\execute_operation.js:83:16)
    at async Collection.insertOne (C:\Users\yosef\OneDrive\Desktop\NTI\Ecommerce\node_modules\mongodb\lib\collection.js:154:16)
    at async model.$__save (C:\Users\yosef\OneDrive\Desktop\NTI\Ecommerce\node_modules\mongoose\lib\model.js:428:16)
    at async model.save (C:\Users\yosef\OneDrive\Desktop\NTI\Ecommerce\node_modules\mongoose\lib\model.js:667:5)
    at async model.create (C:\Users\yosef\OneDrive\Desktop\NTI\Ecommerce\node_modules\mongoose\lib\model.js:2747:5)
    at async C:\Users\yosef\OneDrive\Desktop\NTI\Ecommerce\controller\user.controller.js:15:18
05-05-2026 11:02:49 |INFO| users listed! 
05-05-2026 11:05:15 |INFO| users listed! 
05-05-2026 13:07:23 |INFO| users created! 
05-05-2026 13:07:24 |ERROR| Error | POST | /api/v1/user/signup : next is not a function 
TypeError: next is not a function
    at model.<anonymous> (C:\Users\yosef\OneDrive\Desktop\NTI\Ecommerce\models\user.model.js:74:2)
    at async Kareem.execPre (C:\Users\yosef\OneDrive\Desktop\NTI\Ecommerce\node_modules\kareem\index.js:61:24)
    at async model.$__save (C:\Users\yosef\OneDrive\Desktop\NTI\Ecommerce\node_modules\mongoose\lib\model.js:397:5)
    at async model.save (C:\Users\yosef\OneDrive\Desktop\NTI\Ecommerce\node_modules\mongoose\lib\model.js:667:5)
    at async model.create (C:\Users\yosef\OneDrive\Desktop\NTI\Ecommerce\node_modules\mongoose\lib\model.js:2747:5)
    at async C:\Users\yosef\OneDrive\Desktop\NTI\Ecommerce\controller\user.controller.js:16:18
05-05-2026 13:08:16 |INFO| users created! 
05-05-2026 13:10:59 |INFO| users created! 
05-05-2026 13:32:24 |ERROR| Error | POST | /api/v1/category/addGategory : can't find /api/v1/category/addGategory 
Error: can't find /api/v1/category/addGategory
    at C:\Users\yosef\OneDrive\Desktop\NTI\Ecommerce\server.js:21:7
    at Layer.handleRequest (C:\Users\yosef\OneDrive\Desktop\NTI\Ecommerce\node_modules\router\lib\layer.js:152:17)
    at trimPrefix (C:\Users\yosef\OneDrive\Desktop\NTI\Ecommerce\node_modules\router\index.js:342:13)
    at C:\Users\yosef\OneDrive\Desktop\NTI\Ecommerce\node_modules\router\index.js:297:9
    at processParams (C:\Users\yosef\OneDrive\Desktop\NTI\Ecommerce\node_modules\router\index.js:582:12)
    at next (C:\Users\yosef\OneDrive\Desktop\NTI\Ecommerce\node_modules\router\index.js:291:5)
    at C:\Users\yosef\OneDrive\Desktop\NTI\Ecommerce\node_modules\router\index.js:688:15
    at next (C:\Users\yosef\OneDrive\Desktop\NTI\Ecommerce\node_modules\router\index.js:276:14)
    at router.handle (C:\Users\yosef\OneDrive\Desktop\NTI\Ecommerce\node_modules\router\index.js:186:3)
    at router (C:\Users\yosef\OneDrive\Desktop\NTI\Ecommerce\node_modules\router\index.js:60:12)
05-05-2026 13:33:17 |ERROR| Error | POST | /api/v1/category/addGategory : unauthorized, no token provided! 
Error: unauthorized, no token provided!
    at exports.authanticate (C:\Users\yosef\OneDrive\Desktop\NTI\Ecommerce\middlewares\auth.middleware.js:8:15)
    at Layer.handleRequest (C:\Users\yosef\OneDrive\Desktop\NTI\Ecommerce\node_modules\router\lib\layer.js:152:17)
    at next (C:\Users\yosef\OneDrive\Desktop\NTI\Ecommerce\node_modules\router\lib\route.js:157:13)
    at Route.dispatch (C:\Users\yosef\OneDrive\Desktop\NTI\Ecommerce\node_modules\router\lib\route.js:117:3)
    at handle (C:\Users\yosef\OneDrive\Desktop\NTI\Ecommerce\node_modules\router\index.js:435:11)
    at Layer.handleRequest (C:\Users\yosef\OneDrive\Desktop\NTI\Ecommerce\node_modules\router\lib\layer.js:152:17)
    at C:\Users\yosef\OneDrive\Desktop\NTI\Ecommerce\node_modules\router\index.js:295:15
    at processParams (C:\Users\yosef\OneDrive\Desktop\NTI\Ecommerce\node_modules\router\index.js:582:12)
    at next (C:\Users\yosef\OneDrive\Desktop\NTI\Ecommerce\node_modules\router\index.js:291:5)
    at router.handle (C:\Users\yosef\OneDrive\Desktop\NTI\Ecommerce\node_modules\router\index.js:186:3)
05-05-2026 13:36:14 |ERROR| Error | POST | /api/v1api/v1/auth/login : can't find /api/v1api/v1/auth/login 
Error: can't find /api/v1api/v1/auth/login
    at C:\Users\yosef\OneDrive\Desktop\NTI\Ecommerce\server.js:21:7
    at Layer.handleRequest (C:\Users\yosef\OneDrive\Desktop\NTI\Ecommerce\node_modules\router\lib\layer.js:152:17)
    at trimPrefix (C:\Users\yosef\OneDrive\Desktop\NTI\Ecommerce\node_modules\router\index.js:342:13)
    at C:\Users\yosef\OneDrive\Desktop\NTI\Ecommerce\node_modules\router\index.js:297:9
    at processParams (C:\Users\yosef\OneDrive\Desktop\NTI\Ecommerce\node_modules\router\index.js:582:12)
    at next (C:\Users\yosef\OneDrive\Desktop\NTI\Ecommerce\node_modules\router\index.js:291:5)
    at cors (C:\Users\yosef\OneDrive\Desktop\NTI\Ecommerce\node_modules\cors\lib\index.js:188:7)
    at C:\Users\yosef\OneDrive\Desktop\NTI\Ecommerce\node_modules\cors\lib\index.js:224:17
    at origin (C:\Users\yosef\OneDrive\Desktop\NTI\Ecommerce\middlewares\cors.middleware.js:8:11)
    at C:\Users\yosef\OneDrive\Desktop\NTI\Ecommerce\node_modules\cors\lib\index.js:219:13
05-05-2026 13:36:37 |ERROR| Error | POST | /api/v1/auth/login : data and hash arguments required 
Error: data and hash arguments required
    at Object.compare (C:\Users\yosef\OneDrive\Desktop\NTI\Ecommerce\node_modules\bcrypt\bcrypt.js:204:17)
    at C:\Users\yosef\OneDrive\Desktop\NTI\Ecommerce\node_modules\bcrypt\promises.js:26:12
    at new Promise (<anonymous>)
    at Object.promise (C:\Users\yosef\OneDrive\Desktop\NTI\Ecommerce\node_modules\bcrypt\promises.js:17:12)
    at Object.compare (C:\Users\yosef\OneDrive\Desktop\NTI\Ecommerce\node_modules\bcrypt\bcrypt.js:200:25)
    at userSchema.methods.correctpassword (C:\Users\yosef\OneDrive\Desktop\NTI\Ecommerce\models\user.model.js:76:22)
    at C:\Users\yosef\OneDrive\Desktop\NTI\Ecommerce\controller\auth.controller.js:17:30
    at process.processTicksAndRejections (node:internal/process/task_queues:104:5)
05-05-2026 13:37:04 |ERROR| Error | POST | /api/v1/auth/login : data and hash arguments required 
Error: data and hash arguments required
    at Object.compare (C:\Users\yosef\OneDrive\Desktop\NTI\Ecommerce\node_modules\bcrypt\bcrypt.js:204:17)
    at C:\Users\yosef\OneDrive\Desktop\NTI\Ecommerce\node_modules\bcrypt\promises.js:26:12
    at new Promise (<anonymous>)
    at Object.promise (C:\Users\yosef\OneDrive\Desktop\NTI\Ecommerce\node_modules\bcrypt\promises.js:17:12)
    at Object.compare (C:\Users\yosef\OneDrive\Desktop\NTI\Ecommerce\node_modules\bcrypt\bcrypt.js:200:25)
    at userSchema.methods.correctpassword (C:\Users\yosef\OneDrive\Desktop\NTI\Ecommerce\models\user.model.js:76:22)
    at C:\Users\yosef\OneDrive\Desktop\NTI\Ecommerce\controller\auth.controller.js:17:30
    at process.processTicksAndRejections (node:internal/process/task_queues:104:5)
05-05-2026 13:38:03 |ERROR| Error | POST | /api/v1/auth/login : data and hash arguments required 
Error: data and hash arguments required
    at Object.compare (C:\Users\yosef\OneDrive\Desktop\NTI\Ecommerce\node_modules\bcrypt\bcrypt.js:204:17)
    at C:\Users\yosef\OneDrive\Desktop\NTI\Ecommerce\node_modules\bcrypt\promises.js:26:12
    at new Promise (<anonymous>)
    at Object.promise (C:\Users\yosef\OneDrive\Desktop\NTI\Ecommerce\node_modules\bcrypt\promises.js:17:12)
    at Object.compare (C:\Users\yosef\OneDrive\Desktop\NTI\Ecommerce\node_modules\bcrypt\bcrypt.js:200:25)
    at userSchema.methods.correctpassword (C:\Users\yosef\OneDrive\Desktop\NTI\Ecommerce\models\user.model.js:75:22)
    at C:\Users\yosef\OneDrive\Desktop\NTI\Ecommerce\controller\auth.controller.js:17:30
    at process.processTicksAndRejections (node:internal/process/task_queues:104:5)
05-05-2026 13:40:09 |ERROR| Error | POST | /api/v1/auth/login : data and hash arguments required 
Error: data and hash arguments required
    at Object.compare (C:\Users\yosef\OneDrive\Desktop\NTI\Ecommerce\node_modules\bcrypt\bcrypt.js:204:17)
    at C:\Users\yosef\OneDrive\Desktop\NTI\Ecommerce\node_modules\bcrypt\promises.js:26:12
    at new Promise (<anonymous>)
    at Object.promise (C:\Users\yosef\OneDrive\Desktop\NTI\Ecommerce\node_modules\bcrypt\promises.js:17:12)
    at Object.compare (C:\Users\yosef\OneDrive\Desktop\NTI\Ecommerce\node_modules\bcrypt\bcrypt.js:200:25)
    at userSchema.methods.correctpassword (C:\Users\yosef\OneDrive\Desktop\NTI\Ecommerce\models\user.model.js:76:22)
    at C:\Users\yosef\OneDrive\Desktop\NTI\Ecommerce\controller\auth.controller.js:18:30
    at process.processTicksAndRejections (node:internal/process/task_queues:104:5)
05-05-2026 13:40:26 |ERROR| Error | POST | /api/v1/auth/login : data and hash arguments required 
Error: data and hash arguments required
    at Object.compare (C:\Users\yosef\OneDrive\Desktop\NTI\Ecommerce\node_modules\bcrypt\bcrypt.js:204:17)
    at C:\Users\yosef\OneDrive\Desktop\NTI\Ecommerce\node_modules\bcrypt\promises.js:26:12
    at new Promise (<anonymous>)
    at Object.promise (C:\Users\yosef\OneDrive\Desktop\NTI\Ecommerce\node_modules\bcrypt\promises.js:17:12)
    at Object.compare (C:\Users\yosef\OneDrive\Desktop\NTI\Ecommerce\node_modules\bcrypt\bcrypt.js:200:25)
    at userSchema.methods.correctpassword (C:\Users\yosef\OneDrive\Desktop\NTI\Ecommerce\models\user.model.js:76:22)
    at C:\Users\yosef\OneDrive\Desktop\NTI\Ecommerce\controller\auth.controller.js:18:30
    at process.processTicksAndRejections (node:internal/process/task_queues:104:5)
05-05-2026 13:40:51 |ERROR| Error | POST | /api/v1/auth/login : data and hash arguments required 
Error: data and hash arguments required
    at Object.compare (C:\Users\yosef\OneDrive\Desktop\NTI\Ecommerce\node_modules\bcrypt\bcrypt.js:204:17)
    at C:\Users\yosef\OneDrive\Desktop\NTI\Ecommerce\node_modules\bcrypt\promises.js:26:12
    at new Promise (<anonymous>)
    at Object.promise (C:\Users\yosef\OneDrive\Desktop\NTI\Ecommerce\node_modules\bcrypt\promises.js:17:12)
    at Object.compare (C:\Users\yosef\OneDrive\Desktop\NTI\Ecommerce\node_modules\bcrypt\bcrypt.js:200:25)
    at userSchema.methods.correctpassword (C:\Users\yosef\OneDrive\Desktop\NTI\Ecommerce\models\user.model.js:76:22)
    at C:\Users\yosef\OneDrive\Desktop\NTI\Ecommerce\controller\auth.controller.js:17:30
    at process.processTicksAndRejections (node:internal/process/task_queues:104:5)
05-05-2026 13:42:26 |ERROR| Error | POST | /api/v1/auth/login : data and hash arguments required 
Error: data and hash arguments required
    at Object.compare (C:\Users\yosef\OneDrive\Desktop\NTI\Ecommerce\node_modules\bcrypt\bcrypt.js:204:17)
    at C:\Users\yosef\OneDrive\Desktop\NTI\Ecommerce\node_modules\bcrypt\promises.js:26:12
    at new Promise (<anonymous>)
    at Object.promise (C:\Users\yosef\OneDrive\Desktop\NTI\Ecommerce\node_modules\bcrypt\promises.js:17:12)
    at Object.compare (C:\Users\yosef\OneDrive\Desktop\NTI\Ecommerce\node_modules\bcrypt\bcrypt.js:200:25)
    at userSchema.methods.correctpassword (C:\Users\yosef\OneDrive\Desktop\NTI\Ecommerce\models\user.model.js:76:22)
    at C:\Users\yosef\OneDrive\Desktop\NTI\Ecommerce\controller\auth.controller.js:17:30
    at process.processTicksAndRejections (node:internal/process/task_queues:104:5)
05-05-2026 13:44:24 |ERROR| Error | POST | /api/v1/auth/login : data and hash arguments required 
Error: data and hash arguments required
    at Object.compare (C:\Users\yosef\OneDrive\Desktop\NTI\Ecommerce\node_modules\bcrypt\bcrypt.js:204:17)
    at C:\Users\yosef\OneDrive\Desktop\NTI\Ecommerce\node_modules\bcrypt\promises.js:26:12
    at new Promise (<anonymous>)
    at Object.promise (C:\Users\yosef\OneDrive\Desktop\NTI\Ecommerce\node_modules\bcrypt\promises.js:17:12)
    at Object.compare (C:\Users\yosef\OneDrive\Desktop\NTI\Ecommerce\node_modules\bcrypt\bcrypt.js:200:25)
    at userSchema.methods.correctpassword (C:\Users\yosef\OneDrive\Desktop\NTI\Ecommerce\models\user.model.js:76:22)
    at C:\Users\yosef\OneDrive\Desktop\NTI\Ecommerce\controller\auth.controller.js:17:30
    at process.processTicksAndRejections (node:internal/process/task_queues:104:5)
05-05-2026 13:44:36 |ERROR| Error | POST | /api/v1/auth/login : data and hash arguments required 
Error: data and hash arguments required
    at Object.compare (C:\Users\yosef\OneDrive\Desktop\NTI\Ecommerce\node_modules\bcrypt\bcrypt.js:204:17)
    at C:\Users\yosef\OneDrive\Desktop\NTI\Ecommerce\node_modules\bcrypt\promises.js:26:12
    at new Promise (<anonymous>)
    at Object.promise (C:\Users\yosef\OneDrive\Desktop\NTI\Ecommerce\node_modules\bcrypt\promises.js:17:12)
    at Object.compare (C:\Users\yosef\OneDrive\Desktop\NTI\Ecommerce\node_modules\bcrypt\bcrypt.js:200:25)
    at userSchema.methods.correctpassword (C:\Users\yosef\OneDrive\Desktop\NTI\Ecommerce\models\user.model.js:76:22)
    at C:\Users\yosef\OneDrive\Desktop\NTI\Ecommerce\controller\auth.controller.js:17:30
    at process.processTicksAndRejections (node:internal/process/task_queues:104:5)
05-05-2026 13:44:45 |ERROR| Error | POST | /api/v1/auth/login : data and hash arguments required 
Error: data and hash arguments required
    at Object.compare (C:\Users\yosef\OneDrive\Desktop\NTI\Ecommerce\node_modules\bcrypt\bcrypt.js:204:17)
    at C:\Users\yosef\OneDrive\Desktop\NTI\Ecommerce\node_modules\bcrypt\promises.js:26:12
    at new Promise (<anonymous>)
    at Object.promise (C:\Users\yosef\OneDrive\Desktop\NTI\Ecommerce\node_modules\bcrypt\promises.js:17:12)
    at Object.compare (C:\Users\yosef\OneDrive\Desktop\NTI\Ecommerce\node_modules\bcrypt\bcrypt.js:200:25)
    at userSchema.methods.correctpassword (C:\Users\yosef\OneDrive\Desktop\NTI\Ecommerce\models\user.model.js:76:22)
    at C:\Users\yosef\OneDrive\Desktop\NTI\Ecommerce\controller\auth.controller.js:17:30
    at process.processTicksAndRejections (node:internal/process/task_queues:104:5)
05-05-2026 13:51:11 |ERROR| Error | POST | /api/v1/category/addGategory : Access denied! 
Error: Access denied!
    at C:\Users\yosef\OneDrive\Desktop\NTI\Ecommerce\middlewares\role.middleware.js:6:16
    at Layer.handleRequest (C:\Users\yosef\OneDrive\Desktop\NTI\Ecommerce\node_modules\router\lib\layer.js:152:17)
    at next (C:\Users\yosef\OneDrive\Desktop\NTI\Ecommerce\node_modules\router\lib\route.js:157:13)
    at exports.authanticate (C:\Users\yosef\OneDrive\Desktop\NTI\Ecommerce\middlewares\auth.middleware.js:17:2)
    at process.processTicksAndRejections (node:internal/process/task_queues:104:5)
05-05-2026 13:51:58 |ERROR| Error | POST | /api/v1/auth/login : data and hash arguments required 
Error: data and hash arguments required
    at Object.compare (C:\Users\yosef\OneDrive\Desktop\NTI\Ecommerce\node_modules\bcrypt\bcrypt.js:204:17)
    at C:\Users\yosef\OneDrive\Desktop\NTI\Ecommerce\node_modules\bcrypt\promises.js:26:12
    at new Promise (<anonymous>)
    at Object.promise (C:\Users\yosef\OneDrive\Desktop\NTI\Ecommerce\node_modules\bcrypt\promises.js:17:12)
    at Object.compare (C:\Users\yosef\OneDrive\Desktop\NTI\Ecommerce\node_modules\bcrypt\bcrypt.js:200:25)
    at userSchema.methods.correctpassword (C:\Users\yosef\OneDrive\Desktop\NTI\Ecommerce\models\user.model.js:75:22)
    at C:\Users\yosef\OneDrive\Desktop\NTI\Ecommerce\controller\auth.controller.js:17:30
    at process.processTicksAndRejections (node:internal/process/task_queues:104:5)
05-05-2026 13:52:21 |ERROR| Error | POST | /api/v1/category/addGategory : jwt malformed 
JsonWebTokenError: jwt malformed
    at module.exports [as verify] (C:\Users\yosef\OneDrive\Desktop\NTI\Ecommerce\node_modules\jsonwebtoken\verify.js:70:17)
    at exports.authanticate (C:\Users\yosef\OneDrive\Desktop\NTI\Ecommerce\middlewares\auth.middleware.js:11:21)
    at Layer.handleRequest (C:\Users\yosef\OneDrive\Desktop\NTI\Ecommerce\node_modules\router\lib\layer.js:152:17)
    at next (C:\Users\yosef\OneDrive\Desktop\NTI\Ecommerce\node_modules\router\lib\route.js:157:13)
    at Route.dispatch (C:\Users\yosef\OneDrive\Desktop\NTI\Ecommerce\node_modules\router\lib\route.js:117:3)
    at handle (C:\Users\yosef\OneDrive\Desktop\NTI\Ecommerce\node_modules\router\index.js:435:11)
    at Layer.handleRequest (C:\Users\yosef\OneDrive\Desktop\NTI\Ecommerce\node_modules\router\lib\layer.js:152:17)
    at C:\Users\yosef\OneDrive\Desktop\NTI\Ecommerce\node_modules\router\index.js:295:15
    at processParams (C:\Users\yosef\OneDrive\Desktop\NTI\Ecommerce\node_modules\router\index.js:582:12)
    at next (C:\Users\yosef\OneDrive\Desktop\NTI\Ecommerce\node_modules\router\index.js:291:5)
05-05-2026 13:53:13 |ERROR| Error | POST | /api/v1/auth/login : data and hash arguments required 
Error: data and hash arguments required
    at Object.compare (C:\Users\yosef\OneDrive\Desktop\NTI\Ecommerce\node_modules\bcrypt\bcrypt.js:204:17)
    at C:\Users\yosef\OneDrive\Desktop\NTI\Ecommerce\node_modules\bcrypt\promises.js:26:12
    at new Promise (<anonymous>)
    at Object.promise (C:\Users\yosef\OneDrive\Desktop\NTI\Ecommerce\node_modules\bcrypt\promises.js:17:12)
    at Object.compare (C:\Users\yosef\OneDrive\Desktop\NTI\Ecommerce\node_modules\bcrypt\bcrypt.js:200:25)
    at userSchema.methods.correctpassword (C:\Users\yosef\OneDrive\Desktop\NTI\Ecommerce\models\user.model.js:75:22)
    at C:\Users\yosef\OneDrive\Desktop\NTI\Ecommerce\controller\auth.controller.js:17:30
    at process.processTicksAndRejections (node:internal/process/task_queues:104:5)
05-05-2026 13:53:44 |ERROR| Error | POST | /api/v1/category/addGategory : Access denied! 
Error: Access denied!
    at C:\Users\yosef\OneDrive\Desktop\NTI\Ecommerce\middlewares\role.middleware.js:6:16
    at Layer.handleRequest (C:\Users\yosef\OneDrive\Desktop\NTI\Ecommerce\node_modules\router\lib\layer.js:152:17)
    at next (C:\Users\yosef\OneDrive\Desktop\NTI\Ecommerce\node_modules\router\lib\route.js:157:13)
    at exports.authanticate (C:\Users\yosef\OneDrive\Desktop\NTI\Ecommerce\middlewares\auth.middleware.js:17:2)
    at process.processTicksAndRejections (node:internal/process/task_queues:104:5)
05-05-2026 13:54:00 |ERROR| Error | POST | /api/v1/category/addGategory : Access denied! 
Error: Access denied!
    at C:\Users\yosef\OneDrive\Desktop\NTI\Ecommerce\middlewares\role.middleware.js:6:16
    at Layer.handleRequest (C:\Users\yosef\OneDrive\Desktop\NTI\Ecommerce\node_modules\router\lib\layer.js:152:17)
    at next (C:\Users\yosef\OneDrive\Desktop\NTI\Ecommerce\node_modules\router\lib\route.js:157:13)
    at exports.authanticate (C:\Users\yosef\OneDrive\Desktop\NTI\Ecommerce\middlewares\auth.middleware.js:17:2)
    at process.processTicksAndRejections (node:internal/process/task_queues:104:5)
05-05-2026 13:54:19 |ERROR| Error | POST | /api/v1/category/addGategory : Access denied! 
Error: Access denied!
    at C:\Users\yosef\OneDrive\Desktop\NTI\Ecommerce\middlewares\role.middleware.js:6:16
    at Layer.handleRequest (C:\Users\yosef\OneDrive\Desktop\NTI\Ecommerce\node_modules\router\lib\layer.js:152:17)
    at next (C:\Users\yosef\OneDrive\Desktop\NTI\Ecommerce\node_modules\router\lib\route.js:157:13)
    at exports.authanticate (C:\Users\yosef\OneDrive\Desktop\NTI\Ecommerce\middlewares\auth.middleware.js:17:2)
    at process.processTicksAndRejections (node:internal/process/task_queues:104:5)
05-05-2026 13:54:57 |ERROR| Error | POST | /api/v1/auth/login : data and hash arguments required 
Error: data and hash arguments required
    at Object.compare (C:\Users\yosef\OneDrive\Desktop\NTI\Ecommerce\node_modules\bcrypt\bcrypt.js:204:17)
    at C:\Users\yosef\OneDrive\Desktop\NTI\Ecommerce\node_modules\bcrypt\promises.js:26:12
    at new Promise (<anonymous>)
    at Object.promise (C:\Users\yosef\OneDrive\Desktop\NTI\Ecommerce\node_modules\bcrypt\promises.js:17:12)
    at Object.compare (C:\Users\yosef\OneDrive\Desktop\NTI\Ecommerce\node_modules\bcrypt\bcrypt.js:200:25)
    at userSchema.methods.correctpassword (C:\Users\yosef\OneDrive\Desktop\NTI\Ecommerce\models\user.model.js:75:22)
    at C:\Users\yosef\OneDrive\Desktop\NTI\Ecommerce\controller\auth.controller.js:17:30
    at process.processTicksAndRejections (node:internal/process/task_queues:104:5)
05-05-2026 14:07:27 |INFO| Category listed! 
05-05-2026 14:08:09 |ERROR| Error | GET | /api/v1/category/mens-cloths : Product is not defined 
ReferenceError: Product is not defined
    at C:\Users\yosef\OneDrive\Desktop\NTI\Ecommerce\controller\category.controller.js:40:21
    at C:\Users\yosef\OneDrive\Desktop\NTI\Ecommerce\utilites\catchAsync.uti.js:4:3
    at Layer.handleRequest (C:\Users\yosef\OneDrive\Desktop\NTI\Ecommerce\node_modules\router\lib\layer.js:152:17)
    at next (C:\Users\yosef\OneDrive\Desktop\NTI\Ecommerce\node_modules\router\lib\route.js:157:13)
    at Route.dispatch (C:\Users\yosef\OneDrive\Desktop\NTI\Ecommerce\node_modules\router\lib\route.js:117:3)
    at handle (C:\Users\yosef\OneDrive\Desktop\NTI\Ecommerce\node_modules\router\index.js:435:11)
    at Layer.handleRequest (C:\Users\yosef\OneDrive\Desktop\NTI\Ecommerce\node_modules\router\lib\layer.js:152:17)
    at C:\Users\yosef\OneDrive\Desktop\NTI\Ecommerce\node_modules\router\index.js:295:15
    at param (C:\Users\yosef\OneDrive\Desktop\NTI\Ecommerce\node_modules\router\index.js:600:14)
    at param (C:\Users\yosef\OneDrive\Desktop\NTI\Ecommerce\node_modules\router\index.js:610:14)
05-05-2026 14:38:51 |INFO| Category created! 
05-05-2026 14:38:56 |INFO| Category listed! 
05-05-2026 14:41:22 |ERROR| Error | DELETE | /api/v1/category/69f9ccadc8a4802791885874 : can't find /api/v1/category/69f9ccadc8a4802791885874 
Error: can't find /api/v1/category/69f9ccadc8a4802791885874
    at C:\Users\yosef\OneDrive\Desktop\NTI\Ecommerce\server.js:21:7
    at Layer.handleRequest (C:\Users\yosef\OneDrive\Desktop\NTI\Ecommerce\node_modules\router\lib\layer.js:152:17)
    at trimPrefix (C:\Users\yosef\OneDrive\Desktop\NTI\Ecommerce\node_modules\router\index.js:342:13)
    at C:\Users\yosef\OneDrive\Desktop\NTI\Ecommerce\node_modules\router\index.js:297:9
    at processParams (C:\Users\yosef\OneDrive\Desktop\NTI\Ecommerce\node_modules\router\index.js:582:12)
    at next (C:\Users\yosef\OneDrive\Desktop\NTI\Ecommerce\node_modules\router\index.js:291:5)
    at C:\Users\yosef\OneDrive\Desktop\NTI\Ecommerce\node_modules\router\index.js:688:15
    at next (C:\Users\yosef\OneDrive\Desktop\NTI\Ecommerce\node_modules\router\index.js:276:14)
    at router.handle (C:\Users\yosef\OneDrive\Desktop\NTI\Ecommerce\node_modules\router\index.js:186:3)
    at router (C:\Users\yosef\OneDrive\Desktop\NTI\Ecommerce\node_modules\router\index.js:60:12)
05-05-2026 14:41:35 |ERROR| Error | DELETE | /api/v1/category?id=69f9ccadc8a4802791885874 : unauthorized, no token provided! 
Error: unauthorized, no token provided!
    at exports.authanticate (C:\Users\yosef\OneDrive\Desktop\NTI\Ecommerce\middlewares\auth.middleware.js:8:15)
    at Layer.handleRequest (C:\Users\yosef\OneDrive\Desktop\NTI\Ecommerce\node_modules\router\lib\layer.js:152:17)
    at next (C:\Users\yosef\OneDrive\Desktop\NTI\Ecommerce\node_modules\router\lib\route.js:157:13)
    at Route.dispatch (C:\Users\yosef\OneDrive\Desktop\NTI\Ecommerce\node_modules\router\lib\route.js:117:3)
    at handle (C:\Users\yosef\OneDrive\Desktop\NTI\Ecommerce\node_modules\router\index.js:435:11)
    at Layer.handleRequest (C:\Users\yosef\OneDrive\Desktop\NTI\Ecommerce\node_modules\router\lib\layer.js:152:17)
    at C:\Users\yosef\OneDrive\Desktop\NTI\Ecommerce\node_modules\router\index.js:295:15
    at processParams (C:\Users\yosef\OneDrive\Desktop\NTI\Ecommerce\node_modules\router\index.js:582:12)
    at next (C:\Users\yosef\OneDrive\Desktop\NTI\Ecommerce\node_modules\router\index.js:291:5)
    at router.handle (C:\Users\yosef\OneDrive\Desktop\NTI\Ecommerce\node_modules\router\index.js:186:3)
05-05-2026 14:41:46 |ERROR| Error | DELETE | /api/v1/category?id=69f9ccadc8a4802791885874 : AppError is not defined 
ReferenceError: AppError is not defined
    at C:\Users\yosef\OneDrive\Desktop\NTI\Ecommerce\controller\category.controller.js:83:19
    at process.processTicksAndRejections (node:internal/process/task_queues:104:5)
05-05-2026 14:42:44 |ERROR| Error | DELETE | /api/v1/category?id=69f9ccadc8a4802791885874 : Category not found 
Error: Category not found
    at C:\Users\yosef\OneDrive\Desktop\NTI\Ecommerce\controller\category.controller.js:83:15
    at process.processTicksAndRejections (node:internal/process/task_queues:104:5)
05-05-2026 14:43:18 |ERROR| Error | DELETE | /api/v1/category?id=69f9ccadc8a4802791885874 : Category not found 
Error: Category not found
    at C:\Users\yosef\OneDrive\Desktop\NTI\Ecommerce\controller\category.controller.js:83:15
    at process.processTicksAndRejections (node:internal/process/task_queues:104:5)
05-05-2026 14:43:45 |ERROR| Error | DELETE | /api/v1/category?id=69f9ccadc8a4802791885874 : Cannot destructure property 'id' of 'req.params.query' as it is undefined. 
TypeError: Cannot destructure property 'id' of 'req.params.query' as it is undefined.
    at C:\Users\yosef\OneDrive\Desktop\NTI\Ecommerce\controller\category.controller.js:71:10
    at C:\Users\yosef\OneDrive\Desktop\NTI\Ecommerce\utilites\catchAsync.uti.js:4:3
    at Layer.handleRequest (C:\Users\yosef\OneDrive\Desktop\NTI\Ecommerce\node_modules\router\lib\layer.js:152:17)
    at next (C:\Users\yosef\OneDrive\Desktop\NTI\Ecommerce\node_modules\router\lib\route.js:157:13)
    at C:\Users\yosef\OneDrive\Desktop\NTI\Ecommerce\middlewares\role.middleware.js:8:3
    at Layer.handleRequest (C:\Users\yosef\OneDrive\Desktop\NTI\Ecommerce\node_modules\router\lib\layer.js:152:17)
    at next (C:\Users\yosef\OneDrive\Desktop\NTI\Ecommerce\node_modules\router\lib\route.js:157:13)
    at exports.authanticate (C:\Users\yosef\OneDrive\Desktop\NTI\Ecommerce\middlewares\auth.middleware.js:17:2)
    at process.processTicksAndRejections (node:internal/process/task_queues:104:5)
05-05-2026 14:44:08 |ERROR| Error | DELETE | /api/v1/category?id=69f9ccadc8a4802791885874 : Cannot destructure property 'id' of 'req.params._id' as it is undefined. 
TypeError: Cannot destructure property 'id' of 'req.params._id' as it is undefined.
    at C:\Users\yosef\OneDrive\Desktop\NTI\Ecommerce\controller\category.controller.js:71:10
    at C:\Users\yosef\OneDrive\Desktop\NTI\Ecommerce\utilites\catchAsync.uti.js:4:3
    at Layer.handleRequest (C:\Users\yosef\OneDrive\Desktop\NTI\Ecommerce\node_modules\router\lib\layer.js:152:17)
    at next (C:\Users\yosef\OneDrive\Desktop\NTI\Ecommerce\node_modules\router\lib\route.js:157:13)
    at C:\Users\yosef\OneDrive\Desktop\NTI\Ecommerce\middlewares\role.middleware.js:8:3
    at Layer.handleRequest (C:\Users\yosef\OneDrive\Desktop\NTI\Ecommerce\node_modules\router\lib\layer.js:152:17)
    at next (C:\Users\yosef\OneDrive\Desktop\NTI\Ecommerce\node_modules\router\lib\route.js:157:13)
    at exports.authanticate (C:\Users\yosef\OneDrive\Desktop\NTI\Ecommerce\middlewares\auth.middleware.js:17:2)
    at process.processTicksAndRejections (node:internal/process/task_queues:104:5)
05-05-2026 14:44:20 |ERROR| Error | DELETE | /api/v1/category?id=69f9ccadc8a4802791885874 : Cannot destructure property 'id' of 'req.params.id' as it is undefined. 
TypeError: Cannot destructure property 'id' of 'req.params.id' as it is undefined.
    at C:\Users\yosef\OneDrive\Desktop\NTI\Ecommerce\controller\category.controller.js:71:10
    at C:\Users\yosef\OneDrive\Desktop\NTI\Ecommerce\utilites\catchAsync.uti.js:4:3
    at Layer.handleRequest (C:\Users\yosef\OneDrive\Desktop\NTI\Ecommerce\node_modules\router\lib\layer.js:152:17)
    at next (C:\Users\yosef\OneDrive\Desktop\NTI\Ecommerce\node_modules\router\lib\route.js:157:13)
    at C:\Users\yosef\OneDrive\Desktop\NTI\Ecommerce\middlewares\role.middleware.js:8:3
    at Layer.handleRequest (C:\Users\yosef\OneDrive\Desktop\NTI\Ecommerce\node_modules\router\lib\layer.js:152:17)
    at next (C:\Users\yosef\OneDrive\Desktop\NTI\Ecommerce\node_modules\router\lib\route.js:157:13)
    at exports.authanticate (C:\Users\yosef\OneDrive\Desktop\NTI\Ecommerce\middlewares\auth.middleware.js:17:2)
    at process.processTicksAndRejections (node:internal/process/task_queues:104:5)
05-05-2026 14:44:34 |ERROR| Error | DELETE | /api/v1/category?id=69f9ccadc8a4802791885874 : Category not found 
Error: Category not found
    at C:\Users\yosef\OneDrive\Desktop\NTI\Ecommerce\controller\category.controller.js:83:15
    at process.processTicksAndRejections (node:internal/process/task_queues:104:5)
05-05-2026 14:45:18 |ERROR| Error | DELETE | /api/v1/category/69f9ccadc8a4802791885874 : can't find /api/v1/category/69f9ccadc8a4802791885874 
Error: can't find /api/v1/category/69f9ccadc8a4802791885874
    at C:\Users\yosef\OneDrive\Desktop\NTI\Ecommerce\server.js:21:7
    at Layer.handleRequest (C:\Users\yosef\OneDrive\Desktop\NTI\Ecommerce\node_modules\router\lib\layer.js:152:17)
    at trimPrefix (C:\Users\yosef\OneDrive\Desktop\NTI\Ecommerce\node_modules\router\index.js:342:13)
    at C:\Users\yosef\OneDrive\Desktop\NTI\Ecommerce\node_modules\router\index.js:297:9
    at processParams (C:\Users\yosef\OneDrive\Desktop\NTI\Ecommerce\node_modules\router\index.js:582:12)
    at next (C:\Users\yosef\OneDrive\Desktop\NTI\Ecommerce\node_modules\router\index.js:291:5)
    at C:\Users\yosef\OneDrive\Desktop\NTI\Ecommerce\node_modules\router\index.js:688:15
    at next (C:\Users\yosef\OneDrive\Desktop\NTI\Ecommerce\node_modules\router\index.js:276:14)
    at router.handle (C:\Users\yosef\OneDrive\Desktop\NTI\Ecommerce\node_modules\router\index.js:186:3)
    at router (C:\Users\yosef\OneDrive\Desktop\NTI\Ecommerce\node_modules\router\index.js:60:12)
05-05-2026 14:45:35 |ERROR| Error | DELETE | /api/v1/category/69f9ccadc8a4802791885874 : can't find /api/v1/category/69f9ccadc8a4802791885874 
Error: can't find /api/v1/category/69f9ccadc8a4802791885874
    at C:\Users\yosef\OneDrive\Desktop\NTI\Ecommerce\server.js:21:7
    at Layer.handleRequest (C:\Users\yosef\OneDrive\Desktop\NTI\Ecommerce\node_modules\router\lib\layer.js:152:17)
    at trimPrefix (C:\Users\yosef\OneDrive\Desktop\NTI\Ecommerce\node_modules\router\index.js:342:13)
    at C:\Users\yosef\OneDrive\Desktop\NTI\Ecommerce\node_modules\router\index.js:297:9
    at processParams (C:\Users\yosef\OneDrive\Desktop\NTI\Ecommerce\node_modules\router\index.js:582:12)
    at next (C:\Users\yosef\OneDrive\Desktop\NTI\Ecommerce\node_modules\router\index.js:291:5)
    at C:\Users\yosef\OneDrive\Desktop\NTI\Ecommerce\node_modules\router\index.js:688:15
    at next (C:\Users\yosef\OneDrive\Desktop\NTI\Ecommerce\node_modules\router\index.js:276:14)
    at router.handle (C:\Users\yosef\OneDrive\Desktop\NTI\Ecommerce\node_modules\router\index.js:186:3)
    at router (C:\Users\yosef\OneDrive\Desktop\NTI\Ecommerce\node_modules\router\index.js:60:12)
06-05-2026 11:18:52 |ERROR| Error | POST | /api/v1/subCategory/addSubCategory : Cannot destructure property 'name' of 'req.body' as it is undefined. 
TypeError: Cannot destructure property 'name' of 'req.body' as it is undefined.
    at C:\Users\yosef\OneDrive\Desktop\NTI\Ecommerce\controller\subCategory.controller.js:9:10
    at C:\Users\yosef\OneDrive\Desktop\NTI\Ecommerce\utilites\catchAsync.uti.js:4:3
    at Layer.handleRequest (C:\Users\yosef\OneDrive\Desktop\NTI\Ecommerce\node_modules\router\lib\layer.js:152:17)
    at next (C:\Users\yosef\OneDrive\Desktop\NTI\Ecommerce\node_modules\router\lib\route.js:157:13)
    at C:\Users\yosef\OneDrive\Desktop\NTI\Ecommerce\middlewares\role.middleware.js:8:3
    at Layer.handleRequest (C:\Users\yosef\OneDrive\Desktop\NTI\Ecommerce\node_modules\router\lib\layer.js:152:17)
    at next (C:\Users\yosef\OneDrive\Desktop\NTI\Ecommerce\node_modules\router\lib\route.js:157:13)
    at exports.authanticate (C:\Users\yosef\OneDrive\Desktop\NTI\Ecommerce\middlewares\auth.middleware.js:17:2)
    at process.processTicksAndRejections (node:internal/process/task_queues:104:5)
06-05-2026 11:19:13 |INFO| subCategory created! 
06-05-2026 11:59:14 |INFO| subCategory listed! 
06-05-2026 12:00:03 |INFO| subCategory listed! 
06-05-2026 12:00:58 |INFO| subCategory created! 
06-05-2026 12:02:12 |INFO| subCategory listed! 
06-05-2026 12:03:40 |ERROR| Error | PUT | /api/v1/subCategory/69fb034ad50e11d3ea6c3697 : unauthorized, no token provided! 
Error: unauthorized, no token provided!
    at exports.authanticate (C:\Users\yosef\OneDrive\Desktop\NTI\Ecommerce\middlewares\auth.middleware.js:8:15)
    at Layer.handleRequest (C:\Users\yosef\OneDrive\Desktop\NTI\Ecommerce\node_modules\router\lib\layer.js:152:17)
    at next (C:\Users\yosef\OneDrive\Desktop\NTI\Ecommerce\node_modules\router\lib\route.js:157:13)
    at Route.dispatch (C:\Users\yosef\OneDrive\Desktop\NTI\Ecommerce\node_modules\router\lib\route.js:117:3)
    at handle (C:\Users\yosef\OneDrive\Desktop\NTI\Ecommerce\node_modules\router\index.js:435:11)
    at Layer.handleRequest (C:\Users\yosef\OneDrive\Desktop\NTI\Ecommerce\node_modules\router\lib\layer.js:152:17)
    at C:\Users\yosef\OneDrive\Desktop\NTI\Ecommerce\node_modules\router\index.js:295:15
    at param (C:\Users\yosef\OneDrive\Desktop\NTI\Ecommerce\node_modules\router\index.js:600:14)
    at param (C:\Users\yosef\OneDrive\Desktop\NTI\Ecommerce\node_modules\router\index.js:610:14)
    at processParams (C:\Users\yosef\OneDrive\Desktop\NTI\Ecommerce\node_modules\router\index.js:664:3)
06-05-2026 13:39:48 |ERROR| Error | POST | /api/v1/product/addProduct : Cannot destructure property 'name' of 'req.body' as it is undefined. 
TypeError: Cannot destructure property 'name' of 'req.body' as it is undefined.
    at C:\Users\yosef\OneDrive\Desktop\NTI\Ecommerce\controller\product.controller.js:11:3
    at C:\Users\yosef\OneDrive\Desktop\NTI\Ecommerce\utilites\catchAsync.uti.js:4:3
    at Layer.handleRequest (C:\Users\yosef\OneDrive\Desktop\NTI\Ecommerce\node_modules\router\lib\layer.js:152:17)
    at next (C:\Users\yosef\OneDrive\Desktop\NTI\Ecommerce\node_modules\router\lib\route.js:157:13)
    at C:\Users\yosef\OneDrive\Desktop\NTI\Ecommerce\middlewares\role.middleware.js:8:3
    at Layer.handleRequest (C:\Users\yosef\OneDrive\Desktop\NTI\Ecommerce\node_modules\router\lib\layer.js:152:17)
    at next (C:\Users\yosef\OneDrive\Desktop\NTI\Ecommerce\node_modules\router\lib\route.js:157:13)
    at exports.authanticate (C:\Users\yosef\OneDrive\Desktop\NTI\Ecommerce\middlewares\auth.middleware.js:17:2)
    at process.processTicksAndRejections (node:internal/process/task_queues:104:5)
06-05-2026 13:40:08 |ERROR| Error | POST | /api/v1/product/addProduct : Cannot destructure property 'name' of 'req.body' as it is undefined. 
TypeError: Cannot destructure property 'name' of 'req.body' as it is undefined.
    at C:\Users\yosef\OneDrive\Desktop\NTI\Ecommerce\controller\product.controller.js:11:3
    at C:\Users\yosef\OneDrive\Desktop\NTI\Ecommerce\utilites\catchAsync.uti.js:4:3
    at Layer.handleRequest (C:\Users\yosef\OneDrive\Desktop\NTI\Ecommerce\node_modules\router\lib\layer.js:152:17)
    at next (C:\Users\yosef\OneDrive\Desktop\NTI\Ecommerce\node_modules\router\lib\route.js:157:13)
    at C:\Users\yosef\OneDrive\Desktop\NTI\Ecommerce\middlewares\role.middleware.js:8:3
    at Layer.handleRequest (C:\Users\yosef\OneDrive\Desktop\NTI\Ecommerce\node_modules\router\lib\layer.js:152:17)
    at next (C:\Users\yosef\OneDrive\Desktop\NTI\Ecommerce\node_modules\router\lib\route.js:157:13)
    at exports.authanticate (C:\Users\yosef\OneDrive\Desktop\NTI\Ecommerce\middlewares\auth.middleware.js:17:2)
    at process.processTicksAndRejections (node:internal/process/task_queues:104:5)
06-05-2026 13:40:57 |ERROR| Error | POST | /api/v1/product/addProduct : Cannot destructure property 'name' of 'req.body' as it is undefined. 
TypeError: Cannot destructure property 'name' of 'req.body' as it is undefined.
    at C:\Users\yosef\OneDrive\Desktop\NTI\Ecommerce\controller\product.controller.js:11:3
    at C:\Users\yosef\OneDrive\Desktop\NTI\Ecommerce\utilites\catchAsync.uti.js:4:3
    at Layer.handleRequest (C:\Users\yosef\OneDrive\Desktop\NTI\Ecommerce\node_modules\router\lib\layer.js:152:17)
    at next (C:\Users\yosef\OneDrive\Desktop\NTI\Ecommerce\node_modules\router\lib\route.js:157:13)
    at C:\Users\yosef\OneDrive\Desktop\NTI\Ecommerce\middlewares\role.middleware.js:8:3
    at Layer.handleRequest (C:\Users\yosef\OneDrive\Desktop\NTI\Ecommerce\node_modules\router\lib\layer.js:152:17)
    at next (C:\Users\yosef\OneDrive\Desktop\NTI\Ecommerce\node_modules\router\lib\route.js:157:13)
    at exports.authanticate (C:\Users\yosef\OneDrive\Desktop\NTI\Ecommerce\middlewares\auth.middleware.js:17:2)
    at process.processTicksAndRejections (node:internal/process/task_queues:104:5)
06-05-2026 13:41:15 |ERROR| Error | POST | /api/v1/product/addProduct : Cannot destructure property 'name' of 'req.body' as it is undefined. 
TypeError: Cannot destructure property 'name' of 'req.body' as it is undefined.
    at C:\Users\yosef\OneDrive\Desktop\NTI\Ecommerce\controller\product.controller.js:11:3
    at C:\Users\yosef\OneDrive\Desktop\NTI\Ecommerce\utilites\catchAsync.uti.js:4:3
    at Layer.handleRequest (C:\Users\yosef\OneDrive\Desktop\NTI\Ecommerce\node_modules\router\lib\layer.js:152:17)
    at next (C:\Users\yosef\OneDrive\Desktop\NTI\Ecommerce\node_modules\router\lib\route.js:157:13)
    at C:\Users\yosef\OneDrive\Desktop\NTI\Ecommerce\middlewares\role.middleware.js:8:3
    at Layer.handleRequest (C:\Users\yosef\OneDrive\Desktop\NTI\Ecommerce\node_modules\router\lib\layer.js:152:17)
    at next (C:\Users\yosef\OneDrive\Desktop\NTI\Ecommerce\node_modules\router\lib\route.js:157:13)
    at exports.authanticate (C:\Users\yosef\OneDrive\Desktop\NTI\Ecommerce\middlewares\auth.middleware.js:17:2)
    at process.processTicksAndRejections (node:internal/process/task_queues:104:5)
06-05-2026 13:41:31 |ERROR| Error | POST | /api/v1/product/addProduct : Cannot destructure property 'name' of 'req.body' as it is undefined. 
TypeError: Cannot destructure property 'name' of 'req.body' as it is undefined.
    at C:\Users\yosef\OneDrive\Desktop\NTI\Ecommerce\controller\product.controller.js:11:3
    at C:\Users\yosef\OneDrive\Desktop\NTI\Ecommerce\utilites\catchAsync.uti.js:4:3
    at Layer.handleRequest (C:\Users\yosef\OneDrive\Desktop\NTI\Ecommerce\node_modules\router\lib\layer.js:152:17)
    at next (C:\Users\yosef\OneDrive\Desktop\NTI\Ecommerce\node_modules\router\lib\route.js:157:13)
    at C:\Users\yosef\OneDrive\Desktop\NTI\Ecommerce\middlewares\role.middleware.js:8:3
    at Layer.handleRequest (C:\Users\yosef\OneDrive\Desktop\NTI\Ecommerce\node_modules\router\lib\layer.js:152:17)
    at next (C:\Users\yosef\OneDrive\Desktop\NTI\Ecommerce\node_modules\router\lib\route.js:157:13)
    at exports.authanticate (C:\Users\yosef\OneDrive\Desktop\NTI\Ecommerce\middlewares\auth.middleware.js:17:2)
    at process.processTicksAndRejections (node:internal/process/task_queues:104:5)
06-05-2026 13:42:16 |ERROR| Error | POST | /api/v1/product/addProduct : Cannot destructure property 'description' of 'req.body' as it is undefined. 
TypeError: Cannot destructure property 'description' of 'req.body' as it is undefined.
    at C:\Users\yosef\OneDrive\Desktop\NTI\Ecommerce\controller\product.controller.js:11:3
    at C:\Users\yosef\OneDrive\Desktop\NTI\Ecommerce\utilites\catchAsync.uti.js:4:3
    at Layer.handleRequest (C:\Users\yosef\OneDrive\Desktop\NTI\Ecommerce\node_modules\router\lib\layer.js:152:17)
    at next (C:\Users\yosef\OneDrive\Desktop\NTI\Ecommerce\node_modules\router\lib\route.js:157:13)
    at C:\Users\yosef\OneDrive\Desktop\NTI\Ecommerce\middlewares\role.middleware.js:8:3
    at Layer.handleRequest (C:\Users\yosef\OneDrive\Desktop\NTI\Ecommerce\node_modules\router\lib\layer.js:152:17)
    at next (C:\Users\yosef\OneDrive\Desktop\NTI\Ecommerce\node_modules\router\lib\route.js:157:13)
    at exports.authanticate (C:\Users\yosef\OneDrive\Desktop\NTI\Ecommerce\middlewares\auth.middleware.js:17:2)
    at process.processTicksAndRejections (node:internal/process/task_queues:104:5)
06-05-2026 13:45:00 |ERROR| Error | POST | /api/v1/product/addProduct : Unexpected field 
MulterError: Unexpected field
    at wrappedFileFilter (C:\Users\yosef\OneDrive\Desktop\NTI\Ecommerce\node_modules\multer\index.js:41:19)
    at Multipart.<anonymous> (C:\Users\yosef\OneDrive\Desktop\NTI\Ecommerce\node_modules\multer\lib\make-middleware.js:183:7)
    at Multipart.emit (node:events:508:28)
    at HeaderParser.cb (C:\Users\yosef\OneDrive\Desktop\NTI\Ecommerce\node_modules\busboy\lib\types\multipart.js:358:14)
    at HeaderParser.push (C:\Users\yosef\OneDrive\Desktop\NTI\Ecommerce\node_modules\busboy\lib\types\multipart.js:162:20)
    at SBMH.ssCb [as _cb] (C:\Users\yosef\OneDrive\Desktop\NTI\Ecommerce\node_modules\busboy\lib\types\multipart.js:394:37)
    at feed (C:\Users\yosef\OneDrive\Desktop\NTI\Ecommerce\node_modules\streamsearch\lib\sbmh.js:248:10)
    at SBMH.push (C:\Users\yosef\OneDrive\Desktop\NTI\Ecommerce\node_modules\streamsearch\lib\sbmh.js:104:16)
    at Multipart._write (C:\Users\yosef\OneDrive\Desktop\NTI\Ecommerce\node_modules\busboy\lib\types\multipart.js:567:19)
    at writeOrBuffer (node:internal/streams/writable:570:12)
06-05-2026 13:45:21 |INFO| Product created! 
06-05-2026 13:45:54 |ERROR| Error | POST | /api/v1/product/addProduct : Product already exists in this subCategory! 
Error: Product already exists in this subCategory!
    at C:\Users\yosef\OneDrive\Desktop\NTI\Ecommerce\controller\product.controller.js:33:4
    at process.processTicksAndRejections (node:internal/process/task_queues:104:5)
06-05-2026 13:46:07 |INFO| Product created! 
06-05-2026 13:49:31 |INFO| Products listed! 
06-05-2026 13:54:23 |INFO| Products listed! 
06-05-2026 13:55:23 |INFO| Products listed! 
06-05-2026 13:56:23 |INFO| Products listed! 
06-05-2026 13:57:20 |INFO| Product listed! 
06-05-2026 13:57:20 |ERROR| Error | GET | /api/v1/product/product-1 : Cannot read properties of undefined (reading 'slug') 
TypeError: Cannot read properties of undefined (reading 'slug')
    at C:\Users\yosef\OneDrive\Desktop\NTI\Ecommerce\controller\product.controller.js:73:28
    at C:\Users\yosef\OneDrive\Desktop\NTI\Ecommerce\utilites\catchAsync.uti.js:4:3
    at Layer.handleRequest (C:\Users\yosef\OneDrive\Desktop\NTI\Ecommerce\node_modules\router\lib\layer.js:152:17)
    at next (C:\Users\yosef\OneDrive\Desktop\NTI\Ecommerce\node_modules\router\lib\route.js:157:13)
    at Route.dispatch (C:\Users\yosef\OneDrive\Desktop\NTI\Ecommerce\node_modules\router\lib\route.js:117:3)
    at handle (C:\Users\yosef\OneDrive\Desktop\NTI\Ecommerce\node_modules\router\index.js:435:11)
    at Layer.handleRequest (C:\Users\yosef\OneDrive\Desktop\NTI\Ecommerce\node_modules\router\lib\layer.js:152:17)
    at C:\Users\yosef\OneDrive\Desktop\NTI\Ecommerce\node_modules\router\index.js:295:15
    at param (C:\Users\yosef\OneDrive\Desktop\NTI\Ecommerce\node_modules\router\index.js:600:14)
    at param (C:\Users\yosef\OneDrive\Desktop\NTI\Ecommerce\node_modules\router\index.js:610:14)
06-05-2026 13:57:48 |INFO| Products listed! 
06-05-2026 13:58:09 |INFO| Products listed! 
06-05-2026 13:58:43 |INFO| Products listed! 
06-05-2026 13:59:01 |INFO| Products listed! 
06-05-2026 13:59:30 |INFO| Products listed! 
06-05-2026 13:59:45 |INFO| Products listed! 
06-05-2026 14:00:12 |INFO| Products listed! 
06-05-2026 14:02:40 |INFO| Products listed! 
06-05-2026 14:04:57 |INFO| Products listed! 
06-05-2026 14:07:31 |INFO| Products listed! 
06-05-2026 14:07:41 |INFO| Products listed! 
06-05-2026 14:08:11 |INFO| Product listed! 
06-05-2026 14:09:21 |INFO| Products listed! 
06-05-2026 14:35:52 |ERROR| Error | PUT | /api/v1/product/69fb1bc1c6cc66558e2abdff : jwt expired 
TokenExpiredError: jwt expired
    at C:\Users\yosef\OneDrive\Desktop\NTI\Ecommerce\node_modules\jsonwebtoken\verify.js:190:21
    at getSecret (C:\Users\yosef\OneDrive\Desktop\NTI\Ecommerce\node_modules\jsonwebtoken\verify.js:97:14)
    at module.exports [as verify] (C:\Users\yosef\OneDrive\Desktop\NTI\Ecommerce\node_modules\jsonwebtoken\verify.js:101:10)
    at exports.authanticate (C:\Users\yosef\OneDrive\Desktop\NTI\Ecommerce\middlewares\auth.middleware.js:11:21)
    at Layer.handleRequest (C:\Users\yosef\OneDrive\Desktop\NTI\Ecommerce\node_modules\router\lib\layer.js:152:17)
    at next (C:\Users\yosef\OneDrive\Desktop\NTI\Ecommerce\node_modules\router\lib\route.js:157:13)
    at Route.dispatch (C:\Users\yosef\OneDrive\Desktop\NTI\Ecommerce\node_modules\router\lib\route.js:117:3)
    at handle (C:\Users\yosef\OneDrive\Desktop\NTI\Ecommerce\node_modules\router\index.js:435:11)
    at Layer.handleRequest (C:\Users\yosef\OneDrive\Desktop\NTI\Ecommerce\node_modules\router\lib\layer.js:152:17)
    at C:\Users\yosef\OneDrive\Desktop\NTI\Ecommerce\node_modules\router\index.js:295:15
06-05-2026 14:36:08 |ERROR| Error | PUT | /api/v1/product/69fb1bc1c6cc66558e2abdff : jwt expired 
TokenExpiredError: jwt expired
    at C:\Users\yosef\OneDrive\Desktop\NTI\Ecommerce\node_modules\jsonwebtoken\verify.js:190:21
    at getSecret (C:\Users\yosef\OneDrive\Desktop\NTI\Ecommerce\node_modules\jsonwebtoken\verify.js:97:14)
    at module.exports [as verify] (C:\Users\yosef\OneDrive\Desktop\NTI\Ecommerce\node_modules\jsonwebtoken\verify.js:101:10)
    at exports.authanticate (C:\Users\yosef\OneDrive\Desktop\NTI\Ecommerce\middlewares\auth.middleware.js:11:21)
    at Layer.handleRequest (C:\Users\yosef\OneDrive\Desktop\NTI\Ecommerce\node_modules\router\lib\layer.js:152:17)
    at next (C:\Users\yosef\OneDrive\Desktop\NTI\Ecommerce\node_modules\router\lib\route.js:157:13)
    at Route.dispatch (C:\Users\yosef\OneDrive\Desktop\NTI\Ecommerce\node_modules\router\lib\route.js:117:3)
    at handle (C:\Users\yosef\OneDrive\Desktop\NTI\Ecommerce\node_modules\router\index.js:435:11)
    at Layer.handleRequest (C:\Users\yosef\OneDrive\Desktop\NTI\Ecommerce\node_modules\router\lib\layer.js:152:17)
    at C:\Users\yosef\OneDrive\Desktop\NTI\Ecommerce\node_modules\router\index.js:295:15
06-05-2026 14:36:51 |INFO| Product updated successfully! 
06-05-2026 14:37:10 |ERROR| Error | PUT | /api/v1/product/69fb1bc1c6cc66558e2abdff : SubCategory does not belong to this category! 
Error: SubCategory does not belong to this category!
    at C:\Users\yosef\OneDrive\Desktop\NTI\Ecommerce\controller\product.controller.js:124:5
    at process.processTicksAndRejections (node:internal/process/task_queues:104:5)
06-05-2026 14:37:23 |INFO| Product updated successfully! 
06-05-2026 14:37:40 |INFO| Product updated successfully! 
06-05-2026 14:37:57 |INFO| Product updated successfully! 
06-05-2026 14:38:28 |INFO| Product updated successfully! 
06-05-2026 14:38:34 |INFO| Product updated successfully! 
06-05-2026 14:38:40 |INFO| Product updated successfully! 
06-05-2026 14:40:58 |INFO| Product updated successfully! 
06-05-2026 14:41:05 |INFO| Product updated successfully! 
06-05-2026 14:43:07 |INFO| subCategory updated successfully! 
06-05-2026 14:47:18 |ERROR| Error | DELETE | /api/v1/product/69fb1bc1c6cc66558e2abdff : can't find /api/v1/product/69fb1bc1c6cc66558e2abdff 
Error: can't find /api/v1/product/69fb1bc1c6cc66558e2abdff
    at C:\Users\yosef\OneDrive\Desktop\NTI\Ecommerce\server.js:23:7
    at Layer.handleRequest (C:\Users\yosef\OneDrive\Desktop\NTI\Ecommerce\node_modules\router\lib\layer.js:152:17)
    at trimPrefix (C:\Users\yosef\OneDrive\Desktop\NTI\Ecommerce\node_modules\router\index.js:342:13)
    at C:\Users\yosef\OneDrive\Desktop\NTI\Ecommerce\node_modules\router\index.js:297:9
    at processParams (C:\Users\yosef\OneDrive\Desktop\NTI\Ecommerce\node_modules\router\index.js:582:12)
    at next (C:\Users\yosef\OneDrive\Desktop\NTI\Ecommerce\node_modules\router\index.js:291:5)
    at C:\Users\yosef\OneDrive\Desktop\NTI\Ecommerce\node_modules\router\index.js:688:15
    at next (C:\Users\yosef\OneDrive\Desktop\NTI\Ecommerce\node_modules\router\index.js:276:14)
    at router.handle (C:\Users\yosef\OneDrive\Desktop\NTI\Ecommerce\node_modules\router\index.js:186:3)
    at router (C:\Users\yosef\OneDrive\Desktop\NTI\Ecommerce\node_modules\router\index.js:60:12)
06-05-2026 14:47:36 |ERROR| Error | DELETE | /api/v1/product/69fb1bc1c6cc66558e2abdff : can't find /api/v1/product/69fb1bc1c6cc66558e2abdff 
Error: can't find /api/v1/product/69fb1bc1c6cc66558e2abdff
    at C:\Users\yosef\OneDrive\Desktop\NTI\Ecommerce\server.js:23:7
    at Layer.handleRequest (C:\Users\yosef\OneDrive\Desktop\NTI\Ecommerce\node_modules\router\lib\layer.js:152:17)
    at trimPrefix (C:\Users\yosef\OneDrive\Desktop\NTI\Ecommerce\node_modules\router\index.js:342:13)
    at C:\Users\yosef\OneDrive\Desktop\NTI\Ecommerce\node_modules\router\index.js:297:9
    at processParams (C:\Users\yosef\OneDrive\Desktop\NTI\Ecommerce\node_modules\router\index.js:582:12)
    at next (C:\Users\yosef\OneDrive\Desktop\NTI\Ecommerce\node_modules\router\index.js:291:5)
    at C:\Users\yosef\OneDrive\Desktop\NTI\Ecommerce\node_modules\router\index.js:688:15
    at next (C:\Users\yosef\OneDrive\Desktop\NTI\Ecommerce\node_modules\router\index.js:276:14)
    at router.handle (C:\Users\yosef\OneDrive\Desktop\NTI\Ecommerce\node_modules\router\index.js:186:3)
    at router (C:\Users\yosef\OneDrive\Desktop\NTI\Ecommerce\node_modules\router\index.js:60:12)
06-05-2026 14:48:04 |ERROR| Error | DELETE | /api/v1/product/69fb1bc1c6cc66558e2abdff : can't find /api/v1/product/69fb1bc1c6cc66558e2abdff 
Error: can't find /api/v1/product/69fb1bc1c6cc66558e2abdff
    at C:\Users\yosef\OneDrive\Desktop\NTI\Ecommerce\server.js:23:7
    at Layer.handleRequest (C:\Users\yosef\OneDrive\Desktop\NTI\Ecommerce\node_modules\router\lib\layer.js:152:17)
    at trimPrefix (C:\Users\yosef\OneDrive\Desktop\NTI\Ecommerce\node_modules\router\index.js:342:13)
    at C:\Users\yosef\OneDrive\Desktop\NTI\Ecommerce\node_modules\router\index.js:297:9
    at processParams (C:\Users\yosef\OneDrive\Desktop\NTI\Ecommerce\node_modules\router\index.js:582:12)
    at next (C:\Users\yosef\OneDrive\Desktop\NTI\Ecommerce\node_modules\router\index.js:291:5)
    at C:\Users\yosef\OneDrive\Desktop\NTI\Ecommerce\node_modules\router\index.js:688:15
    at next (C:\Users\yosef\OneDrive\Desktop\NTI\Ecommerce\node_modules\router\index.js:276:14)
    at router.handle (C:\Users\yosef\OneDrive\Desktop\NTI\Ecommerce\node_modules\router\index.js:186:3)
    at router (C:\Users\yosef\OneDrive\Desktop\NTI\Ecommerce\node_modules\router\index.js:60:12)
06-05-2026 14:48:37 |INFO| Product deleted successfully! 
08-05-2026 12:59:20 |ERROR| Error | POST | /api/v1/cart : Cannot read properties of undefined (reading '_id') 
TypeError: Cannot read properties of undefined (reading '_id')
    at C:\Users\yosef\OneDrive\Desktop\NTI\Ecommerce\controller\cart.controller.js:10:26
    at C:\Users\yosef\OneDrive\Desktop\NTI\Ecommerce\utilites\catchAsync.uti.js:4:3
    at Layer.handleRequest (C:\Users\yosef\OneDrive\Desktop\NTI\Ecommerce\node_modules\router\lib\layer.js:152:17)
    at next (C:\Users\yosef\OneDrive\Desktop\NTI\Ecommerce\node_modules\router\lib\route.js:157:13)
    at Route.dispatch (C:\Users\yosef\OneDrive\Desktop\NTI\Ecommerce\node_modules\router\lib\route.js:117:3)
    at handle (C:\Users\yosef\OneDrive\Desktop\NTI\Ecommerce\node_modules\router\index.js:435:11)
    at Layer.handleRequest (C:\Users\yosef\OneDrive\Desktop\NTI\Ecommerce\node_modules\router\lib\layer.js:152:17)
    at C:\Users\yosef\OneDrive\Desktop\NTI\Ecommerce\node_modules\router\index.js:295:15
    at processParams (C:\Users\yosef\OneDrive\Desktop\NTI\Ecommerce\node_modules\router\index.js:582:12)
    at next (C:\Users\yosef\OneDrive\Desktop\NTI\Ecommerce\node_modules\router\index.js:291:5)
08-05-2026 12:59:56 |ERROR| Error | POST | /api/v1/cart : jwt expired 
TokenExpiredError: jwt expired
    at C:\Users\yosef\OneDrive\Desktop\NTI\Ecommerce\node_modules\jsonwebtoken\verify.js:190:21
    at getSecret (C:\Users\yosef\OneDrive\Desktop\NTI\Ecommerce\node_modules\jsonwebtoken\verify.js:97:14)
    at module.exports [as verify] (C:\Users\yosef\OneDrive\Desktop\NTI\Ecommerce\node_modules\jsonwebtoken\verify.js:101:10)
    at exports.authanticate (C:\Users\yosef\OneDrive\Desktop\NTI\Ecommerce\middlewares\auth.middleware.js:11:21)
    at Layer.handleRequest (C:\Users\yosef\OneDrive\Desktop\NTI\Ecommerce\node_modules\router\lib\layer.js:152:17)
    at next (C:\Users\yosef\OneDrive\Desktop\NTI\Ecommerce\node_modules\router\lib\route.js:157:13)
    at Route.dispatch (C:\Users\yosef\OneDrive\Desktop\NTI\Ecommerce\node_modules\router\lib\route.js:117:3)
    at handle (C:\Users\yosef\OneDrive\Desktop\NTI\Ecommerce\node_modules\router\index.js:435:11)
    at Layer.handleRequest (C:\Users\yosef\OneDrive\Desktop\NTI\Ecommerce\node_modules\router\lib\layer.js:152:17)
    at C:\Users\yosef\OneDrive\Desktop\NTI\Ecommerce\node_modules\router\index.js:295:15
08-05-2026 13:00:11 |INFO| Cart updated! 
08-05-2026 13:01:20 |ERROR| Error | POST | /api/v1/cart : Not enough stock available! 
Error: Not enough stock available!
    at C:\Users\yosef\OneDrive\Desktop\NTI\Ecommerce\controller\cart.controller.js:19:15
    at process.processTicksAndRejections (node:internal/process/task_queues:104:5)
08-05-2026 13:01:31 |ERROR| Error | POST | /api/v1/cart : Not enough stock available! 
Error: Not enough stock available!
    at C:\Users\yosef\OneDrive\Desktop\NTI\Ecommerce\controller\cart.controller.js:36:16
    at process.processTicksAndRejections (node:internal/process/task_queues:104:5)
08-05-2026 13:01:55 |ERROR| Error | POST | /api/v1/cart : Not enough stock available! 
Error: Not enough stock available!
    at C:\Users\yosef\OneDrive\Desktop\NTI\Ecommerce\controller\cart.controller.js:36:16
    at process.processTicksAndRejections (node:internal/process/task_queues:104:5)
08-05-2026 13:02:10 |ERROR| Error | POST | /api/v1/cart : Not enough stock available! 
Error: Not enough stock available!
    at C:\Users\yosef\OneDrive\Desktop\NTI\Ecommerce\controller\cart.controller.js:36:16
    at process.processTicksAndRejections (node:internal/process/task_queues:104:5)
08-05-2026 13:02:28 |INFO| Cart updated! 
08-05-2026 13:02:46 |INFO| Cart updated! 
08-05-2026 13:03:26 |ERROR| Error | POST | /api/v1/cart : Not enough stock available! 
Error: Not enough stock available!
    at C:\Users\yosef\OneDrive\Desktop\NTI\Ecommerce\controller\cart.controller.js:36:16
    at process.processTicksAndRejections (node:internal/process/task_queues:104:5)
08-05-2026 13:04:10 |INFO| Cart updated! 
08-05-2026 13:04:23 |ERROR| Error | POST | /api/v1/cart : Not enough stock available! 
Error: Not enough stock available!
    at C:\Users\yosef\OneDrive\Desktop\NTI\Ecommerce\controller\cart.controller.js:36:16
    at process.processTicksAndRejections (node:internal/process/task_queues:104:5)
09-05-2026 15:12:12 |ERROR| Error | GET | /api/v1/cart : jwt expired 
TokenExpiredError: jwt expired
    at C:\Users\yosef\OneDrive\Desktop\NTI\Ecommerce\node_modules\jsonwebtoken\verify.js:190:21
    at getSecret (C:\Users\yosef\OneDrive\Desktop\NTI\Ecommerce\node_modules\jsonwebtoken\verify.js:97:14)
    at module.exports [as verify] (C:\Users\yosef\OneDrive\Desktop\NTI\Ecommerce\node_modules\jsonwebtoken\verify.js:101:10)
    at exports.authanticate (C:\Users\yosef\OneDrive\Desktop\NTI\Ecommerce\middlewares\auth.middleware.js:11:21)
    at Layer.handleRequest (C:\Users\yosef\OneDrive\Desktop\NTI\Ecommerce\node_modules\router\lib\layer.js:152:17)
    at next (C:\Users\yosef\OneDrive\Desktop\NTI\Ecommerce\node_modules\router\lib\route.js:157:13)
    at Route.dispatch (C:\Users\yosef\OneDrive\Desktop\NTI\Ecommerce\node_modules\router\lib\route.js:117:3)
    at handle (C:\Users\yosef\OneDrive\Desktop\NTI\Ecommerce\node_modules\router\index.js:435:11)
    at Layer.handleRequest (C:\Users\yosef\OneDrive\Desktop\NTI\Ecommerce\node_modules\router\lib\layer.js:152:17)
    at C:\Users\yosef\OneDrive\Desktop\NTI\Ecommerce\node_modules\router\index.js:295:15
09-05-2026 15:12:26 |ERROR| Error | GET | /api/v1/cart : can't find /api/v1/cart 
Error: can't find /api/v1/cart
    at C:\Users\yosef\OneDrive\Desktop\NTI\Ecommerce\server.js:24:7
    at Layer.handleRequest (C:\Users\yosef\OneDrive\Desktop\NTI\Ecommerce\node_modules\router\lib\layer.js:152:17)
    at trimPrefix (C:\Users\yosef\OneDrive\Desktop\NTI\Ecommerce\node_modules\router\index.js:342:13)
    at C:\Users\yosef\OneDrive\Desktop\NTI\Ecommerce\node_modules\router\index.js:297:9
    at processParams (C:\Users\yosef\OneDrive\Desktop\NTI\Ecommerce\node_modules\router\index.js:582:12)
    at Immediate.next (C:\Users\yosef\OneDrive\Desktop\NTI\Ecommerce\node_modules\router\index.js:291:5)
    at Immediate._onImmediate (C:\Users\yosef\OneDrive\Desktop\NTI\Ecommerce\node_modules\router\index.js:688:15)
    at process.processImmediate (node:internal/timers:506:21)
09-05-2026 15:13:14 |INFO| Cart listed! 
09-05-2026 15:13:54 |ERROR| Error | PUT | /api/v1/product/69fb1bc1c6cc66558e2abdff : jwt expired 
TokenExpiredError: jwt expired
    at C:\Users\yosef\OneDrive\Desktop\NTI\Ecommerce\node_modules\jsonwebtoken\verify.js:190:21
    at getSecret (C:\Users\yosef\OneDrive\Desktop\NTI\Ecommerce\node_modules\jsonwebtoken\verify.js:97:14)
    at module.exports [as verify] (C:\Users\yosef\OneDrive\Desktop\NTI\Ecommerce\node_modules\jsonwebtoken\verify.js:101:10)
    at exports.authanticate (C:\Users\yosef\OneDrive\Desktop\NTI\Ecommerce\middlewares\auth.middleware.js:11:21)
    at Layer.handleRequest (C:\Users\yosef\OneDrive\Desktop\NTI\Ecommerce\node_modules\router\lib\layer.js:152:17)
    at next (C:\Users\yosef\OneDrive\Desktop\NTI\Ecommerce\node_modules\router\lib\route.js:157:13)
    at Route.dispatch (C:\Users\yosef\OneDrive\Desktop\NTI\Ecommerce\node_modules\router\lib\route.js:117:3)
    at handle (C:\Users\yosef\OneDrive\Desktop\NTI\Ecommerce\node_modules\router\index.js:435:11)
    at Layer.handleRequest (C:\Users\yosef\OneDrive\Desktop\NTI\Ecommerce\node_modules\router\lib\layer.js:152:17)
    at C:\Users\yosef\OneDrive\Desktop\NTI\Ecommerce\node_modules\router\index.js:295:15
09-05-2026 15:14:03 |INFO| Product updated successfully! 
09-05-2026 15:14:08 |INFO| {
  _id: new ObjectId('69fb1bc1c6cc66558e2abdff'),
  name: 'product 16',
  description: 'this is product 16 desc',
  price: 130,
  imgURL: '1778064321708-a.png',
  stock: 870,
  category: new ObjectId('69f9d6cbfd951ec68e6959ec'),
  subCategory: new ObjectId('69faf9803e2772a61da5c664'),
  isActive: true,
  isDeleted: true,
  slug: 'product-16',
  createdAt: 2026-05-06T10:45:21.737Z,
  updatedAt: 2026-05-09T12:14:03.810Z,
  __v: 0
} is now 130 not 110 
09-05-2026 15:14:08 |INFO| Cart listed! 
09-05-2026 15:15:09 |INFO| change of price product 16 is now 130 not 110 
09-05-2026 15:15:09 |INFO| Cart listed! 
09-05-2026 15:28:00 |INFO| Cart updated! 
09-05-2026 15:28:08 |INFO| change of price product 16 is now 130 not 110 
09-05-2026 15:28:08 |INFO| Cart listed! 
09-05-2026 15:29:57 |ERROR| Error | DELETE | /api/v1/cart/items : Access denied! 
Error: Access denied!
    at C:\Users\yosef\OneDrive\Desktop\NTI\Ecommerce\middlewares\role.middleware.js:6:16
    at Layer.handleRequest (C:\Users\yosef\OneDrive\Desktop\NTI\Ecommerce\node_modules\router\lib\layer.js:152:17)
    at next (C:\Users\yosef\OneDrive\Desktop\NTI\Ecommerce\node_modules\router\lib\route.js:157:13)
    at exports.authanticate (C:\Users\yosef\OneDrive\Desktop\NTI\Ecommerce\middlewares\auth.middleware.js:17:2)
    at process.processTicksAndRejections (node:internal/process/task_queues:104:5)
09-05-2026 15:30:10 |INFO| Cart Item is removed! 
09-05-2026 15:30:23 |INFO| change of price product 16 is now 130 not 110 
09-05-2026 15:30:23 |INFO| Cart listed! 
09-05-2026 15:42:32 |ERROR| Error | PATCH | /api/v1/cart : Cannot destructure property 'productId' of 'req.body' as it is undefined. 
TypeError: Cannot destructure property 'productId' of 'req.body' as it is undefined.
    at C:\Users\yosef\OneDrive\Desktop\NTI\Ecommerce\controller\cart.controller.js:108:10
    at C:\Users\yosef\OneDrive\Desktop\NTI\Ecommerce\utilites\catchAsync.uti.js:4:3
    at Layer.handleRequest (C:\Users\yosef\OneDrive\Desktop\NTI\Ecommerce\node_modules\router\lib\layer.js:152:17)
    at next (C:\Users\yosef\OneDrive\Desktop\NTI\Ecommerce\node_modules\router\lib\route.js:157:13)
    at C:\Users\yosef\OneDrive\Desktop\NTI\Ecommerce\middlewares\role.middleware.js:8:3
    at Layer.handleRequest (C:\Users\yosef\OneDrive\Desktop\NTI\Ecommerce\node_modules\router\lib\layer.js:152:17)
    at next (C:\Users\yosef\OneDrive\Desktop\NTI\Ecommerce\node_modules\router\lib\route.js:157:13)
    at exports.authanticate (C:\Users\yosef\OneDrive\Desktop\NTI\Ecommerce\middlewares\auth.middleware.js:17:2)
    at process.processTicksAndRejections (node:internal/process/task_queues:104:5)
09-05-2026 15:43:08 |ERROR| Error | PATCH | /api/v1/cart : Cannot destructure property 'productId' of 'req.body' as it is undefined. 
TypeError: Cannot destructure property 'productId' of 'req.body' as it is undefined.
    at C:\Users\yosef\OneDrive\Desktop\NTI\Ecommerce\controller\cart.controller.js:108:10
    at C:\Users\yosef\OneDrive\Desktop\NTI\Ecommerce\utilites\catchAsync.uti.js:4:3
    at Layer.handleRequest (C:\Users\yosef\OneDrive\Desktop\NTI\Ecommerce\node_modules\router\lib\layer.js:152:17)
    at next (C:\Users\yosef\OneDrive\Desktop\NTI\Ecommerce\node_modules\router\lib\route.js:157:13)
    at C:\Users\yosef\OneDrive\Desktop\NTI\Ecommerce\middlewares\role.middleware.js:8:3
    at Layer.handleRequest (C:\Users\yosef\OneDrive\Desktop\NTI\Ecommerce\node_modules\router\lib\layer.js:152:17)
    at next (C:\Users\yosef\OneDrive\Desktop\NTI\Ecommerce\node_modules\router\lib\route.js:157:13)
    at exports.authanticate (C:\Users\yosef\OneDrive\Desktop\NTI\Ecommerce\middlewares\auth.middleware.js:17:2)
    at process.processTicksAndRejections (node:internal/process/task_queues:104:5)
09-05-2026 15:43:13 |ERROR| Error | PATCH | /api/v1/cart : Item not found in cart! 
Error: Item not found in cart!
    at C:\Users\yosef\OneDrive\Desktop\NTI\Ecommerce\controller\cart.controller.js:119:25
    at process.processTicksAndRejections (node:internal/process/task_queues:104:5)
09-05-2026 15:43:26 |ERROR| Error | PATCH | /api/v1/cart : Product not found! 
Error: Product not found!
    at C:\Users\yosef\OneDrive\Desktop\NTI\Ecommerce\controller\cart.controller.js:115:30
    at process.processTicksAndRejections (node:internal/process/task_queues:104:5)
09-05-2026 15:43:44 |INFO| Cart Item is updated! 
11-05-2026 13:32:29 |INFO| Cart is cleared! 
12-05-2026 01:11:12 |INFO| Cart updated! 
12-05-2026 01:11:18 |INFO| Cart listed! 
12-05-2026 01:13:35 |ERROR| Error | POST | /api/v1/order : order validation failed: products.0.title: Path `title` is required. 
ValidationError: order validation failed: products.0.title: Path `title` is required.
    at Document.invalidate (C:\Users\yosef\OneDrive\Desktop\NTI\Ecommerce\node_modules\mongoose\lib\document.js:3444:32)
    at Subdocument.invalidate (C:\Users\yosef\OneDrive\Desktop\NTI\Ecommerce\node_modules\mongoose\lib\types\subdocument.js:231:12)
    at EmbeddedDocument.validate (C:\Users\yosef\OneDrive\Desktop\NTI\Ecommerce\node_modules\mongoose\lib\document.js:2866:13)
    at process.processTicksAndRejections (node:internal/process/task_queues:104:5)
    at async Promise.all (index 0)
    at async SchemaDocumentArray.doValidate (C:\Users\yosef\OneDrive\Desktop\NTI\Ecommerce\node_modules\mongoose\lib\schema\documentArray.js:268:3)
    at async Promise.all (index 5)
    at async model.validate (C:\Users\yosef\OneDrive\Desktop\NTI\Ecommerce\node_modules\mongoose\lib\document.js:2857:30)
    at async model.$__save (C:\Users\yosef\OneDrive\Desktop\NTI\Ecommerce\node_modules\mongoose\lib\model.js:393:7)
    at async model.save (C:\Users\yosef\OneDrive\Desktop\NTI\Ecommerce\node_modules\mongoose\lib\model.js:667:5)
12-05-2026 01:13:48 |ERROR| Error | POST | /api/v1/order : order validation failed: products.0.title: Path `title` is required. 
ValidationError: order validation failed: products.0.title: Path `title` is required.
    at Document.invalidate (C:\Users\yosef\OneDrive\Desktop\NTI\Ecommerce\node_modules\mongoose\lib\document.js:3444:32)
    at Subdocument.invalidate (C:\Users\yosef\OneDrive\Desktop\NTI\Ecommerce\node_modules\mongoose\lib\types\subdocument.js:231:12)
    at EmbeddedDocument.validate (C:\Users\yosef\OneDrive\Desktop\NTI\Ecommerce\node_modules\mongoose\lib\document.js:2866:13)
    at process.processTicksAndRejections (node:internal/process/task_queues:104:5)
    at async Promise.all (index 0)
    at async SchemaDocumentArray.doValidate (C:\Users\yosef\OneDrive\Desktop\NTI\Ecommerce\node_modules\mongoose\lib\schema\documentArray.js:268:3)
    at async Promise.all (index 5)
    at async model.validate (C:\Users\yosef\OneDrive\Desktop\NTI\Ecommerce\node_modules\mongoose\lib\document.js:2857:30)
    at async model.$__save (C:\Users\yosef\OneDrive\Desktop\NTI\Ecommerce\node_modules\mongoose\lib\model.js:393:7)
    at async model.save (C:\Users\yosef\OneDrive\Desktop\NTI\Ecommerce\node_modules\mongoose\lib\model.js:667:5)
12-05-2026 01:20:16 |ERROR| Error | GET | /api/v1/order : can't find /api/v1/order 
Error: can't find /api/v1/order
    at C:\Users\yosef\OneDrive\Desktop\NTI\Ecommerce\server.js:25:7
    at Layer.handleRequest (C:\Users\yosef\OneDrive\Desktop\NTI\Ecommerce\node_modules\router\lib\layer.js:152:17)
    at trimPrefix (C:\Users\yosef\OneDrive\Desktop\NTI\Ecommerce\node_modules\router\index.js:342:13)
    at C:\Users\yosef\OneDrive\Desktop\NTI\Ecommerce\node_modules\router\index.js:297:9
    at processParams (C:\Users\yosef\OneDrive\Desktop\NTI\Ecommerce\node_modules\router\index.js:582:12)
    at next (C:\Users\yosef\OneDrive\Desktop\NTI\Ecommerce\node_modules\router\index.js:291:5)
    at C:\Users\yosef\OneDrive\Desktop\NTI\Ecommerce\node_modules\router\index.js:688:15
    at next (C:\Users\yosef\OneDrive\Desktop\NTI\Ecommerce\node_modules\router\index.js:276:14)
    at router.handle (C:\Users\yosef\OneDrive\Desktop\NTI\Ecommerce\node_modules\router\index.js:186:3)
    at router (C:\Users\yosef\OneDrive\Desktop\NTI\Ecommerce\node_modules\router\index.js:60:12)
12-05-2026 01:20:50 |INFO| Orders is listed! 
12-05-2026 01:21:01 |ERROR| Error | POST | /api/v1/order : Cart is empty! 
Error: Cart is empty!
    at C:\Users\yosef\OneDrive\Desktop\NTI\Ecommerce\controller\order.controller.js:17:15
    at process.processTicksAndRejections (node:internal/process/task_queues:104:5)
12-05-2026 01:21:10 |INFO| Cart updated! 
12-05-2026 01:21:24 |INFO| Order is placed! 
12-05-2026 01:21:39 |INFO| Orders is listed! 
12-05-2026 01:26:28 |ERROR| Error | GET | /api/v1/order/6a0254b200a7fff0d484def9 : order is not found! 
Error: order is not found!
    at C:\Users\yosef\OneDrive\Desktop\NTI\Ecommerce\controller\order.controller.js:95:15
    at process.processTicksAndRejections (node:internal/process/task_queues:104:5)
12-05-2026 01:26:36 |ERROR| Error | GET | /api/v1/order/6a0254b200a7fff0d484def9 : order is not found! 
Error: order is not found!
    at C:\Users\yosef\OneDrive\Desktop\NTI\Ecommerce\controller\order.controller.js:95:15
    at process.processTicksAndRejections (node:internal/process/task_queues:104:5)
12-05-2026 01:26:47 |ERROR| Error | GET | /api/v1/order/6a0254b200a7fff0d484def9 : Cannot destructure property 'orderId' of 'req.params._id' as it is undefined. 
TypeError: Cannot destructure property 'orderId' of 'req.params._id' as it is undefined.
    at C:\Users\yosef\OneDrive\Desktop\NTI\Ecommerce\controller\order.controller.js:91:10
    at C:\Users\yosef\OneDrive\Desktop\NTI\Ecommerce\utilites\catchAsync.uti.js:4:3
    at Layer.handleRequest (C:\Users\yosef\OneDrive\Desktop\NTI\Ecommerce\node_modules\router\lib\layer.js:152:17)
    at next (C:\Users\yosef\OneDrive\Desktop\NTI\Ecommerce\node_modules\router\lib\route.js:157:13)
    at C:\Users\yosef\OneDrive\Desktop\NTI\Ecommerce\middlewares\role.middleware.js:8:3
    at Layer.handleRequest (C:\Users\yosef\OneDrive\Desktop\NTI\Ecommerce\node_modules\router\lib\layer.js:152:17)
    at next (C:\Users\yosef\OneDrive\Desktop\NTI\Ecommerce\node_modules\router\lib\route.js:157:13)
    at exports.authanticate (C:\Users\yosef\OneDrive\Desktop\NTI\Ecommerce\middlewares\auth.middleware.js:17:2)
    at process.processTicksAndRejections (node:internal/process/task_queues:104:5)
12-05-2026 01:27:08 |ERROR| Error | GET | /api/v1/order/6a0254b200a7fff0d484def9 : order is not found! 
Error: order is not found!
    at C:\Users\yosef\OneDrive\Desktop\NTI\Ecommerce\controller\order.controller.js:95:15
    at process.processTicksAndRejections (node:internal/process/task_queues:104:5)
12-05-2026 01:28:29 |INFO| Order by id is listed! 
12-05-2026 01:46:53 |INFO| order is cancelled by user! 
12-05-2026 01:47:48 |ERROR| Error | PATCH | /api/v1/order/cancel/6a025664c195436c0175fd2c : Order is shipped and cant be cancelled! 
Error: Order is shipped and cant be cancelled!
    at C:\Users\yosef\OneDrive\Desktop\NTI\Ecommerce\controller\order.controller.js:112:15
    at process.processTicksAndRejections (node:internal/process/task_queues:104:5)
12-05-2026 01:56:16 |ERROR| Error | POST | /api/v1/order/6a0254b200a7fff0d484def9 : can't find /api/v1/order/6a0254b200a7fff0d484def9 
Error: can't find /api/v1/order/6a0254b200a7fff0d484def9
    at C:\Users\yosef\OneDrive\Desktop\NTI\Ecommerce\server.js:25:7
    at Layer.handleRequest (C:\Users\yosef\OneDrive\Desktop\NTI\Ecommerce\node_modules\router\lib\layer.js:152:17)
    at trimPrefix (C:\Users\yosef\OneDrive\Desktop\NTI\Ecommerce\node_modules\router\index.js:342:13)
    at C:\Users\yosef\OneDrive\Desktop\NTI\Ecommerce\node_modules\router\index.js:297:9
    at processParams (C:\Users\yosef\OneDrive\Desktop\NTI\Ecommerce\node_modules\router\index.js:582:12)
    at next (C:\Users\yosef\OneDrive\Desktop\NTI\Ecommerce\node_modules\router\index.js:291:5)
    at C:\Users\yosef\OneDrive\Desktop\NTI\Ecommerce\node_modules\router\index.js:688:15
    at next (C:\Users\yosef\OneDrive\Desktop\NTI\Ecommerce\node_modules\router\index.js:276:14)
    at router.handle (C:\Users\yosef\OneDrive\Desktop\NTI\Ecommerce\node_modules\router\index.js:186:3)
    at router (C:\Users\yosef\OneDrive\Desktop\NTI\Ecommerce\node_modules\router\index.js:60:12)
12-05-2026 01:57:34 |ERROR| Error | POST | /api/v1/order/requestRefund/6a0254b200a7fff0d484def9 : Order is not recieved yet! 
Error: Order is not recieved yet!
    at C:\Users\yosef\OneDrive\Desktop\NTI\Ecommerce\controller\order.controller.js:158:15
    at process.processTicksAndRejections (node:internal/process/task_queues:104:5)
12-05-2026 01:58:21 |ERROR| Error | POST | /api/v1/order/requestRefund/6a0254b200a7fff0d484def9 : Order is not received yet! 
Error: Order is not received yet!
    at C:\Users\yosef\OneDrive\Desktop\NTI\Ecommerce\controller\order.controller.js:158:15
    at process.processTicksAndRejections (node:internal/process/task_queues:104:5)
12-05-2026 01:58:34 |INFO| user requested a refund! 
12-05-2026 02:11:12 |ERROR| Error | POST | /api/v1/order/updateStatus/6a0254b200a7fff0d484def9 : can't find /api/v1/order/updateStatus/6a0254b200a7fff0d484def9 
Error: can't find /api/v1/order/updateStatus/6a0254b200a7fff0d484def9
    at C:\Users\yosef\OneDrive\Desktop\NTI\Ecommerce\server.js:25:7
    at Layer.handleRequest (C:\Users\yosef\OneDrive\Desktop\NTI\Ecommerce\node_modules\router\lib\layer.js:152:17)
    at trimPrefix (C:\Users\yosef\OneDrive\Desktop\NTI\Ecommerce\node_modules\router\index.js:342:13)
    at C:\Users\yosef\OneDrive\Desktop\NTI\Ecommerce\node_modules\router\index.js:297:9
    at processParams (C:\Users\yosef\OneDrive\Desktop\NTI\Ecommerce\node_modules\router\index.js:582:12)
    at next (C:\Users\yosef\OneDrive\Desktop\NTI\Ecommerce\node_modules\router\index.js:291:5)
    at C:\Users\yosef\OneDrive\Desktop\NTI\Ecommerce\node_modules\router\index.js:688:15
    at next (C:\Users\yosef\OneDrive\Desktop\NTI\Ecommerce\node_modules\router\index.js:276:14)
    at router.handle (C:\Users\yosef\OneDrive\Desktop\NTI\Ecommerce\node_modules\router\index.js:186:3)
    at router (C:\Users\yosef\OneDrive\Desktop\NTI\Ecommerce\node_modules\router\index.js:60:12)
12-05-2026 02:11:24 |ERROR| Error | PATCH | /api/v1/order/updateStatus/6a0254b200a7fff0d484def9 : Cannot move order from cancelledByUser to received 
Error: Cannot move order from cancelledByUser to received
    at C:\Users\yosef\OneDrive\Desktop\NTI\Ecommerce\controller\order.controller.js:194:4
    at process.processTicksAndRejections (node:internal/process/task_queues:104:5)
12-05-2026 02:13:23 |ERROR| Error | PATCH | /api/v1/order/updateStatus/6a025664c195436c0175fd2c : Cannot move order from pending to received 
Error: Cannot move order from pending to received
    at C:\Users\yosef\OneDrive\Desktop\NTI\Ecommerce\controller\order.controller.js:194:4
    at process.processTicksAndRejections (node:internal/process/task_queues:104:5)
12-05-2026 02:13:33 |INFO| Order status updated! 
12-05-2026 02:17:59 |INFO| Order status updated! 
12-05-2026 02:30:33 |ERROR| Error | PATCH | /api/v1/order/updateRefundStatus/6a025664c195436c0175fd2c : can't find /api/v1/order/updateRefundStatus/6a025664c195436c0175fd2c 
Error: can't find /api/v1/order/updateRefundStatus/6a025664c195436c0175fd2c
    at C:\Users\yosef\OneDrive\Desktop\NTI\Ecommerce\server.js:25:7
    at Layer.handleRequest (C:\Users\yosef\OneDrive\Desktop\NTI\Ecommerce\node_modules\router\lib\layer.js:152:17)
    at trimPrefix (C:\Users\yosef\OneDrive\Desktop\NTI\Ecommerce\node_modules\router\index.js:342:13)
    at C:\Users\yosef\OneDrive\Desktop\NTI\Ecommerce\node_modules\router\index.js:297:9
    at processParams (C:\Users\yosef\OneDrive\Desktop\NTI\Ecommerce\node_modules\router\index.js:582:12)
    at next (C:\Users\yosef\OneDrive\Desktop\NTI\Ecommerce\node_modules\router\index.js:291:5)
    at C:\Users\yosef\OneDrive\Desktop\NTI\Ecommerce\node_modules\router\index.js:688:15
    at next (C:\Users\yosef\OneDrive\Desktop\NTI\Ecommerce\node_modules\router\index.js:276:14)
    at router.handle (C:\Users\yosef\OneDrive\Desktop\NTI\Ecommerce\node_modules\router\index.js:186:3)
    at router (C:\Users\yosef\OneDrive\Desktop\NTI\Ecommerce\node_modules\router\index.js:60:12)
12-05-2026 02:31:53 |INFO| Order update request refund status! 
12-05-2026 02:35:26 |ERROR| Error | PATCH | /api/v1/order/updateRefundStatus/6a025664c195436c0175fd2c : Refund can only be requested on received orders! 
Error: Refund can only be requested on received orders!
    at C:\Users\yosef\OneDrive\Desktop\NTI\Ecommerce\controller\order.controller.js:245:4
    at process.processTicksAndRejections (node:internal/process/task_queues:104:5)
12-05-2026 02:36:02 |ERROR| Error | PATCH | /api/v1/order/updateRefundStatus/6a0254b200a7fff0d484def9 : Refund can only be requested on received orders! 
Error: Refund can only be requested on received orders!
    at C:\Users\yosef\OneDrive\Desktop\NTI\Ecommerce\controller\order.controller.js:245:4
    at process.processTicksAndRejections (node:internal/process/task_queues:104:5)
12-05-2026 02:36:17 |ERROR| Error | PATCH | /api/v1/order/updateRefundStatus/6a0254b200a7fff0d484def9 : order has not requested a refund! 
Error: order has not requested a refund!
    at C:\Users\yosef\OneDrive\Desktop\NTI\Ecommerce\controller\order.controller.js:250:15
    at process.processTicksAndRejections (node:internal/process/task_queues:104:5)
12-05-2026 02:36:44 |INFO| user requested a refund! 
12-05-2026 02:36:53 |INFO| Order update request refund status! 
12-05-2026 02:37:17 |ERROR| Error | PATCH | /api/v1/order/updateRefundStatus/6a0254b200a7fff0d484def9 : order has not requested a refund! 
Error: order has not requested a refund!
    at C:\Users\yosef\OneDrive\Desktop\NTI\Ecommerce\controller\order.controller.js:250:15
    at process.processTicksAndRejections (node:internal/process/task_queues:104:5)
12-05-2026 03:00:11 |ERROR| Error | POST | /api/v1/testimonial : comment and stars are requried 
Error: comment and stars are requried
    at C:\Users\yosef\OneDrive\Desktop\NTI\Ecommerce\controller\testimonial.controller.js:9:15
    at C:\Users\yosef\OneDrive\Desktop\NTI\Ecommerce\utilites\catchAsync.uti.js:4:3
    at Layer.handleRequest (C:\Users\yosef\OneDrive\Desktop\NTI\Ecommerce\node_modules\router\lib\layer.js:152:17)
    at next (C:\Users\yosef\OneDrive\Desktop\NTI\Ecommerce\node_modules\router\lib\route.js:157:13)
    at C:\Users\yosef\OneDrive\Desktop\NTI\Ecommerce\middlewares\role.middleware.js:8:3
    at Layer.handleRequest (C:\Users\yosef\OneDrive\Desktop\NTI\Ecommerce\node_modules\router\lib\layer.js:152:17)
    at next (C:\Users\yosef\OneDrive\Desktop\NTI\Ecommerce\node_modules\router\lib\route.js:157:13)
    at exports.authanticate (C:\Users\yosef\OneDrive\Desktop\NTI\Ecommerce\middlewares\auth.middleware.js:17:2)
    at process.processTicksAndRejections (node:internal/process/task_queues:104:5)
12-05-2026 03:00:21 |INFO| Review is sent! 
12-05-2026 03:00:29 |ERROR| Error | POST | /api/v1/testimonial : E11000 duplicate key error collection: eCommerece.testimonials index: user_1 dup key: { user: ObjectId('69f9c2336227d5e42e1391e9') } 
MongoServerError: E11000 duplicate key error collection: eCommerece.testimonials index: user_1 dup key: { user: ObjectId('69f9c2336227d5e42e1391e9') }
    at InsertOneOperation.handleOk (C:\Users\yosef\OneDrive\Desktop\NTI\Ecommerce\node_modules\mongodb\lib\operations\insert.js:51:19)
    at executeOperationWithRetries (C:\Users\yosef\OneDrive\Desktop\NTI\Ecommerce\node_modules\mongodb\lib\operations\execute_operation.js:194:34)
    at process.processTicksAndRejections (node:internal/process/task_queues:104:5)
    at async executeOperation (C:\Users\yosef\OneDrive\Desktop\NTI\Ecommerce\node_modules\mongodb\lib\operations\execute_operation.js:83:16)
    at async Collection.insertOne (C:\Users\yosef\OneDrive\Desktop\NTI\Ecommerce\node_modules\mongodb\lib\collection.js:154:16)
    at async model.$__save (C:\Users\yosef\OneDrive\Desktop\NTI\Ecommerce\node_modules\mongoose\lib\model.js:428:16)
    at async model.save (C:\Users\yosef\OneDrive\Desktop\NTI\Ecommerce\node_modules\mongoose\lib\model.js:667:5)
    at async model.create (C:\Users\yosef\OneDrive\Desktop\NTI\Ecommerce\node_modules\mongoose\lib\model.js:2747:5)
    at async C:\Users\yosef\OneDrive\Desktop\NTI\Ecommerce\controller\testimonial.controller.js:12:19
12-05-2026 03:10:54 |INFO| Reviews are listed! 
12-05-2026 03:14:34 |ERROR| Error | GET | /api/v1/testimonial/all : unauthorized, no token provided! 
Error: unauthorized, no token provided!
    at exports.authanticate (C:\Users\yosef\OneDrive\Desktop\NTI\Ecommerce\middlewares\auth.middleware.js:8:15)
    at Layer.handleRequest (C:\Users\yosef\OneDrive\Desktop\NTI\Ecommerce\node_modules\router\lib\layer.js:152:17)
    at next (C:\Users\yosef\OneDrive\Desktop\NTI\Ecommerce\node_modules\router\lib\route.js:157:13)
    at Route.dispatch (C:\Users\yosef\OneDrive\Desktop\NTI\Ecommerce\node_modules\router\lib\route.js:117:3)
    at handle (C:\Users\yosef\OneDrive\Desktop\NTI\Ecommerce\node_modules\router\index.js:435:11)
    at Layer.handleRequest (C:\Users\yosef\OneDrive\Desktop\NTI\Ecommerce\node_modules\router\lib\layer.js:152:17)
    at C:\Users\yosef\OneDrive\Desktop\NTI\Ecommerce\node_modules\router\index.js:295:15
    at processParams (C:\Users\yosef\OneDrive\Desktop\NTI\Ecommerce\node_modules\router\index.js:582:12)
    at next (C:\Users\yosef\OneDrive\Desktop\NTI\Ecommerce\node_modules\router\index.js:291:5)
    at router.handle (C:\Users\yosef\OneDrive\Desktop\NTI\Ecommerce\node_modules\router\index.js:186:3)
12-05-2026 03:14:44 |ERROR| Error | GET | /api/v1/testimonial/all : Schema hasn't been registered for model "User".
Use mongoose.model(name, schema) 
MissingSchemaError: Schema hasn't been registered for model "User".
Use mongoose.model(name, schema)
    at NativeConnection.model (C:\Users\yosef\OneDrive\Desktop\NTI\Ecommerce\node_modules\mongoose\lib\connection.js:1514:13)
    at _getModelFromConn (C:\Users\yosef\OneDrive\Desktop\NTI\Ecommerce\node_modules\mongoose\lib\helpers\populate\getModelsMapForPopulate.js:708:15)
    at addModelNamesToMap (C:\Users\yosef\OneDrive\Desktop\NTI\Ecommerce\node_modules\mongoose\lib\helpers\populate\getModelsMapForPopulate.js:636:17)
    at getModelsMapForPopulate (C:\Users\yosef\OneDrive\Desktop\NTI\Ecommerce\node_modules\mongoose\lib\helpers\populate\getModelsMapForPopulate.js:218:7)
    at _populatePath (C:\Users\yosef\OneDrive\Desktop\NTI\Ecommerce\node_modules\mongoose\lib\model.js:4417:21)
    at model.populate (C:\Users\yosef\OneDrive\Desktop\NTI\Ecommerce\node_modules\mongoose\lib\model.js:4384:21)
    at model.Query._find (C:\Users\yosef\OneDrive\Desktop\NTI\Ecommerce\node_modules\mongoose\lib\query.js:2509:20)
    at process.processTicksAndRejections (node:internal/process/task_queues:104:5)
    at async model.Query.exec (C:\Users\yosef\OneDrive\Desktop\NTI\Ecommerce\node_modules\mongoose\lib\query.js:4797:63)
    at async C:\Users\yosef\OneDrive\Desktop\NTI\Ecommerce\controller\testimonial.controller.js:31:19
12-05-2026 03:15:40 |ERROR| Error | GET | /api/v1/testimonial/all : Schema hasn't been registered for model "User".
Use mongoose.model(name, schema) 
MissingSchemaError: Schema hasn't been registered for model "User".
Use mongoose.model(name, schema)
    at NativeConnection.model (C:\Users\yosef\OneDrive\Desktop\NTI\Ecommerce\node_modules\mongoose\lib\connection.js:1514:13)
    at _getModelFromConn (C:\Users\yosef\OneDrive\Desktop\NTI\Ecommerce\node_modules\mongoose\lib\helpers\populate\getModelsMapForPopulate.js:708:15)
    at addModelNamesToMap (C:\Users\yosef\OneDrive\Desktop\NTI\Ecommerce\node_modules\mongoose\lib\helpers\populate\getModelsMapForPopulate.js:636:17)
    at getModelsMapForPopulate (C:\Users\yosef\OneDrive\Desktop\NTI\Ecommerce\node_modules\mongoose\lib\helpers\populate\getModelsMapForPopulate.js:218:7)
    at _populatePath (C:\Users\yosef\OneDrive\Desktop\NTI\Ecommerce\node_modules\mongoose\lib\model.js:4417:21)
    at model.populate (C:\Users\yosef\OneDrive\Desktop\NTI\Ecommerce\node_modules\mongoose\lib\model.js:4384:21)
    at model.Query._find (C:\Users\yosef\OneDrive\Desktop\NTI\Ecommerce\node_modules\mongoose\lib\query.js:2509:20)
    at process.processTicksAndRejections (node:internal/process/task_queues:104:5)
    at async model.Query.exec (C:\Users\yosef\OneDrive\Desktop\NTI\Ecommerce\node_modules\mongoose\lib\query.js:4797:63)
    at async C:\Users\yosef\OneDrive\Desktop\NTI\Ecommerce\controller\testimonial.controller.js:32:19
12-05-2026 03:16:32 |ERROR| Error | GET | /api/v1/testimonial/all : Schema hasn't been registered for model "User".
Use mongoose.model(name, schema) 
MissingSchemaError: Schema hasn't been registered for model "User".
Use mongoose.model(name, schema)
    at NativeConnection.model (C:\Users\yosef\OneDrive\Desktop\NTI\Ecommerce\node_modules\mongoose\lib\connection.js:1514:13)
    at _getModelFromConn (C:\Users\yosef\OneDrive\Desktop\NTI\Ecommerce\node_modules\mongoose\lib\helpers\populate\getModelsMapForPopulate.js:708:15)
    at addModelNamesToMap (C:\Users\yosef\OneDrive\Desktop\NTI\Ecommerce\node_modules\mongoose\lib\helpers\populate\getModelsMapForPopulate.js:636:17)
    at getModelsMapForPopulate (C:\Users\yosef\OneDrive\Desktop\NTI\Ecommerce\node_modules\mongoose\lib\helpers\populate\getModelsMapForPopulate.js:218:7)
    at _populatePath (C:\Users\yosef\OneDrive\Desktop\NTI\Ecommerce\node_modules\mongoose\lib\model.js:4417:21)
    at model.populate (C:\Users\yosef\OneDrive\Desktop\NTI\Ecommerce\node_modules\mongoose\lib\model.js:4384:21)
    at model.Query._find (C:\Users\yosef\OneDrive\Desktop\NTI\Ecommerce\node_modules\mongoose\lib\query.js:2509:20)
    at process.processTicksAndRejections (node:internal/process/task_queues:104:5)
    at async model.Query.exec (C:\Users\yosef\OneDrive\Desktop\NTI\Ecommerce\node_modules\mongoose\lib\query.js:4797:63)
    at async C:\Users\yosef\OneDrive\Desktop\NTI\Ecommerce\controller\testimonial.controller.js:32:19
12-05-2026 03:17:22 |ERROR| Error | GET | /api/v1/testimonial/all : Schema hasn't been registered for model "User".
Use mongoose.model(name, schema) 
MissingSchemaError: Schema hasn't been registered for model "User".
Use mongoose.model(name, schema)
    at NativeConnection.model (C:\Users\yosef\OneDrive\Desktop\NTI\Ecommerce\node_modules\mongoose\lib\connection.js:1514:13)
    at _getModelFromConn (C:\Users\yosef\OneDrive\Desktop\NTI\Ecommerce\node_modules\mongoose\lib\helpers\populate\getModelsMapForPopulate.js:708:15)
    at addModelNamesToMap (C:\Users\yosef\OneDrive\Desktop\NTI\Ecommerce\node_modules\mongoose\lib\helpers\populate\getModelsMapForPopulate.js:636:17)
    at getModelsMapForPopulate (C:\Users\yosef\OneDrive\Desktop\NTI\Ecommerce\node_modules\mongoose\lib\helpers\populate\getModelsMapForPopulate.js:218:7)
    at _populatePath (C:\Users\yosef\OneDrive\Desktop\NTI\Ecommerce\node_modules\mongoose\lib\model.js:4417:21)
    at model.populate (C:\Users\yosef\OneDrive\Desktop\NTI\Ecommerce\node_modules\mongoose\lib\model.js:4384:21)
    at model.Query._find (C:\Users\yosef\OneDrive\Desktop\NTI\Ecommerce\node_modules\mongoose\lib\query.js:2509:20)
    at process.processTicksAndRejections (node:internal/process/task_queues:104:5)
    at async model.Query.exec (C:\Users\yosef\OneDrive\Desktop\NTI\Ecommerce\node_modules\mongoose\lib\query.js:4797:63)
    at async C:\Users\yosef\OneDrive\Desktop\NTI\Ecommerce\controller\testimonial.controller.js:32:19
12-05-2026 03:17:47 |ERROR| Error | GET | /api/v1/testimonial/all : Schema hasn't been registered for model "User".
Use mongoose.model(name, schema) 
MissingSchemaError: Schema hasn't been registered for model "User".
Use mongoose.model(name, schema)
    at NativeConnection.model (C:\Users\yosef\OneDrive\Desktop\NTI\Ecommerce\node_modules\mongoose\lib\connection.js:1514:13)
    at _getModelFromConn (C:\Users\yosef\OneDrive\Desktop\NTI\Ecommerce\node_modules\mongoose\lib\helpers\populate\getModelsMapForPopulate.js:708:15)
    at addModelNamesToMap (C:\Users\yosef\OneDrive\Desktop\NTI\Ecommerce\node_modules\mongoose\lib\helpers\populate\getModelsMapForPopulate.js:636:17)
    at getModelsMapForPopulate (C:\Users\yosef\OneDrive\Desktop\NTI\Ecommerce\node_modules\mongoose\lib\helpers\populate\getModelsMapForPopulate.js:218:7)
    at _populatePath (C:\Users\yosef\OneDrive\Desktop\NTI\Ecommerce\node_modules\mongoose\lib\model.js:4417:21)
    at model.populate (C:\Users\yosef\OneDrive\Desktop\NTI\Ecommerce\node_modules\mongoose\lib\model.js:4384:21)
    at model.Query._find (C:\Users\yosef\OneDrive\Desktop\NTI\Ecommerce\node_modules\mongoose\lib\query.js:2509:20)
    at process.processTicksAndRejections (node:internal/process/task_queues:104:5)
    at async model.Query.exec (C:\Users\yosef\OneDrive\Desktop\NTI\Ecommerce\node_modules\mongoose\lib\query.js:4797:63)
    at async C:\Users\yosef\OneDrive\Desktop\NTI\Ecommerce\controller\testimonial.controller.js:32:19
12-05-2026 03:19:07 |ERROR| Error | GET | /api/v1/testimonial/all : Cannot populate path `User` because it is not in your schema. Set the `strictPopulate` option to false to override. 
StrictPopulateError: Cannot populate path `User` because it is not in your schema. Set the `strictPopulate` option to false to override.
    at getModelsMapForPopulate (C:\Users\yosef\OneDrive\Desktop\NTI\Ecommerce\node_modules\mongoose\lib\helpers\populate\getModelsMapForPopulate.js:55:12)
    at _populatePath (C:\Users\yosef\OneDrive\Desktop\NTI\Ecommerce\node_modules\mongoose\lib\model.js:4417:21)
    at model.populate (C:\Users\yosef\OneDrive\Desktop\NTI\Ecommerce\node_modules\mongoose\lib\model.js:4384:21)
    at model.Query._find (C:\Users\yosef\OneDrive\Desktop\NTI\Ecommerce\node_modules\mongoose\lib\query.js:2509:20)
    at process.processTicksAndRejections (node:internal/process/task_queues:104:5)
    at async model.Query.exec (C:\Users\yosef\OneDrive\Desktop\NTI\Ecommerce\node_modules\mongoose\lib\query.js:4797:63)
    at async C:\Users\yosef\OneDrive\Desktop\NTI\Ecommerce\controller\testimonial.controller.js:32:19
12-05-2026 03:20:55 |ERROR| Error | GET | /api/v1/testimonial/all : Cannot populate path `User` because it is not in your schema. Set the `strictPopulate` option to false to override. 
StrictPopulateError: Cannot populate path `User` because it is not in your schema. Set the `strictPopulate` option to false to override.
    at getModelsMapForPopulate (C:\Users\yosef\OneDrive\Desktop\NTI\Ecommerce\node_modules\mongoose\lib\helpers\populate\getModelsMapForPopulate.js:55:12)
    at _populatePath (C:\Users\yosef\OneDrive\Desktop\NTI\Ecommerce\node_modules\mongoose\lib\model.js:4417:21)
    at model.populate (C:\Users\yosef\OneDrive\Desktop\NTI\Ecommerce\node_modules\mongoose\lib\model.js:4384:21)
    at model.Query._find (C:\Users\yosef\OneDrive\Desktop\NTI\Ecommerce\node_modules\mongoose\lib\query.js:2509:20)
    at process.processTicksAndRejections (node:internal/process/task_queues:104:5)
    at async model.Query.exec (C:\Users\yosef\OneDrive\Desktop\NTI\Ecommerce\node_modules\mongoose\lib\query.js:4797:63)
    at async C:\Users\yosef\OneDrive\Desktop\NTI\Ecommerce\controller\testimonial.controller.js:32:19
12-05-2026 03:21:01 |INFO| Reviews are listed for admin! 
12-05-2026 03:29:44 |ERROR| Error | PATCH | /api/v1/testimonial/6a026d95691fe2fb076b90b9 : unauthorized, no token provided! 
Error: unauthorized, no token provided!
    at exports.authanticate (C:\Users\yosef\OneDrive\Desktop\NTI\Ecommerce\middlewares\auth.middleware.js:8:15)
    at Layer.handleRequest (C:\Users\yosef\OneDrive\Desktop\NTI\Ecommerce\node_modules\router\lib\layer.js:152:17)
    at next (C:\Users\yosef\OneDrive\Desktop\NTI\Ecommerce\node_modules\router\lib\route.js:157:13)
    at Route.dispatch (C:\Users\yosef\OneDrive\Desktop\NTI\Ecommerce\node_modules\router\lib\route.js:117:3)
    at handle (C:\Users\yosef\OneDrive\Desktop\NTI\Ecommerce\node_modules\router\index.js:435:11)
    at Layer.handleRequest (C:\Users\yosef\OneDrive\Desktop\NTI\Ecommerce\node_modules\router\lib\layer.js:152:17)
    at C:\Users\yosef\OneDrive\Desktop\NTI\Ecommerce\node_modules\router\index.js:295:15
    at param (C:\Users\yosef\OneDrive\Desktop\NTI\Ecommerce\node_modules\router\index.js:600:14)
    at param (C:\Users\yosef\OneDrive\Desktop\NTI\Ecommerce\node_modules\router\index.js:610:14)
    at processParams (C:\Users\yosef\OneDrive\Desktop\NTI\Ecommerce\node_modules\router\index.js:664:3)
12-05-2026 03:29:55 |INFO| Reviews status have changed! 
12-05-2026 03:30:05 |INFO| Reviews are listed for admin! 
12-05-2026 03:30:11 |INFO| Reviews are listed! 
12-05-2026 17:00:32 |ERROR| Error | GET | /api/v1/report/sales : jwt expired 
TokenExpiredError: jwt expired
    at C:\Users\yosef\OneDrive\Desktop\NTI\Ecommerce\node_modules\jsonwebtoken\verify.js:190:21
    at getSecret (C:\Users\yosef\OneDrive\Desktop\NTI\Ecommerce\node_modules\jsonwebtoken\verify.js:97:14)
    at module.exports [as verify] (C:\Users\yosef\OneDrive\Desktop\NTI\Ecommerce\node_modules\jsonwebtoken\verify.js:101:10)
    at exports.authanticate (C:\Users\yosef\OneDrive\Desktop\NTI\Ecommerce\middlewares\auth.middleware.js:11:21)
    at Layer.handleRequest (C:\Users\yosef\OneDrive\Desktop\NTI\Ecommerce\node_modules\router\lib\layer.js:152:17)
    at next (C:\Users\yosef\OneDrive\Desktop\NTI\Ecommerce\node_modules\router\lib\route.js:157:13)
    at Route.dispatch (C:\Users\yosef\OneDrive\Desktop\NTI\Ecommerce\node_modules\router\lib\route.js:117:3)
    at handle (C:\Users\yosef\OneDrive\Desktop\NTI\Ecommerce\node_modules\router\index.js:435:11)
    at Layer.handleRequest (C:\Users\yosef\OneDrive\Desktop\NTI\Ecommerce\node_modules\router\lib\layer.js:152:17)
    at C:\Users\yosef\OneDrive\Desktop\NTI\Ecommerce\node_modules\router\index.js:295:15
13-05-2026 12:14:31 |ERROR| Error | GET | /api/v1/product : Cannot read properties of undefined (reading 'includes') 
TypeError: Cannot read properties of undefined (reading 'includes')
    at origin (C:\Users\yosef\OneDrive\Desktop\NTI\Ecommerce Backend\middlewares\cors.middleware.js:10:23)
    at C:\Users\yosef\OneDrive\Desktop\NTI\Ecommerce Backend\node_modules\cors\lib\index.js:219:13
    at optionsCallback (C:\Users\yosef\OneDrive\Desktop\NTI\Ecommerce Backend\node_modules\cors\lib\index.js:199:9)
    at corsMiddleware (C:\Users\yosef\OneDrive\Desktop\NTI\Ecommerce Backend\node_modules\cors\lib\index.js:204:7)
    at Layer.handleRequest (C:\Users\yosef\OneDrive\Desktop\NTI\Ecommerce Backend\node_modules\router\lib\layer.js:152:17)
    at trimPrefix (C:\Users\yosef\OneDrive\Desktop\NTI\Ecommerce Backend\node_modules\router\index.js:342:13)
    at C:\Users\yosef\OneDrive\Desktop\NTI\Ecommerce Backend\node_modules\router\index.js:297:9
    at processParams (C:\Users\yosef\OneDrive\Desktop\NTI\Ecommerce Backend\node_modules\router\index.js:582:12)
    at next (C:\Users\yosef\OneDrive\Desktop\NTI\Ecommerce Backend\node_modules\router\index.js:291:5)
    at read (C:\Users\yosef\OneDrive\Desktop\NTI\Ecommerce Backend\node_modules\body-parser\lib\read.js:53:5)
13-05-2026 12:17:05 |ERROR| Error | GET | /api/v1/product : Cannot read properties of undefined (reading 'includes') 
TypeError: Cannot read properties of undefined (reading 'includes')
    at origin (C:\Users\yosef\OneDrive\Desktop\NTI\Ecommerce Backend\middlewares\cors.middleware.js:10:23)
    at C:\Users\yosef\OneDrive\Desktop\NTI\Ecommerce Backend\node_modules\cors\lib\index.js:219:13
    at optionsCallback (C:\Users\yosef\OneDrive\Desktop\NTI\Ecommerce Backend\node_modules\cors\lib\index.js:199:9)
    at corsMiddleware (C:\Users\yosef\OneDrive\Desktop\NTI\Ecommerce Backend\node_modules\cors\lib\index.js:204:7)
    at Layer.handleRequest (C:\Users\yosef\OneDrive\Desktop\NTI\Ecommerce Backend\node_modules\router\lib\layer.js:152:17)
    at trimPrefix (C:\Users\yosef\OneDrive\Desktop\NTI\Ecommerce Backend\node_modules\router\index.js:342:13)
    at C:\Users\yosef\OneDrive\Desktop\NTI\Ecommerce Backend\node_modules\router\index.js:297:9
    at processParams (C:\Users\yosef\OneDrive\Desktop\NTI\Ecommerce Backend\node_modules\router\index.js:582:12)
    at next (C:\Users\yosef\OneDrive\Desktop\NTI\Ecommerce Backend\node_modules\router\index.js:291:5)
    at read (C:\Users\yosef\OneDrive\Desktop\NTI\Ecommerce Backend\node_modules\body-parser\lib\read.js:53:5)
13-05-2026 12:17:40 |ERROR| Error | GET | /api/v1/product : Cannot read properties of undefined (reading 'includes') 
TypeError: Cannot read properties of undefined (reading 'includes')
    at origin (C:\Users\yosef\OneDrive\Desktop\NTI\Ecommerce Backend\middlewares\cors.middleware.js:10:23)
    at C:\Users\yosef\OneDrive\Desktop\NTI\Ecommerce Backend\node_modules\cors\lib\index.js:219:13
    at optionsCallback (C:\Users\yosef\OneDrive\Desktop\NTI\Ecommerce Backend\node_modules\cors\lib\index.js:199:9)
    at corsMiddleware (C:\Users\yosef\OneDrive\Desktop\NTI\Ecommerce Backend\node_modules\cors\lib\index.js:204:7)
    at Layer.handleRequest (C:\Users\yosef\OneDrive\Desktop\NTI\Ecommerce Backend\node_modules\router\lib\layer.js:152:17)
    at trimPrefix (C:\Users\yosef\OneDrive\Desktop\NTI\Ecommerce Backend\node_modules\router\index.js:342:13)
    at C:\Users\yosef\OneDrive\Desktop\NTI\Ecommerce Backend\node_modules\router\index.js:297:9
    at processParams (C:\Users\yosef\OneDrive\Desktop\NTI\Ecommerce Backend\node_modules\router\index.js:582:12)
    at next (C:\Users\yosef\OneDrive\Desktop\NTI\Ecommerce Backend\node_modules\router\index.js:291:5)
    at read (C:\Users\yosef\OneDrive\Desktop\NTI\Ecommerce Backend\node_modules\body-parser\lib\read.js:53:5)
13-05-2026 12:18:18 |ERROR| Error | GET | /api/v1/product : Cannot read properties of undefined (reading 'includes') 
TypeError: Cannot read properties of undefined (reading 'includes')
    at origin (C:\Users\yosef\OneDrive\Desktop\NTI\Ecommerce Backend\middlewares\cors.middleware.js:10:23)
    at C:\Users\yosef\OneDrive\Desktop\NTI\Ecommerce Backend\node_modules\cors\lib\index.js:219:13
    at optionsCallback (C:\Users\yosef\OneDrive\Desktop\NTI\Ecommerce Backend\node_modules\cors\lib\index.js:199:9)
    at corsMiddleware (C:\Users\yosef\OneDrive\Desktop\NTI\Ecommerce Backend\node_modules\cors\lib\index.js:204:7)
    at Layer.handleRequest (C:\Users\yosef\OneDrive\Desktop\NTI\Ecommerce Backend\node_modules\router\lib\layer.js:152:17)
    at trimPrefix (C:\Users\yosef\OneDrive\Desktop\NTI\Ecommerce Backend\node_modules\router\index.js:342:13)
    at C:\Users\yosef\OneDrive\Desktop\NTI\Ecommerce Backend\node_modules\router\index.js:297:9
    at processParams (C:\Users\yosef\OneDrive\Desktop\NTI\Ecommerce Backend\node_modules\router\index.js:582:12)
    at next (C:\Users\yosef\OneDrive\Desktop\NTI\Ecommerce Backend\node_modules\router\index.js:291:5)
    at read (C:\Users\yosef\OneDrive\Desktop\NTI\Ecommerce Backend\node_modules\body-parser\lib\read.js:53:5)
13-05-2026 12:19:03 |INFO| Products listed! 
13-05-2026 13:12:20 |INFO| Products listed! 
13-05-2026 13:18:30 |INFO| Products listed! 
13-05-2026 13:18:40 |INFO| Products listed! 
13-05-2026 13:19:15 |INFO| Products listed! 
13-05-2026 13:19:35 |INFO| Products listed! 
13-05-2026 13:19:42 |INFO| Products listed! 
13-05-2026 13:20:38 |INFO| Products listed! 
13-05-2026 13:20:46 |INFO| Products listed! 
13-05-2026 13:21:00 |INFO| Products listed! 
13-05-2026 13:21:20 |INFO| Products listed! 
13-05-2026 13:21:30 |INFO| Products listed! 
13-05-2026 13:21:30 |INFO| Products listed! 
13-05-2026 13:21:39 |INFO| Products listed! 
13-05-2026 13:21:41 |INFO| Products listed! 
13-05-2026 13:21:43 |INFO| Products listed! 
13-05-2026 13:22:51 |INFO| Products listed! 
13-05-2026 13:23:37 |INFO| Products listed! 
13-05-2026 13:25:26 |INFO| Products listed! 
13-05-2026 13:25:27 |INFO| Products listed! 
13-05-2026 13:26:16 |INFO| Products listed! 
13-05-2026 13:26:19 |ERROR| Error | GET | /api/files/1778064367846-a.png : can't find /api/files/1778064367846-a.png 
Error: can't find /api/files/1778064367846-a.png
    at C:\Users\yosef\OneDrive\Desktop\NTI\Ecommerce Backend\server.js:27:7
    at Layer.handleRequest (C:\Users\yosef\OneDrive\Desktop\NTI\Ecommerce Backend\node_modules\router\lib\layer.js:152:17)
    at trimPrefix (C:\Users\yosef\OneDrive\Desktop\NTI\Ecommerce Backend\node_modules\router\index.js:342:13)
    at C:\Users\yosef\OneDrive\Desktop\NTI\Ecommerce Backend\node_modules\router\index.js:297:9
    at processParams (C:\Users\yosef\OneDrive\Desktop\NTI\Ecommerce Backend\node_modules\router\index.js:582:12)
    at next (C:\Users\yosef\OneDrive\Desktop\NTI\Ecommerce Backend\node_modules\router\index.js:291:5)
    at cors (C:\Users\yosef\OneDrive\Desktop\NTI\Ecommerce Backend\node_modules\cors\lib\index.js:188:7)
    at C:\Users\yosef\OneDrive\Desktop\NTI\Ecommerce Backend\node_modules\cors\lib\index.js:224:17
    at origin (C:\Users\yosef\OneDrive\Desktop\NTI\Ecommerce Backend\middlewares\cors.middleware.js:8:11)
    at C:\Users\yosef\OneDrive\Desktop\NTI\Ecommerce Backend\node_modules\cors\lib\index.js:219:13
13-05-2026 13:26:24 |INFO| Products listed! 
13-05-2026 13:26:26 |INFO| Products listed! 
13-05-2026 13:26:38 |INFO| Products listed! 
13-05-2026 13:26:38 |ERROR| Error | GET | /api/files/1778064367846-a.png : can't find /api/files/1778064367846-a.png 
Error: can't find /api/files/1778064367846-a.png
    at C:\Users\yosef\OneDrive\Desktop\NTI\Ecommerce Backend\server.js:27:7
    at Layer.handleRequest (C:\Users\yosef\OneDrive\Desktop\NTI\Ecommerce Backend\node_modules\router\lib\layer.js:152:17)
    at trimPrefix (C:\Users\yosef\OneDrive\Desktop\NTI\Ecommerce Backend\node_modules\router\index.js:342:13)
    at C:\Users\yosef\OneDrive\Desktop\NTI\Ecommerce Backend\node_modules\router\index.js:297:9
    at processParams (C:\Users\yosef\OneDrive\Desktop\NTI\Ecommerce Backend\node_modules\router\index.js:582:12)
    at next (C:\Users\yosef\OneDrive\Desktop\NTI\Ecommerce Backend\node_modules\router\index.js:291:5)
    at cors (C:\Users\yosef\OneDrive\Desktop\NTI\Ecommerce Backend\node_modules\cors\lib\index.js:188:7)
    at C:\Users\yosef\OneDrive\Desktop\NTI\Ecommerce Backend\node_modules\cors\lib\index.js:224:17
    at origin (C:\Users\yosef\OneDrive\Desktop\NTI\Ecommerce Backend\middlewares\cors.middleware.js:8:11)
    at C:\Users\yosef\OneDrive\Desktop\NTI\Ecommerce Backend\node_modules\cors\lib\index.js:219:13
13-05-2026 13:26:39 |INFO| Products listed! 
13-05-2026 13:26:39 |ERROR| Error | GET | /api/files/1778064367846-a.png : can't find /api/files/1778064367846-a.png 
Error: can't find /api/files/1778064367846-a.png
    at C:\Users\yosef\OneDrive\Desktop\NTI\Ecommerce Backend\server.js:27:7
    at Layer.handleRequest (C:\Users\yosef\OneDrive\Desktop\NTI\Ecommerce Backend\node_modules\router\lib\layer.js:152:17)
    at trimPrefix (C:\Users\yosef\OneDrive\Desktop\NTI\Ecommerce Backend\node_modules\router\index.js:342:13)
    at C:\Users\yosef\OneDrive\Desktop\NTI\Ecommerce Backend\node_modules\router\index.js:297:9
    at processParams (C:\Users\yosef\OneDrive\Desktop\NTI\Ecommerce Backend\node_modules\router\index.js:582:12)
    at next (C:\Users\yosef\OneDrive\Desktop\NTI\Ecommerce Backend\node_modules\router\index.js:291:5)
    at cors (C:\Users\yosef\OneDrive\Desktop\NTI\Ecommerce Backend\node_modules\cors\lib\index.js:188:7)
    at C:\Users\yosef\OneDrive\Desktop\NTI\Ecommerce Backend\node_modules\cors\lib\index.js:224:17
    at origin (C:\Users\yosef\OneDrive\Desktop\NTI\Ecommerce Backend\middlewares\cors.middleware.js:8:11)
    at C:\Users\yosef\OneDrive\Desktop\NTI\Ecommerce Backend\node_modules\cors\lib\index.js:219:13
13-05-2026 13:26:39 |INFO| Products listed! 
13-05-2026 13:26:39 |ERROR| Error | GET | /api/files/1778064367846-a.png : can't find /api/files/1778064367846-a.png 
Error: can't find /api/files/1778064367846-a.png
    at C:\Users\yosef\OneDrive\Desktop\NTI\Ecommerce Backend\server.js:27:7
    at Layer.handleRequest (C:\Users\yosef\OneDrive\Desktop\NTI\Ecommerce Backend\node_modules\router\lib\layer.js:152:17)
    at trimPrefix (C:\Users\yosef\OneDrive\Desktop\NTI\Ecommerce Backend\node_modules\router\index.js:342:13)
    at C:\Users\yosef\OneDrive\Desktop\NTI\Ecommerce Backend\node_modules\router\index.js:297:9
    at processParams (C:\Users\yosef\OneDrive\Desktop\NTI\Ecommerce Backend\node_modules\router\index.js:582:12)
    at next (C:\Users\yosef\OneDrive\Desktop\NTI\Ecommerce Backend\node_modules\router\index.js:291:5)
    at cors (C:\Users\yosef\OneDrive\Desktop\NTI\Ecommerce Backend\node_modules\cors\lib\index.js:188:7)
    at C:\Users\yosef\OneDrive\Desktop\NTI\Ecommerce Backend\node_modules\cors\lib\index.js:224:17
    at origin (C:\Users\yosef\OneDrive\Desktop\NTI\Ecommerce Backend\middlewares\cors.middleware.js:8:11)
    at C:\Users\yosef\OneDrive\Desktop\NTI\Ecommerce Backend\node_modules\cors\lib\index.js:219:13
13-05-2026 13:26:44 |INFO| Products listed! 
13-05-2026 13:26:44 |ERROR| Error | GET | /api/files/1778064367846-a.png : can't find /api/files/1778064367846-a.png 
Error: can't find /api/files/1778064367846-a.png
    at C:\Users\yosef\OneDrive\Desktop\NTI\Ecommerce Backend\server.js:27:7
    at Layer.handleRequest (C:\Users\yosef\OneDrive\Desktop\NTI\Ecommerce Backend\node_modules\router\lib\layer.js:152:17)
    at trimPrefix (C:\Users\yosef\OneDrive\Desktop\NTI\Ecommerce Backend\node_modules\router\index.js:342:13)
    at C:\Users\yosef\OneDrive\Desktop\NTI\Ecommerce Backend\node_modules\router\index.js:297:9
    at processParams (C:\Users\yosef\OneDrive\Desktop\NTI\Ecommerce Backend\node_modules\router\index.js:582:12)
    at next (C:\Users\yosef\OneDrive\Desktop\NTI\Ecommerce Backend\node_modules\router\index.js:291:5)
    at cors (C:\Users\yosef\OneDrive\Desktop\NTI\Ecommerce Backend\node_modules\cors\lib\index.js:188:7)
    at C:\Users\yosef\OneDrive\Desktop\NTI\Ecommerce Backend\node_modules\cors\lib\index.js:224:17
    at origin (C:\Users\yosef\OneDrive\Desktop\NTI\Ecommerce Backend\middlewares\cors.middleware.js:8:11)
    at C:\Users\yosef\OneDrive\Desktop\NTI\Ecommerce Backend\node_modules\cors\lib\index.js:219:13
13-05-2026 13:28:08 |INFO| Products listed! 
13-05-2026 13:28:08 |ERROR| Error | GET | /api/files/1778064367846-a.png : can't find /api/files/1778064367846-a.png 
Error: can't find /api/files/1778064367846-a.png
    at C:\Users\yosef\OneDrive\Desktop\NTI\Ecommerce Backend\server.js:27:7
    at Layer.handleRequest (C:\Users\yosef\OneDrive\Desktop\NTI\Ecommerce Backend\node_modules\router\lib\layer.js:152:17)
    at trimPrefix (C:\Users\yosef\OneDrive\Desktop\NTI\Ecommerce Backend\node_modules\router\index.js:342:13)
    at C:\Users\yosef\OneDrive\Desktop\NTI\Ecommerce Backend\node_modules\router\index.js:297:9
    at processParams (C:\Users\yosef\OneDrive\Desktop\NTI\Ecommerce Backend\node_modules\router\index.js:582:12)
    at next (C:\Users\yosef\OneDrive\Desktop\NTI\Ecommerce Backend\node_modules\router\index.js:291:5)
    at cors (C:\Users\yosef\OneDrive\Desktop\NTI\Ecommerce Backend\node_modules\cors\lib\index.js:188:7)
    at C:\Users\yosef\OneDrive\Desktop\NTI\Ecommerce Backend\node_modules\cors\lib\index.js:224:17
    at origin (C:\Users\yosef\OneDrive\Desktop\NTI\Ecommerce Backend\middlewares\cors.middleware.js:8:11)
    at C:\Users\yosef\OneDrive\Desktop\NTI\Ecommerce Backend\node_modules\cors\lib\index.js:219:13
13-05-2026 13:28:31 |INFO| Products listed! 
13-05-2026 13:28:31 |ERROR| Error | GET | /api/files/1778064367846-a.png : can't find /api/files/1778064367846-a.png 
Error: can't find /api/files/1778064367846-a.png
    at C:\Users\yosef\OneDrive\Desktop\NTI\Ecommerce Backend\server.js:27:7
    at Layer.handleRequest (C:\Users\yosef\OneDrive\Desktop\NTI\Ecommerce Backend\node_modules\router\lib\layer.js:152:17)
    at trimPrefix (C:\Users\yosef\OneDrive\Desktop\NTI\Ecommerce Backend\node_modules\router\index.js:342:13)
    at C:\Users\yosef\OneDrive\Desktop\NTI\Ecommerce Backend\node_modules\router\index.js:297:9
    at processParams (C:\Users\yosef\OneDrive\Desktop\NTI\Ecommerce Backend\node_modules\router\index.js:582:12)
    at next (C:\Users\yosef\OneDrive\Desktop\NTI\Ecommerce Backend\node_modules\router\index.js:291:5)
    at cors (C:\Users\yosef\OneDrive\Desktop\NTI\Ecommerce Backend\node_modules\cors\lib\index.js:188:7)
    at C:\Users\yosef\OneDrive\Desktop\NTI\Ecommerce Backend\node_modules\cors\lib\index.js:224:17
    at origin (C:\Users\yosef\OneDrive\Desktop\NTI\Ecommerce Backend\middlewares\cors.middleware.js:8:11)
    at C:\Users\yosef\OneDrive\Desktop\NTI\Ecommerce Backend\node_modules\cors\lib\index.js:219:13
13-05-2026 13:28:47 |INFO| Products listed! 
13-05-2026 13:28:47 |ERROR| Error | GET | /api/files/1778064367846-a.png : can't find /api/files/1778064367846-a.png 
Error: can't find /api/files/1778064367846-a.png
    at C:\Users\yosef\OneDrive\Desktop\NTI\Ecommerce Backend\server.js:27:7
    at Layer.handleRequest (C:\Users\yosef\OneDrive\Desktop\NTI\Ecommerce Backend\node_modules\router\lib\layer.js:152:17)
    at trimPrefix (C:\Users\yosef\OneDrive\Desktop\NTI\Ecommerce Backend\node_modules\router\index.js:342:13)
    at C:\Users\yosef\OneDrive\Desktop\NTI\Ecommerce Backend\node_modules\router\index.js:297:9
    at processParams (C:\Users\yosef\OneDrive\Desktop\NTI\Ecommerce Backend\node_modules\router\index.js:582:12)
    at next (C:\Users\yosef\OneDrive\Desktop\NTI\Ecommerce Backend\node_modules\router\index.js:291:5)
    at cors (C:\Users\yosef\OneDrive\Desktop\NTI\Ecommerce Backend\node_modules\cors\lib\index.js:188:7)
    at C:\Users\yosef\OneDrive\Desktop\NTI\Ecommerce Backend\node_modules\cors\lib\index.js:224:17
    at origin (C:\Users\yosef\OneDrive\Desktop\NTI\Ecommerce Backend\middlewares\cors.middleware.js:8:11)
    at C:\Users\yosef\OneDrive\Desktop\NTI\Ecommerce Backend\node_modules\cors\lib\index.js:219:13
13-05-2026 13:28:48 |INFO| Products listed! 
13-05-2026 13:28:48 |ERROR| Error | GET | /api/files/1778064367846-a.png : can't find /api/files/1778064367846-a.png 
Error: can't find /api/files/1778064367846-a.png
    at C:\Users\yosef\OneDrive\Desktop\NTI\Ecommerce Backend\server.js:27:7
    at Layer.handleRequest (C:\Users\yosef\OneDrive\Desktop\NTI\Ecommerce Backend\node_modules\router\lib\layer.js:152:17)
    at trimPrefix (C:\Users\yosef\OneDrive\Desktop\NTI\Ecommerce Backend\node_modules\router\index.js:342:13)
    at C:\Users\yosef\OneDrive\Desktop\NTI\Ecommerce Backend\node_modules\router\index.js:297:9
    at processParams (C:\Users\yosef\OneDrive\Desktop\NTI\Ecommerce Backend\node_modules\router\index.js:582:12)
    at next (C:\Users\yosef\OneDrive\Desktop\NTI\Ecommerce Backend\node_modules\router\index.js:291:5)
    at cors (C:\Users\yosef\OneDrive\Desktop\NTI\Ecommerce Backend\node_modules\cors\lib\index.js:188:7)
    at C:\Users\yosef\OneDrive\Desktop\NTI\Ecommerce Backend\node_modules\cors\lib\index.js:224:17
    at origin (C:\Users\yosef\OneDrive\Desktop\NTI\Ecommerce Backend\middlewares\cors.middleware.js:8:11)
    at C:\Users\yosef\OneDrive\Desktop\NTI\Ecommerce Backend\node_modules\cors\lib\index.js:219:13
13-05-2026 13:28:52 |ERROR| Error | GET | /api/files/1778064367846-a.png : can't find /api/files/1778064367846-a.png 
Error: can't find /api/files/1778064367846-a.png
    at C:\Users\yosef\OneDrive\Desktop\NTI\Ecommerce Backend\server.js:27:7
    at Layer.handleRequest (C:\Users\yosef\OneDrive\Desktop\NTI\Ecommerce Backend\node_modules\router\lib\layer.js:152:17)
    at trimPrefix (C:\Users\yosef\OneDrive\Desktop\NTI\Ecommerce Backend\node_modules\router\index.js:342:13)
    at C:\Users\yosef\OneDrive\Desktop\NTI\Ecommerce Backend\node_modules\router\index.js:297:9
    at processParams (C:\Users\yosef\OneDrive\Desktop\NTI\Ecommerce Backend\node_modules\router\index.js:582:12)
    at next (C:\Users\yosef\OneDrive\Desktop\NTI\Ecommerce Backend\node_modules\router\index.js:291:5)
    at cors (C:\Users\yosef\OneDrive\Desktop\NTI\Ecommerce Backend\node_modules\cors\lib\index.js:188:7)
    at C:\Users\yosef\OneDrive\Desktop\NTI\Ecommerce Backend\node_modules\cors\lib\index.js:224:17
    at origin (C:\Users\yosef\OneDrive\Desktop\NTI\Ecommerce Backend\middlewares\cors.middleware.js:8:11)
    at C:\Users\yosef\OneDrive\Desktop\NTI\Ecommerce Backend\node_modules\cors\lib\index.js:219:13
13-05-2026 13:29:14 |ERROR| Error | GET | /api/files/1778064367846-a.png : can't find /api/files/1778064367846-a.png 
Error: can't find /api/files/1778064367846-a.png
    at C:\Users\yosef\OneDrive\Desktop\NTI\Ecommerce Backend\server.js:27:7
    at Layer.handleRequest (C:\Users\yosef\OneDrive\Desktop\NTI\Ecommerce Backend\node_modules\router\lib\layer.js:152:17)
    at trimPrefix (C:\Users\yosef\OneDrive\Desktop\NTI\Ecommerce Backend\node_modules\router\index.js:342:13)
    at C:\Users\yosef\OneDrive\Desktop\NTI\Ecommerce Backend\node_modules\router\index.js:297:9
    at processParams (C:\Users\yosef\OneDrive\Desktop\NTI\Ecommerce Backend\node_modules\router\index.js:582:12)
    at next (C:\Users\yosef\OneDrive\Desktop\NTI\Ecommerce Backend\node_modules\router\index.js:291:5)
    at cors (C:\Users\yosef\OneDrive\Desktop\NTI\Ecommerce Backend\node_modules\cors\lib\index.js:188:7)
    at C:\Users\yosef\OneDrive\Desktop\NTI\Ecommerce Backend\node_modules\cors\lib\index.js:224:17
    at origin (C:\Users\yosef\OneDrive\Desktop\NTI\Ecommerce Backend\middlewares\cors.middleware.js:8:11)
    at C:\Users\yosef\OneDrive\Desktop\NTI\Ecommerce Backend\node_modules\cors\lib\index.js:219:13
13-05-2026 13:30:06 |INFO| Products listed! 
13-05-2026 13:30:06 |ERROR| Error | GET | /api/files/1778064367846-a.png : can't find /api/files/1778064367846-a.png 
Error: can't find /api/files/1778064367846-a.png
    at C:\Users\yosef\OneDrive\Desktop\NTI\Ecommerce Backend\server.js:27:7
    at Layer.handleRequest (C:\Users\yosef\OneDrive\Desktop\NTI\Ecommerce Backend\node_modules\router\lib\layer.js:152:17)
    at trimPrefix (C:\Users\yosef\OneDrive\Desktop\NTI\Ecommerce Backend\node_modules\router\index.js:342:13)
    at C:\Users\yosef\OneDrive\Desktop\NTI\Ecommerce Backend\node_modules\router\index.js:297:9
    at processParams (C:\Users\yosef\OneDrive\Desktop\NTI\Ecommerce Backend\node_modules\router\index.js:582:12)
    at next (C:\Users\yosef\OneDrive\Desktop\NTI\Ecommerce Backend\node_modules\router\index.js:291:5)
    at cors (C:\Users\yosef\OneDrive\Desktop\NTI\Ecommerce Backend\node_modules\cors\lib\index.js:188:7)
    at C:\Users\yosef\OneDrive\Desktop\NTI\Ecommerce Backend\node_modules\cors\lib\index.js:224:17
    at origin (C:\Users\yosef\OneDrive\Desktop\NTI\Ecommerce Backend\middlewares\cors.middleware.js:8:11)
    at C:\Users\yosef\OneDrive\Desktop\NTI\Ecommerce Backend\node_modules\cors\lib\index.js:219:13
13-05-2026 13:31:39 |ERROR| Error | GET | /api/files/1778064367846-a.png : can't find /api/files/1778064367846-a.png 
Error: can't find /api/files/1778064367846-a.png
    at C:\Users\yosef\OneDrive\Desktop\NTI\Ecommerce Backend\server.js:27:7
    at Layer.handleRequest (C:\Users\yosef\OneDrive\Desktop\NTI\Ecommerce Backend\node_modules\router\lib\layer.js:152:17)
    at trimPrefix (C:\Users\yosef\OneDrive\Desktop\NTI\Ecommerce Backend\node_modules\router\index.js:342:13)
    at C:\Users\yosef\OneDrive\Desktop\NTI\Ecommerce Backend\node_modules\router\index.js:297:9
    at processParams (C:\Users\yosef\OneDrive\Desktop\NTI\Ecommerce Backend\node_modules\router\index.js:582:12)
    at next (C:\Users\yosef\OneDrive\Desktop\NTI\Ecommerce Backend\node_modules\router\index.js:291:5)
    at cors (C:\Users\yosef\OneDrive\Desktop\NTI\Ecommerce Backend\node_modules\cors\lib\index.js:188:7)
    at C:\Users\yosef\OneDrive\Desktop\NTI\Ecommerce Backend\node_modules\cors\lib\index.js:224:17
    at origin (C:\Users\yosef\OneDrive\Desktop\NTI\Ecommerce Backend\middlewares\cors.middleware.js:8:11)
    at C:\Users\yosef\OneDrive\Desktop\NTI\Ecommerce Backend\node_modules\cors\lib\index.js:219:13
13-05-2026 13:31:40 |INFO| Products listed! 
13-05-2026 13:31:40 |ERROR| Error | GET | /api/files/1778064367846-a.png : can't find /api/files/1778064367846-a.png 
Error: can't find /api/files/1778064367846-a.png
    at C:\Users\yosef\OneDrive\Desktop\NTI\Ecommerce Backend\server.js:27:7
    at Layer.handleRequest (C:\Users\yosef\OneDrive\Desktop\NTI\Ecommerce Backend\node_modules\router\lib\layer.js:152:17)
    at trimPrefix (C:\Users\yosef\OneDrive\Desktop\NTI\Ecommerce Backend\node_modules\router\index.js:342:13)
    at C:\Users\yosef\OneDrive\Desktop\NTI\Ecommerce Backend\node_modules\router\index.js:297:9
    at processParams (C:\Users\yosef\OneDrive\Desktop\NTI\Ecommerce Backend\node_modules\router\index.js:582:12)
    at next (C:\Users\yosef\OneDrive\Desktop\NTI\Ecommerce Backend\node_modules\router\index.js:291:5)
    at cors (C:\Users\yosef\OneDrive\Desktop\NTI\Ecommerce Backend\node_modules\cors\lib\index.js:188:7)
    at C:\Users\yosef\OneDrive\Desktop\NTI\Ecommerce Backend\node_modules\cors\lib\index.js:224:17
    at origin (C:\Users\yosef\OneDrive\Desktop\NTI\Ecommerce Backend\middlewares\cors.middleware.js:8:11)
    at C:\Users\yosef\OneDrive\Desktop\NTI\Ecommerce Backend\node_modules\cors\lib\index.js:219:13
13-05-2026 13:31:49 |ERROR| Error | GET | /api/files/1778064367846-a.png : can't find /api/files/1778064367846-a.png 
Error: can't find /api/files/1778064367846-a.png
    at C:\Users\yosef\OneDrive\Desktop\NTI\Ecommerce Backend\server.js:27:7
    at Layer.handleRequest (C:\Users\yosef\OneDrive\Desktop\NTI\Ecommerce Backend\node_modules\router\lib\layer.js:152:17)
    at trimPrefix (C:\Users\yosef\OneDrive\Desktop\NTI\Ecommerce Backend\node_modules\router\index.js:342:13)
    at C:\Users\yosef\OneDrive\Desktop\NTI\Ecommerce Backend\node_modules\router\index.js:297:9
    at processParams (C:\Users\yosef\OneDrive\Desktop\NTI\Ecommerce Backend\node_modules\router\index.js:582:12)
    at next (C:\Users\yosef\OneDrive\Desktop\NTI\Ecommerce Backend\node_modules\router\index.js:291:5)
    at cors (C:\Users\yosef\OneDrive\Desktop\NTI\Ecommerce Backend\node_modules\cors\lib\index.js:188:7)
    at C:\Users\yosef\OneDrive\Desktop\NTI\Ecommerce Backend\node_modules\cors\lib\index.js:224:17
    at origin (C:\Users\yosef\OneDrive\Desktop\NTI\Ecommerce Backend\middlewares\cors.middleware.js:8:11)
    at C:\Users\yosef\OneDrive\Desktop\NTI\Ecommerce Backend\node_modules\cors\lib\index.js:219:13
13-05-2026 13:31:51 |ERROR| Error | GET | /api/files/1778064367846-a.png : can't find /api/files/1778064367846-a.png 
Error: can't find /api/files/1778064367846-a.png
    at C:\Users\yosef\OneDrive\Desktop\NTI\Ecommerce Backend\server.js:27:7
    at Layer.handleRequest (C:\Users\yosef\OneDrive\Desktop\NTI\Ecommerce Backend\node_modules\router\lib\layer.js:152:17)
    at trimPrefix (C:\Users\yosef\OneDrive\Desktop\NTI\Ecommerce Backend\node_modules\router\index.js:342:13)
    at C:\Users\yosef\OneDrive\Desktop\NTI\Ecommerce Backend\node_modules\router\index.js:297:9
    at processParams (C:\Users\yosef\OneDrive\Desktop\NTI\Ecommerce Backend\node_modules\router\index.js:582:12)
    at next (C:\Users\yosef\OneDrive\Desktop\NTI\Ecommerce Backend\node_modules\router\index.js:291:5)
    at cors (C:\Users\yosef\OneDrive\Desktop\NTI\Ecommerce Backend\node_modules\cors\lib\index.js:188:7)
    at C:\Users\yosef\OneDrive\Desktop\NTI\Ecommerce Backend\node_modules\cors\lib\index.js:224:17
    at origin (C:\Users\yosef\OneDrive\Desktop\NTI\Ecommerce Backend\middlewares\cors.middleware.js:8:11)
    at C:\Users\yosef\OneDrive\Desktop\NTI\Ecommerce Backend\node_modules\cors\lib\index.js:219:13
13-05-2026 13:32:04 |INFO| Products listed! 
13-05-2026 13:32:04 |ERROR| Error | GET | /api/files/1778064367846-a.png : can't find /api/files/1778064367846-a.png 
Error: can't find /api/files/1778064367846-a.png
    at C:\Users\yosef\OneDrive\Desktop\NTI\Ecommerce Backend\server.js:27:7
    at Layer.handleRequest (C:\Users\yosef\OneDrive\Desktop\NTI\Ecommerce Backend\node_modules\router\lib\layer.js:152:17)
    at trimPrefix (C:\Users\yosef\OneDrive\Desktop\NTI\Ecommerce Backend\node_modules\router\index.js:342:13)
    at C:\Users\yosef\OneDrive\Desktop\NTI\Ecommerce Backend\node_modules\router\index.js:297:9
    at processParams (C:\Users\yosef\OneDrive\Desktop\NTI\Ecommerce Backend\node_modules\router\index.js:582:12)
    at next (C:\Users\yosef\OneDrive\Desktop\NTI\Ecommerce Backend\node_modules\router\index.js:291:5)
    at cors (C:\Users\yosef\OneDrive\Desktop\NTI\Ecommerce Backend\node_modules\cors\lib\index.js:188:7)
    at C:\Users\yosef\OneDrive\Desktop\NTI\Ecommerce Backend\node_modules\cors\lib\index.js:224:17
    at origin (C:\Users\yosef\OneDrive\Desktop\NTI\Ecommerce Backend\middlewares\cors.middleware.js:8:11)
    at C:\Users\yosef\OneDrive\Desktop\NTI\Ecommerce Backend\node_modules\cors\lib\index.js:219:13
13-05-2026 13:32:12 |INFO| Products listed! 
13-05-2026 13:32:12 |ERROR| Error | GET | /api/files/1778064367846-a.png : can't find /api/files/1778064367846-a.png 
Error: can't find /api/files/1778064367846-a.png
    at C:\Users\yosef\OneDrive\Desktop\NTI\Ecommerce Backend\server.js:27:7
    at Layer.handleRequest (C:\Users\yosef\OneDrive\Desktop\NTI\Ecommerce Backend\node_modules\router\lib\layer.js:152:17)
    at trimPrefix (C:\Users\yosef\OneDrive\Desktop\NTI\Ecommerce Backend\node_modules\router\index.js:342:13)
    at C:\Users\yosef\OneDrive\Desktop\NTI\Ecommerce Backend\node_modules\router\index.js:297:9
    at processParams (C:\Users\yosef\OneDrive\Desktop\NTI\Ecommerce Backend\node_modules\router\index.js:582:12)
    at next (C:\Users\yosef\OneDrive\Desktop\NTI\Ecommerce Backend\node_modules\router\index.js:291:5)
    at cors (C:\Users\yosef\OneDrive\Desktop\NTI\Ecommerce Backend\node_modules\cors\lib\index.js:188:7)
    at C:\Users\yosef\OneDrive\Desktop\NTI\Ecommerce Backend\node_modules\cors\lib\index.js:224:17
    at origin (C:\Users\yosef\OneDrive\Desktop\NTI\Ecommerce Backend\middlewares\cors.middleware.js:8:11)
    at C:\Users\yosef\OneDrive\Desktop\NTI\Ecommerce Backend\node_modules\cors\lib\index.js:219:13
13-05-2026 13:32:13 |INFO| Products listed! 
13-05-2026 13:32:13 |ERROR| Error | GET | /api/files/1778064367846-a.png : can't find /api/files/1778064367846-a.png 
Error: can't find /api/files/1778064367846-a.png
    at C:\Users\yosef\OneDrive\Desktop\NTI\Ecommerce Backend\server.js:27:7
    at Layer.handleRequest (C:\Users\yosef\OneDrive\Desktop\NTI\Ecommerce Backend\node_modules\router\lib\layer.js:152:17)
    at trimPrefix (C:\Users\yosef\OneDrive\Desktop\NTI\Ecommerce Backend\node_modules\router\index.js:342:13)
    at C:\Users\yosef\OneDrive\Desktop\NTI\Ecommerce Backend\node_modules\router\index.js:297:9
    at processParams (C:\Users\yosef\OneDrive\Desktop\NTI\Ecommerce Backend\node_modules\router\index.js:582:12)
    at next (C:\Users\yosef\OneDrive\Desktop\NTI\Ecommerce Backend\node_modules\router\index.js:291:5)
    at cors (C:\Users\yosef\OneDrive\Desktop\NTI\Ecommerce Backend\node_modules\cors\lib\index.js:188:7)
    at C:\Users\yosef\OneDrive\Desktop\NTI\Ecommerce Backend\node_modules\cors\lib\index.js:224:17
    at origin (C:\Users\yosef\OneDrive\Desktop\NTI\Ecommerce Backend\middlewares\cors.middleware.js:8:11)
    at C:\Users\yosef\OneDrive\Desktop\NTI\Ecommerce Backend\node_modules\cors\lib\index.js:219:13
13-05-2026 13:32:13 |INFO| Products listed! 
13-05-2026 13:32:13 |ERROR| Error | GET | /api/files/1778064367846-a.png : can't find /api/files/1778064367846-a.png 
Error: can't find /api/files/1778064367846-a.png
    at C:\Users\yosef\OneDrive\Desktop\NTI\Ecommerce Backend\server.js:27:7
    at Layer.handleRequest (C:\Users\yosef\OneDrive\Desktop\NTI\Ecommerce Backend\node_modules\router\lib\layer.js:152:17)
    at trimPrefix (C:\Users\yosef\OneDrive\Desktop\NTI\Ecommerce Backend\node_modules\router\index.js:342:13)
    at C:\Users\yosef\OneDrive\Desktop\NTI\Ecommerce Backend\node_modules\router\index.js:297:9
    at processParams (C:\Users\yosef\OneDrive\Desktop\NTI\Ecommerce Backend\node_modules\router\index.js:582:12)
    at next (C:\Users\yosef\OneDrive\Desktop\NTI\Ecommerce Backend\node_modules\router\index.js:291:5)
    at cors (C:\Users\yosef\OneDrive\Desktop\NTI\Ecommerce Backend\node_modules\cors\lib\index.js:188:7)
    at C:\Users\yosef\OneDrive\Desktop\NTI\Ecommerce Backend\node_modules\cors\lib\index.js:224:17
    at origin (C:\Users\yosef\OneDrive\Desktop\NTI\Ecommerce Backend\middlewares\cors.middleware.js:8:11)
    at C:\Users\yosef\OneDrive\Desktop\NTI\Ecommerce Backend\node_modules\cors\lib\index.js:219:13
13-05-2026 13:33:19 |INFO| Products listed! 
13-05-2026 13:33:19 |ERROR| Error | GET | /api/files/1778064367846-a.png : can't find /api/files/1778064367846-a.png 
Error: can't find /api/files/1778064367846-a.png
    at C:\Users\yosef\OneDrive\Desktop\NTI\Ecommerce Backend\server.js:27:7
    at Layer.handleRequest (C:\Users\yosef\OneDrive\Desktop\NTI\Ecommerce Backend\node_modules\router\lib\layer.js:152:17)
    at trimPrefix (C:\Users\yosef\OneDrive\Desktop\NTI\Ecommerce Backend\node_modules\router\index.js:342:13)
    at C:\Users\yosef\OneDrive\Desktop\NTI\Ecommerce Backend\node_modules\router\index.js:297:9
    at processParams (C:\Users\yosef\OneDrive\Desktop\NTI\Ecommerce Backend\node_modules\router\index.js:582:12)
    at next (C:\Users\yosef\OneDrive\Desktop\NTI\Ecommerce Backend\node_modules\router\index.js:291:5)
    at cors (C:\Users\yosef\OneDrive\Desktop\NTI\Ecommerce Backend\node_modules\cors\lib\index.js:188:7)
    at C:\Users\yosef\OneDrive\Desktop\NTI\Ecommerce Backend\node_modules\cors\lib\index.js:224:17
    at origin (C:\Users\yosef\OneDrive\Desktop\NTI\Ecommerce Backend\middlewares\cors.middleware.js:8:11)
    at C:\Users\yosef\OneDrive\Desktop\NTI\Ecommerce Backend\node_modules\cors\lib\index.js:219:13
13-05-2026 13:33:43 |INFO| Products listed! 
13-05-2026 13:33:43 |ERROR| Error | GET | /api/files/1778064367846-a.png : can't find /api/files/1778064367846-a.png 
Error: can't find /api/files/1778064367846-a.png
    at C:\Users\yosef\OneDrive\Desktop\NTI\Ecommerce Backend\server.js:27:7
    at Layer.handleRequest (C:\Users\yosef\OneDrive\Desktop\NTI\Ecommerce Backend\node_modules\router\lib\layer.js:152:17)
    at trimPrefix (C:\Users\yosef\OneDrive\Desktop\NTI\Ecommerce Backend\node_modules\router\index.js:342:13)
    at C:\Users\yosef\OneDrive\Desktop\NTI\Ecommerce Backend\node_modules\router\index.js:297:9
    at processParams (C:\Users\yosef\OneDrive\Desktop\NTI\Ecommerce Backend\node_modules\router\index.js:582:12)
    at next (C:\Users\yosef\OneDrive\Desktop\NTI\Ecommerce Backend\node_modules\router\index.js:291:5)
    at cors (C:\Users\yosef\OneDrive\Desktop\NTI\Ecommerce Backend\node_modules\cors\lib\index.js:188:7)
    at C:\Users\yosef\OneDrive\Desktop\NTI\Ecommerce Backend\node_modules\cors\lib\index.js:224:17
    at origin (C:\Users\yosef\OneDrive\Desktop\NTI\Ecommerce Backend\middlewares\cors.middleware.js:8:11)
    at C:\Users\yosef\OneDrive\Desktop\NTI\Ecommerce Backend\node_modules\cors\lib\index.js:219:13
13-05-2026 13:33:43 |INFO| Products listed! 
13-05-2026 13:33:43 |ERROR| Error | GET | /api/files/1778064367846-a.png : can't find /api/files/1778064367846-a.png 
Error: can't find /api/files/1778064367846-a.png
    at C:\Users\yosef\OneDrive\Desktop\NTI\Ecommerce Backend\server.js:27:7
    at Layer.handleRequest (C:\Users\yosef\OneDrive\Desktop\NTI\Ecommerce Backend\node_modules\router\lib\layer.js:152:17)
    at trimPrefix (C:\Users\yosef\OneDrive\Desktop\NTI\Ecommerce Backend\node_modules\router\index.js:342:13)
    at C:\Users\yosef\OneDrive\Desktop\NTI\Ecommerce Backend\node_modules\router\index.js:297:9
    at processParams (C:\Users\yosef\OneDrive\Desktop\NTI\Ecommerce Backend\node_modules\router\index.js:582:12)
    at next (C:\Users\yosef\OneDrive\Desktop\NTI\Ecommerce Backend\node_modules\router\index.js:291:5)
    at cors (C:\Users\yosef\OneDrive\Desktop\NTI\Ecommerce Backend\node_modules\cors\lib\index.js:188:7)
    at C:\Users\yosef\OneDrive\Desktop\NTI\Ecommerce Backend\node_modules\cors\lib\index.js:224:17
    at origin (C:\Users\yosef\OneDrive\Desktop\NTI\Ecommerce Backend\middlewares\cors.middleware.js:8:11)
    at C:\Users\yosef\OneDrive\Desktop\NTI\Ecommerce Backend\node_modules\cors\lib\index.js:219:13
13-05-2026 13:34:19 |ERROR| Error | GET | /api/files/1778064367846-a.png : can't find /api/files/1778064367846-a.png 
Error: can't find /api/files/1778064367846-a.png
    at C:\Users\yosef\OneDrive\Desktop\NTI\Ecommerce Backend\server.js:27:7
    at Layer.handleRequest (C:\Users\yosef\OneDrive\Desktop\NTI\Ecommerce Backend\node_modules\router\lib\layer.js:152:17)
    at trimPrefix (C:\Users\yosef\OneDrive\Desktop\NTI\Ecommerce Backend\node_modules\router\index.js:342:13)
    at C:\Users\yosef\OneDrive\Desktop\NTI\Ecommerce Backend\node_modules\router\index.js:297:9
    at processParams (C:\Users\yosef\OneDrive\Desktop\NTI\Ecommerce Backend\node_modules\router\index.js:582:12)
    at next (C:\Users\yosef\OneDrive\Desktop\NTI\Ecommerce Backend\node_modules\router\index.js:291:5)
    at cors (C:\Users\yosef\OneDrive\Desktop\NTI\Ecommerce Backend\node_modules\cors\lib\index.js:188:7)
    at C:\Users\yosef\OneDrive\Desktop\NTI\Ecommerce Backend\node_modules\cors\lib\index.js:224:17
    at origin (C:\Users\yosef\OneDrive\Desktop\NTI\Ecommerce Backend\middlewares\cors.middleware.js:8:11)
    at C:\Users\yosef\OneDrive\Desktop\NTI\Ecommerce Backend\node_modules\cors\lib\index.js:219:13
13-05-2026 13:34:19 |ERROR| Error | GET | /api/files/1778064367846-a.png : can't find /api/files/1778064367846-a.png 
Error: can't find /api/files/1778064367846-a.png
    at C:\Users\yosef\OneDrive\Desktop\NTI\Ecommerce Backend\server.js:27:7
    at Layer.handleRequest (C:\Users\yosef\OneDrive\Desktop\NTI\Ecommerce Backend\node_modules\router\lib\layer.js:152:17)
    at trimPrefix (C:\Users\yosef\OneDrive\Desktop\NTI\Ecommerce Backend\node_modules\router\index.js:342:13)
    at C:\Users\yosef\OneDrive\Desktop\NTI\Ecommerce Backend\node_modules\router\index.js:297:9
    at processParams (C:\Users\yosef\OneDrive\Desktop\NTI\Ecommerce Backend\node_modules\router\index.js:582:12)
    at next (C:\Users\yosef\OneDrive\Desktop\NTI\Ecommerce Backend\node_modules\router\index.js:291:5)
    at cors (C:\Users\yosef\OneDrive\Desktop\NTI\Ecommerce Backend\node_modules\cors\lib\index.js:188:7)
    at C:\Users\yosef\OneDrive\Desktop\NTI\Ecommerce Backend\node_modules\cors\lib\index.js:224:17
    at origin (C:\Users\yosef\OneDrive\Desktop\NTI\Ecommerce Backend\middlewares\cors.middleware.js:8:11)
    at C:\Users\yosef\OneDrive\Desktop\NTI\Ecommerce Backend\node_modules\cors\lib\index.js:219:13
13-05-2026 13:34:24 |ERROR| Error | GET | /api/files/1778064367846-a.png : can't find /api/files/1778064367846-a.png 
Error: can't find /api/files/1778064367846-a.png
    at C:\Users\yosef\OneDrive\Desktop\NTI\Ecommerce Backend\server.js:27:7
    at Layer.handleRequest (C:\Users\yosef\OneDrive\Desktop\NTI\Ecommerce Backend\node_modules\router\lib\layer.js:152:17)
    at trimPrefix (C:\Users\yosef\OneDrive\Desktop\NTI\Ecommerce Backend\node_modules\router\index.js:342:13)
    at C:\Users\yosef\OneDrive\Desktop\NTI\Ecommerce Backend\node_modules\router\index.js:297:9
    at processParams (C:\Users\yosef\OneDrive\Desktop\NTI\Ecommerce Backend\node_modules\router\index.js:582:12)
    at next (C:\Users\yosef\OneDrive\Desktop\NTI\Ecommerce Backend\node_modules\router\index.js:291:5)
    at cors (C:\Users\yosef\OneDrive\Desktop\NTI\Ecommerce Backend\node_modules\cors\lib\index.js:188:7)
    at C:\Users\yosef\OneDrive\Desktop\NTI\Ecommerce Backend\node_modules\cors\lib\index.js:224:17
    at origin (C:\Users\yosef\OneDrive\Desktop\NTI\Ecommerce Backend\middlewares\cors.middleware.js:8:11)
    at C:\Users\yosef\OneDrive\Desktop\NTI\Ecommerce Backend\node_modules\cors\lib\index.js:219:13
13-05-2026 13:34:30 |ERROR| Error | GET | /api/files/1778064367846-a.png : can't find /api/files/1778064367846-a.png 
Error: can't find /api/files/1778064367846-a.png
    at C:\Users\yosef\OneDrive\Desktop\NTI\Ecommerce Backend\server.js:27:7
    at Layer.handleRequest (C:\Users\yosef\OneDrive\Desktop\NTI\Ecommerce Backend\node_modules\router\lib\layer.js:152:17)
    at trimPrefix (C:\Users\yosef\OneDrive\Desktop\NTI\Ecommerce Backend\node_modules\router\index.js:342:13)
    at C:\Users\yosef\OneDrive\Desktop\NTI\Ecommerce Backend\node_modules\router\index.js:297:9
    at processParams (C:\Users\yosef\OneDrive\Desktop\NTI\Ecommerce Backend\node_modules\router\index.js:582:12)
    at next (C:\Users\yosef\OneDrive\Desktop\NTI\Ecommerce Backend\node_modules\router\index.js:291:5)
    at cors (C:\Users\yosef\OneDrive\Desktop\NTI\Ecommerce Backend\node_modules\cors\lib\index.js:188:7)
    at C:\Users\yosef\OneDrive\Desktop\NTI\Ecommerce Backend\node_modules\cors\lib\index.js:224:17
    at origin (C:\Users\yosef\OneDrive\Desktop\NTI\Ecommerce Backend\middlewares\cors.middleware.js:8:11)
    at C:\Users\yosef\OneDrive\Desktop\NTI\Ecommerce Backend\node_modules\cors\lib\index.js:219:13
13-05-2026 13:34:32 |INFO| Products listed! 
13-05-2026 13:34:32 |ERROR| Error | GET | /api/files/1778064367846-a.png : can't find /api/files/1778064367846-a.png 
Error: can't find /api/files/1778064367846-a.png
    at C:\Users\yosef\OneDrive\Desktop\NTI\Ecommerce Backend\server.js:27:7
    at Layer.handleRequest (C:\Users\yosef\OneDrive\Desktop\NTI\Ecommerce Backend\node_modules\router\lib\layer.js:152:17)
    at trimPrefix (C:\Users\yosef\OneDrive\Desktop\NTI\Ecommerce Backend\node_modules\router\index.js:342:13)
    at C:\Users\yosef\OneDrive\Desktop\NTI\Ecommerce Backend\node_modules\router\index.js:297:9
    at processParams (C:\Users\yosef\OneDrive\Desktop\NTI\Ecommerce Backend\node_modules\router\index.js:582:12)
    at next (C:\Users\yosef\OneDrive\Desktop\NTI\Ecommerce Backend\node_modules\router\index.js:291:5)
    at cors (C:\Users\yosef\OneDrive\Desktop\NTI\Ecommerce Backend\node_modules\cors\lib\index.js:188:7)
    at C:\Users\yosef\OneDrive\Desktop\NTI\Ecommerce Backend\node_modules\cors\lib\index.js:224:17
    at origin (C:\Users\yosef\OneDrive\Desktop\NTI\Ecommerce Backend\middlewares\cors.middleware.js:8:11)
    at C:\Users\yosef\OneDrive\Desktop\NTI\Ecommerce Backend\node_modules\cors\lib\index.js:219:13
13-05-2026 13:34:36 |INFO| Products listed! 
13-05-2026 13:34:36 |ERROR| Error | GET | /api/files/1778064367846-a.png : can't find /api/files/1778064367846-a.png 
Error: can't find /api/files/1778064367846-a.png
    at C:\Users\yosef\OneDrive\Desktop\NTI\Ecommerce Backend\server.js:27:7
    at Layer.handleRequest (C:\Users\yosef\OneDrive\Desktop\NTI\Ecommerce Backend\node_modules\router\lib\layer.js:152:17)
    at trimPrefix (C:\Users\yosef\OneDrive\Desktop\NTI\Ecommerce Backend\node_modules\router\index.js:342:13)
    at C:\Users\yosef\OneDrive\Desktop\NTI\Ecommerce Backend\node_modules\router\index.js:297:9
    at processParams (C:\Users\yosef\OneDrive\Desktop\NTI\Ecommerce Backend\node_modules\router\index.js:582:12)
    at next (C:\Users\yosef\OneDrive\Desktop\NTI\Ecommerce Backend\node_modules\router\index.js:291:5)
    at cors (C:\Users\yosef\OneDrive\Desktop\NTI\Ecommerce Backend\node_modules\cors\lib\index.js:188:7)
    at C:\Users\yosef\OneDrive\Desktop\NTI\Ecommerce Backend\node_modules\cors\lib\index.js:224:17
    at origin (C:\Users\yosef\OneDrive\Desktop\NTI\Ecommerce Backend\middlewares\cors.middleware.js:8:11)
    at C:\Users\yosef\OneDrive\Desktop\NTI\Ecommerce Backend\node_modules\cors\lib\index.js:219:13
13-05-2026 13:34:54 |ERROR| Error | GET | /api/files/1778064367846-a.png : can't find /api/files/1778064367846-a.png 
Error: can't find /api/files/1778064367846-a.png
    at C:\Users\yosef\OneDrive\Desktop\NTI\Ecommerce Backend\server.js:27:7
    at Layer.handleRequest (C:\Users\yosef\OneDrive\Desktop\NTI\Ecommerce Backend\node_modules\router\lib\layer.js:152:17)
    at trimPrefix (C:\Users\yosef\OneDrive\Desktop\NTI\Ecommerce Backend\node_modules\router\index.js:342:13)
    at C:\Users\yosef\OneDrive\Desktop\NTI\Ecommerce Backend\node_modules\router\index.js:297:9
    at processParams (C:\Users\yosef\OneDrive\Desktop\NTI\Ecommerce Backend\node_modules\router\index.js:582:12)
    at next (C:\Users\yosef\OneDrive\Desktop\NTI\Ecommerce Backend\node_modules\router\index.js:291:5)
    at cors (C:\Users\yosef\OneDrive\Desktop\NTI\Ecommerce Backend\node_modules\cors\lib\index.js:188:7)
    at C:\Users\yosef\OneDrive\Desktop\NTI\Ecommerce Backend\node_modules\cors\lib\index.js:224:17
    at origin (C:\Users\yosef\OneDrive\Desktop\NTI\Ecommerce Backend\middlewares\cors.middleware.js:8:11)
    at C:\Users\yosef\OneDrive\Desktop\NTI\Ecommerce Backend\node_modules\cors\lib\index.js:219:13
13-05-2026 13:34:56 |ERROR| Error | GET | /api/files/1778064367846-a.png : can't find /api/files/1778064367846-a.png 
Error: can't find /api/files/1778064367846-a.png
    at C:\Users\yosef\OneDrive\Desktop\NTI\Ecommerce Backend\server.js:27:7
    at Layer.handleRequest (C:\Users\yosef\OneDrive\Desktop\NTI\Ecommerce Backend\node_modules\router\lib\layer.js:152:17)
    at trimPrefix (C:\Users\yosef\OneDrive\Desktop\NTI\Ecommerce Backend\node_modules\router\index.js:342:13)
    at C:\Users\yosef\OneDrive\Desktop\NTI\Ecommerce Backend\node_modules\router\index.js:297:9
    at processParams (C:\Users\yosef\OneDrive\Desktop\NTI\Ecommerce Backend\node_modules\router\index.js:582:12)
    at next (C:\Users\yosef\OneDrive\Desktop\NTI\Ecommerce Backend\node_modules\router\index.js:291:5)
    at cors (C:\Users\yosef\OneDrive\Desktop\NTI\Ecommerce Backend\node_modules\cors\lib\index.js:188:7)
    at C:\Users\yosef\OneDrive\Desktop\NTI\Ecommerce Backend\node_modules\cors\lib\index.js:224:17
    at origin (C:\Users\yosef\OneDrive\Desktop\NTI\Ecommerce Backend\middlewares\cors.middleware.js:8:11)
    at C:\Users\yosef\OneDrive\Desktop\NTI\Ecommerce Backend\node_modules\cors\lib\index.js:219:13
13-05-2026 13:35:03 |ERROR| Error | GET | /api/files/1778064367846-a.png : can't find /api/files/1778064367846-a.png 
Error: can't find /api/files/1778064367846-a.png
    at C:\Users\yosef\OneDrive\Desktop\NTI\Ecommerce Backend\server.js:27:7
    at Layer.handleRequest (C:\Users\yosef\OneDrive\Desktop\NTI\Ecommerce Backend\node_modules\router\lib\layer.js:152:17)
    at trimPrefix (C:\Users\yosef\OneDrive\Desktop\NTI\Ecommerce Backend\node_modules\router\index.js:342:13)
    at C:\Users\yosef\OneDrive\Desktop\NTI\Ecommerce Backend\node_modules\router\index.js:297:9
    at processParams (C:\Users\yosef\OneDrive\Desktop\NTI\Ecommerce Backend\node_modules\router\index.js:582:12)
    at next (C:\Users\yosef\OneDrive\Desktop\NTI\Ecommerce Backend\node_modules\router\index.js:291:5)
    at cors (C:\Users\yosef\OneDrive\Desktop\NTI\Ecommerce Backend\node_modules\cors\lib\index.js:188:7)
    at C:\Users\yosef\OneDrive\Desktop\NTI\Ecommerce Backend\node_modules\cors\lib\index.js:224:17
    at origin (C:\Users\yosef\OneDrive\Desktop\NTI\Ecommerce Backend\middlewares\cors.middleware.js:8:11)
    at C:\Users\yosef\OneDrive\Desktop\NTI\Ecommerce Backend\node_modules\cors\lib\index.js:219:13
13-05-2026 13:35:05 |ERROR| Error | GET | /api/files/1778064367846-a.png : can't find /api/files/1778064367846-a.png 
Error: can't find /api/files/1778064367846-a.png
    at C:\Users\yosef\OneDrive\Desktop\NTI\Ecommerce Backend\server.js:27:7
    at Layer.handleRequest (C:\Users\yosef\OneDrive\Desktop\NTI\Ecommerce Backend\node_modules\router\lib\layer.js:152:17)
    at trimPrefix (C:\Users\yosef\OneDrive\Desktop\NTI\Ecommerce Backend\node_modules\router\index.js:342:13)
    at C:\Users\yosef\OneDrive\Desktop\NTI\Ecommerce Backend\node_modules\router\index.js:297:9
    at processParams (C:\Users\yosef\OneDrive\Desktop\NTI\Ecommerce Backend\node_modules\router\index.js:582:12)
    at next (C:\Users\yosef\OneDrive\Desktop\NTI\Ecommerce Backend\node_modules\router\index.js:291:5)
    at cors (C:\Users\yosef\OneDrive\Desktop\NTI\Ecommerce Backend\node_modules\cors\lib\index.js:188:7)
    at C:\Users\yosef\OneDrive\Desktop\NTI\Ecommerce Backend\node_modules\cors\lib\index.js:224:17
    at origin (C:\Users\yosef\OneDrive\Desktop\NTI\Ecommerce Backend\middlewares\cors.middleware.js:8:11)
    at C:\Users\yosef\OneDrive\Desktop\NTI\Ecommerce Backend\node_modules\cors\lib\index.js:219:13
13-05-2026 13:35:08 |ERROR| Error | GET | /api/files/1778064367846-a.png : can't find /api/files/1778064367846-a.png 
Error: can't find /api/files/1778064367846-a.png
    at C:\Users\yosef\OneDrive\Desktop\NTI\Ecommerce Backend\server.js:27:7
    at Layer.handleRequest (C:\Users\yosef\OneDrive\Desktop\NTI\Ecommerce Backend\node_modules\router\lib\layer.js:152:17)
    at trimPrefix (C:\Users\yosef\OneDrive\Desktop\NTI\Ecommerce Backend\node_modules\router\index.js:342:13)
    at C:\Users\yosef\OneDrive\Desktop\NTI\Ecommerce Backend\node_modules\router\index.js:297:9
    at processParams (C:\Users\yosef\OneDrive\Desktop\NTI\Ecommerce Backend\node_modules\router\index.js:582:12)
    at next (C:\Users\yosef\OneDrive\Desktop\NTI\Ecommerce Backend\node_modules\router\index.js:291:5)
    at cors (C:\Users\yosef\OneDrive\Desktop\NTI\Ecommerce Backend\node_modules\cors\lib\index.js:188:7)
    at C:\Users\yosef\OneDrive\Desktop\NTI\Ecommerce Backend\node_modules\cors\lib\index.js:224:17
    at origin (C:\Users\yosef\OneDrive\Desktop\NTI\Ecommerce Backend\middlewares\cors.middleware.js:8:11)
    at C:\Users\yosef\OneDrive\Desktop\NTI\Ecommerce Backend\node_modules\cors\lib\index.js:219:13
13-05-2026 13:35:13 |ERROR| Error | GET | /api/files/1778064367846-a.png : can't find /api/files/1778064367846-a.png 
Error: can't find /api/files/1778064367846-a.png
    at C:\Users\yosef\OneDrive\Desktop\NTI\Ecommerce Backend\server.js:27:7
    at Layer.handleRequest (C:\Users\yosef\OneDrive\Desktop\NTI\Ecommerce Backend\node_modules\router\lib\layer.js:152:17)
    at trimPrefix (C:\Users\yosef\OneDrive\Desktop\NTI\Ecommerce Backend\node_modules\router\index.js:342:13)
    at C:\Users\yosef\OneDrive\Desktop\NTI\Ecommerce Backend\node_modules\router\index.js:297:9
    at processParams (C:\Users\yosef\OneDrive\Desktop\NTI\Ecommerce Backend\node_modules\router\index.js:582:12)
    at next (C:\Users\yosef\OneDrive\Desktop\NTI\Ecommerce Backend\node_modules\router\index.js:291:5)
    at cors (C:\Users\yosef\OneDrive\Desktop\NTI\Ecommerce Backend\node_modules\cors\lib\index.js:188:7)
    at C:\Users\yosef\OneDrive\Desktop\NTI\Ecommerce Backend\node_modules\cors\lib\index.js:224:17
    at origin (C:\Users\yosef\OneDrive\Desktop\NTI\Ecommerce Backend\middlewares\cors.middleware.js:8:11)
    at C:\Users\yosef\OneDrive\Desktop\NTI\Ecommerce Backend\node_modules\cors\lib\index.js:219:13
13-05-2026 13:35:16 |ERROR| Error | GET | /api/files/1778064367846-a.png : can't find /api/files/1778064367846-a.png 
Error: can't find /api/files/1778064367846-a.png
    at C:\Users\yosef\OneDrive\Desktop\NTI\Ecommerce Backend\server.js:27:7
    at Layer.handleRequest (C:\Users\yosef\OneDrive\Desktop\NTI\Ecommerce Backend\node_modules\router\lib\layer.js:152:17)
    at trimPrefix (C:\Users\yosef\OneDrive\Desktop\NTI\Ecommerce Backend\node_modules\router\index.js:342:13)
    at C:\Users\yosef\OneDrive\Desktop\NTI\Ecommerce Backend\node_modules\router\index.js:297:9
    at processParams (C:\Users\yosef\OneDrive\Desktop\NTI\Ecommerce Backend\node_modules\router\index.js:582:12)
    at next (C:\Users\yosef\OneDrive\Desktop\NTI\Ecommerce Backend\node_modules\router\index.js:291:5)
    at cors (C:\Users\yosef\OneDrive\Desktop\NTI\Ecommerce Backend\node_modules\cors\lib\index.js:188:7)
    at C:\Users\yosef\OneDrive\Desktop\NTI\Ecommerce Backend\node_modules\cors\lib\index.js:224:17
    at origin (C:\Users\yosef\OneDrive\Desktop\NTI\Ecommerce Backend\middlewares\cors.middleware.js:8:11)
    at C:\Users\yosef\OneDrive\Desktop\NTI\Ecommerce Backend\node_modules\cors\lib\index.js:219:13
13-05-2026 13:35:20 |ERROR| Error | GET | /api/files/1778064367846-a.png : can't find /api/files/1778064367846-a.png 
Error: can't find /api/files/1778064367846-a.png
    at C:\Users\yosef\OneDrive\Desktop\NTI\Ecommerce Backend\server.js:27:7
    at Layer.handleRequest (C:\Users\yosef\OneDrive\Desktop\NTI\Ecommerce Backend\node_modules\router\lib\layer.js:152:17)
    at trimPrefix (C:\Users\yosef\OneDrive\Desktop\NTI\Ecommerce Backend\node_modules\router\index.js:342:13)
    at C:\Users\yosef\OneDrive\Desktop\NTI\Ecommerce Backend\node_modules\router\index.js:297:9
    at processParams (C:\Users\yosef\OneDrive\Desktop\NTI\Ecommerce Backend\node_modules\router\index.js:582:12)
    at next (C:\Users\yosef\OneDrive\Desktop\NTI\Ecommerce Backend\node_modules\router\index.js:291:5)
    at cors (C:\Users\yosef\OneDrive\Desktop\NTI\Ecommerce Backend\node_modules\cors\lib\index.js:188:7)
    at C:\Users\yosef\OneDrive\Desktop\NTI\Ecommerce Backend\node_modules\cors\lib\index.js:224:17
    at origin (C:\Users\yosef\OneDrive\Desktop\NTI\Ecommerce Backend\middlewares\cors.middleware.js:8:11)
    at C:\Users\yosef\OneDrive\Desktop\NTI\Ecommerce Backend\node_modules\cors\lib\index.js:219:13
13-05-2026 13:35:22 |INFO| Products listed! 
13-05-2026 13:35:22 |ERROR| Error | GET | /api/files/1778064367846-a.png : can't find /api/files/1778064367846-a.png 
Error: can't find /api/files/1778064367846-a.png
    at C:\Users\yosef\OneDrive\Desktop\NTI\Ecommerce Backend\server.js:27:7
    at Layer.handleRequest (C:\Users\yosef\OneDrive\Desktop\NTI\Ecommerce Backend\node_modules\router\lib\layer.js:152:17)
    at trimPrefix (C:\Users\yosef\OneDrive\Desktop\NTI\Ecommerce Backend\node_modules\router\index.js:342:13)
    at C:\Users\yosef\OneDrive\Desktop\NTI\Ecommerce Backend\node_modules\router\index.js:297:9
    at processParams (C:\Users\yosef\OneDrive\Desktop\NTI\Ecommerce Backend\node_modules\router\index.js:582:12)
    at next (C:\Users\yosef\OneDrive\Desktop\NTI\Ecommerce Backend\node_modules\router\index.js:291:5)
    at cors (C:\Users\yosef\OneDrive\Desktop\NTI\Ecommerce Backend\node_modules\cors\lib\index.js:188:7)
    at C:\Users\yosef\OneDrive\Desktop\NTI\Ecommerce Backend\node_modules\cors\lib\index.js:224:17
    at origin (C:\Users\yosef\OneDrive\Desktop\NTI\Ecommerce Backend\middlewares\cors.middleware.js:8:11)
    at C:\Users\yosef\OneDrive\Desktop\NTI\Ecommerce Backend\node_modules\cors\lib\index.js:219:13
13-05-2026 13:36:27 |ERROR| Error | GET | /api/files/1778064367846-a.png : can't find /api/files/1778064367846-a.png 
Error: can't find /api/files/1778064367846-a.png
    at C:\Users\yosef\OneDrive\Desktop\NTI\Ecommerce Backend\server.js:27:7
    at Layer.handleRequest (C:\Users\yosef\OneDrive\Desktop\NTI\Ecommerce Backend\node_modules\router\lib\layer.js:152:17)
    at trimPrefix (C:\Users\yosef\OneDrive\Desktop\NTI\Ecommerce Backend\node_modules\router\index.js:342:13)
    at C:\Users\yosef\OneDrive\Desktop\NTI\Ecommerce Backend\node_modules\router\index.js:297:9
    at processParams (C:\Users\yosef\OneDrive\Desktop\NTI\Ecommerce Backend\node_modules\router\index.js:582:12)
    at next (C:\Users\yosef\OneDrive\Desktop\NTI\Ecommerce Backend\node_modules\router\index.js:291:5)
    at cors (C:\Users\yosef\OneDrive\Desktop\NTI\Ecommerce Backend\node_modules\cors\lib\index.js:188:7)
    at C:\Users\yosef\OneDrive\Desktop\NTI\Ecommerce Backend\node_modules\cors\lib\index.js:224:17
    at origin (C:\Users\yosef\OneDrive\Desktop\NTI\Ecommerce Backend\middlewares\cors.middleware.js:8:11)
    at C:\Users\yosef\OneDrive\Desktop\NTI\Ecommerce Backend\node_modules\cors\lib\index.js:219:13
13-05-2026 13:36:30 |INFO| Products listed! 
13-05-2026 13:36:30 |ERROR| Error | GET | /api/files/1778064367846-a.png : can't find /api/files/1778064367846-a.png 
Error: can't find /api/files/1778064367846-a.png
    at C:\Users\yosef\OneDrive\Desktop\NTI\Ecommerce Backend\server.js:27:7
    at Layer.handleRequest (C:\Users\yosef\OneDrive\Desktop\NTI\Ecommerce Backend\node_modules\router\lib\layer.js:152:17)
    at trimPrefix (C:\Users\yosef\OneDrive\Desktop\NTI\Ecommerce Backend\node_modules\router\index.js:342:13)
    at C:\Users\yosef\OneDrive\Desktop\NTI\Ecommerce Backend\node_modules\router\index.js:297:9
    at processParams (C:\Users\yosef\OneDrive\Desktop\NTI\Ecommerce Backend\node_modules\router\index.js:582:12)
    at next (C:\Users\yosef\OneDrive\Desktop\NTI\Ecommerce Backend\node_modules\router\index.js:291:5)
    at cors (C:\Users\yosef\OneDrive\Desktop\NTI\Ecommerce Backend\node_modules\cors\lib\index.js:188:7)
    at C:\Users\yosef\OneDrive\Desktop\NTI\Ecommerce Backend\node_modules\cors\lib\index.js:224:17
    at origin (C:\Users\yosef\OneDrive\Desktop\NTI\Ecommerce Backend\middlewares\cors.middleware.js:8:11)
    at C:\Users\yosef\OneDrive\Desktop\NTI\Ecommerce Backend\node_modules\cors\lib\index.js:219:13
13-05-2026 13:40:07 |INFO| Products listed! 
13-05-2026 13:41:45 |INFO| Products listed! 
13-05-2026 13:42:03 |INFO| Products listed! 
13-05-2026 13:42:04 |INFO| Products listed! 
13-05-2026 13:42:07 |INFO| Products listed! 
13-05-2026 13:42:08 |INFO| Products listed! 
13-05-2026 13:42:19 |INFO| Products listed! 
13-05-2026 13:42:24 |INFO| Products listed! 
13-05-2026 13:42:25 |INFO| Products listed! 
13-05-2026 13:42:25 |INFO| Products listed! 
13-05-2026 13:42:29 |INFO| Products listed! 
13-05-2026 13:42:29 |INFO| Products listed! 
13-05-2026 13:42:29 |INFO| Products listed! 
13-05-2026 13:42:29 |INFO| Products listed! 
13-05-2026 13:42:30 |INFO| Products listed! 
13-05-2026 13:42:37 |INFO| Products listed! 
13-05-2026 13:42:37 |INFO| Products listed! 
13-05-2026 13:42:50 |INFO| Products listed! 
13-05-2026 13:42:51 |INFO| Products listed! 
13-05-2026 13:42:51 |INFO| Products listed! 
13-05-2026 13:42:51 |INFO| Products listed! 
13-05-2026 13:42:55 |INFO| Products listed! 
13-05-2026 13:42:55 |INFO| Products listed! 
13-05-2026 13:42:55 |INFO| Products listed! 
13-05-2026 13:42:55 |INFO| Products listed! 
13-05-2026 13:42:56 |INFO| Products listed! 
13-05-2026 13:42:57 |INFO| Products listed! 
13-05-2026 13:43:03 |INFO| Products listed! 
13-05-2026 13:43:03 |INFO| Products listed! 
13-05-2026 13:43:04 |INFO| Products listed! 
13-05-2026 13:43:04 |INFO| Products listed! 
13-05-2026 13:43:04 |INFO| Products listed! 
13-05-2026 13:43:23 |INFO| Products listed! 
13-05-2026 13:43:24 |INFO| Products listed! 
13-05-2026 13:43:24 |INFO| Products listed! 
13-05-2026 13:43:25 |INFO| Products listed! 
13-05-2026 13:44:15 |INFO| Products listed! 
13-05-2026 13:44:23 |INFO| Products listed! 
13-05-2026 13:44:28 |INFO| Products listed! 
13-05-2026 13:44:29 |INFO| Products listed! 
13-05-2026 13:44:33 |INFO| Products listed! 
13-05-2026 13:46:31 |INFO| Products listed! 
13-05-2026 13:47:00 |INFO| Products listed! 
13-05-2026 13:47:15 |INFO| Products listed! 
13-05-2026 13:47:34 |INFO| Products listed! 
13-05-2026 13:48:42 |INFO| Products listed! 
13-05-2026 13:48:44 |INFO| Products listed! 
13-05-2026 13:48:47 |INFO| Products listed! 
13-05-2026 13:49:45 |INFO| Products listed! 
13-05-2026 13:56:18 |INFO| Products listed! 
13-05-2026 14:14:35 |ERROR| Error | POST | /api/v1/auth/login : Invalid mobile or Password! 
Error: Invalid mobile or Password!
    at C:\Users\yosef\OneDrive\Desktop\NTI\Ecommerce Backend\controller\auth.controller.js:21:7
    at process.processTicksAndRejections (node:internal/process/task_queues:104:5)
13-05-2026 14:14:37 |ERROR| Error | POST | /api/v1/auth/login : Invalid mobile or Password! 
Error: Invalid mobile or Password!
    at C:\Users\yosef\OneDrive\Desktop\NTI\Ecommerce Backend\controller\auth.controller.js:21:7
    at process.processTicksAndRejections (node:internal/process/task_queues:104:5)
13-05-2026 14:50:50 |ERROR| Error | POST | /api/v1/auth/signup : logger is not defined 
ReferenceError: logger is not defined
    at C:\Users\yosef\OneDrive\Desktop\NTI\Ecommerce Backend\controller\auth.controller.js:26:3
    at C:\Users\yosef\OneDrive\Desktop\NTI\Ecommerce Backend\utilites\catchAsync.uti.js:4:3
    at Layer.handleRequest (C:\Users\yosef\OneDrive\Desktop\NTI\Ecommerce Backend\node_modules\router\lib\layer.js:152:17)
    at next (C:\Users\yosef\OneDrive\Desktop\NTI\Ecommerce Backend\node_modules\router\lib\route.js:157:13)
    at Route.dispatch (C:\Users\yosef\OneDrive\Desktop\NTI\Ecommerce Backend\node_modules\router\lib\route.js:117:3)
    at handle (C:\Users\yosef\OneDrive\Desktop\NTI\Ecommerce Backend\node_modules\router\index.js:435:11)
    at Layer.handleRequest (C:\Users\yosef\OneDrive\Desktop\NTI\Ecommerce Backend\node_modules\router\lib\layer.js:152:17)
    at C:\Users\yosef\OneDrive\Desktop\NTI\Ecommerce Backend\node_modules\router\index.js:295:15
    at processParams (C:\Users\yosef\OneDrive\Desktop\NTI\Ecommerce Backend\node_modules\router\index.js:582:12)
    at next (C:\Users\yosef\OneDrive\Desktop\NTI\Ecommerce Backend\node_modules\router\index.js:291:5)
13-05-2026 14:52:40 |INFO| users created! 
13-05-2026 22:34:31 |INFO| users created! 
13-05-2026 22:38:10 |INFO| users created! 
13-05-2026 22:38:10 |ERROR| Error | POST | /api/v1/auth/signup : E11000 duplicate key error collection: eCommerece.users index: mobile_1 dup key: { mobile: "01003761849" } 
MongoServerError: E11000 duplicate key error collection: eCommerece.users index: mobile_1 dup key: { mobile: "01003761849" }
    at InsertOneOperation.handleOk (C:\Users\yosef\OneDrive\Desktop\NTI\Ecommerce Backend\node_modules\mongodb\lib\operations\insert.js:51:19)
    at executeOperationWithRetries (C:\Users\yosef\OneDrive\Desktop\NTI\Ecommerce Backend\node_modules\mongodb\lib\operations\execute_operation.js:194:34)
    at process.processTicksAndRejections (node:internal/process/task_queues:104:5)
    at async executeOperation (C:\Users\yosef\OneDrive\Desktop\NTI\Ecommerce Backend\node_modules\mongodb\lib\operations\execute_operation.js:83:16)
    at async Collection.insertOne (C:\Users\yosef\OneDrive\Desktop\NTI\Ecommerce Backend\node_modules\mongodb\lib\collection.js:154:16)
    at async model.$__save (C:\Users\yosef\OneDrive\Desktop\NTI\Ecommerce Backend\node_modules\mongoose\lib\model.js:428:16)
    at async model.save (C:\Users\yosef\OneDrive\Desktop\NTI\Ecommerce Backend\node_modules\mongoose\lib\model.js:667:5)
    at async model.create (C:\Users\yosef\OneDrive\Desktop\NTI\Ecommerce Backend\node_modules\mongoose\lib\model.js:2747:5)
    at async C:\Users\yosef\OneDrive\Desktop\NTI\Ecommerce Backend\controller\auth.controller.js:29:18
13-05-2026 22:39:06 |INFO| users created! 
13-05-2026 22:47:29 |INFO| users created! 
13-05-2026 22:47:29 |ERROR| Error | POST | /api/v1/auth/signup : User validation failed: mobile: Path `mobile` is invalid (0111155236). 
ValidationError: User validation failed: mobile: Path `mobile` is invalid (0111155236).
    at model.validate (C:\Users\yosef\OneDrive\Desktop\NTI\Ecommerce Backend\node_modules\mongoose\lib\document.js:2864:36)
    at process.processTicksAndRejections (node:internal/process/task_queues:104:5)
    at async model.$__save (C:\Users\yosef\OneDrive\Desktop\NTI\Ecommerce Backend\node_modules\mongoose\lib\model.js:393:7)
    at async model.save (C:\Users\yosef\OneDrive\Desktop\NTI\Ecommerce Backend\node_modules\mongoose\lib\model.js:667:5)
    at async model.create (C:\Users\yosef\OneDrive\Desktop\NTI\Ecommerce Backend\node_modules\mongoose\lib\model.js:2747:5)
    at async C:\Users\yosef\OneDrive\Desktop\NTI\Ecommerce Backend\controller\auth.controller.js:29:18
13-05-2026 22:48:33 |INFO| users created! 
13-05-2026 22:48:59 |ERROR| Error | POST | /api/v1/auth/login : Invalid mobile or Password! 
Error: Invalid mobile or Password!
    at C:\Users\yosef\OneDrive\Desktop\NTI\Ecommerce Backend\controller\auth.controller.js:22:7
    at process.processTicksAndRejections (node:internal/process/task_queues:104:5)
13-05-2026 22:49:01 |ERROR| Error | POST | /api/v1/auth/login : Invalid mobile or Password! 
Error: Invalid mobile or Password!
    at C:\Users\yosef\OneDrive\Desktop\NTI\Ecommerce Backend\controller\auth.controller.js:22:7
    at process.processTicksAndRejections (node:internal/process/task_queues:104:5)
13-05-2026 22:49:02 |ERROR| Error | POST | /api/v1/auth/login : Invalid mobile or Password! 
Error: Invalid mobile or Password!
    at C:\Users\yosef\OneDrive\Desktop\NTI\Ecommerce Backend\controller\auth.controller.js:22:7
    at process.processTicksAndRejections (node:internal/process/task_queues:104:5)
13-05-2026 23:01:23 |INFO| Products listed! 
13-05-2026 23:01:32 |INFO| Products listed! 
13-05-2026 23:02:15 |INFO| Products listed! 
13-05-2026 23:02:34 |INFO| Products listed! 
13-05-2026 23:02:40 |INFO| Products listed! 
13-05-2026 23:02:45 |INFO| Products listed! 
13-05-2026 23:53:40 |ERROR| Error | GET | /api/v1/cart : Cannot read properties of undefined (reading '_id') 
TypeError: Cannot read properties of undefined (reading '_id')
    at C:\Users\yosef\OneDrive\Desktop\NTI\Ecommerce Backend\controller\cart.controller.js:62:26
    at C:\Users\yosef\OneDrive\Desktop\NTI\Ecommerce Backend\utilites\catchAsync.uti.js:4:3
    at Layer.handleRequest (C:\Users\yosef\OneDrive\Desktop\NTI\Ecommerce Backend\node_modules\router\lib\layer.js:152:17)
    at next (C:\Users\yosef\OneDrive\Desktop\NTI\Ecommerce Backend\node_modules\router\lib\route.js:157:13)
    at Route.dispatch (C:\Users\yosef\OneDrive\Desktop\NTI\Ecommerce Backend\node_modules\router\lib\route.js:117:3)
    at handle (C:\Users\yosef\OneDrive\Desktop\NTI\Ecommerce Backend\node_modules\router\index.js:435:11)
    at Layer.handleRequest (C:\Users\yosef\OneDrive\Desktop\NTI\Ecommerce Backend\node_modules\router\lib\layer.js:152:17)
    at C:\Users\yosef\OneDrive\Desktop\NTI\Ecommerce Backend\node_modules\router\index.js:295:15
    at processParams (C:\Users\yosef\OneDrive\Desktop\NTI\Ecommerce Backend\node_modules\router\index.js:582:12)
    at next (C:\Users\yosef\OneDrive\Desktop\NTI\Ecommerce Backend\node_modules\router\index.js:291:5)
13-05-2026 23:53:42 |ERROR| Error | GET | /api/v1/cart : Cannot read properties of undefined (reading '_id') 
TypeError: Cannot read properties of undefined (reading '_id')
    at C:\Users\yosef\OneDrive\Desktop\NTI\Ecommerce Backend\controller\cart.controller.js:62:26
    at C:\Users\yosef\OneDrive\Desktop\NTI\Ecommerce Backend\utilites\catchAsync.uti.js:4:3
    at Layer.handleRequest (C:\Users\yosef\OneDrive\Desktop\NTI\Ecommerce Backend\node_modules\router\lib\layer.js:152:17)
    at next (C:\Users\yosef\OneDrive\Desktop\NTI\Ecommerce Backend\node_modules\router\lib\route.js:157:13)
    at Route.dispatch (C:\Users\yosef\OneDrive\Desktop\NTI\Ecommerce Backend\node_modules\router\lib\route.js:117:3)
    at handle (C:\Users\yosef\OneDrive\Desktop\NTI\Ecommerce Backend\node_modules\router\index.js:435:11)
    at Layer.handleRequest (C:\Users\yosef\OneDrive\Desktop\NTI\Ecommerce Backend\node_modules\router\lib\layer.js:152:17)
    at C:\Users\yosef\OneDrive\Desktop\NTI\Ecommerce Backend\node_modules\router\index.js:295:15
    at processParams (C:\Users\yosef\OneDrive\Desktop\NTI\Ecommerce Backend\node_modules\router\index.js:582:12)
    at next (C:\Users\yosef\OneDrive\Desktop\NTI\Ecommerce Backend\node_modules\router\index.js:291:5)
13-05-2026 23:53:51 |ERROR| Error | GET | /api/v1/cart : Cannot read properties of undefined (reading '_id') 
TypeError: Cannot read properties of undefined (reading '_id')
    at C:\Users\yosef\OneDrive\Desktop\NTI\Ecommerce Backend\controller\cart.controller.js:62:26
    at C:\Users\yosef\OneDrive\Desktop\NTI\Ecommerce Backend\utilites\catchAsync.uti.js:4:3
    at Layer.handleRequest (C:\Users\yosef\OneDrive\Desktop\NTI\Ecommerce Backend\node_modules\router\lib\layer.js:152:17)
    at next (C:\Users\yosef\OneDrive\Desktop\NTI\Ecommerce Backend\node_modules\router\lib\route.js:157:13)
    at Route.dispatch (C:\Users\yosef\OneDrive\Desktop\NTI\Ecommerce Backend\node_modules\router\lib\route.js:117:3)
    at handle (C:\Users\yosef\OneDrive\Desktop\NTI\Ecommerce Backend\node_modules\router\index.js:435:11)
    at Layer.handleRequest (C:\Users\yosef\OneDrive\Desktop\NTI\Ecommerce Backend\node_modules\router\lib\layer.js:152:17)
    at C:\Users\yosef\OneDrive\Desktop\NTI\Ecommerce Backend\node_modules\router\index.js:295:15
    at processParams (C:\Users\yosef\OneDrive\Desktop\NTI\Ecommerce Backend\node_modules\router\index.js:582:12)
    at next (C:\Users\yosef\OneDrive\Desktop\NTI\Ecommerce Backend\node_modules\router\index.js:291:5)
13-05-2026 23:54:21 |ERROR| Error | GET | /api/v1/cart : Cannot read properties of undefined (reading '_id') 
TypeError: Cannot read properties of undefined (reading '_id')
    at C:\Users\yosef\OneDrive\Desktop\NTI\Ecommerce Backend\controller\cart.controller.js:62:26
    at C:\Users\yosef\OneDrive\Desktop\NTI\Ecommerce Backend\utilites\catchAsync.uti.js:4:3
    at Layer.handleRequest (C:\Users\yosef\OneDrive\Desktop\NTI\Ecommerce Backend\node_modules\router\lib\layer.js:152:17)
    at next (C:\Users\yosef\OneDrive\Desktop\NTI\Ecommerce Backend\node_modules\router\lib\route.js:157:13)
    at Route.dispatch (C:\Users\yosef\OneDrive\Desktop\NTI\Ecommerce Backend\node_modules\router\lib\route.js:117:3)
    at handle (C:\Users\yosef\OneDrive\Desktop\NTI\Ecommerce Backend\node_modules\router\index.js:435:11)
    at Layer.handleRequest (C:\Users\yosef\OneDrive\Desktop\NTI\Ecommerce Backend\node_modules\router\lib\layer.js:152:17)
    at C:\Users\yosef\OneDrive\Desktop\NTI\Ecommerce Backend\node_modules\router\index.js:295:15
    at processParams (C:\Users\yosef\OneDrive\Desktop\NTI\Ecommerce Backend\node_modules\router\index.js:582:12)
    at next (C:\Users\yosef\OneDrive\Desktop\NTI\Ecommerce Backend\node_modules\router\index.js:291:5)
13-05-2026 23:54:29 |ERROR| Error | GET | /api/v1/cart : Cannot read properties of undefined (reading '_id') 
TypeError: Cannot read properties of undefined (reading '_id')
    at C:\Users\yosef\OneDrive\Desktop\NTI\Ecommerce Backend\controller\cart.controller.js:62:26
    at C:\Users\yosef\OneDrive\Desktop\NTI\Ecommerce Backend\utilites\catchAsync.uti.js:4:3
    at Layer.handleRequest (C:\Users\yosef\OneDrive\Desktop\NTI\Ecommerce Backend\node_modules\router\lib\layer.js:152:17)
    at next (C:\Users\yosef\OneDrive\Desktop\NTI\Ecommerce Backend\node_modules\router\lib\route.js:157:13)
    at Route.dispatch (C:\Users\yosef\OneDrive\Desktop\NTI\Ecommerce Backend\node_modules\router\lib\route.js:117:3)
    at handle (C:\Users\yosef\OneDrive\Desktop\NTI\Ecommerce Backend\node_modules\router\index.js:435:11)
    at Layer.handleRequest (C:\Users\yosef\OneDrive\Desktop\NTI\Ecommerce Backend\node_modules\router\lib\layer.js:152:17)
    at C:\Users\yosef\OneDrive\Desktop\NTI\Ecommerce Backend\node_modules\router\index.js:295:15
    at processParams (C:\Users\yosef\OneDrive\Desktop\NTI\Ecommerce Backend\node_modules\router\index.js:582:12)
    at next (C:\Users\yosef\OneDrive\Desktop\NTI\Ecommerce Backend\node_modules\router\index.js:291:5)
13-05-2026 23:54:41 |ERROR| Error | GET | /api/v1/cart : Cannot read properties of undefined (reading '_id') 
TypeError: Cannot read properties of undefined (reading '_id')
    at C:\Users\yosef\OneDrive\Desktop\NTI\Ecommerce Backend\controller\cart.controller.js:62:26
    at C:\Users\yosef\OneDrive\Desktop\NTI\Ecommerce Backend\utilites\catchAsync.uti.js:4:3
    at Layer.handleRequest (C:\Users\yosef\OneDrive\Desktop\NTI\Ecommerce Backend\node_modules\router\lib\layer.js:152:17)
    at next (C:\Users\yosef\OneDrive\Desktop\NTI\Ecommerce Backend\node_modules\router\lib\route.js:157:13)
    at Route.dispatch (C:\Users\yosef\OneDrive\Desktop\NTI\Ecommerce Backend\node_modules\router\lib\route.js:117:3)
    at handle (C:\Users\yosef\OneDrive\Desktop\NTI\Ecommerce Backend\node_modules\router\index.js:435:11)
    at Layer.handleRequest (C:\Users\yosef\OneDrive\Desktop\NTI\Ecommerce Backend\node_modules\router\lib\layer.js:152:17)
    at C:\Users\yosef\OneDrive\Desktop\NTI\Ecommerce Backend\node_modules\router\index.js:295:15
    at processParams (C:\Users\yosef\OneDrive\Desktop\NTI\Ecommerce Backend\node_modules\router\index.js:582:12)
    at next (C:\Users\yosef\OneDrive\Desktop\NTI\Ecommerce Backend\node_modules\router\index.js:291:5)
13-05-2026 23:55:03 |ERROR| Error | GET | /api/v1/cart : Cannot read properties of undefined (reading '_id') 
TypeError: Cannot read properties of undefined (reading '_id')
    at C:\Users\yosef\OneDrive\Desktop\NTI\Ecommerce Backend\controller\cart.controller.js:62:26
    at C:\Users\yosef\OneDrive\Desktop\NTI\Ecommerce Backend\utilites\catchAsync.uti.js:4:3
    at Layer.handleRequest (C:\Users\yosef\OneDrive\Desktop\NTI\Ecommerce Backend\node_modules\router\lib\layer.js:152:17)
    at next (C:\Users\yosef\OneDrive\Desktop\NTI\Ecommerce Backend\node_modules\router\lib\route.js:157:13)
    at Route.dispatch (C:\Users\yosef\OneDrive\Desktop\NTI\Ecommerce Backend\node_modules\router\lib\route.js:117:3)
    at handle (C:\Users\yosef\OneDrive\Desktop\NTI\Ecommerce Backend\node_modules\router\index.js:435:11)
    at Layer.handleRequest (C:\Users\yosef\OneDrive\Desktop\NTI\Ecommerce Backend\node_modules\router\lib\layer.js:152:17)
    at C:\Users\yosef\OneDrive\Desktop\NTI\Ecommerce Backend\node_modules\router\index.js:295:15
    at processParams (C:\Users\yosef\OneDrive\Desktop\NTI\Ecommerce Backend\node_modules\router\index.js:582:12)
    at next (C:\Users\yosef\OneDrive\Desktop\NTI\Ecommerce Backend\node_modules\router\index.js:291:5)
13-05-2026 23:55:05 |ERROR| Error | GET | /api/v1/cart : Cannot read properties of undefined (reading '_id') 
TypeError: Cannot read properties of undefined (reading '_id')
    at C:\Users\yosef\OneDrive\Desktop\NTI\Ecommerce Backend\controller\cart.controller.js:62:26
    at C:\Users\yosef\OneDrive\Desktop\NTI\Ecommerce Backend\utilites\catchAsync.uti.js:4:3
    at Layer.handleRequest (C:\Users\yosef\OneDrive\Desktop\NTI\Ecommerce Backend\node_modules\router\lib\layer.js:152:17)
    at next (C:\Users\yosef\OneDrive\Desktop\NTI\Ecommerce Backend\node_modules\router\lib\route.js:157:13)
    at Route.dispatch (C:\Users\yosef\OneDrive\Desktop\NTI\Ecommerce Backend\node_modules\router\lib\route.js:117:3)
    at handle (C:\Users\yosef\OneDrive\Desktop\NTI\Ecommerce Backend\node_modules\router\index.js:435:11)
    at Layer.handleRequest (C:\Users\yosef\OneDrive\Desktop\NTI\Ecommerce Backend\node_modules\router\lib\layer.js:152:17)
    at C:\Users\yosef\OneDrive\Desktop\NTI\Ecommerce Backend\node_modules\router\index.js:295:15
    at processParams (C:\Users\yosef\OneDrive\Desktop\NTI\Ecommerce Backend\node_modules\router\index.js:582:12)
    at next (C:\Users\yosef\OneDrive\Desktop\NTI\Ecommerce Backend\node_modules\router\index.js:291:5)
13-05-2026 23:55:13 |ERROR| Error | GET | /api/v1/cart : Cannot read properties of undefined (reading '_id') 
TypeError: Cannot read properties of undefined (reading '_id')
    at C:\Users\yosef\OneDrive\Desktop\NTI\Ecommerce Backend\controller\cart.controller.js:62:26
    at C:\Users\yosef\OneDrive\Desktop\NTI\Ecommerce Backend\utilites\catchAsync.uti.js:4:3
    at Layer.handleRequest (C:\Users\yosef\OneDrive\Desktop\NTI\Ecommerce Backend\node_modules\router\lib\layer.js:152:17)
    at next (C:\Users\yosef\OneDrive\Desktop\NTI\Ecommerce Backend\node_modules\router\lib\route.js:157:13)
    at Route.dispatch (C:\Users\yosef\OneDrive\Desktop\NTI\Ecommerce Backend\node_modules\router\lib\route.js:117:3)
    at handle (C:\Users\yosef\OneDrive\Desktop\NTI\Ecommerce Backend\node_modules\router\index.js:435:11)
    at Layer.handleRequest (C:\Users\yosef\OneDrive\Desktop\NTI\Ecommerce Backend\node_modules\router\lib\layer.js:152:17)
    at C:\Users\yosef\OneDrive\Desktop\NTI\Ecommerce Backend\node_modules\router\index.js:295:15
    at processParams (C:\Users\yosef\OneDrive\Desktop\NTI\Ecommerce Backend\node_modules\router\index.js:582:12)
    at next (C:\Users\yosef\OneDrive\Desktop\NTI\Ecommerce Backend\node_modules\router\index.js:291:5)
13-05-2026 23:55:19 |ERROR| Error | GET | /api/v1/cart : Cannot read properties of undefined (reading '_id') 
TypeError: Cannot read properties of undefined (reading '_id')
    at C:\Users\yosef\OneDrive\Desktop\NTI\Ecommerce Backend\controller\cart.controller.js:62:26
    at C:\Users\yosef\OneDrive\Desktop\NTI\Ecommerce Backend\utilites\catchAsync.uti.js:4:3
    at Layer.handleRequest (C:\Users\yosef\OneDrive\Desktop\NTI\Ecommerce Backend\node_modules\router\lib\layer.js:152:17)
    at next (C:\Users\yosef\OneDrive\Desktop\NTI\Ecommerce Backend\node_modules\router\lib\route.js:157:13)
    at Route.dispatch (C:\Users\yosef\OneDrive\Desktop\NTI\Ecommerce Backend\node_modules\router\lib\route.js:117:3)
    at handle (C:\Users\yosef\OneDrive\Desktop\NTI\Ecommerce Backend\node_modules\router\index.js:435:11)
    at Layer.handleRequest (C:\Users\yosef\OneDrive\Desktop\NTI\Ecommerce Backend\node_modules\router\lib\layer.js:152:17)
    at C:\Users\yosef\OneDrive\Desktop\NTI\Ecommerce Backend\node_modules\router\index.js:295:15
    at processParams (C:\Users\yosef\OneDrive\Desktop\NTI\Ecommerce Backend\node_modules\router\index.js:582:12)
    at next (C:\Users\yosef\OneDrive\Desktop\NTI\Ecommerce Backend\node_modules\router\index.js:291:5)
13-05-2026 23:55:47 |ERROR| Error | GET | /api/v1/cart : Cannot read properties of undefined (reading '_id') 
TypeError: Cannot read properties of undefined (reading '_id')
    at C:\Users\yosef\OneDrive\Desktop\NTI\Ecommerce Backend\controller\cart.controller.js:62:26
    at C:\Users\yosef\OneDrive\Desktop\NTI\Ecommerce Backend\utilites\catchAsync.uti.js:4:3
    at Layer.handleRequest (C:\Users\yosef\OneDrive\Desktop\NTI\Ecommerce Backend\node_modules\router\lib\layer.js:152:17)
    at next (C:\Users\yosef\OneDrive\Desktop\NTI\Ecommerce Backend\node_modules\router\lib\route.js:157:13)
    at Route.dispatch (C:\Users\yosef\OneDrive\Desktop\NTI\Ecommerce Backend\node_modules\router\lib\route.js:117:3)
    at handle (C:\Users\yosef\OneDrive\Desktop\NTI\Ecommerce Backend\node_modules\router\index.js:435:11)
    at Layer.handleRequest (C:\Users\yosef\OneDrive\Desktop\NTI\Ecommerce Backend\node_modules\router\lib\layer.js:152:17)
    at C:\Users\yosef\OneDrive\Desktop\NTI\Ecommerce Backend\node_modules\router\index.js:295:15
    at processParams (C:\Users\yosef\OneDrive\Desktop\NTI\Ecommerce Backend\node_modules\router\index.js:582:12)
    at next (C:\Users\yosef\OneDrive\Desktop\NTI\Ecommerce Backend\node_modules\router\index.js:291:5)
13-05-2026 23:57:10 |ERROR| Error | GET | /api/v1/cart : Cannot read properties of undefined (reading '_id') 
TypeError: Cannot read properties of undefined (reading '_id')
    at C:\Users\yosef\OneDrive\Desktop\NTI\Ecommerce Backend\controller\cart.controller.js:62:26
    at C:\Users\yosef\OneDrive\Desktop\NTI\Ecommerce Backend\utilites\catchAsync.uti.js:4:3
    at Layer.handleRequest (C:\Users\yosef\OneDrive\Desktop\NTI\Ecommerce Backend\node_modules\router\lib\layer.js:152:17)
    at next (C:\Users\yosef\OneDrive\Desktop\NTI\Ecommerce Backend\node_modules\router\lib\route.js:157:13)
    at Route.dispatch (C:\Users\yosef\OneDrive\Desktop\NTI\Ecommerce Backend\node_modules\router\lib\route.js:117:3)
    at handle (C:\Users\yosef\OneDrive\Desktop\NTI\Ecommerce Backend\node_modules\router\index.js:435:11)
    at Layer.handleRequest (C:\Users\yosef\OneDrive\Desktop\NTI\Ecommerce Backend\node_modules\router\lib\layer.js:152:17)
    at C:\Users\yosef\OneDrive\Desktop\NTI\Ecommerce Backend\node_modules\router\index.js:295:15
    at processParams (C:\Users\yosef\OneDrive\Desktop\NTI\Ecommerce Backend\node_modules\router\index.js:582:12)
    at next (C:\Users\yosef\OneDrive\Desktop\NTI\Ecommerce Backend\node_modules\router\index.js:291:5)
13-05-2026 23:57:12 |ERROR| Error | GET | /api/v1/cart : Cannot read properties of undefined (reading '_id') 
TypeError: Cannot read properties of undefined (reading '_id')
    at C:\Users\yosef\OneDrive\Desktop\NTI\Ecommerce Backend\controller\cart.controller.js:62:26
    at C:\Users\yosef\OneDrive\Desktop\NTI\Ecommerce Backend\utilites\catchAsync.uti.js:4:3
    at Layer.handleRequest (C:\Users\yosef\OneDrive\Desktop\NTI\Ecommerce Backend\node_modules\router\lib\layer.js:152:17)
    at next (C:\Users\yosef\OneDrive\Desktop\NTI\Ecommerce Backend\node_modules\router\lib\route.js:157:13)
    at Route.dispatch (C:\Users\yosef\OneDrive\Desktop\NTI\Ecommerce Backend\node_modules\router\lib\route.js:117:3)
    at handle (C:\Users\yosef\OneDrive\Desktop\NTI\Ecommerce Backend\node_modules\router\index.js:435:11)
    at Layer.handleRequest (C:\Users\yosef\OneDrive\Desktop\NTI\Ecommerce Backend\node_modules\router\lib\layer.js:152:17)
    at C:\Users\yosef\OneDrive\Desktop\NTI\Ecommerce Backend\node_modules\router\index.js:295:15
    at processParams (C:\Users\yosef\OneDrive\Desktop\NTI\Ecommerce Backend\node_modules\router\index.js:582:12)
    at next (C:\Users\yosef\OneDrive\Desktop\NTI\Ecommerce Backend\node_modules\router\index.js:291:5)
13-05-2026 23:57:13 |ERROR| Error | GET | /api/v1/cart : Cannot read properties of undefined (reading '_id') 
TypeError: Cannot read properties of undefined (reading '_id')
    at C:\Users\yosef\OneDrive\Desktop\NTI\Ecommerce Backend\controller\cart.controller.js:62:26
    at C:\Users\yosef\OneDrive\Desktop\NTI\Ecommerce Backend\utilites\catchAsync.uti.js:4:3
    at Layer.handleRequest (C:\Users\yosef\OneDrive\Desktop\NTI\Ecommerce Backend\node_modules\router\lib\layer.js:152:17)
    at next (C:\Users\yosef\OneDrive\Desktop\NTI\Ecommerce Backend\node_modules\router\lib\route.js:157:13)
    at Route.dispatch (C:\Users\yosef\OneDrive\Desktop\NTI\Ecommerce Backend\node_modules\router\lib\route.js:117:3)
    at handle (C:\Users\yosef\OneDrive\Desktop\NTI\Ecommerce Backend\node_modules\router\index.js:435:11)
    at Layer.handleRequest (C:\Users\yosef\OneDrive\Desktop\NTI\Ecommerce Backend\node_modules\router\lib\layer.js:152:17)
    at C:\Users\yosef\OneDrive\Desktop\NTI\Ecommerce Backend\node_modules\router\index.js:295:15
    at processParams (C:\Users\yosef\OneDrive\Desktop\NTI\Ecommerce Backend\node_modules\router\index.js:582:12)
    at next (C:\Users\yosef\OneDrive\Desktop\NTI\Ecommerce Backend\node_modules\router\index.js:291:5)
13-05-2026 23:57:13 |ERROR| Error | GET | /api/v1/cart : Cannot read properties of undefined (reading '_id') 
TypeError: Cannot read properties of undefined (reading '_id')
    at C:\Users\yosef\OneDrive\Desktop\NTI\Ecommerce Backend\controller\cart.controller.js:62:26
    at C:\Users\yosef\OneDrive\Desktop\NTI\Ecommerce Backend\utilites\catchAsync.uti.js:4:3
    at Layer.handleRequest (C:\Users\yosef\OneDrive\Desktop\NTI\Ecommerce Backend\node_modules\router\lib\layer.js:152:17)
    at next (C:\Users\yosef\OneDrive\Desktop\NTI\Ecommerce Backend\node_modules\router\lib\route.js:157:13)
    at Route.dispatch (C:\Users\yosef\OneDrive\Desktop\NTI\Ecommerce Backend\node_modules\router\lib\route.js:117:3)
    at handle (C:\Users\yosef\OneDrive\Desktop\NTI\Ecommerce Backend\node_modules\router\index.js:435:11)
    at Layer.handleRequest (C:\Users\yosef\OneDrive\Desktop\NTI\Ecommerce Backend\node_modules\router\lib\layer.js:152:17)
    at C:\Users\yosef\OneDrive\Desktop\NTI\Ecommerce Backend\node_modules\router\index.js:295:15
    at processParams (C:\Users\yosef\OneDrive\Desktop\NTI\Ecommerce Backend\node_modules\router\index.js:582:12)
    at next (C:\Users\yosef\OneDrive\Desktop\NTI\Ecommerce Backend\node_modules\router\index.js:291:5)
13-05-2026 23:57:14 |ERROR| Error | GET | /api/v1/cart : Cannot read properties of undefined (reading '_id') 
TypeError: Cannot read properties of undefined (reading '_id')
    at C:\Users\yosef\OneDrive\Desktop\NTI\Ecommerce Backend\controller\cart.controller.js:62:26
    at C:\Users\yosef\OneDrive\Desktop\NTI\Ecommerce Backend\utilites\catchAsync.uti.js:4:3
    at Layer.handleRequest (C:\Users\yosef\OneDrive\Desktop\NTI\Ecommerce Backend\node_modules\router\lib\layer.js:152:17)
    at next (C:\Users\yosef\OneDrive\Desktop\NTI\Ecommerce Backend\node_modules\router\lib\route.js:157:13)
    at Route.dispatch (C:\Users\yosef\OneDrive\Desktop\NTI\Ecommerce Backend\node_modules\router\lib\route.js:117:3)
    at handle (C:\Users\yosef\OneDrive\Desktop\NTI\Ecommerce Backend\node_modules\router\index.js:435:11)
    at Layer.handleRequest (C:\Users\yosef\OneDrive\Desktop\NTI\Ecommerce Backend\node_modules\router\lib\layer.js:152:17)
    at C:\Users\yosef\OneDrive\Desktop\NTI\Ecommerce Backend\node_modules\router\index.js:295:15
    at processParams (C:\Users\yosef\OneDrive\Desktop\NTI\Ecommerce Backend\node_modules\router\index.js:582:12)
    at next (C:\Users\yosef\OneDrive\Desktop\NTI\Ecommerce Backend\node_modules\router\index.js:291:5)
13-05-2026 23:57:15 |INFO| Products listed! 
13-05-2026 23:57:21 |ERROR| Error | GET | /api/v1/cart : Cannot read properties of undefined (reading '_id') 
TypeError: Cannot read properties of undefined (reading '_id')
    at C:\Users\yosef\OneDrive\Desktop\NTI\Ecommerce Backend\controller\cart.controller.js:62:26
    at C:\Users\yosef\OneDrive\Desktop\NTI\Ecommerce Backend\utilites\catchAsync.uti.js:4:3
    at Layer.handleRequest (C:\Users\yosef\OneDrive\Desktop\NTI\Ecommerce Backend\node_modules\router\lib\layer.js:152:17)
    at next (C:\Users\yosef\OneDrive\Desktop\NTI\Ecommerce Backend\node_modules\router\lib\route.js:157:13)
    at Route.dispatch (C:\Users\yosef\OneDrive\Desktop\NTI\Ecommerce Backend\node_modules\router\lib\route.js:117:3)
    at handle (C:\Users\yosef\OneDrive\Desktop\NTI\Ecommerce Backend\node_modules\router\index.js:435:11)
    at Layer.handleRequest (C:\Users\yosef\OneDrive\Desktop\NTI\Ecommerce Backend\node_modules\router\lib\layer.js:152:17)
    at C:\Users\yosef\OneDrive\Desktop\NTI\Ecommerce Backend\node_modules\router\index.js:295:15
    at processParams (C:\Users\yosef\OneDrive\Desktop\NTI\Ecommerce Backend\node_modules\router\index.js:582:12)
    at next (C:\Users\yosef\OneDrive\Desktop\NTI\Ecommerce Backend\node_modules\router\index.js:291:5)
13-05-2026 23:57:22 |INFO| Products listed! 
13-05-2026 23:57:35 |INFO| Products listed! 
13-05-2026 23:57:36 |INFO| Products listed! 
13-05-2026 23:57:36 |INFO| Products listed! 
13-05-2026 23:57:36 |INFO| Products listed! 
13-05-2026 23:57:41 |ERROR| Error | GET | /api/v1/cart : Cannot read properties of undefined (reading '_id') 
TypeError: Cannot read properties of undefined (reading '_id')
    at C:\Users\yosef\OneDrive\Desktop\NTI\Ecommerce Backend\controller\cart.controller.js:62:26
    at C:\Users\yosef\OneDrive\Desktop\NTI\Ecommerce Backend\utilites\catchAsync.uti.js:4:3
    at Layer.handleRequest (C:\Users\yosef\OneDrive\Desktop\NTI\Ecommerce Backend\node_modules\router\lib\layer.js:152:17)
    at next (C:\Users\yosef\OneDrive\Desktop\NTI\Ecommerce Backend\node_modules\router\lib\route.js:157:13)
    at Route.dispatch (C:\Users\yosef\OneDrive\Desktop\NTI\Ecommerce Backend\node_modules\router\lib\route.js:117:3)
    at handle (C:\Users\yosef\OneDrive\Desktop\NTI\Ecommerce Backend\node_modules\router\index.js:435:11)
    at Layer.handleRequest (C:\Users\yosef\OneDrive\Desktop\NTI\Ecommerce Backend\node_modules\router\lib\layer.js:152:17)
    at C:\Users\yosef\OneDrive\Desktop\NTI\Ecommerce Backend\node_modules\router\index.js:295:15
    at processParams (C:\Users\yosef\OneDrive\Desktop\NTI\Ecommerce Backend\node_modules\router\index.js:582:12)
    at next (C:\Users\yosef\OneDrive\Desktop\NTI\Ecommerce Backend\node_modules\router\index.js:291:5)
13-05-2026 23:57:42 |INFO| Products listed! 
14-05-2026 00:08:11 |ERROR| Error | GET | /api/v1/cart : Cannot read properties of undefined (reading '_id') 
TypeError: Cannot read properties of undefined (reading '_id')
    at C:\Users\yosef\OneDrive\Desktop\NTI\Ecommerce Backend\controller\cart.controller.js:62:26
    at C:\Users\yosef\OneDrive\Desktop\NTI\Ecommerce Backend\utilites\catchAsync.uti.js:4:3
    at Layer.handleRequest (C:\Users\yosef\OneDrive\Desktop\NTI\Ecommerce Backend\node_modules\router\lib\layer.js:152:17)
    at next (C:\Users\yosef\OneDrive\Desktop\NTI\Ecommerce Backend\node_modules\router\lib\route.js:157:13)
    at Route.dispatch (C:\Users\yosef\OneDrive\Desktop\NTI\Ecommerce Backend\node_modules\router\lib\route.js:117:3)
    at handle (C:\Users\yosef\OneDrive\Desktop\NTI\Ecommerce Backend\node_modules\router\index.js:435:11)
    at Layer.handleRequest (C:\Users\yosef\OneDrive\Desktop\NTI\Ecommerce Backend\node_modules\router\lib\layer.js:152:17)
    at C:\Users\yosef\OneDrive\Desktop\NTI\Ecommerce Backend\node_modules\router\index.js:295:15
    at processParams (C:\Users\yosef\OneDrive\Desktop\NTI\Ecommerce Backend\node_modules\router\index.js:582:12)
    at next (C:\Users\yosef\OneDrive\Desktop\NTI\Ecommerce Backend\node_modules\router\index.js:291:5)
14-05-2026 00:08:34 |ERROR| Error | GET | /api/v1/cart : Cannot read properties of undefined (reading '_id') 
TypeError: Cannot read properties of undefined (reading '_id')
    at C:\Users\yosef\OneDrive\Desktop\NTI\Ecommerce Backend\controller\cart.controller.js:62:26
    at C:\Users\yosef\OneDrive\Desktop\NTI\Ecommerce Backend\utilites\catchAsync.uti.js:4:3
    at Layer.handleRequest (C:\Users\yosef\OneDrive\Desktop\NTI\Ecommerce Backend\node_modules\router\lib\layer.js:152:17)
    at next (C:\Users\yosef\OneDrive\Desktop\NTI\Ecommerce Backend\node_modules\router\lib\route.js:157:13)
    at Route.dispatch (C:\Users\yosef\OneDrive\Desktop\NTI\Ecommerce Backend\node_modules\router\lib\route.js:117:3)
    at handle (C:\Users\yosef\OneDrive\Desktop\NTI\Ecommerce Backend\node_modules\router\index.js:435:11)
    at Layer.handleRequest (C:\Users\yosef\OneDrive\Desktop\NTI\Ecommerce Backend\node_modules\router\lib\layer.js:152:17)
    at C:\Users\yosef\OneDrive\Desktop\NTI\Ecommerce Backend\node_modules\router\index.js:295:15
    at processParams (C:\Users\yosef\OneDrive\Desktop\NTI\Ecommerce Backend\node_modules\router\index.js:582:12)
    at next (C:\Users\yosef\OneDrive\Desktop\NTI\Ecommerce Backend\node_modules\router\index.js:291:5)
14-05-2026 00:08:46 |ERROR| Error | GET | /api/v1/cart : Cannot read properties of undefined (reading '_id') 
TypeError: Cannot read properties of undefined (reading '_id')
    at C:\Users\yosef\OneDrive\Desktop\NTI\Ecommerce Backend\controller\cart.controller.js:62:26
    at C:\Users\yosef\OneDrive\Desktop\NTI\Ecommerce Backend\utilites\catchAsync.uti.js:4:3
    at Layer.handleRequest (C:\Users\yosef\OneDrive\Desktop\NTI\Ecommerce Backend\node_modules\router\lib\layer.js:152:17)
    at next (C:\Users\yosef\OneDrive\Desktop\NTI\Ecommerce Backend\node_modules\router\lib\route.js:157:13)
    at Route.dispatch (C:\Users\yosef\OneDrive\Desktop\NTI\Ecommerce Backend\node_modules\router\lib\route.js:117:3)
    at handle (C:\Users\yosef\OneDrive\Desktop\NTI\Ecommerce Backend\node_modules\router\index.js:435:11)
    at Layer.handleRequest (C:\Users\yosef\OneDrive\Desktop\NTI\Ecommerce Backend\node_modules\router\lib\layer.js:152:17)
    at C:\Users\yosef\OneDrive\Desktop\NTI\Ecommerce Backend\node_modules\router\index.js:295:15
    at processParams (C:\Users\yosef\OneDrive\Desktop\NTI\Ecommerce Backend\node_modules\router\index.js:582:12)
    at next (C:\Users\yosef\OneDrive\Desktop\NTI\Ecommerce Backend\node_modules\router\index.js:291:5)
14-05-2026 00:10:35 |ERROR| Error | GET | /api/v1/cart : Cannot read properties of undefined (reading '_id') 
TypeError: Cannot read properties of undefined (reading '_id')
    at C:\Users\yosef\OneDrive\Desktop\NTI\Ecommerce Backend\controller\cart.controller.js:62:26
    at C:\Users\yosef\OneDrive\Desktop\NTI\Ecommerce Backend\utilites\catchAsync.uti.js:4:3
    at Layer.handleRequest (C:\Users\yosef\OneDrive\Desktop\NTI\Ecommerce Backend\node_modules\router\lib\layer.js:152:17)
    at next (C:\Users\yosef\OneDrive\Desktop\NTI\Ecommerce Backend\node_modules\router\lib\route.js:157:13)
    at Route.dispatch (C:\Users\yosef\OneDrive\Desktop\NTI\Ecommerce Backend\node_modules\router\lib\route.js:117:3)
    at handle (C:\Users\yosef\OneDrive\Desktop\NTI\Ecommerce Backend\node_modules\router\index.js:435:11)
    at Layer.handleRequest (C:\Users\yosef\OneDrive\Desktop\NTI\Ecommerce Backend\node_modules\router\lib\layer.js:152:17)
    at C:\Users\yosef\OneDrive\Desktop\NTI\Ecommerce Backend\node_modules\router\index.js:295:15
    at processParams (C:\Users\yosef\OneDrive\Desktop\NTI\Ecommerce Backend\node_modules\router\index.js:582:12)
    at next (C:\Users\yosef\OneDrive\Desktop\NTI\Ecommerce Backend\node_modules\router\index.js:291:5)
14-05-2026 00:12:00 |ERROR| Error | GET | /api/v1/cart : Cannot read properties of undefined (reading '_id') 
TypeError: Cannot read properties of undefined (reading '_id')
    at C:\Users\yosef\OneDrive\Desktop\NTI\Ecommerce Backend\controller\cart.controller.js:62:26
    at C:\Users\yosef\OneDrive\Desktop\NTI\Ecommerce Backend\utilites\catchAsync.uti.js:4:3
    at Layer.handleRequest (C:\Users\yosef\OneDrive\Desktop\NTI\Ecommerce Backend\node_modules\router\lib\layer.js:152:17)
    at next (C:\Users\yosef\OneDrive\Desktop\NTI\Ecommerce Backend\node_modules\router\lib\route.js:157:13)
    at Route.dispatch (C:\Users\yosef\OneDrive\Desktop\NTI\Ecommerce Backend\node_modules\router\lib\route.js:117:3)
    at handle (C:\Users\yosef\OneDrive\Desktop\NTI\Ecommerce Backend\node_modules\router\index.js:435:11)
    at Layer.handleRequest (C:\Users\yosef\OneDrive\Desktop\NTI\Ecommerce Backend\node_modules\router\lib\layer.js:152:17)
    at C:\Users\yosef\OneDrive\Desktop\NTI\Ecommerce Backend\node_modules\router\index.js:295:15
    at processParams (C:\Users\yosef\OneDrive\Desktop\NTI\Ecommerce Backend\node_modules\router\index.js:582:12)
    at next (C:\Users\yosef\OneDrive\Desktop\NTI\Ecommerce Backend\node_modules\router\index.js:291:5)
14-05-2026 00:12:23 |ERROR| Error | GET | /api/v1/cart : Cannot read properties of undefined (reading '_id') 
TypeError: Cannot read properties of undefined (reading '_id')
    at C:\Users\yosef\OneDrive\Desktop\NTI\Ecommerce Backend\controller\cart.controller.js:62:26
    at C:\Users\yosef\OneDrive\Desktop\NTI\Ecommerce Backend\utilites\catchAsync.uti.js:4:3
    at Layer.handleRequest (C:\Users\yosef\OneDrive\Desktop\NTI\Ecommerce Backend\node_modules\router\lib\layer.js:152:17)
    at next (C:\Users\yosef\OneDrive\Desktop\NTI\Ecommerce Backend\node_modules\router\lib\route.js:157:13)
    at Route.dispatch (C:\Users\yosef\OneDrive\Desktop\NTI\Ecommerce Backend\node_modules\router\lib\route.js:117:3)
    at handle (C:\Users\yosef\OneDrive\Desktop\NTI\Ecommerce Backend\node_modules\router\index.js:435:11)
    at Layer.handleRequest (C:\Users\yosef\OneDrive\Desktop\NTI\Ecommerce Backend\node_modules\router\lib\layer.js:152:17)
    at C:\Users\yosef\OneDrive\Desktop\NTI\Ecommerce Backend\node_modules\router\index.js:295:15
    at processParams (C:\Users\yosef\OneDrive\Desktop\NTI\Ecommerce Backend\node_modules\router\index.js:582:12)
    at next (C:\Users\yosef\OneDrive\Desktop\NTI\Ecommerce Backend\node_modules\router\index.js:291:5)
14-05-2026 00:16:08 |ERROR| Error | GET | /api/v1/cart : Cannot read properties of undefined (reading '_id') 
TypeError: Cannot read properties of undefined (reading '_id')
    at C:\Users\yosef\OneDrive\Desktop\NTI\Ecommerce Backend\controller\cart.controller.js:62:26
    at C:\Users\yosef\OneDrive\Desktop\NTI\Ecommerce Backend\utilites\catchAsync.uti.js:4:3
    at Layer.handleRequest (C:\Users\yosef\OneDrive\Desktop\NTI\Ecommerce Backend\node_modules\router\lib\layer.js:152:17)
    at next (C:\Users\yosef\OneDrive\Desktop\NTI\Ecommerce Backend\node_modules\router\lib\route.js:157:13)
    at Route.dispatch (C:\Users\yosef\OneDrive\Desktop\NTI\Ecommerce Backend\node_modules\router\lib\route.js:117:3)
    at handle (C:\Users\yosef\OneDrive\Desktop\NTI\Ecommerce Backend\node_modules\router\index.js:435:11)
    at Layer.handleRequest (C:\Users\yosef\OneDrive\Desktop\NTI\Ecommerce Backend\node_modules\router\lib\layer.js:152:17)
    at C:\Users\yosef\OneDrive\Desktop\NTI\Ecommerce Backend\node_modules\router\index.js:295:15
    at processParams (C:\Users\yosef\OneDrive\Desktop\NTI\Ecommerce Backend\node_modules\router\index.js:582:12)
    at next (C:\Users\yosef\OneDrive\Desktop\NTI\Ecommerce Backend\node_modules\router\index.js:291:5)
14-05-2026 00:16:20 |ERROR| Error | GET | /api/v1/cart : Cannot read properties of undefined (reading '_id') 
TypeError: Cannot read properties of undefined (reading '_id')
    at C:\Users\yosef\OneDrive\Desktop\NTI\Ecommerce Backend\controller\cart.controller.js:62:26
    at C:\Users\yosef\OneDrive\Desktop\NTI\Ecommerce Backend\utilites\catchAsync.uti.js:4:3
    at Layer.handleRequest (C:\Users\yosef\OneDrive\Desktop\NTI\Ecommerce Backend\node_modules\router\lib\layer.js:152:17)
    at next (C:\Users\yosef\OneDrive\Desktop\NTI\Ecommerce Backend\node_modules\router\lib\route.js:157:13)
    at Route.dispatch (C:\Users\yosef\OneDrive\Desktop\NTI\Ecommerce Backend\node_modules\router\lib\route.js:117:3)
    at handle (C:\Users\yosef\OneDrive\Desktop\NTI\Ecommerce Backend\node_modules\router\index.js:435:11)
    at Layer.handleRequest (C:\Users\yosef\OneDrive\Desktop\NTI\Ecommerce Backend\node_modules\router\lib\layer.js:152:17)
    at C:\Users\yosef\OneDrive\Desktop\NTI\Ecommerce Backend\node_modules\router\index.js:295:15
    at processParams (C:\Users\yosef\OneDrive\Desktop\NTI\Ecommerce Backend\node_modules\router\index.js:582:12)
    at next (C:\Users\yosef\OneDrive\Desktop\NTI\Ecommerce Backend\node_modules\router\index.js:291:5)
14-05-2026 00:23:11 |ERROR| Error | GET | /api/v1/cart : Cannot read properties of undefined (reading '_id') 
TypeError: Cannot read properties of undefined (reading '_id')
    at C:\Users\yosef\OneDrive\Desktop\NTI\Ecommerce Backend\controller\cart.controller.js:62:26
    at C:\Users\yosef\OneDrive\Desktop\NTI\Ecommerce Backend\utilites\catchAsync.uti.js:4:3
    at Layer.handleRequest (C:\Users\yosef\OneDrive\Desktop\NTI\Ecommerce Backend\node_modules\router\lib\layer.js:152:17)
    at next (C:\Users\yosef\OneDrive\Desktop\NTI\Ecommerce Backend\node_modules\router\lib\route.js:157:13)
    at Route.dispatch (C:\Users\yosef\OneDrive\Desktop\NTI\Ecommerce Backend\node_modules\router\lib\route.js:117:3)
    at handle (C:\Users\yosef\OneDrive\Desktop\NTI\Ecommerce Backend\node_modules\router\index.js:435:11)
    at Layer.handleRequest (C:\Users\yosef\OneDrive\Desktop\NTI\Ecommerce Backend\node_modules\router\lib\layer.js:152:17)
    at C:\Users\yosef\OneDrive\Desktop\NTI\Ecommerce Backend\node_modules\router\index.js:295:15
    at processParams (C:\Users\yosef\OneDrive\Desktop\NTI\Ecommerce Backend\node_modules\router\index.js:582:12)
    at next (C:\Users\yosef\OneDrive\Desktop\NTI\Ecommerce Backend\node_modules\router\index.js:291:5)
14-05-2026 00:23:47 |ERROR| Error | GET | /api/v1/cart : Cannot read properties of undefined (reading '_id') 
TypeError: Cannot read properties of undefined (reading '_id')
    at C:\Users\yosef\OneDrive\Desktop\NTI\Ecommerce Backend\controller\cart.controller.js:62:26
    at C:\Users\yosef\OneDrive\Desktop\NTI\Ecommerce Backend\utilites\catchAsync.uti.js:4:3
    at Layer.handleRequest (C:\Users\yosef\OneDrive\Desktop\NTI\Ecommerce Backend\node_modules\router\lib\layer.js:152:17)
    at next (C:\Users\yosef\OneDrive\Desktop\NTI\Ecommerce Backend\node_modules\router\lib\route.js:157:13)
    at Route.dispatch (C:\Users\yosef\OneDrive\Desktop\NTI\Ecommerce Backend\node_modules\router\lib\route.js:117:3)
    at handle (C:\Users\yosef\OneDrive\Desktop\NTI\Ecommerce Backend\node_modules\router\index.js:435:11)
    at Layer.handleRequest (C:\Users\yosef\OneDrive\Desktop\NTI\Ecommerce Backend\node_modules\router\lib\layer.js:152:17)
    at C:\Users\yosef\OneDrive\Desktop\NTI\Ecommerce Backend\node_modules\router\index.js:295:15
    at processParams (C:\Users\yosef\OneDrive\Desktop\NTI\Ecommerce Backend\node_modules\router\index.js:582:12)
    at next (C:\Users\yosef\OneDrive\Desktop\NTI\Ecommerce Backend\node_modules\router\index.js:291:5)
14-05-2026 00:24:13 |ERROR| Error | GET | /api/v1/cart : Cannot read properties of undefined (reading '_id') 
TypeError: Cannot read properties of undefined (reading '_id')
    at C:\Users\yosef\OneDrive\Desktop\NTI\Ecommerce Backend\controller\cart.controller.js:62:26
    at C:\Users\yosef\OneDrive\Desktop\NTI\Ecommerce Backend\utilites\catchAsync.uti.js:4:3
    at Layer.handleRequest (C:\Users\yosef\OneDrive\Desktop\NTI\Ecommerce Backend\node_modules\router\lib\layer.js:152:17)
    at next (C:\Users\yosef\OneDrive\Desktop\NTI\Ecommerce Backend\node_modules\router\lib\route.js:157:13)
    at Route.dispatch (C:\Users\yosef\OneDrive\Desktop\NTI\Ecommerce Backend\node_modules\router\lib\route.js:117:3)
    at handle (C:\Users\yosef\OneDrive\Desktop\NTI\Ecommerce Backend\node_modules\router\index.js:435:11)
    at Layer.handleRequest (C:\Users\yosef\OneDrive\Desktop\NTI\Ecommerce Backend\node_modules\router\lib\layer.js:152:17)
    at C:\Users\yosef\OneDrive\Desktop\NTI\Ecommerce Backend\node_modules\router\index.js:295:15
    at processParams (C:\Users\yosef\OneDrive\Desktop\NTI\Ecommerce Backend\node_modules\router\index.js:582:12)
    at next (C:\Users\yosef\OneDrive\Desktop\NTI\Ecommerce Backend\node_modules\router\index.js:291:5)
14-05-2026 00:24:14 |ERROR| Error | GET | /api/v1/cart : Cannot read properties of undefined (reading '_id') 
TypeError: Cannot read properties of undefined (reading '_id')
    at C:\Users\yosef\OneDrive\Desktop\NTI\Ecommerce Backend\controller\cart.controller.js:62:26
    at C:\Users\yosef\OneDrive\Desktop\NTI\Ecommerce Backend\utilites\catchAsync.uti.js:4:3
    at Layer.handleRequest (C:\Users\yosef\OneDrive\Desktop\NTI\Ecommerce Backend\node_modules\router\lib\layer.js:152:17)
    at next (C:\Users\yosef\OneDrive\Desktop\NTI\Ecommerce Backend\node_modules\router\lib\route.js:157:13)
    at Route.dispatch (C:\Users\yosef\OneDrive\Desktop\NTI\Ecommerce Backend\node_modules\router\lib\route.js:117:3)
    at handle (C:\Users\yosef\OneDrive\Desktop\NTI\Ecommerce Backend\node_modules\router\index.js:435:11)
    at Layer.handleRequest (C:\Users\yosef\OneDrive\Desktop\NTI\Ecommerce Backend\node_modules\router\lib\layer.js:152:17)
    at C:\Users\yosef\OneDrive\Desktop\NTI\Ecommerce Backend\node_modules\router\index.js:295:15
    at processParams (C:\Users\yosef\OneDrive\Desktop\NTI\Ecommerce Backend\node_modules\router\index.js:582:12)
    at next (C:\Users\yosef\OneDrive\Desktop\NTI\Ecommerce Backend\node_modules\router\index.js:291:5)
14-05-2026 00:24:27 |ERROR| Error | GET | /api/v1/cart : Cannot read properties of undefined (reading '_id') 
TypeError: Cannot read properties of undefined (reading '_id')
    at C:\Users\yosef\OneDrive\Desktop\NTI\Ecommerce Backend\controller\cart.controller.js:62:26
    at C:\Users\yosef\OneDrive\Desktop\NTI\Ecommerce Backend\utilites\catchAsync.uti.js:4:3
    at Layer.handleRequest (C:\Users\yosef\OneDrive\Desktop\NTI\Ecommerce Backend\node_modules\router\lib\layer.js:152:17)
    at next (C:\Users\yosef\OneDrive\Desktop\NTI\Ecommerce Backend\node_modules\router\lib\route.js:157:13)
    at Route.dispatch (C:\Users\yosef\OneDrive\Desktop\NTI\Ecommerce Backend\node_modules\router\lib\route.js:117:3)
    at handle (C:\Users\yosef\OneDrive\Desktop\NTI\Ecommerce Backend\node_modules\router\index.js:435:11)
    at Layer.handleRequest (C:\Users\yosef\OneDrive\Desktop\NTI\Ecommerce Backend\node_modules\router\lib\layer.js:152:17)
    at C:\Users\yosef\OneDrive\Desktop\NTI\Ecommerce Backend\node_modules\router\index.js:295:15
    at processParams (C:\Users\yosef\OneDrive\Desktop\NTI\Ecommerce Backend\node_modules\router\index.js:582:12)
    at next (C:\Users\yosef\OneDrive\Desktop\NTI\Ecommerce Backend\node_modules\router\index.js:291:5)
14-05-2026 00:24:53 |ERROR| Error | GET | /api/v1/cart : Cannot read properties of undefined (reading '_id') 
TypeError: Cannot read properties of undefined (reading '_id')
    at C:\Users\yosef\OneDrive\Desktop\NTI\Ecommerce Backend\controller\cart.controller.js:62:26
    at C:\Users\yosef\OneDrive\Desktop\NTI\Ecommerce Backend\utilites\catchAsync.uti.js:4:3
    at Layer.handleRequest (C:\Users\yosef\OneDrive\Desktop\NTI\Ecommerce Backend\node_modules\router\lib\layer.js:152:17)
    at next (C:\Users\yosef\OneDrive\Desktop\NTI\Ecommerce Backend\node_modules\router\lib\route.js:157:13)
    at Route.dispatch (C:\Users\yosef\OneDrive\Desktop\NTI\Ecommerce Backend\node_modules\router\lib\route.js:117:3)
    at handle (C:\Users\yosef\OneDrive\Desktop\NTI\Ecommerce Backend\node_modules\router\index.js:435:11)
    at Layer.handleRequest (C:\Users\yosef\OneDrive\Desktop\NTI\Ecommerce Backend\node_modules\router\lib\layer.js:152:17)
    at C:\Users\yosef\OneDrive\Desktop\NTI\Ecommerce Backend\node_modules\router\index.js:295:15
    at processParams (C:\Users\yosef\OneDrive\Desktop\NTI\Ecommerce Backend\node_modules\router\index.js:582:12)
    at next (C:\Users\yosef\OneDrive\Desktop\NTI\Ecommerce Backend\node_modules\router\index.js:291:5)
14-05-2026 00:24:58 |ERROR| Error | GET | /api/v1/cart : Cannot read properties of undefined (reading '_id') 
TypeError: Cannot read properties of undefined (reading '_id')
    at C:\Users\yosef\OneDrive\Desktop\NTI\Ecommerce Backend\controller\cart.controller.js:62:26
    at C:\Users\yosef\OneDrive\Desktop\NTI\Ecommerce Backend\utilites\catchAsync.uti.js:4:3
    at Layer.handleRequest (C:\Users\yosef\OneDrive\Desktop\NTI\Ecommerce Backend\node_modules\router\lib\layer.js:152:17)
    at next (C:\Users\yosef\OneDrive\Desktop\NTI\Ecommerce Backend\node_modules\router\lib\route.js:157:13)
    at Route.dispatch (C:\Users\yosef\OneDrive\Desktop\NTI\Ecommerce Backend\node_modules\router\lib\route.js:117:3)
    at handle (C:\Users\yosef\OneDrive\Desktop\NTI\Ecommerce Backend\node_modules\router\index.js:435:11)
    at Layer.handleRequest (C:\Users\yosef\OneDrive\Desktop\NTI\Ecommerce Backend\node_modules\router\lib\layer.js:152:17)
    at C:\Users\yosef\OneDrive\Desktop\NTI\Ecommerce Backend\node_modules\router\index.js:295:15
    at processParams (C:\Users\yosef\OneDrive\Desktop\NTI\Ecommerce Backend\node_modules\router\index.js:582:12)
    at next (C:\Users\yosef\OneDrive\Desktop\NTI\Ecommerce Backend\node_modules\router\index.js:291:5)
14-05-2026 00:26:16 |ERROR| Error | GET | /api/v1/cart : Cannot read properties of undefined (reading '_id') 
TypeError: Cannot read properties of undefined (reading '_id')
    at C:\Users\yosef\OneDrive\Desktop\NTI\Ecommerce Backend\controller\cart.controller.js:62:26
    at C:\Users\yosef\OneDrive\Desktop\NTI\Ecommerce Backend\utilites\catchAsync.uti.js:4:3
    at Layer.handleRequest (C:\Users\yosef\OneDrive\Desktop\NTI\Ecommerce Backend\node_modules\router\lib\layer.js:152:17)
    at next (C:\Users\yosef\OneDrive\Desktop\NTI\Ecommerce Backend\node_modules\router\lib\route.js:157:13)
    at Route.dispatch (C:\Users\yosef\OneDrive\Desktop\NTI\Ecommerce Backend\node_modules\router\lib\route.js:117:3)
    at handle (C:\Users\yosef\OneDrive\Desktop\NTI\Ecommerce Backend\node_modules\router\index.js:435:11)
    at Layer.handleRequest (C:\Users\yosef\OneDrive\Desktop\NTI\Ecommerce Backend\node_modules\router\lib\layer.js:152:17)
    at C:\Users\yosef\OneDrive\Desktop\NTI\Ecommerce Backend\node_modules\router\index.js:295:15
    at processParams (C:\Users\yosef\OneDrive\Desktop\NTI\Ecommerce Backend\node_modules\router\index.js:582:12)
    at next (C:\Users\yosef\OneDrive\Desktop\NTI\Ecommerce Backend\node_modules\router\index.js:291:5)
14-05-2026 00:26:38 |ERROR| Error | GET | /api/v1/cart : Cannot read properties of undefined (reading '_id') 
TypeError: Cannot read properties of undefined (reading '_id')
    at C:\Users\yosef\OneDrive\Desktop\NTI\Ecommerce Backend\controller\cart.controller.js:62:26
    at C:\Users\yosef\OneDrive\Desktop\NTI\Ecommerce Backend\utilites\catchAsync.uti.js:4:3
    at Layer.handleRequest (C:\Users\yosef\OneDrive\Desktop\NTI\Ecommerce Backend\node_modules\router\lib\layer.js:152:17)
    at next (C:\Users\yosef\OneDrive\Desktop\NTI\Ecommerce Backend\node_modules\router\lib\route.js:157:13)
    at Route.dispatch (C:\Users\yosef\OneDrive\Desktop\NTI\Ecommerce Backend\node_modules\router\lib\route.js:117:3)
    at handle (C:\Users\yosef\OneDrive\Desktop\NTI\Ecommerce Backend\node_modules\router\index.js:435:11)
    at Layer.handleRequest (C:\Users\yosef\OneDrive\Desktop\NTI\Ecommerce Backend\node_modules\router\lib\layer.js:152:17)
    at C:\Users\yosef\OneDrive\Desktop\NTI\Ecommerce Backend\node_modules\router\index.js:295:15
    at processParams (C:\Users\yosef\OneDrive\Desktop\NTI\Ecommerce Backend\node_modules\router\index.js:582:12)
    at next (C:\Users\yosef\OneDrive\Desktop\NTI\Ecommerce Backend\node_modules\router\index.js:291:5)
14-05-2026 00:26:43 |ERROR| Error | GET | /api/v1/cart : Cannot read properties of undefined (reading '_id') 
TypeError: Cannot read properties of undefined (reading '_id')
    at C:\Users\yosef\OneDrive\Desktop\NTI\Ecommerce Backend\controller\cart.controller.js:62:26
    at C:\Users\yosef\OneDrive\Desktop\NTI\Ecommerce Backend\utilites\catchAsync.uti.js:4:3
    at Layer.handleRequest (C:\Users\yosef\OneDrive\Desktop\NTI\Ecommerce Backend\node_modules\router\lib\layer.js:152:17)
    at next (C:\Users\yosef\OneDrive\Desktop\NTI\Ecommerce Backend\node_modules\router\lib\route.js:157:13)
    at Route.dispatch (C:\Users\yosef\OneDrive\Desktop\NTI\Ecommerce Backend\node_modules\router\lib\route.js:117:3)
    at handle (C:\Users\yosef\OneDrive\Desktop\NTI\Ecommerce Backend\node_modules\router\index.js:435:11)
    at Layer.handleRequest (C:\Users\yosef\OneDrive\Desktop\NTI\Ecommerce Backend\node_modules\router\lib\layer.js:152:17)
    at C:\Users\yosef\OneDrive\Desktop\NTI\Ecommerce Backend\node_modules\router\index.js:295:15
    at processParams (C:\Users\yosef\OneDrive\Desktop\NTI\Ecommerce Backend\node_modules\router\index.js:582:12)
    at next (C:\Users\yosef\OneDrive\Desktop\NTI\Ecommerce Backend\node_modules\router\index.js:291:5)
14-05-2026 00:27:36 |ERROR| Error | GET | /api/v1/cart : Cannot read properties of undefined (reading '_id') 
TypeError: Cannot read properties of undefined (reading '_id')
    at C:\Users\yosef\OneDrive\Desktop\NTI\Ecommerce Backend\controller\cart.controller.js:62:26
    at C:\Users\yosef\OneDrive\Desktop\NTI\Ecommerce Backend\utilites\catchAsync.uti.js:4:3
    at Layer.handleRequest (C:\Users\yosef\OneDrive\Desktop\NTI\Ecommerce Backend\node_modules\router\lib\layer.js:152:17)
    at next (C:\Users\yosef\OneDrive\Desktop\NTI\Ecommerce Backend\node_modules\router\lib\route.js:157:13)
    at Route.dispatch (C:\Users\yosef\OneDrive\Desktop\NTI\Ecommerce Backend\node_modules\router\lib\route.js:117:3)
    at handle (C:\Users\yosef\OneDrive\Desktop\NTI\Ecommerce Backend\node_modules\router\index.js:435:11)
    at Layer.handleRequest (C:\Users\yosef\OneDrive\Desktop\NTI\Ecommerce Backend\node_modules\router\lib\layer.js:152:17)
    at C:\Users\yosef\OneDrive\Desktop\NTI\Ecommerce Backend\node_modules\router\index.js:295:15
    at processParams (C:\Users\yosef\OneDrive\Desktop\NTI\Ecommerce Backend\node_modules\router\index.js:582:12)
    at next (C:\Users\yosef\OneDrive\Desktop\NTI\Ecommerce Backend\node_modules\router\index.js:291:5)
14-05-2026 00:28:33 |ERROR| Error | GET | /api/v1/cart : unauthorized, no token provided! 
Error: unauthorized, no token provided!
    at exports.authanticate (C:\Users\yosef\OneDrive\Desktop\NTI\Ecommerce Backend\middlewares\auth.middleware.js:8:15)
    at Layer.handleRequest (C:\Users\yosef\OneDrive\Desktop\NTI\Ecommerce Backend\node_modules\router\lib\layer.js:152:17)
    at next (C:\Users\yosef\OneDrive\Desktop\NTI\Ecommerce Backend\node_modules\router\lib\route.js:157:13)
    at Route.dispatch (C:\Users\yosef\OneDrive\Desktop\NTI\Ecommerce Backend\node_modules\router\lib\route.js:117:3)
    at handle (C:\Users\yosef\OneDrive\Desktop\NTI\Ecommerce Backend\node_modules\router\index.js:435:11)
    at Layer.handleRequest (C:\Users\yosef\OneDrive\Desktop\NTI\Ecommerce Backend\node_modules\router\lib\layer.js:152:17)
    at C:\Users\yosef\OneDrive\Desktop\NTI\Ecommerce Backend\node_modules\router\index.js:295:15
    at processParams (C:\Users\yosef\OneDrive\Desktop\NTI\Ecommerce Backend\node_modules\router\index.js:582:12)
    at next (C:\Users\yosef\OneDrive\Desktop\NTI\Ecommerce Backend\node_modules\router\index.js:291:5)
    at router.handle (C:\Users\yosef\OneDrive\Desktop\NTI\Ecommerce Backend\node_modules\router\index.js:186:3)
14-05-2026 00:28:38 |ERROR| Error | GET | /api/v1/cart : no cart found 
Error: no cart found
    at C:\Users\yosef\OneDrive\Desktop\NTI\Ecommerce Backend\controller\cart.controller.js:66:15
    at process.processTicksAndRejections (node:internal/process/task_queues:104:5)
14-05-2026 00:28:41 |ERROR| Error | GET | /api/v1/cart : no cart found 
Error: no cart found
    at C:\Users\yosef\OneDrive\Desktop\NTI\Ecommerce Backend\controller\cart.controller.js:66:15
    at process.processTicksAndRejections (node:internal/process/task_queues:104:5)
14-05-2026 00:28:45 |ERROR| Error | GET | /api/v1/cart : no cart found 
Error: no cart found
    at C:\Users\yosef\OneDrive\Desktop\NTI\Ecommerce Backend\controller\cart.controller.js:66:15
    at process.processTicksAndRejections (node:internal/process/task_queues:104:5)
14-05-2026 00:28:50 |ERROR| Error | GET | /api/v1/cart : no cart found 
Error: no cart found
    at C:\Users\yosef\OneDrive\Desktop\NTI\Ecommerce Backend\controller\cart.controller.js:66:15
    at process.processTicksAndRejections (node:internal/process/task_queues:104:5)
14-05-2026 00:29:02 |ERROR| Error | GET | /api/v1/cart : no cart found 
Error: no cart found
    at C:\Users\yosef\OneDrive\Desktop\NTI\Ecommerce Backend\controller\cart.controller.js:66:15
    at process.processTicksAndRejections (node:internal/process/task_queues:104:5)
14-05-2026 00:29:06 |ERROR| Error | GET | /api/v1/cart : no cart found 
Error: no cart found
    at C:\Users\yosef\OneDrive\Desktop\NTI\Ecommerce Backend\controller\cart.controller.js:66:15
    at process.processTicksAndRejections (node:internal/process/task_queues:104:5)
14-05-2026 00:29:08 |ERROR| Error | GET | /api/v1/cart : no cart found 
Error: no cart found
    at C:\Users\yosef\OneDrive\Desktop\NTI\Ecommerce Backend\controller\cart.controller.js:66:15
    at process.processTicksAndRejections (node:internal/process/task_queues:104:5)
14-05-2026 00:29:12 |ERROR| Error | GET | /api/v1/cart : no cart found 
Error: no cart found
    at C:\Users\yosef\OneDrive\Desktop\NTI\Ecommerce Backend\controller\cart.controller.js:66:15
    at process.processTicksAndRejections (node:internal/process/task_queues:104:5)
14-05-2026 00:29:13 |ERROR| Error | GET | /api/v1/cart : no cart found 
Error: no cart found
    at C:\Users\yosef\OneDrive\Desktop\NTI\Ecommerce Backend\controller\cart.controller.js:66:15
    at process.processTicksAndRejections (node:internal/process/task_queues:104:5)
14-05-2026 00:30:17 |INFO| Products listed! 
14-05-2026 00:30:18 |ERROR| Error | GET | /api/v1/cart : Cannot read properties of undefined (reading '_id') 
TypeError: Cannot read properties of undefined (reading '_id')
    at C:\Users\yosef\OneDrive\Desktop\NTI\Ecommerce Backend\controller\cart.controller.js:62:26
    at C:\Users\yosef\OneDrive\Desktop\NTI\Ecommerce Backend\utilites\catchAsync.uti.js:4:3
    at Layer.handleRequest (C:\Users\yosef\OneDrive\Desktop\NTI\Ecommerce Backend\node_modules\router\lib\layer.js:152:17)
    at next (C:\Users\yosef\OneDrive\Desktop\NTI\Ecommerce Backend\node_modules\router\lib\route.js:157:13)
    at Route.dispatch (C:\Users\yosef\OneDrive\Desktop\NTI\Ecommerce Backend\node_modules\router\lib\route.js:117:3)
    at handle (C:\Users\yosef\OneDrive\Desktop\NTI\Ecommerce Backend\node_modules\router\index.js:435:11)
    at Layer.handleRequest (C:\Users\yosef\OneDrive\Desktop\NTI\Ecommerce Backend\node_modules\router\lib\layer.js:152:17)
    at C:\Users\yosef\OneDrive\Desktop\NTI\Ecommerce Backend\node_modules\router\index.js:295:15
    at processParams (C:\Users\yosef\OneDrive\Desktop\NTI\Ecommerce Backend\node_modules\router\index.js:582:12)
    at next (C:\Users\yosef\OneDrive\Desktop\NTI\Ecommerce Backend\node_modules\router\index.js:291:5)
14-05-2026 00:30:56 |ERROR| Error | GET | /api/v1/cart : Cannot read properties of undefined (reading '_id') 
TypeError: Cannot read properties of undefined (reading '_id')
    at C:\Users\yosef\OneDrive\Desktop\NTI\Ecommerce Backend\controller\cart.controller.js:62:26
    at C:\Users\yosef\OneDrive\Desktop\NTI\Ecommerce Backend\utilites\catchAsync.uti.js:4:3
    at Layer.handleRequest (C:\Users\yosef\OneDrive\Desktop\NTI\Ecommerce Backend\node_modules\router\lib\layer.js:152:17)
    at next (C:\Users\yosef\OneDrive\Desktop\NTI\Ecommerce Backend\node_modules\router\lib\route.js:157:13)
    at Route.dispatch (C:\Users\yosef\OneDrive\Desktop\NTI\Ecommerce Backend\node_modules\router\lib\route.js:117:3)
    at handle (C:\Users\yosef\OneDrive\Desktop\NTI\Ecommerce Backend\node_modules\router\index.js:435:11)
    at Layer.handleRequest (C:\Users\yosef\OneDrive\Desktop\NTI\Ecommerce Backend\node_modules\router\lib\layer.js:152:17)
    at C:\Users\yosef\OneDrive\Desktop\NTI\Ecommerce Backend\node_modules\router\index.js:295:15
    at processParams (C:\Users\yosef\OneDrive\Desktop\NTI\Ecommerce Backend\node_modules\router\index.js:582:12)
    at next (C:\Users\yosef\OneDrive\Desktop\NTI\Ecommerce Backend\node_modules\router\index.js:291:5)
14-05-2026 00:31:00 |ERROR| Error | GET | /api/v1/cart : Cannot read properties of undefined (reading '_id') 
TypeError: Cannot read properties of undefined (reading '_id')
    at C:\Users\yosef\OneDrive\Desktop\NTI\Ecommerce Backend\controller\cart.controller.js:62:26
    at C:\Users\yosef\OneDrive\Desktop\NTI\Ecommerce Backend\utilites\catchAsync.uti.js:4:3
    at Layer.handleRequest (C:\Users\yosef\OneDrive\Desktop\NTI\Ecommerce Backend\node_modules\router\lib\layer.js:152:17)
    at next (C:\Users\yosef\OneDrive\Desktop\NTI\Ecommerce Backend\node_modules\router\lib\route.js:157:13)
    at Route.dispatch (C:\Users\yosef\OneDrive\Desktop\NTI\Ecommerce Backend\node_modules\router\lib\route.js:117:3)
    at handle (C:\Users\yosef\OneDrive\Desktop\NTI\Ecommerce Backend\node_modules\router\index.js:435:11)
    at Layer.handleRequest (C:\Users\yosef\OneDrive\Desktop\NTI\Ecommerce Backend\node_modules\router\lib\layer.js:152:17)
    at C:\Users\yosef\OneDrive\Desktop\NTI\Ecommerce Backend\node_modules\router\index.js:295:15
    at processParams (C:\Users\yosef\OneDrive\Desktop\NTI\Ecommerce Backend\node_modules\router\index.js:582:12)
    at next (C:\Users\yosef\OneDrive\Desktop\NTI\Ecommerce Backend\node_modules\router\index.js:291:5)
14-05-2026 00:32:06 |ERROR| Error | GET | /api/v1/cart : no cart found 
Error: no cart found
    at C:\Users\yosef\OneDrive\Desktop\NTI\Ecommerce Backend\controller\cart.controller.js:66:15
    at process.processTicksAndRejections (node:internal/process/task_queues:104:5)
14-05-2026 00:32:13 |ERROR| Error | GET | /api/v1/cart : no cart found 
Error: no cart found
    at C:\Users\yosef\OneDrive\Desktop\NTI\Ecommerce Backend\controller\cart.controller.js:66:15
    at process.processTicksAndRejections (node:internal/process/task_queues:104:5)
14-05-2026 00:34:14 |ERROR| Error | GET | /api/v1/cart : no cart found 
Error: no cart found
    at C:\Users\yosef\OneDrive\Desktop\NTI\Ecommerce Backend\controller\cart.controller.js:66:15
    at process.processTicksAndRejections (node:internal/process/task_queues:104:5)
14-05-2026 00:34:41 |ERROR| Error | GET | /api/v1/cart : no cart found 
Error: no cart found
    at C:\Users\yosef\OneDrive\Desktop\NTI\Ecommerce Backend\controller\cart.controller.js:66:15
    at process.processTicksAndRejections (node:internal/process/task_queues:104:5)
14-05-2026 00:36:08 |ERROR| Error | GET | /api/v1/cart : no cart found 
Error: no cart found
    at C:\Users\yosef\OneDrive\Desktop\NTI\Ecommerce Backend\controller\cart.controller.js:66:15
    at process.processTicksAndRejections (node:internal/process/task_queues:104:5)
14-05-2026 00:38:18 |ERROR| Error | GET | /api/v1/cart : no cart found 
Error: no cart found
    at C:\Users\yosef\OneDrive\Desktop\NTI\Ecommerce Backend\controller\cart.controller.js:66:15
    at process.processTicksAndRejections (node:internal/process/task_queues:104:5)
14-05-2026 00:38:54 |ERROR| Error | GET | /api/v1/cart : no cart found 
Error: no cart found
    at C:\Users\yosef\OneDrive\Desktop\NTI\Ecommerce Backend\controller\cart.controller.js:66:15
    at process.processTicksAndRejections (node:internal/process/task_queues:104:5)
14-05-2026 00:45:14 |INFO| Products listed! 
14-05-2026 00:45:26 |INFO| Products listed! 
14-05-2026 00:45:56 |INFO| Products listed! 
14-05-2026 00:46:09 |INFO| Products listed! 
14-05-2026 00:46:14 |INFO| Products listed! 
14-05-2026 00:46:17 |INFO| Products listed! 
14-05-2026 00:47:25 |INFO| Products listed! 
14-05-2026 00:48:25 |INFO| Products listed! 
14-05-2026 00:49:27 |INFO| Products listed! 
14-05-2026 00:50:17 |INFO| Products listed! 
14-05-2026 00:53:19 |INFO| Products listed! 
14-05-2026 00:54:46 |INFO| Products listed! 
14-05-2026 00:54:52 |INFO| Products listed! 
14-05-2026 00:55:02 |INFO| Products listed! 
14-05-2026 00:55:05 |INFO| Products listed! 
14-05-2026 00:55:07 |INFO| Products listed! 
14-05-2026 01:03:31 |INFO| Products listed! 
14-05-2026 01:03:40 |INFO| Products listed! 
14-05-2026 01:04:09 |INFO| Products listed! 
14-05-2026 01:04:58 |INFO| Products listed! 
14-05-2026 01:05:07 |INFO| Products listed! 
14-05-2026 01:06:00 |INFO| Products listed! 
14-05-2026 01:06:04 |INFO| Products listed! 
14-05-2026 01:07:01 |INFO| Products listed! 
14-05-2026 01:07:07 |INFO| Products listed! 
14-05-2026 01:08:20 |INFO| Products listed! 
14-05-2026 01:08:24 |INFO| Products listed! 
14-05-2026 01:09:25 |INFO| Products listed! 
14-05-2026 01:09:26 |INFO| Cart updated! 
14-05-2026 01:09:27 |INFO| Cart updated! 
14-05-2026 01:09:27 |INFO| Cart updated! 
14-05-2026 01:09:27 |INFO| Cart updated! 
14-05-2026 01:09:30 |INFO| Cart listed! 
14-05-2026 01:09:48 |INFO| Cart Item is updated! 
14-05-2026 01:09:49 |ERROR| Error | GET | /api/files/undefined : can't find /api/files/undefined 
Error: can't find /api/files/undefined
    at C:\Users\yosef\OneDrive\Desktop\NTI\Ecommerce Backend\server.js:29:7
    at Layer.handleRequest (C:\Users\yosef\OneDrive\Desktop\NTI\Ecommerce Backend\node_modules\router\lib\layer.js:152:17)
    at trimPrefix (C:\Users\yosef\OneDrive\Desktop\NTI\Ecommerce Backend\node_modules\router\index.js:342:13)
    at C:\Users\yosef\OneDrive\Desktop\NTI\Ecommerce Backend\node_modules\router\index.js:297:9
    at processParams (C:\Users\yosef\OneDrive\Desktop\NTI\Ecommerce Backend\node_modules\router\index.js:582:12)
    at next (C:\Users\yosef\OneDrive\Desktop\NTI\Ecommerce Backend\node_modules\router\index.js:291:5)
    at SendStream.error (C:\Users\yosef\OneDrive\Desktop\NTI\Ecommerce Backend\node_modules\serve-static\index.js:120:7)
    at SendStream.emit (node:events:508:28)
    at SendStream.error (C:\Users\yosef\OneDrive\Desktop\NTI\Ecommerce Backend\node_modules\send\index.js:168:17)
    at SendStream.onStatError (C:\Users\yosef\OneDrive\Desktop\NTI\Ecommerce Backend\node_modules\send\index.js:315:12)
14-05-2026 01:09:50 |ERROR| Error | PATCH | /api/v1/cart : Product is required! 
Error: Product is required!
    at C:\Users\yosef\OneDrive\Desktop\NTI\Ecommerce Backend\controller\cart.controller.js:109:30
    at C:\Users\yosef\OneDrive\Desktop\NTI\Ecommerce Backend\utilites\catchAsync.uti.js:4:3
    at Layer.handleRequest (C:\Users\yosef\OneDrive\Desktop\NTI\Ecommerce Backend\node_modules\router\lib\layer.js:152:17)
    at next (C:\Users\yosef\OneDrive\Desktop\NTI\Ecommerce Backend\node_modules\router\lib\route.js:157:13)
    at C:\Users\yosef\OneDrive\Desktop\NTI\Ecommerce Backend\middlewares\role.middleware.js:8:3
    at Layer.handleRequest (C:\Users\yosef\OneDrive\Desktop\NTI\Ecommerce Backend\node_modules\router\lib\layer.js:152:17)
    at next (C:\Users\yosef\OneDrive\Desktop\NTI\Ecommerce Backend\node_modules\router\lib\route.js:157:13)
    at exports.authanticate (C:\Users\yosef\OneDrive\Desktop\NTI\Ecommerce Backend\middlewares\auth.middleware.js:17:2)
    at process.processTicksAndRejections (node:internal/process/task_queues:104:5)
14-05-2026 01:09:51 |ERROR| Error | PATCH | /api/v1/cart : Product is required! 
Error: Product is required!
    at C:\Users\yosef\OneDrive\Desktop\NTI\Ecommerce Backend\controller\cart.controller.js:109:30
    at C:\Users\yosef\OneDrive\Desktop\NTI\Ecommerce Backend\utilites\catchAsync.uti.js:4:3
    at Layer.handleRequest (C:\Users\yosef\OneDrive\Desktop\NTI\Ecommerce Backend\node_modules\router\lib\layer.js:152:17)
    at next (C:\Users\yosef\OneDrive\Desktop\NTI\Ecommerce Backend\node_modules\router\lib\route.js:157:13)
    at C:\Users\yosef\OneDrive\Desktop\NTI\Ecommerce Backend\middlewares\role.middleware.js:8:3
    at Layer.handleRequest (C:\Users\yosef\OneDrive\Desktop\NTI\Ecommerce Backend\node_modules\router\lib\layer.js:152:17)
    at next (C:\Users\yosef\OneDrive\Desktop\NTI\Ecommerce Backend\node_modules\router\lib\route.js:157:13)
    at exports.authanticate (C:\Users\yosef\OneDrive\Desktop\NTI\Ecommerce Backend\middlewares\auth.middleware.js:17:2)
    at process.processTicksAndRejections (node:internal/process/task_queues:104:5)
14-05-2026 01:09:54 |INFO| Cart listed! 
14-05-2026 01:12:07 |INFO| Cart listed! 
14-05-2026 01:12:09 |INFO| Cart listed! 
14-05-2026 01:12:09 |INFO| Cart listed! 
14-05-2026 01:12:09 |INFO| Cart listed! 
14-05-2026 01:12:27 |INFO| Cart listed! 
14-05-2026 01:12:28 |INFO| Cart listed! 
14-05-2026 01:12:48 |INFO| Cart listed! 
14-05-2026 01:12:52 |INFO| Cart listed! 
14-05-2026 01:13:04 |INFO| Cart listed! 
14-05-2026 01:13:13 |INFO| Cart listed! 
14-05-2026 01:13:13 |INFO| Cart listed! 
14-05-2026 01:15:12 |INFO| Cart listed! 
14-05-2026 01:15:21 |INFO| Cart listed! 
14-05-2026 01:17:55 |INFO| Cart listed! 
14-05-2026 01:18:00 |INFO| Products listed! 
14-05-2026 01:18:00 |INFO| Cart listed! 
14-05-2026 01:18:01 |INFO| Cart listed! 
14-05-2026 01:18:03 |INFO| Cart listed! 
14-05-2026 01:18:20 |INFO| Cart listed! 
14-05-2026 01:18:50 |INFO| Cart listed! 
14-05-2026 01:18:51 |INFO| Cart listed! 
14-05-2026 01:19:30 |INFO| Cart listed! 
14-05-2026 01:19:45 |INFO| Cart listed! 
14-05-2026 01:21:00 |INFO| Cart listed! 
14-05-2026 01:23:28 |INFO| Cart listed! 
14-05-2026 01:23:35 |INFO| Cart listed! 
14-05-2026 01:23:59 |INFO| Cart listed! 
14-05-2026 01:25:09 |INFO| Cart listed! 
14-05-2026 01:25:10 |INFO| Cart listed! 
14-05-2026 01:26:01 |INFO| Cart listed! 
14-05-2026 01:26:28 |INFO| Cart listed! 
14-05-2026 01:27:10 |INFO| Cart Item is updated! 
14-05-2026 01:27:12 |ERROR| Error | GET | /api/files/undefined : can't find /api/files/undefined 
Error: can't find /api/files/undefined
    at C:\Users\yosef\OneDrive\Desktop\NTI\Ecommerce Backend\server.js:29:7
    at Layer.handleRequest (C:\Users\yosef\OneDrive\Desktop\NTI\Ecommerce Backend\node_modules\router\lib\layer.js:152:17)
    at trimPrefix (C:\Users\yosef\OneDrive\Desktop\NTI\Ecommerce Backend\node_modules\router\index.js:342:13)
    at C:\Users\yosef\OneDrive\Desktop\NTI\Ecommerce Backend\node_modules\router\index.js:297:9
    at processParams (C:\Users\yosef\OneDrive\Desktop\NTI\Ecommerce Backend\node_modules\router\index.js:582:12)
    at next (C:\Users\yosef\OneDrive\Desktop\NTI\Ecommerce Backend\node_modules\router\index.js:291:5)
    at SendStream.error (C:\Users\yosef\OneDrive\Desktop\NTI\Ecommerce Backend\node_modules\serve-static\index.js:120:7)
    at SendStream.emit (node:events:508:28)
    at SendStream.error (C:\Users\yosef\OneDrive\Desktop\NTI\Ecommerce Backend\node_modules\send\index.js:168:17)
    at SendStream.onStatError (C:\Users\yosef\OneDrive\Desktop\NTI\Ecommerce Backend\node_modules\send\index.js:315:12)
14-05-2026 01:27:13 |ERROR| Error | PATCH | /api/v1/cart : Product is required! 
Error: Product is required!
    at C:\Users\yosef\OneDrive\Desktop\NTI\Ecommerce Backend\controller\cart.controller.js:109:30
    at C:\Users\yosef\OneDrive\Desktop\NTI\Ecommerce Backend\utilites\catchAsync.uti.js:4:3
    at Layer.handleRequest (C:\Users\yosef\OneDrive\Desktop\NTI\Ecommerce Backend\node_modules\router\lib\layer.js:152:17)
    at next (C:\Users\yosef\OneDrive\Desktop\NTI\Ecommerce Backend\node_modules\router\lib\route.js:157:13)
    at C:\Users\yosef\OneDrive\Desktop\NTI\Ecommerce Backend\middlewares\role.middleware.js:8:3
    at Layer.handleRequest (C:\Users\yosef\OneDrive\Desktop\NTI\Ecommerce Backend\node_modules\router\lib\layer.js:152:17)
    at next (C:\Users\yosef\OneDrive\Desktop\NTI\Ecommerce Backend\node_modules\router\lib\route.js:157:13)
    at exports.authanticate (C:\Users\yosef\OneDrive\Desktop\NTI\Ecommerce Backend\middlewares\auth.middleware.js:17:2)
    at process.processTicksAndRejections (node:internal/process/task_queues:104:5)
14-05-2026 01:27:15 |ERROR| Error | PATCH | /api/v1/cart : Product is required! 
Error: Product is required!
    at C:\Users\yosef\OneDrive\Desktop\NTI\Ecommerce Backend\controller\cart.controller.js:109:30
    at C:\Users\yosef\OneDrive\Desktop\NTI\Ecommerce Backend\utilites\catchAsync.uti.js:4:3
    at Layer.handleRequest (C:\Users\yosef\OneDrive\Desktop\NTI\Ecommerce Backend\node_modules\router\lib\layer.js:152:17)
    at next (C:\Users\yosef\OneDrive\Desktop\NTI\Ecommerce Backend\node_modules\router\lib\route.js:157:13)
    at C:\Users\yosef\OneDrive\Desktop\NTI\Ecommerce Backend\middlewares\role.middleware.js:8:3
    at Layer.handleRequest (C:\Users\yosef\OneDrive\Desktop\NTI\Ecommerce Backend\node_modules\router\lib\layer.js:152:17)
    at next (C:\Users\yosef\OneDrive\Desktop\NTI\Ecommerce Backend\node_modules\router\lib\route.js:157:13)
    at exports.authanticate (C:\Users\yosef\OneDrive\Desktop\NTI\Ecommerce Backend\middlewares\auth.middleware.js:17:2)
    at process.processTicksAndRejections (node:internal/process/task_queues:104:5)
14-05-2026 01:28:08 |INFO| Cart listed! 
14-05-2026 01:28:53 |INFO| Cart listed! 
14-05-2026 01:28:56 |INFO| Cart listed! 
14-05-2026 01:28:56 |INFO| Cart listed! 
14-05-2026 01:28:57 |INFO| Cart listed! 
14-05-2026 01:30:23 |INFO| Cart listed! 
14-05-2026 01:31:09 |INFO| Cart listed! 
14-05-2026 01:31:10 |INFO| Cart Item is updated! 
14-05-2026 01:31:18 |ERROR| Error | GET | /api/files/undefined : can't find /api/files/undefined 
Error: can't find /api/files/undefined
    at C:\Users\yosef\OneDrive\Desktop\NTI\Ecommerce Backend\server.js:29:7
    at Layer.handleRequest (C:\Users\yosef\OneDrive\Desktop\NTI\Ecommerce Backend\node_modules\router\lib\layer.js:152:17)
    at trimPrefix (C:\Users\yosef\OneDrive\Desktop\NTI\Ecommerce Backend\node_modules\router\index.js:342:13)
    at C:\Users\yosef\OneDrive\Desktop\NTI\Ecommerce Backend\node_modules\router\index.js:297:9
    at processParams (C:\Users\yosef\OneDrive\Desktop\NTI\Ecommerce Backend\node_modules\router\index.js:582:12)
    at next (C:\Users\yosef\OneDrive\Desktop\NTI\Ecommerce Backend\node_modules\router\index.js:291:5)
    at SendStream.error (C:\Users\yosef\OneDrive\Desktop\NTI\Ecommerce Backend\node_modules\serve-static\index.js:120:7)
    at SendStream.emit (node:events:508:28)
    at SendStream.error (C:\Users\yosef\OneDrive\Desktop\NTI\Ecommerce Backend\node_modules\send\index.js:168:17)
    at SendStream.onStatError (C:\Users\yosef\OneDrive\Desktop\NTI\Ecommerce Backend\node_modules\send\index.js:315:12)
14-05-2026 01:31:19 |INFO| Cart listed! 
14-05-2026 01:31:36 |INFO| Cart listed! 
14-05-2026 01:31:45 |INFO| Cart listed! 
14-05-2026 01:32:00 |INFO| Cart listed! 
14-05-2026 01:32:04 |INFO| Cart Item is updated! 
14-05-2026 01:32:07 |ERROR| Error | GET | /api/files/undefined : can't find /api/files/undefined 
Error: can't find /api/files/undefined
    at C:\Users\yosef\OneDrive\Desktop\NTI\Ecommerce Backend\server.js:29:7
    at Layer.handleRequest (C:\Users\yosef\OneDrive\Desktop\NTI\Ecommerce Backend\node_modules\router\lib\layer.js:152:17)
    at trimPrefix (C:\Users\yosef\OneDrive\Desktop\NTI\Ecommerce Backend\node_modules\router\index.js:342:13)
    at C:\Users\yosef\OneDrive\Desktop\NTI\Ecommerce Backend\node_modules\router\index.js:297:9
    at processParams (C:\Users\yosef\OneDrive\Desktop\NTI\Ecommerce Backend\node_modules\router\index.js:582:12)
    at next (C:\Users\yosef\OneDrive\Desktop\NTI\Ecommerce Backend\node_modules\router\index.js:291:5)
    at SendStream.error (C:\Users\yosef\OneDrive\Desktop\NTI\Ecommerce Backend\node_modules\serve-static\index.js:120:7)
    at SendStream.emit (node:events:508:28)
    at SendStream.error (C:\Users\yosef\OneDrive\Desktop\NTI\Ecommerce Backend\node_modules\send\index.js:168:17)
    at SendStream.onStatError (C:\Users\yosef\OneDrive\Desktop\NTI\Ecommerce Backend\node_modules\send\index.js:315:12)
14-05-2026 01:32:10 |ERROR| Error | PATCH | /api/v1/cart : Product is required! 
Error: Product is required!
    at C:\Users\yosef\OneDrive\Desktop\NTI\Ecommerce Backend\controller\cart.controller.js:109:30
    at C:\Users\yosef\OneDrive\Desktop\NTI\Ecommerce Backend\utilites\catchAsync.uti.js:4:3
    at Layer.handleRequest (C:\Users\yosef\OneDrive\Desktop\NTI\Ecommerce Backend\node_modules\router\lib\layer.js:152:17)
    at next (C:\Users\yosef\OneDrive\Desktop\NTI\Ecommerce Backend\node_modules\router\lib\route.js:157:13)
    at C:\Users\yosef\OneDrive\Desktop\NTI\Ecommerce Backend\middlewares\role.middleware.js:8:3
    at Layer.handleRequest (C:\Users\yosef\OneDrive\Desktop\NTI\Ecommerce Backend\node_modules\router\lib\layer.js:152:17)
    at next (C:\Users\yosef\OneDrive\Desktop\NTI\Ecommerce Backend\node_modules\router\lib\route.js:157:13)
    at exports.authanticate (C:\Users\yosef\OneDrive\Desktop\NTI\Ecommerce Backend\middlewares\auth.middleware.js:17:2)
    at process.processTicksAndRejections (node:internal/process/task_queues:104:5)
14-05-2026 01:32:12 |ERROR| Error | PATCH | /api/v1/cart : Product is required! 
Error: Product is required!
    at C:\Users\yosef\OneDrive\Desktop\NTI\Ecommerce Backend\controller\cart.controller.js:109:30
    at C:\Users\yosef\OneDrive\Desktop\NTI\Ecommerce Backend\utilites\catchAsync.uti.js:4:3
    at Layer.handleRequest (C:\Users\yosef\OneDrive\Desktop\NTI\Ecommerce Backend\node_modules\router\lib\layer.js:152:17)
    at next (C:\Users\yosef\OneDrive\Desktop\NTI\Ecommerce Backend\node_modules\router\lib\route.js:157:13)
    at C:\Users\yosef\OneDrive\Desktop\NTI\Ecommerce Backend\middlewares\role.middleware.js:8:3
    at Layer.handleRequest (C:\Users\yosef\OneDrive\Desktop\NTI\Ecommerce Backend\node_modules\router\lib\layer.js:152:17)
    at next (C:\Users\yosef\OneDrive\Desktop\NTI\Ecommerce Backend\node_modules\router\lib\route.js:157:13)
    at exports.authanticate (C:\Users\yosef\OneDrive\Desktop\NTI\Ecommerce Backend\middlewares\auth.middleware.js:17:2)
    at process.processTicksAndRejections (node:internal/process/task_queues:104:5)
14-05-2026 01:32:12 |ERROR| Error | PATCH | /api/v1/cart : Product is required! 
Error: Product is required!
    at C:\Users\yosef\OneDrive\Desktop\NTI\Ecommerce Backend\controller\cart.controller.js:109:30
    at C:\Users\yosef\OneDrive\Desktop\NTI\Ecommerce Backend\utilites\catchAsync.uti.js:4:3
    at Layer.handleRequest (C:\Users\yosef\OneDrive\Desktop\NTI\Ecommerce Backend\node_modules\router\lib\layer.js:152:17)
    at next (C:\Users\yosef\OneDrive\Desktop\NTI\Ecommerce Backend\node_modules\router\lib\route.js:157:13)
    at C:\Users\yosef\OneDrive\Desktop\NTI\Ecommerce Backend\middlewares\role.middleware.js:8:3
    at Layer.handleRequest (C:\Users\yosef\OneDrive\Desktop\NTI\Ecommerce Backend\node_modules\router\lib\layer.js:152:17)
    at next (C:\Users\yosef\OneDrive\Desktop\NTI\Ecommerce Backend\node_modules\router\lib\route.js:157:13)
    at exports.authanticate (C:\Users\yosef\OneDrive\Desktop\NTI\Ecommerce Backend\middlewares\auth.middleware.js:17:2)
    at process.processTicksAndRejections (node:internal/process/task_queues:104:5)
14-05-2026 01:32:12 |ERROR| Error | PATCH | /api/v1/cart : Product is required! 
Error: Product is required!
    at C:\Users\yosef\OneDrive\Desktop\NTI\Ecommerce Backend\controller\cart.controller.js:109:30
    at C:\Users\yosef\OneDrive\Desktop\NTI\Ecommerce Backend\utilites\catchAsync.uti.js:4:3
    at Layer.handleRequest (C:\Users\yosef\OneDrive\Desktop\NTI\Ecommerce Backend\node_modules\router\lib\layer.js:152:17)
    at next (C:\Users\yosef\OneDrive\Desktop\NTI\Ecommerce Backend\node_modules\router\lib\route.js:157:13)
    at C:\Users\yosef\OneDrive\Desktop\NTI\Ecommerce Backend\middlewares\role.middleware.js:8:3
    at Layer.handleRequest (C:\Users\yosef\OneDrive\Desktop\NTI\Ecommerce Backend\node_modules\router\lib\layer.js:152:17)
    at next (C:\Users\yosef\OneDrive\Desktop\NTI\Ecommerce Backend\node_modules\router\lib\route.js:157:13)
    at exports.authanticate (C:\Users\yosef\OneDrive\Desktop\NTI\Ecommerce Backend\middlewares\auth.middleware.js:17:2)
    at process.processTicksAndRejections (node:internal/process/task_queues:104:5)
14-05-2026 01:32:18 |ERROR| Error | PATCH | /api/v1/cart : Product is required! 
Error: Product is required!
    at C:\Users\yosef\OneDrive\Desktop\NTI\Ecommerce Backend\controller\cart.controller.js:109:30
    at C:\Users\yosef\OneDrive\Desktop\NTI\Ecommerce Backend\utilites\catchAsync.uti.js:4:3
    at Layer.handleRequest (C:\Users\yosef\OneDrive\Desktop\NTI\Ecommerce Backend\node_modules\router\lib\layer.js:152:17)
    at next (C:\Users\yosef\OneDrive\Desktop\NTI\Ecommerce Backend\node_modules\router\lib\route.js:157:13)
    at C:\Users\yosef\OneDrive\Desktop\NTI\Ecommerce Backend\middlewares\role.middleware.js:8:3
    at Layer.handleRequest (C:\Users\yosef\OneDrive\Desktop\NTI\Ecommerce Backend\node_modules\router\lib\layer.js:152:17)
    at next (C:\Users\yosef\OneDrive\Desktop\NTI\Ecommerce Backend\node_modules\router\lib\route.js:157:13)
    at exports.authanticate (C:\Users\yosef\OneDrive\Desktop\NTI\Ecommerce Backend\middlewares\auth.middleware.js:17:2)
    at process.processTicksAndRejections (node:internal/process/task_queues:104:5)
14-05-2026 01:32:20 |INFO| Cart listed! 
14-05-2026 01:32:21 |INFO| Cart listed! 
14-05-2026 01:32:22 |INFO| Cart Item is updated! 
14-05-2026 09:15:52 |INFO| Cart listed! 
14-05-2026 09:16:23 |INFO| Cart Item is updated! 
14-05-2026 09:17:04 |ERROR| Error | GET | /api/files/undefined : can't find /api/files/undefined 
Error: can't find /api/files/undefined
    at C:\Users\yosef\OneDrive\Desktop\NTI\Ecommerce Backend\server.js:29:7
    at Layer.handleRequest (C:\Users\yosef\OneDrive\Desktop\NTI\Ecommerce Backend\node_modules\router\lib\layer.js:152:17)
    at trimPrefix (C:\Users\yosef\OneDrive\Desktop\NTI\Ecommerce Backend\node_modules\router\index.js:342:13)
    at C:\Users\yosef\OneDrive\Desktop\NTI\Ecommerce Backend\node_modules\router\index.js:297:9
    at processParams (C:\Users\yosef\OneDrive\Desktop\NTI\Ecommerce Backend\node_modules\router\index.js:582:12)
    at next (C:\Users\yosef\OneDrive\Desktop\NTI\Ecommerce Backend\node_modules\router\index.js:291:5)
    at SendStream.error (C:\Users\yosef\OneDrive\Desktop\NTI\Ecommerce Backend\node_modules\serve-static\index.js:120:7)
    at SendStream.emit (node:events:508:28)
    at SendStream.error (C:\Users\yosef\OneDrive\Desktop\NTI\Ecommerce Backend\node_modules\send\index.js:168:17)
    at SendStream.onStatError (C:\Users\yosef\OneDrive\Desktop\NTI\Ecommerce Backend\node_modules\send\index.js:315:12)
14-05-2026 09:17:08 |INFO| Cart listed! 
14-05-2026 09:17:16 |INFO| Cart is cleared! 
14-05-2026 09:17:19 |INFO| Cart listed! 
14-05-2026 09:17:21 |INFO| Cart listed! 
14-05-2026 09:17:21 |INFO| Products listed! 
14-05-2026 09:17:22 |INFO| Cart updated! 
14-05-2026 09:17:27 |INFO| Cart listed! 
14-05-2026 09:19:14 |INFO| Cart listed! 
14-05-2026 09:19:17 |INFO| Cart listed! 
14-05-2026 09:19:18 |INFO| Cart listed! 
14-05-2026 09:19:20 |INFO| Products listed! 
14-05-2026 09:19:20 |INFO| Cart listed! 
14-05-2026 09:19:22 |INFO| Cart Item is updated! 
14-05-2026 09:19:23 |INFO| Cart updated! 
14-05-2026 09:19:24 |INFO| Cart listed! 
14-05-2026 09:19:26 |INFO| Cart listed! 
14-05-2026 09:19:27 |INFO| Cart listed! 
14-05-2026 09:19:27 |INFO| Cart listed! 
14-05-2026 09:19:30 |INFO| Cart Item is updated! 
14-05-2026 09:19:32 |ERROR| Error | GET | /api/files/undefined : can't find /api/files/undefined 
Error: can't find /api/files/undefined
    at C:\Users\yosef\OneDrive\Desktop\NTI\Ecommerce Backend\server.js:29:7
    at Layer.handleRequest (C:\Users\yosef\OneDrive\Desktop\NTI\Ecommerce Backend\node_modules\router\lib\layer.js:152:17)
    at trimPrefix (C:\Users\yosef\OneDrive\Desktop\NTI\Ecommerce Backend\node_modules\router\index.js:342:13)
    at C:\Users\yosef\OneDrive\Desktop\NTI\Ecommerce Backend\node_modules\router\index.js:297:9
    at processParams (C:\Users\yosef\OneDrive\Desktop\NTI\Ecommerce Backend\node_modules\router\index.js:582:12)
    at next (C:\Users\yosef\OneDrive\Desktop\NTI\Ecommerce Backend\node_modules\router\index.js:291:5)
    at SendStream.error (C:\Users\yosef\OneDrive\Desktop\NTI\Ecommerce Backend\node_modules\serve-static\index.js:120:7)
    at SendStream.emit (node:events:508:28)
    at SendStream.error (C:\Users\yosef\OneDrive\Desktop\NTI\Ecommerce Backend\node_modules\send\index.js:168:17)
    at SendStream.onStatError (C:\Users\yosef\OneDrive\Desktop\NTI\Ecommerce Backend\node_modules\send\index.js:315:12)
14-05-2026 09:28:02 |INFO| Cart listed! 
14-05-2026 09:28:03 |INFO| Cart listed! 
14-05-2026 09:28:04 |INFO| Cart listed! 
14-05-2026 09:28:04 |INFO| Products listed! 
14-05-2026 09:28:06 |INFO| Cart Item is updated! 
14-05-2026 09:28:07 |INFO| Cart listed! 
14-05-2026 09:28:08 |INFO| Cart listed! 
14-05-2026 09:28:08 |INFO| Cart listed! 
14-05-2026 09:28:09 |INFO| Cart listed! 
14-05-2026 09:28:09 |INFO| Cart listed! 
14-05-2026 09:28:09 |INFO| Cart listed! 
14-05-2026 09:28:10 |INFO| Cart listed! 
14-05-2026 09:28:10 |INFO| Cart listed! 
14-05-2026 09:28:10 |INFO| Cart listed! 
14-05-2026 09:28:10 |INFO| Cart listed! 
14-05-2026 09:28:11 |INFO| Cart listed! 
14-05-2026 09:28:12 |INFO| Cart listed! 
14-05-2026 09:28:12 |INFO| Cart listed! 
14-05-2026 09:28:12 |INFO| Cart listed! 
14-05-2026 09:28:13 |INFO| Cart listed! 
14-05-2026 09:28:13 |INFO| Cart listed! 
14-05-2026 09:28:13 |INFO| Cart listed! 
14-05-2026 09:28:14 |INFO| Cart listed! 
14-05-2026 09:28:15 |INFO| Cart listed! 
14-05-2026 09:28:17 |INFO| Cart listed! 
14-05-2026 09:28:17 |INFO| Products listed! 
14-05-2026 09:28:18 |INFO| Cart listed! 
14-05-2026 09:28:19 |INFO| Products listed! 
14-05-2026 09:28:19 |INFO| Cart listed! 
14-05-2026 09:28:21 |INFO| Cart Item is updated! 
14-05-2026 09:28:21 |INFO| Cart updated! 
14-05-2026 09:28:23 |INFO| Cart listed! 
14-05-2026 09:28:24 |INFO| Cart listed! 
14-05-2026 09:28:24 |INFO| Cart listed! 
14-05-2026 09:28:24 |INFO| Cart listed! 
14-05-2026 09:28:24 |INFO| Cart listed! 
14-05-2026 09:28:24 |INFO| Cart listed! 
14-05-2026 09:28:25 |INFO| Cart listed! 
14-05-2026 09:28:25 |INFO| Cart listed! 
14-05-2026 09:28:25 |INFO| Cart listed! 
14-05-2026 09:28:25 |INFO| Cart listed! 
14-05-2026 09:28:25 |INFO| Cart listed! 
14-05-2026 09:28:26 |INFO| Cart listed! 
14-05-2026 09:28:26 |INFO| Cart listed! 
14-05-2026 09:28:26 |INFO| Cart listed! 
14-05-2026 09:28:27 |INFO| Cart listed! 
14-05-2026 09:28:27 |INFO| Cart listed! 
14-05-2026 09:28:27 |INFO| Cart listed! 
14-05-2026 09:28:28 |INFO| Cart listed! 
14-05-2026 09:29:18 |INFO| Cart listed! 
14-05-2026 09:29:22 |INFO| Cart listed! 
14-05-2026 09:29:22 |INFO| Products listed! 
14-05-2026 09:29:24 |INFO| Cart listed! 
14-05-2026 09:29:26 |INFO| Cart listed! 
14-05-2026 09:29:27 |INFO| Cart listed! 
14-05-2026 09:29:33 |INFO| Cart Item is updated! 
14-05-2026 09:29:38 |INFO| Cart listed! 
14-05-2026 09:30:08 |INFO| Cart listed! 
14-05-2026 09:30:40 |INFO| Cart listed! 
14-05-2026 09:30:47 |INFO| Cart listed! 
14-05-2026 09:30:50 |INFO| Cart listed! 
14-05-2026 09:30:54 |INFO| Cart listed! 
14-05-2026 09:30:55 |INFO| Cart Item is updated! 
14-05-2026 09:30:57 |INFO| Cart listed! 
14-05-2026 09:30:59 |INFO| Cart Item is updated! 
14-05-2026 09:30:59 |INFO| Cart listed! 
14-05-2026 09:31:02 |INFO| Cart Item is updated! 
14-05-2026 09:31:02 |INFO| Cart listed! 
14-05-2026 09:31:05 |INFO| Cart listed! 
14-05-2026 09:31:07 |INFO| Cart listed! 
14-05-2026 09:31:07 |INFO| Products listed! 
14-05-2026 09:31:08 |INFO| Cart listed! 
14-05-2026 09:31:10 |INFO| Cart Item is updated! 
14-05-2026 09:31:11 |INFO| Cart listed! 
14-05-2026 09:31:41 |INFO| Cart listed! 
14-05-2026 09:31:53 |INFO| Cart listed! 
14-05-2026 09:32:47 |INFO| Cart listed! 
14-05-2026 09:32:50 |INFO| Cart listed! 
14-05-2026 09:32:51 |INFO| Cart Item is updated! 
14-05-2026 09:32:52 |ERROR| Error | GET | /api/files/undefined : can't find /api/files/undefined 
Error: can't find /api/files/undefined
    at C:\Users\yosef\OneDrive\Desktop\NTI\Ecommerce Backend\server.js:29:7
    at Layer.handleRequest (C:\Users\yosef\OneDrive\Desktop\NTI\Ecommerce Backend\node_modules\router\lib\layer.js:152:17)
    at trimPrefix (C:\Users\yosef\OneDrive\Desktop\NTI\Ecommerce Backend\node_modules\router\index.js:342:13)
    at C:\Users\yosef\OneDrive\Desktop\NTI\Ecommerce Backend\node_modules\router\index.js:297:9
    at processParams (C:\Users\yosef\OneDrive\Desktop\NTI\Ecommerce Backend\node_modules\router\index.js:582:12)
    at next (C:\Users\yosef\OneDrive\Desktop\NTI\Ecommerce Backend\node_modules\router\index.js:291:5)
    at SendStream.error (C:\Users\yosef\OneDrive\Desktop\NTI\Ecommerce Backend\node_modules\serve-static\index.js:120:7)
    at SendStream.emit (node:events:508:28)
    at SendStream.error (C:\Users\yosef\OneDrive\Desktop\NTI\Ecommerce Backend\node_modules\send\index.js:168:17)
    at SendStream.onStatError (C:\Users\yosef\OneDrive\Desktop\NTI\Ecommerce Backend\node_modules\send\index.js:315:12)
14-05-2026 09:32:52 |INFO| Cart listed! 
14-05-2026 09:32:54 |INFO| Cart Item is updated! 
14-05-2026 09:33:00 |INFO| Cart listed! 
14-05-2026 09:33:11 |INFO| Cart listed! 
14-05-2026 09:35:00 |INFO| Cart listed! 
14-05-2026 09:35:03 |INFO| Cart listed! 
14-05-2026 09:35:04 |INFO| Cart Item is updated! 
14-05-2026 09:35:07 |INFO| Cart listed! 
14-05-2026 09:35:08 |INFO| Cart Item is updated! 
14-05-2026 09:35:08 |INFO| Cart listed! 
14-05-2026 09:35:14 |INFO| Products listed! 
14-05-2026 09:35:14 |INFO| Cart listed! 
14-05-2026 09:35:16 |INFO| Cart Item is updated! 
14-05-2026 09:35:17 |INFO| Cart updated! 
14-05-2026 09:35:19 |INFO| Cart listed! 
14-05-2026 09:35:20 |INFO| Cart listed! 
14-05-2026 09:35:22 |INFO| Cart Item is updated! 
14-05-2026 09:35:23 |INFO| Cart listed! 
14-05-2026 09:36:29 |INFO| Cart listed! 
14-05-2026 09:36:34 |INFO| Cart listed! 
14-05-2026 09:37:47 |ERROR| Error | GET | /api/v1//cart : can't find /api/v1//cart 
Error: can't find /api/v1//cart
    at C:\Users\yosef\OneDrive\Desktop\NTI\Ecommerce Backend\server.js:29:7
    at Layer.handleRequest (C:\Users\yosef\OneDrive\Desktop\NTI\Ecommerce Backend\node_modules\router\lib\layer.js:152:17)
    at trimPrefix (C:\Users\yosef\OneDrive\Desktop\NTI\Ecommerce Backend\node_modules\router\index.js:342:13)
    at C:\Users\yosef\OneDrive\Desktop\NTI\Ecommerce Backend\node_modules\router\index.js:297:9
    at processParams (C:\Users\yosef\OneDrive\Desktop\NTI\Ecommerce Backend\node_modules\router\index.js:582:12)
    at next (C:\Users\yosef\OneDrive\Desktop\NTI\Ecommerce Backend\node_modules\router\index.js:291:5)
    at cors (C:\Users\yosef\OneDrive\Desktop\NTI\Ecommerce Backend\node_modules\cors\lib\index.js:188:7)
    at C:\Users\yosef\OneDrive\Desktop\NTI\Ecommerce Backend\node_modules\cors\lib\index.js:224:17
    at origin (C:\Users\yosef\OneDrive\Desktop\NTI\Ecommerce Backend\middlewares\cors.middleware.js:11:12)
    at C:\Users\yosef\OneDrive\Desktop\NTI\Ecommerce Backend\node_modules\cors\lib\index.js:219:13
14-05-2026 09:39:32 |ERROR| Error | GET | /api/v1//cart : can't find /api/v1//cart 
Error: can't find /api/v1//cart
    at C:\Users\yosef\OneDrive\Desktop\NTI\Ecommerce Backend\server.js:29:7
    at Layer.handleRequest (C:\Users\yosef\OneDrive\Desktop\NTI\Ecommerce Backend\node_modules\router\lib\layer.js:152:17)
    at trimPrefix (C:\Users\yosef\OneDrive\Desktop\NTI\Ecommerce Backend\node_modules\router\index.js:342:13)
    at C:\Users\yosef\OneDrive\Desktop\NTI\Ecommerce Backend\node_modules\router\index.js:297:9
    at processParams (C:\Users\yosef\OneDrive\Desktop\NTI\Ecommerce Backend\node_modules\router\index.js:582:12)
    at next (C:\Users\yosef\OneDrive\Desktop\NTI\Ecommerce Backend\node_modules\router\index.js:291:5)
    at cors (C:\Users\yosef\OneDrive\Desktop\NTI\Ecommerce Backend\node_modules\cors\lib\index.js:188:7)
    at C:\Users\yosef\OneDrive\Desktop\NTI\Ecommerce Backend\node_modules\cors\lib\index.js:224:17
    at origin (C:\Users\yosef\OneDrive\Desktop\NTI\Ecommerce Backend\middlewares\cors.middleware.js:11:12)
    at C:\Users\yosef\OneDrive\Desktop\NTI\Ecommerce Backend\node_modules\cors\lib\index.js:219:13
14-05-2026 09:40:02 |INFO| Cart listed! 
14-05-2026 09:40:04 |ERROR| Error | PUT | /api/v1/cart/69fb1befc6cc66558e2abe00 : can't find /api/v1/cart/69fb1befc6cc66558e2abe00 
Error: can't find /api/v1/cart/69fb1befc6cc66558e2abe00
    at C:\Users\yosef\OneDrive\Desktop\NTI\Ecommerce Backend\server.js:29:7
    at Layer.handleRequest (C:\Users\yosef\OneDrive\Desktop\NTI\Ecommerce Backend\node_modules\router\lib\layer.js:152:17)
    at trimPrefix (C:\Users\yosef\OneDrive\Desktop\NTI\Ecommerce Backend\node_modules\router\index.js:342:13)
    at C:\Users\yosef\OneDrive\Desktop\NTI\Ecommerce Backend\node_modules\router\index.js:297:9
    at processParams (C:\Users\yosef\OneDrive\Desktop\NTI\Ecommerce Backend\node_modules\router\index.js:582:12)
    at next (C:\Users\yosef\OneDrive\Desktop\NTI\Ecommerce Backend\node_modules\router\index.js:291:5)
    at C:\Users\yosef\OneDrive\Desktop\NTI\Ecommerce Backend\node_modules\router\index.js:688:15
    at next (C:\Users\yosef\OneDrive\Desktop\NTI\Ecommerce Backend\node_modules\router\index.js:276:14)
    at router.handle (C:\Users\yosef\OneDrive\Desktop\NTI\Ecommerce Backend\node_modules\router\index.js:186:3)
    at router (C:\Users\yosef\OneDrive\Desktop\NTI\Ecommerce Backend\node_modules\router\index.js:60:12)
14-05-2026 09:40:06 |INFO| Cart listed! 
14-05-2026 09:40:07 |ERROR| Error | PUT | /api/v1/cart/69fb1befc6cc66558e2abe00 : can't find /api/v1/cart/69fb1befc6cc66558e2abe00 
Error: can't find /api/v1/cart/69fb1befc6cc66558e2abe00
    at C:\Users\yosef\OneDrive\Desktop\NTI\Ecommerce Backend\server.js:29:7
    at Layer.handleRequest (C:\Users\yosef\OneDrive\Desktop\NTI\Ecommerce Backend\node_modules\router\lib\layer.js:152:17)
    at trimPrefix (C:\Users\yosef\OneDrive\Desktop\NTI\Ecommerce Backend\node_modules\router\index.js:342:13)
    at C:\Users\yosef\OneDrive\Desktop\NTI\Ecommerce Backend\node_modules\router\index.js:297:9
    at processParams (C:\Users\yosef\OneDrive\Desktop\NTI\Ecommerce Backend\node_modules\router\index.js:582:12)
    at next (C:\Users\yosef\OneDrive\Desktop\NTI\Ecommerce Backend\node_modules\router\index.js:291:5)
    at C:\Users\yosef\OneDrive\Desktop\NTI\Ecommerce Backend\node_modules\router\index.js:688:15
    at next (C:\Users\yosef\OneDrive\Desktop\NTI\Ecommerce Backend\node_modules\router\index.js:276:14)
    at router.handle (C:\Users\yosef\OneDrive\Desktop\NTI\Ecommerce Backend\node_modules\router\index.js:186:3)
    at router (C:\Users\yosef\OneDrive\Desktop\NTI\Ecommerce Backend\node_modules\router\index.js:60:12)
14-05-2026 09:40:09 |INFO| Cart listed! 
14-05-2026 09:40:20 |ERROR| Error | GET | /api/v1//cart : can't find /api/v1//cart 
Error: can't find /api/v1//cart
    at C:\Users\yosef\OneDrive\Desktop\NTI\Ecommerce Backend\server.js:29:7
    at Layer.handleRequest (C:\Users\yosef\OneDrive\Desktop\NTI\Ecommerce Backend\node_modules\router\lib\layer.js:152:17)
    at trimPrefix (C:\Users\yosef\OneDrive\Desktop\NTI\Ecommerce Backend\node_modules\router\index.js:342:13)
    at C:\Users\yosef\OneDrive\Desktop\NTI\Ecommerce Backend\node_modules\router\index.js:297:9
    at processParams (C:\Users\yosef\OneDrive\Desktop\NTI\Ecommerce Backend\node_modules\router\index.js:582:12)
    at next (C:\Users\yosef\OneDrive\Desktop\NTI\Ecommerce Backend\node_modules\router\index.js:291:5)
    at cors (C:\Users\yosef\OneDrive\Desktop\NTI\Ecommerce Backend\node_modules\cors\lib\index.js:188:7)
    at C:\Users\yosef\OneDrive\Desktop\NTI\Ecommerce Backend\node_modules\cors\lib\index.js:224:17
    at origin (C:\Users\yosef\OneDrive\Desktop\NTI\Ecommerce Backend\middlewares\cors.middleware.js:11:12)
    at C:\Users\yosef\OneDrive\Desktop\NTI\Ecommerce Backend\node_modules\cors\lib\index.js:219:13
14-05-2026 09:43:51 |INFO| Cart listed! 
14-05-2026 09:43:53 |INFO| Cart Item is updated! 
14-05-2026 09:43:54 |INFO| Cart listed! 
14-05-2026 09:43:56 |INFO| Cart Item is updated! 
14-05-2026 09:43:57 |INFO| Cart listed! 
14-05-2026 09:49:44 |INFO| Cart listed! 
14-05-2026 09:49:51 |INFO| Cart listed! 
14-05-2026 09:49:52 |INFO| Cart Item is updated! 
14-05-2026 09:49:53 |INFO| Cart listed! 
14-05-2026 09:52:18 |INFO| Cart listed! 
14-05-2026 09:53:23 |INFO| Cart listed! 
14-05-2026 09:53:26 |INFO| Cart Item is updated! 
14-05-2026 09:53:27 |INFO| Cart listed! 
14-05-2026 09:54:09 |INFO| Cart listed! 
14-05-2026 09:59:37 |INFO| Cart listed! 
14-05-2026 10:08:23 |INFO| Cart listed! 
14-05-2026 10:08:25 |INFO| Cart listed! 
14-05-2026 10:08:28 |INFO| Cart listed! 
14-05-2026 10:08:28 |INFO| Cart Item is updated! 
14-05-2026 10:08:28 |ERROR| Error | GET | /api/files/undefined : can't find /api/files/undefined 
Error: can't find /api/files/undefined
    at C:\Users\yosef\OneDrive\Desktop\NTI\Ecommerce Backend\server.js:29:7
    at Layer.handleRequest (C:\Users\yosef\OneDrive\Desktop\NTI\Ecommerce Backend\node_modules\router\lib\layer.js:152:17)
    at trimPrefix (C:\Users\yosef\OneDrive\Desktop\NTI\Ecommerce Backend\node_modules\router\index.js:342:13)
    at C:\Users\yosef\OneDrive\Desktop\NTI\Ecommerce Backend\node_modules\router\index.js:297:9
    at processParams (C:\Users\yosef\OneDrive\Desktop\NTI\Ecommerce Backend\node_modules\router\index.js:582:12)
    at next (C:\Users\yosef\OneDrive\Desktop\NTI\Ecommerce Backend\node_modules\router\index.js:291:5)
    at SendStream.error (C:\Users\yosef\OneDrive\Desktop\NTI\Ecommerce Backend\node_modules\serve-static\index.js:120:7)
    at SendStream.emit (node:events:508:28)
    at SendStream.error (C:\Users\yosef\OneDrive\Desktop\NTI\Ecommerce Backend\node_modules\send\index.js:168:17)
    at SendStream.onStatError (C:\Users\yosef\OneDrive\Desktop\NTI\Ecommerce Backend\node_modules\send\index.js:315:12)
14-05-2026 10:08:29 |INFO| Cart listed! 
14-05-2026 10:08:29 |INFO| Cart listed! 
14-05-2026 10:08:31 |INFO| Cart listed! 
14-05-2026 10:08:31 |INFO| Cart Item is updated! 
14-05-2026 10:08:31 |ERROR| Error | GET | /api/files/undefined : can't find /api/files/undefined 
Error: can't find /api/files/undefined
    at C:\Users\yosef\OneDrive\Desktop\NTI\Ecommerce Backend\server.js:29:7
    at Layer.handleRequest (C:\Users\yosef\OneDrive\Desktop\NTI\Ecommerce Backend\node_modules\router\lib\layer.js:152:17)
    at trimPrefix (C:\Users\yosef\OneDrive\Desktop\NTI\Ecommerce Backend\node_modules\router\index.js:342:13)
    at C:\Users\yosef\OneDrive\Desktop\NTI\Ecommerce Backend\node_modules\router\index.js:297:9
    at processParams (C:\Users\yosef\OneDrive\Desktop\NTI\Ecommerce Backend\node_modules\router\index.js:582:12)
    at next (C:\Users\yosef\OneDrive\Desktop\NTI\Ecommerce Backend\node_modules\router\index.js:291:5)
    at SendStream.error (C:\Users\yosef\OneDrive\Desktop\NTI\Ecommerce Backend\node_modules\serve-static\index.js:120:7)
    at SendStream.emit (node:events:508:28)
    at SendStream.error (C:\Users\yosef\OneDrive\Desktop\NTI\Ecommerce Backend\node_modules\send\index.js:168:17)
    at SendStream.onStatError (C:\Users\yosef\OneDrive\Desktop\NTI\Ecommerce Backend\node_modules\send\index.js:315:12)
14-05-2026 10:08:34 |INFO| Cart listed! 
14-05-2026 10:08:34 |INFO| Cart listed! 
14-05-2026 10:08:35 |INFO| Cart listed! 
14-05-2026 10:08:35 |INFO| Cart Item is updated! 
14-05-2026 10:08:35 |ERROR| Error | GET | /api/files/undefined : can't find /api/files/undefined 
Error: can't find /api/files/undefined
    at C:\Users\yosef\OneDrive\Desktop\NTI\Ecommerce Backend\server.js:29:7
    at Layer.handleRequest (C:\Users\yosef\OneDrive\Desktop\NTI\Ecommerce Backend\node_modules\router\lib\layer.js:152:17)
    at trimPrefix (C:\Users\yosef\OneDrive\Desktop\NTI\Ecommerce Backend\node_modules\router\index.js:342:13)
    at C:\Users\yosef\OneDrive\Desktop\NTI\Ecommerce Backend\node_modules\router\index.js:297:9
    at processParams (C:\Users\yosef\OneDrive\Desktop\NTI\Ecommerce Backend\node_modules\router\index.js:582:12)
    at next (C:\Users\yosef\OneDrive\Desktop\NTI\Ecommerce Backend\node_modules\router\index.js:291:5)
    at SendStream.error (C:\Users\yosef\OneDrive\Desktop\NTI\Ecommerce Backend\node_modules\serve-static\index.js:120:7)
    at SendStream.emit (node:events:508:28)
    at SendStream.error (C:\Users\yosef\OneDrive\Desktop\NTI\Ecommerce Backend\node_modules\send\index.js:168:17)
    at SendStream.onStatError (C:\Users\yosef\OneDrive\Desktop\NTI\Ecommerce Backend\node_modules\send\index.js:315:12)
14-05-2026 10:08:37 |INFO| Cart listed! 
14-05-2026 10:08:37 |INFO| Cart listed! 
14-05-2026 10:08:38 |INFO| Cart listed! 
14-05-2026 10:08:38 |INFO| Cart Item is updated! 
14-05-2026 10:08:38 |ERROR| Error | GET | /api/files/undefined : can't find /api/files/undefined 
Error: can't find /api/files/undefined
    at C:\Users\yosef\OneDrive\Desktop\NTI\Ecommerce Backend\server.js:29:7
    at Layer.handleRequest (C:\Users\yosef\OneDrive\Desktop\NTI\Ecommerce Backend\node_modules\router\lib\layer.js:152:17)
    at trimPrefix (C:\Users\yosef\OneDrive\Desktop\NTI\Ecommerce Backend\node_modules\router\index.js:342:13)
    at C:\Users\yosef\OneDrive\Desktop\NTI\Ecommerce Backend\node_modules\router\index.js:297:9
    at processParams (C:\Users\yosef\OneDrive\Desktop\NTI\Ecommerce Backend\node_modules\router\index.js:582:12)
    at next (C:\Users\yosef\OneDrive\Desktop\NTI\Ecommerce Backend\node_modules\router\index.js:291:5)
    at SendStream.error (C:\Users\yosef\OneDrive\Desktop\NTI\Ecommerce Backend\node_modules\serve-static\index.js:120:7)
    at SendStream.emit (node:events:508:28)
    at SendStream.error (C:\Users\yosef\OneDrive\Desktop\NTI\Ecommerce Backend\node_modules\send\index.js:168:17)
    at SendStream.onStatError (C:\Users\yosef\OneDrive\Desktop\NTI\Ecommerce Backend\node_modules\send\index.js:315:12)
14-05-2026 10:08:40 |INFO| Cart listed! 
14-05-2026 10:08:40 |INFO| Cart listed! 
14-05-2026 10:08:46 |INFO| Cart listed! 
14-05-2026 10:08:46 |INFO| Cart Item is updated! 
14-05-2026 10:08:46 |ERROR| Error | GET | /api/files/undefined : can't find /api/files/undefined 
Error: can't find /api/files/undefined
    at C:\Users\yosef\OneDrive\Desktop\NTI\Ecommerce Backend\server.js:29:7
    at Layer.handleRequest (C:\Users\yosef\OneDrive\Desktop\NTI\Ecommerce Backend\node_modules\router\lib\layer.js:152:17)
    at trimPrefix (C:\Users\yosef\OneDrive\Desktop\NTI\Ecommerce Backend\node_modules\router\index.js:342:13)
    at C:\Users\yosef\OneDrive\Desktop\NTI\Ecommerce Backend\node_modules\router\index.js:297:9
    at processParams (C:\Users\yosef\OneDrive\Desktop\NTI\Ecommerce Backend\node_modules\router\index.js:582:12)
    at next (C:\Users\yosef\OneDrive\Desktop\NTI\Ecommerce Backend\node_modules\router\index.js:291:5)
    at SendStream.error (C:\Users\yosef\OneDrive\Desktop\NTI\Ecommerce Backend\node_modules\serve-static\index.js:120:7)
    at SendStream.emit (node:events:508:28)
    at SendStream.error (C:\Users\yosef\OneDrive\Desktop\NTI\Ecommerce Backend\node_modules\send\index.js:168:17)
    at SendStream.onStatError (C:\Users\yosef\OneDrive\Desktop\NTI\Ecommerce Backend\node_modules\send\index.js:315:12)
14-05-2026 10:09:43 |INFO| Cart listed! 
14-05-2026 10:09:45 |INFO| Cart listed! 
14-05-2026 10:09:47 |INFO| Cart Item is updated! 
14-05-2026 10:09:47 |ERROR| Error | GET | /api/files/undefined : can't find /api/files/undefined 
Error: can't find /api/files/undefined
    at C:\Users\yosef\OneDrive\Desktop\NTI\Ecommerce Backend\server.js:29:7
    at Layer.handleRequest (C:\Users\yosef\OneDrive\Desktop\NTI\Ecommerce Backend\node_modules\router\lib\layer.js:152:17)
    at trimPrefix (C:\Users\yosef\OneDrive\Desktop\NTI\Ecommerce Backend\node_modules\router\index.js:342:13)
    at C:\Users\yosef\OneDrive\Desktop\NTI\Ecommerce Backend\node_modules\router\index.js:297:9
    at processParams (C:\Users\yosef\OneDrive\Desktop\NTI\Ecommerce Backend\node_modules\router\index.js:582:12)
    at next (C:\Users\yosef\OneDrive\Desktop\NTI\Ecommerce Backend\node_modules\router\index.js:291:5)
    at SendStream.error (C:\Users\yosef\OneDrive\Desktop\NTI\Ecommerce Backend\node_modules\serve-static\index.js:120:7)
    at SendStream.emit (node:events:508:28)
    at SendStream.error (C:\Users\yosef\OneDrive\Desktop\NTI\Ecommerce Backend\node_modules\send\index.js:168:17)
    at SendStream.onStatError (C:\Users\yosef\OneDrive\Desktop\NTI\Ecommerce Backend\node_modules\send\index.js:315:12)
14-05-2026 10:09:49 |ERROR| Error | PATCH | /api/v1/cart : Product is required! 
Error: Product is required!
    at C:\Users\yosef\OneDrive\Desktop\NTI\Ecommerce Backend\controller\cart.controller.js:109:30
    at C:\Users\yosef\OneDrive\Desktop\NTI\Ecommerce Backend\utilites\catchAsync.uti.js:4:3
    at Layer.handleRequest (C:\Users\yosef\OneDrive\Desktop\NTI\Ecommerce Backend\node_modules\router\lib\layer.js:152:17)
    at next (C:\Users\yosef\OneDrive\Desktop\NTI\Ecommerce Backend\node_modules\router\lib\route.js:157:13)
    at C:\Users\yosef\OneDrive\Desktop\NTI\Ecommerce Backend\middlewares\role.middleware.js:8:3
    at Layer.handleRequest (C:\Users\yosef\OneDrive\Desktop\NTI\Ecommerce Backend\node_modules\router\lib\layer.js:152:17)
    at next (C:\Users\yosef\OneDrive\Desktop\NTI\Ecommerce Backend\node_modules\router\lib\route.js:157:13)
    at exports.authanticate (C:\Users\yosef\OneDrive\Desktop\NTI\Ecommerce Backend\middlewares\auth.middleware.js:17:2)
    at process.processTicksAndRejections (node:internal/process/task_queues:104:5)
14-05-2026 10:10:34 |INFO| Cart listed! 
14-05-2026 10:10:35 |INFO| Cart Item is updated! 
14-05-2026 10:10:35 |ERROR| Error | GET | /api/files/undefined : can't find /api/files/undefined 
Error: can't find /api/files/undefined
    at C:\Users\yosef\OneDrive\Desktop\NTI\Ecommerce Backend\server.js:29:7
    at Layer.handleRequest (C:\Users\yosef\OneDrive\Desktop\NTI\Ecommerce Backend\node_modules\router\lib\layer.js:152:17)
    at trimPrefix (C:\Users\yosef\OneDrive\Desktop\NTI\Ecommerce Backend\node_modules\router\index.js:342:13)
    at C:\Users\yosef\OneDrive\Desktop\NTI\Ecommerce Backend\node_modules\router\index.js:297:9
    at processParams (C:\Users\yosef\OneDrive\Desktop\NTI\Ecommerce Backend\node_modules\router\index.js:582:12)
    at next (C:\Users\yosef\OneDrive\Desktop\NTI\Ecommerce Backend\node_modules\router\index.js:291:5)
    at SendStream.error (C:\Users\yosef\OneDrive\Desktop\NTI\Ecommerce Backend\node_modules\serve-static\index.js:120:7)
    at SendStream.emit (node:events:508:28)
    at SendStream.error (C:\Users\yosef\OneDrive\Desktop\NTI\Ecommerce Backend\node_modules\send\index.js:168:17)
    at SendStream.onStatError (C:\Users\yosef\OneDrive\Desktop\NTI\Ecommerce Backend\node_modules\send\index.js:315:12)
14-05-2026 10:10:37 |ERROR| Error | PATCH | /api/v1/cart : Product is required! 
Error: Product is required!
    at C:\Users\yosef\OneDrive\Desktop\NTI\Ecommerce Backend\controller\cart.controller.js:109:30
    at C:\Users\yosef\OneDrive\Desktop\NTI\Ecommerce Backend\utilites\catchAsync.uti.js:4:3
    at Layer.handleRequest (C:\Users\yosef\OneDrive\Desktop\NTI\Ecommerce Backend\node_modules\router\lib\layer.js:152:17)
    at next (C:\Users\yosef\OneDrive\Desktop\NTI\Ecommerce Backend\node_modules\router\lib\route.js:157:13)
    at C:\Users\yosef\OneDrive\Desktop\NTI\Ecommerce Backend\middlewares\role.middleware.js:8:3
    at Layer.handleRequest (C:\Users\yosef\OneDrive\Desktop\NTI\Ecommerce Backend\node_modules\router\lib\layer.js:152:17)
    at next (C:\Users\yosef\OneDrive\Desktop\NTI\Ecommerce Backend\node_modules\router\lib\route.js:157:13)
    at exports.authanticate (C:\Users\yosef\OneDrive\Desktop\NTI\Ecommerce Backend\middlewares\auth.middleware.js:17:2)
    at process.processTicksAndRejections (node:internal/process/task_queues:104:5)
14-05-2026 10:12:48 |INFO| Cart listed! 
14-05-2026 10:13:17 |INFO| Cart listed! 
14-05-2026 10:13:20 |INFO| Cart listed! 
14-05-2026 10:13:22 |ERROR| Error | PATCH | /api/v1/cart : Product is required! 
Error: Product is required!
    at C:\Users\yosef\OneDrive\Desktop\NTI\Ecommerce Backend\controller\cart.controller.js:109:30
    at C:\Users\yosef\OneDrive\Desktop\NTI\Ecommerce Backend\utilites\catchAsync.uti.js:4:3
    at Layer.handleRequest (C:\Users\yosef\OneDrive\Desktop\NTI\Ecommerce Backend\node_modules\router\lib\layer.js:152:17)
    at next (C:\Users\yosef\OneDrive\Desktop\NTI\Ecommerce Backend\node_modules\router\lib\route.js:157:13)
    at C:\Users\yosef\OneDrive\Desktop\NTI\Ecommerce Backend\middlewares\role.middleware.js:8:3
    at Layer.handleRequest (C:\Users\yosef\OneDrive\Desktop\NTI\Ecommerce Backend\node_modules\router\lib\layer.js:152:17)
    at next (C:\Users\yosef\OneDrive\Desktop\NTI\Ecommerce Backend\node_modules\router\lib\route.js:157:13)
    at exports.authanticate (C:\Users\yosef\OneDrive\Desktop\NTI\Ecommerce Backend\middlewares\auth.middleware.js:17:2)
    at process.processTicksAndRejections (node:internal/process/task_queues:104:5)
14-05-2026 10:14:38 |INFO| Cart listed! 
14-05-2026 10:14:53 |ERROR| Error | PATCH | /api/v1/cart : Product is required! 
Error: Product is required!
    at C:\Users\yosef\OneDrive\Desktop\NTI\Ecommerce Backend\controller\cart.controller.js:109:30
    at C:\Users\yosef\OneDrive\Desktop\NTI\Ecommerce Backend\utilites\catchAsync.uti.js:4:3
    at Layer.handleRequest (C:\Users\yosef\OneDrive\Desktop\NTI\Ecommerce Backend\node_modules\router\lib\layer.js:152:17)
    at next (C:\Users\yosef\OneDrive\Desktop\NTI\Ecommerce Backend\node_modules\router\lib\route.js:157:13)
    at C:\Users\yosef\OneDrive\Desktop\NTI\Ecommerce Backend\middlewares\role.middleware.js:8:3
    at Layer.handleRequest (C:\Users\yosef\OneDrive\Desktop\NTI\Ecommerce Backend\node_modules\router\lib\layer.js:152:17)
    at next (C:\Users\yosef\OneDrive\Desktop\NTI\Ecommerce Backend\node_modules\router\lib\route.js:157:13)
    at exports.authanticate (C:\Users\yosef\OneDrive\Desktop\NTI\Ecommerce Backend\middlewares\auth.middleware.js:17:2)
    at process.processTicksAndRejections (node:internal/process/task_queues:104:5)
14-05-2026 10:14:56 |INFO| Cart listed! 
14-05-2026 10:14:58 |ERROR| Error | PATCH | /api/v1/cart : Product is required! 
Error: Product is required!
    at C:\Users\yosef\OneDrive\Desktop\NTI\Ecommerce Backend\controller\cart.controller.js:109:30
    at C:\Users\yosef\OneDrive\Desktop\NTI\Ecommerce Backend\utilites\catchAsync.uti.js:4:3
    at Layer.handleRequest (C:\Users\yosef\OneDrive\Desktop\NTI\Ecommerce Backend\node_modules\router\lib\layer.js:152:17)
    at next (C:\Users\yosef\OneDrive\Desktop\NTI\Ecommerce Backend\node_modules\router\lib\route.js:157:13)
    at C:\Users\yosef\OneDrive\Desktop\NTI\Ecommerce Backend\middlewares\role.middleware.js:8:3
    at Layer.handleRequest (C:\Users\yosef\OneDrive\Desktop\NTI\Ecommerce Backend\node_modules\router\lib\layer.js:152:17)
    at next (C:\Users\yosef\OneDrive\Desktop\NTI\Ecommerce Backend\node_modules\router\lib\route.js:157:13)
    at exports.authanticate (C:\Users\yosef\OneDrive\Desktop\NTI\Ecommerce Backend\middlewares\auth.middleware.js:17:2)
    at process.processTicksAndRejections (node:internal/process/task_queues:104:5)
14-05-2026 10:18:19 |INFO| Cart listed! 
14-05-2026 10:18:23 |INFO| Cart listed! 
14-05-2026 10:18:23 |INFO| Products listed! 
14-05-2026 10:18:25 |ERROR| Error | PATCH | /api/v1/cart : Product is required! 
Error: Product is required!
    at C:\Users\yosef\OneDrive\Desktop\NTI\Ecommerce Backend\controller\cart.controller.js:109:30
    at C:\Users\yosef\OneDrive\Desktop\NTI\Ecommerce Backend\utilites\catchAsync.uti.js:4:3
    at Layer.handleRequest (C:\Users\yosef\OneDrive\Desktop\NTI\Ecommerce Backend\node_modules\router\lib\layer.js:152:17)
    at next (C:\Users\yosef\OneDrive\Desktop\NTI\Ecommerce Backend\node_modules\router\lib\route.js:157:13)
    at C:\Users\yosef\OneDrive\Desktop\NTI\Ecommerce Backend\middlewares\role.middleware.js:8:3
    at Layer.handleRequest (C:\Users\yosef\OneDrive\Desktop\NTI\Ecommerce Backend\node_modules\router\lib\layer.js:152:17)
    at next (C:\Users\yosef\OneDrive\Desktop\NTI\Ecommerce Backend\node_modules\router\lib\route.js:157:13)
    at exports.authanticate (C:\Users\yosef\OneDrive\Desktop\NTI\Ecommerce Backend\middlewares\auth.middleware.js:17:2)
    at process.processTicksAndRejections (node:internal/process/task_queues:104:5)
14-05-2026 10:18:32 |INFO| Cart listed! 
14-05-2026 10:19:40 |INFO| Cart listed! 
14-05-2026 10:19:43 |INFO| Cart listed! 
14-05-2026 10:19:44 |INFO| Cart Item is updated! 
14-05-2026 10:19:44 |ERROR| Error | GET | /api/files/undefined : can't find /api/files/undefined 
Error: can't find /api/files/undefined
    at C:\Users\yosef\OneDrive\Desktop\NTI\Ecommerce Backend\server.js:29:7
    at Layer.handleRequest (C:\Users\yosef\OneDrive\Desktop\NTI\Ecommerce Backend\node_modules\router\lib\layer.js:152:17)
    at trimPrefix (C:\Users\yosef\OneDrive\Desktop\NTI\Ecommerce Backend\node_modules\router\index.js:342:13)
    at C:\Users\yosef\OneDrive\Desktop\NTI\Ecommerce Backend\node_modules\router\index.js:297:9
    at processParams (C:\Users\yosef\OneDrive\Desktop\NTI\Ecommerce Backend\node_modules\router\index.js:582:12)
    at next (C:\Users\yosef\OneDrive\Desktop\NTI\Ecommerce Backend\node_modules\router\index.js:291:5)
    at SendStream.error (C:\Users\yosef\OneDrive\Desktop\NTI\Ecommerce Backend\node_modules\serve-static\index.js:120:7)
    at SendStream.emit (node:events:508:28)
    at SendStream.error (C:\Users\yosef\OneDrive\Desktop\NTI\Ecommerce Backend\node_modules\send\index.js:168:17)
    at SendStream.onStatError (C:\Users\yosef\OneDrive\Desktop\NTI\Ecommerce Backend\node_modules\send\index.js:315:12)
14-05-2026 10:19:47 |ERROR| Error | PATCH | /api/v1/cart : Product is required! 
Error: Product is required!
    at C:\Users\yosef\OneDrive\Desktop\NTI\Ecommerce Backend\controller\cart.controller.js:109:30
    at C:\Users\yosef\OneDrive\Desktop\NTI\Ecommerce Backend\utilites\catchAsync.uti.js:4:3
    at Layer.handleRequest (C:\Users\yosef\OneDrive\Desktop\NTI\Ecommerce Backend\node_modules\router\lib\layer.js:152:17)
    at next (C:\Users\yosef\OneDrive\Desktop\NTI\Ecommerce Backend\node_modules\router\lib\route.js:157:13)
    at C:\Users\yosef\OneDrive\Desktop\NTI\Ecommerce Backend\middlewares\role.middleware.js:8:3
    at Layer.handleRequest (C:\Users\yosef\OneDrive\Desktop\NTI\Ecommerce Backend\node_modules\router\lib\layer.js:152:17)
    at next (C:\Users\yosef\OneDrive\Desktop\NTI\Ecommerce Backend\node_modules\router\lib\route.js:157:13)
    at exports.authanticate (C:\Users\yosef\OneDrive\Desktop\NTI\Ecommerce Backend\middlewares\auth.middleware.js:17:2)
    at process.processTicksAndRejections (node:internal/process/task_queues:104:5)
14-05-2026 10:19:50 |INFO| Cart listed! 
14-05-2026 10:19:52 |INFO| Cart Item is updated! 
14-05-2026 10:19:52 |ERROR| Error | GET | /api/files/undefined : can't find /api/files/undefined 
Error: can't find /api/files/undefined
    at C:\Users\yosef\OneDrive\Desktop\NTI\Ecommerce Backend\server.js:29:7
    at Layer.handleRequest (C:\Users\yosef\OneDrive\Desktop\NTI\Ecommerce Backend\node_modules\router\lib\layer.js:152:17)
    at trimPrefix (C:\Users\yosef\OneDrive\Desktop\NTI\Ecommerce Backend\node_modules\router\index.js:342:13)
    at C:\Users\yosef\OneDrive\Desktop\NTI\Ecommerce Backend\node_modules\router\index.js:297:9
    at processParams (C:\Users\yosef\OneDrive\Desktop\NTI\Ecommerce Backend\node_modules\router\index.js:582:12)
    at next (C:\Users\yosef\OneDrive\Desktop\NTI\Ecommerce Backend\node_modules\router\index.js:291:5)
    at SendStream.error (C:\Users\yosef\OneDrive\Desktop\NTI\Ecommerce Backend\node_modules\serve-static\index.js:120:7)
    at SendStream.emit (node:events:508:28)
    at SendStream.error (C:\Users\yosef\OneDrive\Desktop\NTI\Ecommerce Backend\node_modules\send\index.js:168:17)
    at SendStream.onStatError (C:\Users\yosef\OneDrive\Desktop\NTI\Ecommerce Backend\node_modules\send\index.js:315:12)
14-05-2026 10:20:06 |INFO| Cart listed! 
14-05-2026 10:20:45 |INFO| Cart listed! 
14-05-2026 10:21:14 |INFO| Cart listed! 
14-05-2026 10:30:01 |INFO| Cart listed! 
14-05-2026 10:30:01 |INFO| Cart listed! 
14-05-2026 10:30:03 |INFO| Cart Item is updated! 
14-05-2026 10:30:03 |ERROR| Error | GET | /api/files/undefined : can't find /api/files/undefined 
Error: can't find /api/files/undefined
    at C:\Users\yosef\OneDrive\Desktop\NTI\Ecommerce Backend\server.js:29:7
    at Layer.handleRequest (C:\Users\yosef\OneDrive\Desktop\NTI\Ecommerce Backend\node_modules\router\lib\layer.js:152:17)
    at trimPrefix (C:\Users\yosef\OneDrive\Desktop\NTI\Ecommerce Backend\node_modules\router\index.js:342:13)
    at C:\Users\yosef\OneDrive\Desktop\NTI\Ecommerce Backend\node_modules\router\index.js:297:9
    at processParams (C:\Users\yosef\OneDrive\Desktop\NTI\Ecommerce Backend\node_modules\router\index.js:582:12)
    at next (C:\Users\yosef\OneDrive\Desktop\NTI\Ecommerce Backend\node_modules\router\index.js:291:5)
    at SendStream.error (C:\Users\yosef\OneDrive\Desktop\NTI\Ecommerce Backend\node_modules\serve-static\index.js:120:7)
    at SendStream.emit (node:events:508:28)
    at SendStream.error (C:\Users\yosef\OneDrive\Desktop\NTI\Ecommerce Backend\node_modules\send\index.js:168:17)
    at SendStream.onStatError (C:\Users\yosef\OneDrive\Desktop\NTI\Ecommerce Backend\node_modules\send\index.js:315:12)
14-05-2026 10:30:04 |ERROR| Error | PATCH | /api/v1/cart : Product is required! 
Error: Product is required!
    at C:\Users\yosef\OneDrive\Desktop\NTI\Ecommerce Backend\controller\cart.controller.js:109:30
    at C:\Users\yosef\OneDrive\Desktop\NTI\Ecommerce Backend\utilites\catchAsync.uti.js:4:3
    at Layer.handleRequest (C:\Users\yosef\OneDrive\Desktop\NTI\Ecommerce Backend\node_modules\router\lib\layer.js:152:17)
    at next (C:\Users\yosef\OneDrive\Desktop\NTI\Ecommerce Backend\node_modules\router\lib\route.js:157:13)
    at C:\Users\yosef\OneDrive\Desktop\NTI\Ecommerce Backend\middlewares\role.middleware.js:8:3
    at Layer.handleRequest (C:\Users\yosef\OneDrive\Desktop\NTI\Ecommerce Backend\node_modules\router\lib\layer.js:152:17)
    at next (C:\Users\yosef\OneDrive\Desktop\NTI\Ecommerce Backend\node_modules\router\lib\route.js:157:13)
    at exports.authanticate (C:\Users\yosef\OneDrive\Desktop\NTI\Ecommerce Backend\middlewares\auth.middleware.js:17:2)
    at process.processTicksAndRejections (node:internal/process/task_queues:104:5)
14-05-2026 10:30:05 |ERROR| Error | PATCH | /api/v1/cart : Product is required! 
Error: Product is required!
    at C:\Users\yosef\OneDrive\Desktop\NTI\Ecommerce Backend\controller\cart.controller.js:109:30
    at C:\Users\yosef\OneDrive\Desktop\NTI\Ecommerce Backend\utilites\catchAsync.uti.js:4:3
    at Layer.handleRequest (C:\Users\yosef\OneDrive\Desktop\NTI\Ecommerce Backend\node_modules\router\lib\layer.js:152:17)
    at next (C:\Users\yosef\OneDrive\Desktop\NTI\Ecommerce Backend\node_modules\router\lib\route.js:157:13)
    at C:\Users\yosef\OneDrive\Desktop\NTI\Ecommerce Backend\middlewares\role.middleware.js:8:3
    at Layer.handleRequest (C:\Users\yosef\OneDrive\Desktop\NTI\Ecommerce Backend\node_modules\router\lib\layer.js:152:17)
    at next (C:\Users\yosef\OneDrive\Desktop\NTI\Ecommerce Backend\node_modules\router\lib\route.js:157:13)
    at exports.authanticate (C:\Users\yosef\OneDrive\Desktop\NTI\Ecommerce Backend\middlewares\auth.middleware.js:17:2)
    at process.processTicksAndRejections (node:internal/process/task_queues:104:5)
14-05-2026 10:30:06 |ERROR| Error | PATCH | /api/v1/cart : Product is required! 
Error: Product is required!
    at C:\Users\yosef\OneDrive\Desktop\NTI\Ecommerce Backend\controller\cart.controller.js:109:30
    at C:\Users\yosef\OneDrive\Desktop\NTI\Ecommerce Backend\utilites\catchAsync.uti.js:4:3
    at Layer.handleRequest (C:\Users\yosef\OneDrive\Desktop\NTI\Ecommerce Backend\node_modules\router\lib\layer.js:152:17)
    at next (C:\Users\yosef\OneDrive\Desktop\NTI\Ecommerce Backend\node_modules\router\lib\route.js:157:13)
    at C:\Users\yosef\OneDrive\Desktop\NTI\Ecommerce Backend\middlewares\role.middleware.js:8:3
    at Layer.handleRequest (C:\Users\yosef\OneDrive\Desktop\NTI\Ecommerce Backend\node_modules\router\lib\layer.js:152:17)
    at next (C:\Users\yosef\OneDrive\Desktop\NTI\Ecommerce Backend\node_modules\router\lib\route.js:157:13)
    at exports.authanticate (C:\Users\yosef\OneDrive\Desktop\NTI\Ecommerce Backend\middlewares\auth.middleware.js:17:2)
    at process.processTicksAndRejections (node:internal/process/task_queues:104:5)
14-05-2026 10:30:06 |ERROR| Error | PATCH | /api/v1/cart : Product is required! 
Error: Product is required!
    at C:\Users\yosef\OneDrive\Desktop\NTI\Ecommerce Backend\controller\cart.controller.js:109:30
    at C:\Users\yosef\OneDrive\Desktop\NTI\Ecommerce Backend\utilites\catchAsync.uti.js:4:3
    at Layer.handleRequest (C:\Users\yosef\OneDrive\Desktop\NTI\Ecommerce Backend\node_modules\router\lib\layer.js:152:17)
    at next (C:\Users\yosef\OneDrive\Desktop\NTI\Ecommerce Backend\node_modules\router\lib\route.js:157:13)
    at C:\Users\yosef\OneDrive\Desktop\NTI\Ecommerce Backend\middlewares\role.middleware.js:8:3
    at Layer.handleRequest (C:\Users\yosef\OneDrive\Desktop\NTI\Ecommerce Backend\node_modules\router\lib\layer.js:152:17)
    at next (C:\Users\yosef\OneDrive\Desktop\NTI\Ecommerce Backend\node_modules\router\lib\route.js:157:13)
    at exports.authanticate (C:\Users\yosef\OneDrive\Desktop\NTI\Ecommerce Backend\middlewares\auth.middleware.js:17:2)
    at process.processTicksAndRejections (node:internal/process/task_queues:104:5)
14-05-2026 10:30:07 |ERROR| Error | PATCH | /api/v1/cart : Product is required! 
Error: Product is required!
    at C:\Users\yosef\OneDrive\Desktop\NTI\Ecommerce Backend\controller\cart.controller.js:109:30
    at C:\Users\yosef\OneDrive\Desktop\NTI\Ecommerce Backend\utilites\catchAsync.uti.js:4:3
    at Layer.handleRequest (C:\Users\yosef\OneDrive\Desktop\NTI\Ecommerce Backend\node_modules\router\lib\layer.js:152:17)
    at next (C:\Users\yosef\OneDrive\Desktop\NTI\Ecommerce Backend\node_modules\router\lib\route.js:157:13)
    at C:\Users\yosef\OneDrive\Desktop\NTI\Ecommerce Backend\middlewares\role.middleware.js:8:3
    at Layer.handleRequest (C:\Users\yosef\OneDrive\Desktop\NTI\Ecommerce Backend\node_modules\router\lib\layer.js:152:17)
    at next (C:\Users\yosef\OneDrive\Desktop\NTI\Ecommerce Backend\node_modules\router\lib\route.js:157:13)
    at exports.authanticate (C:\Users\yosef\OneDrive\Desktop\NTI\Ecommerce Backend\middlewares\auth.middleware.js:17:2)
    at process.processTicksAndRejections (node:internal/process/task_queues:104:5)
14-05-2026 10:30:25 |INFO| Cart listed! 
14-05-2026 10:30:27 |INFO| Cart Item is updated! 
14-05-2026 10:30:27 |ERROR| Error | GET | /api/files/undefined : can't find /api/files/undefined 
Error: can't find /api/files/undefined
    at C:\Users\yosef\OneDrive\Desktop\NTI\Ecommerce Backend\server.js:29:7
    at Layer.handleRequest (C:\Users\yosef\OneDrive\Desktop\NTI\Ecommerce Backend\node_modules\router\lib\layer.js:152:17)
    at trimPrefix (C:\Users\yosef\OneDrive\Desktop\NTI\Ecommerce Backend\node_modules\router\index.js:342:13)
    at C:\Users\yosef\OneDrive\Desktop\NTI\Ecommerce Backend\node_modules\router\index.js:297:9
    at processParams (C:\Users\yosef\OneDrive\Desktop\NTI\Ecommerce Backend\node_modules\router\index.js:582:12)
    at next (C:\Users\yosef\OneDrive\Desktop\NTI\Ecommerce Backend\node_modules\router\index.js:291:5)
    at SendStream.error (C:\Users\yosef\OneDrive\Desktop\NTI\Ecommerce Backend\node_modules\serve-static\index.js:120:7)
    at SendStream.emit (node:events:508:28)
    at SendStream.error (C:\Users\yosef\OneDrive\Desktop\NTI\Ecommerce Backend\node_modules\send\index.js:168:17)
    at SendStream.onStatError (C:\Users\yosef\OneDrive\Desktop\NTI\Ecommerce Backend\node_modules\send\index.js:315:12)
14-05-2026 10:31:00 |ERROR| Error | PATCH | /api/v1/cart : Product is required! 
Error: Product is required!
    at C:\Users\yosef\OneDrive\Desktop\NTI\Ecommerce Backend\controller\cart.controller.js:109:30
    at C:\Users\yosef\OneDrive\Desktop\NTI\Ecommerce Backend\utilites\catchAsync.uti.js:4:3
    at Layer.handleRequest (C:\Users\yosef\OneDrive\Desktop\NTI\Ecommerce Backend\node_modules\router\lib\layer.js:152:17)
    at next (C:\Users\yosef\OneDrive\Desktop\NTI\Ecommerce Backend\node_modules\router\lib\route.js:157:13)
    at C:\Users\yosef\OneDrive\Desktop\NTI\Ecommerce Backend\middlewares\role.middleware.js:8:3
    at Layer.handleRequest (C:\Users\yosef\OneDrive\Desktop\NTI\Ecommerce Backend\node_modules\router\lib\layer.js:152:17)
    at next (C:\Users\yosef\OneDrive\Desktop\NTI\Ecommerce Backend\node_modules\router\lib\route.js:157:13)
    at exports.authanticate (C:\Users\yosef\OneDrive\Desktop\NTI\Ecommerce Backend\middlewares\auth.middleware.js:17:2)
    at process.processTicksAndRejections (node:internal/process/task_queues:104:5)
14-05-2026 10:32:42 |INFO| Cart listed! 
14-05-2026 10:32:43 |INFO| Cart Item is updated! 
14-05-2026 10:32:45 |INFO| Cart Item is updated! 
14-05-2026 10:32:46 |INFO| Cart Item is updated! 
14-05-2026 10:32:47 |INFO| Cart Item is updated! 
14-05-2026 10:32:48 |INFO| Cart Item is updated! 
14-05-2026 10:32:48 |INFO| Cart Item is updated! 
14-05-2026 10:32:49 |INFO| Cart Item is updated! 
14-05-2026 10:32:52 |INFO| Cart Item is updated! 
14-05-2026 10:32:52 |INFO| Cart Item is updated! 
14-05-2026 10:32:52 |INFO| Cart Item is updated! 
14-05-2026 10:32:52 |INFO| Cart Item is updated! 
14-05-2026 10:32:52 |INFO| Cart Item is updated! 
14-05-2026 10:32:52 |INFO| Cart Item is updated! 
14-05-2026 10:32:53 |INFO| Cart Item is updated! 
14-05-2026 10:32:53 |INFO| Cart Item is updated! 
14-05-2026 10:32:53 |INFO| Cart Item is updated! 
14-05-2026 10:32:53 |INFO| Cart Item is updated! 
14-05-2026 10:32:53 |INFO| Cart Item is updated! 
14-05-2026 10:32:53 |INFO| Cart Item is updated! 
14-05-2026 10:32:54 |INFO| Cart Item is updated! 
14-05-2026 10:32:54 |INFO| Cart Item is updated! 
14-05-2026 10:32:54 |INFO| Cart Item is updated! 
14-05-2026 10:32:54 |INFO| Cart Item is updated! 
14-05-2026 10:32:54 |INFO| Cart Item is updated! 
14-05-2026 10:32:54 |INFO| Cart Item is updated! 
14-05-2026 10:32:55 |INFO| Cart Item is updated! 
14-05-2026 10:32:55 |INFO| Cart Item is updated! 
14-05-2026 10:32:56 |INFO| Cart Item is updated! 
14-05-2026 10:32:56 |INFO| Cart Item is updated! 
14-05-2026 10:32:56 |INFO| Cart Item is updated! 
14-05-2026 10:32:57 |INFO| Cart Item is updated! 
14-05-2026 10:32:57 |INFO| Cart Item is updated! 
14-05-2026 10:32:57 |INFO| Cart Item is updated! 
14-05-2026 10:32:57 |INFO| Cart Item is updated! 
14-05-2026 10:32:57 |INFO| Cart Item is updated! 
14-05-2026 10:32:57 |INFO| Cart Item is updated! 
14-05-2026 10:32:58 |INFO| Cart Item is updated! 
14-05-2026 10:32:58 |INFO| Cart Item is updated! 
14-05-2026 10:32:59 |INFO| Cart is cleared! 
14-05-2026 10:33:01 |INFO| Cart listed! 
14-05-2026 10:33:01 |INFO| Products listed! 
14-05-2026 10:33:02 |INFO| Cart updated! 
14-05-2026 10:33:03 |INFO| Cart Item is updated! 
14-05-2026 10:33:03 |INFO| Cart Item is updated! 
14-05-2026 10:33:04 |INFO| Cart listed! 
14-05-2026 10:33:06 |INFO| Cart Item is updated! 
14-05-2026 10:33:06 |INFO| Cart Item is updated! 
14-05-2026 10:33:06 |INFO| Cart Item is updated! 
14-05-2026 10:33:06 |INFO| Cart Item is updated! 
14-05-2026 10:33:07 |INFO| Cart Item is updated! 
14-05-2026 10:33:07 |INFO| Cart Item is updated! 
14-05-2026 10:33:08 |INFO| Cart Item is updated! 
14-05-2026 10:33:08 |INFO| Cart Item is updated! 
14-05-2026 10:33:08 |INFO| Cart Item is updated! 
14-05-2026 10:33:08 |INFO| Cart Item is updated! 
14-05-2026 10:33:10 |INFO| Cart Item is removed! 
14-05-2026 10:33:12 |INFO| Cart listed! 
14-05-2026 10:33:12 |INFO| Products listed! 
14-05-2026 10:33:15 |INFO| Products listed! 
14-05-2026 10:33:15 |INFO| Cart listed! 
14-05-2026 10:33:20 |INFO| Cart updated! 
14-05-2026 10:33:24 |INFO| Cart listed! 
14-05-2026 10:33:25 |INFO| Cart Item is updated! 
14-05-2026 10:33:25 |INFO| Cart Item is updated! 
14-05-2026 10:33:25 |INFO| Cart Item is updated! 
14-05-2026 10:33:25 |INFO| Cart Item is updated! 
14-05-2026 10:33:26 |INFO| Cart Item is updated! 
14-05-2026 10:33:26 |INFO| Cart Item is updated! 
14-05-2026 10:33:26 |INFO| Cart Item is updated! 
14-05-2026 10:33:26 |INFO| Cart Item is updated! 
14-05-2026 10:33:26 |INFO| Cart Item is updated! 
14-05-2026 10:33:26 |INFO| Cart Item is updated! 
14-05-2026 10:33:27 |INFO| Cart Item is updated! 
14-05-2026 10:33:28 |INFO| Cart Item is updated! 
14-05-2026 10:33:28 |INFO| Cart Item is updated! 
14-05-2026 10:33:28 |INFO| Cart Item is updated! 
14-05-2026 10:33:28 |INFO| Cart Item is updated! 
14-05-2026 10:33:29 |INFO| Cart is cleared! 
14-05-2026 10:33:42 |INFO| Cart listed! 
14-05-2026 10:34:19 |ERROR| Error | GET | /api/v1/cart : unauthorized, no token provided! 
Error: unauthorized, no token provided!
    at exports.authanticate (C:\Users\yosef\OneDrive\Desktop\NTI\Ecommerce Backend\middlewares\auth.middleware.js:8:15)
    at Layer.handleRequest (C:\Users\yosef\OneDrive\Desktop\NTI\Ecommerce Backend\node_modules\router\lib\layer.js:152:17)
    at next (C:\Users\yosef\OneDrive\Desktop\NTI\Ecommerce Backend\node_modules\router\lib\route.js:157:13)
    at Route.dispatch (C:\Users\yosef\OneDrive\Desktop\NTI\Ecommerce Backend\node_modules\router\lib\route.js:117:3)
    at handle (C:\Users\yosef\OneDrive\Desktop\NTI\Ecommerce Backend\node_modules\router\index.js:435:11)
    at Layer.handleRequest (C:\Users\yosef\OneDrive\Desktop\NTI\Ecommerce Backend\node_modules\router\lib\layer.js:152:17)
    at C:\Users\yosef\OneDrive\Desktop\NTI\Ecommerce Backend\node_modules\router\index.js:295:15
    at processParams (C:\Users\yosef\OneDrive\Desktop\NTI\Ecommerce Backend\node_modules\router\index.js:582:12)
    at next (C:\Users\yosef\OneDrive\Desktop\NTI\Ecommerce Backend\node_modules\router\index.js:291:5)
    at router.handle (C:\Users\yosef\OneDrive\Desktop\NTI\Ecommerce Backend\node_modules\router\index.js:186:3)
14-05-2026 10:34:19 |INFO| Products listed! 
14-05-2026 10:34:33 |ERROR| Error | POST | /api/v1/auth/login : Invalid mobile or Password! 
Error: Invalid mobile or Password!
    at C:\Users\yosef\OneDrive\Desktop\NTI\Ecommerce Backend\controller\auth.controller.js:22:7
    at process.processTicksAndRejections (node:internal/process/task_queues:104:5)
14-05-2026 10:34:37 |ERROR| Error | GET | /api/v1/cart : unauthorized, no token provided! 
Error: unauthorized, no token provided!
    at exports.authanticate (C:\Users\yosef\OneDrive\Desktop\NTI\Ecommerce Backend\middlewares\auth.middleware.js:8:15)
    at Layer.handleRequest (C:\Users\yosef\OneDrive\Desktop\NTI\Ecommerce Backend\node_modules\router\lib\layer.js:152:17)
    at next (C:\Users\yosef\OneDrive\Desktop\NTI\Ecommerce Backend\node_modules\router\lib\route.js:157:13)
    at Route.dispatch (C:\Users\yosef\OneDrive\Desktop\NTI\Ecommerce Backend\node_modules\router\lib\route.js:117:3)
    at handle (C:\Users\yosef\OneDrive\Desktop\NTI\Ecommerce Backend\node_modules\router\index.js:435:11)
    at Layer.handleRequest (C:\Users\yosef\OneDrive\Desktop\NTI\Ecommerce Backend\node_modules\router\lib\layer.js:152:17)
    at C:\Users\yosef\OneDrive\Desktop\NTI\Ecommerce Backend\node_modules\router\index.js:295:15
    at processParams (C:\Users\yosef\OneDrive\Desktop\NTI\Ecommerce Backend\node_modules\router\index.js:582:12)
    at next (C:\Users\yosef\OneDrive\Desktop\NTI\Ecommerce Backend\node_modules\router\index.js:291:5)
    at router.handle (C:\Users\yosef\OneDrive\Desktop\NTI\Ecommerce Backend\node_modules\router\index.js:186:3)
14-05-2026 10:34:37 |INFO| Products listed! 
14-05-2026 10:35:16 |ERROR| Error | GET | /api/v1/cart : unauthorized, no token provided! 
Error: unauthorized, no token provided!
    at exports.authanticate (C:\Users\yosef\OneDrive\Desktop\NTI\Ecommerce Backend\middlewares\auth.middleware.js:8:15)
    at Layer.handleRequest (C:\Users\yosef\OneDrive\Desktop\NTI\Ecommerce Backend\node_modules\router\lib\layer.js:152:17)
    at next (C:\Users\yosef\OneDrive\Desktop\NTI\Ecommerce Backend\node_modules\router\lib\route.js:157:13)
    at Route.dispatch (C:\Users\yosef\OneDrive\Desktop\NTI\Ecommerce Backend\node_modules\router\lib\route.js:117:3)
    at handle (C:\Users\yosef\OneDrive\Desktop\NTI\Ecommerce Backend\node_modules\router\index.js:435:11)
    at Layer.handleRequest (C:\Users\yosef\OneDrive\Desktop\NTI\Ecommerce Backend\node_modules\router\lib\layer.js:152:17)
    at C:\Users\yosef\OneDrive\Desktop\NTI\Ecommerce Backend\node_modules\router\index.js:295:15
    at processParams (C:\Users\yosef\OneDrive\Desktop\NTI\Ecommerce Backend\node_modules\router\index.js:582:12)
    at next (C:\Users\yosef\OneDrive\Desktop\NTI\Ecommerce Backend\node_modules\router\index.js:291:5)
    at router.handle (C:\Users\yosef\OneDrive\Desktop\NTI\Ecommerce Backend\node_modules\router\index.js:186:3)
14-05-2026 10:35:16 |INFO| Products listed! 
14-05-2026 10:35:42 |ERROR| Error | GET | /api/v1/cart : unauthorized, no token provided! 
Error: unauthorized, no token provided!
    at exports.authanticate (C:\Users\yosef\OneDrive\Desktop\NTI\Ecommerce Backend\middlewares\auth.middleware.js:8:15)
    at Layer.handleRequest (C:\Users\yosef\OneDrive\Desktop\NTI\Ecommerce Backend\node_modules\router\lib\layer.js:152:17)
    at next (C:\Users\yosef\OneDrive\Desktop\NTI\Ecommerce Backend\node_modules\router\lib\route.js:157:13)
    at Route.dispatch (C:\Users\yosef\OneDrive\Desktop\NTI\Ecommerce Backend\node_modules\router\lib\route.js:117:3)
    at handle (C:\Users\yosef\OneDrive\Desktop\NTI\Ecommerce Backend\node_modules\router\index.js:435:11)
    at Layer.handleRequest (C:\Users\yosef\OneDrive\Desktop\NTI\Ecommerce Backend\node_modules\router\lib\layer.js:152:17)
    at C:\Users\yosef\OneDrive\Desktop\NTI\Ecommerce Backend\node_modules\router\index.js:295:15
    at processParams (C:\Users\yosef\OneDrive\Desktop\NTI\Ecommerce Backend\node_modules\router\index.js:582:12)
    at next (C:\Users\yosef\OneDrive\Desktop\NTI\Ecommerce Backend\node_modules\router\index.js:291:5)
    at router.handle (C:\Users\yosef\OneDrive\Desktop\NTI\Ecommerce Backend\node_modules\router\index.js:186:3)
14-05-2026 10:35:42 |INFO| Products listed! 
14-05-2026 10:35:56 |INFO| Cart listed! 
14-05-2026 10:37:47 |INFO| Cart listed! 
14-05-2026 10:37:51 |ERROR| Error | GET | /api/v1/cart : unauthorized, no token provided! 
Error: unauthorized, no token provided!
    at exports.authanticate (C:\Users\yosef\OneDrive\Desktop\NTI\Ecommerce Backend\middlewares\auth.middleware.js:8:15)
    at Layer.handleRequest (C:\Users\yosef\OneDrive\Desktop\NTI\Ecommerce Backend\node_modules\router\lib\layer.js:152:17)
    at next (C:\Users\yosef\OneDrive\Desktop\NTI\Ecommerce Backend\node_modules\router\lib\route.js:157:13)
    at Route.dispatch (C:\Users\yosef\OneDrive\Desktop\NTI\Ecommerce Backend\node_modules\router\lib\route.js:117:3)
    at handle (C:\Users\yosef\OneDrive\Desktop\NTI\Ecommerce Backend\node_modules\router\index.js:435:11)
    at Layer.handleRequest (C:\Users\yosef\OneDrive\Desktop\NTI\Ecommerce Backend\node_modules\router\lib\layer.js:152:17)
    at C:\Users\yosef\OneDrive\Desktop\NTI\Ecommerce Backend\node_modules\router\index.js:295:15
    at processParams (C:\Users\yosef\OneDrive\Desktop\NTI\Ecommerce Backend\node_modules\router\index.js:582:12)
    at next (C:\Users\yosef\OneDrive\Desktop\NTI\Ecommerce Backend\node_modules\router\index.js:291:5)
    at router.handle (C:\Users\yosef\OneDrive\Desktop\NTI\Ecommerce Backend\node_modules\router\index.js:186:3)
14-05-2026 10:37:51 |INFO| Products listed! 
14-05-2026 10:37:52 |ERROR| Error | GET | /api/v1/cart : unauthorized, no token provided! 
Error: unauthorized, no token provided!
    at exports.authanticate (C:\Users\yosef\OneDrive\Desktop\NTI\Ecommerce Backend\middlewares\auth.middleware.js:8:15)
    at Layer.handleRequest (C:\Users\yosef\OneDrive\Desktop\NTI\Ecommerce Backend\node_modules\router\lib\layer.js:152:17)
    at next (C:\Users\yosef\OneDrive\Desktop\NTI\Ecommerce Backend\node_modules\router\lib\route.js:157:13)
    at Route.dispatch (C:\Users\yosef\OneDrive\Desktop\NTI\Ecommerce Backend\node_modules\router\lib\route.js:117:3)
    at handle (C:\Users\yosef\OneDrive\Desktop\NTI\Ecommerce Backend\node_modules\router\index.js:435:11)
    at Layer.handleRequest (C:\Users\yosef\OneDrive\Desktop\NTI\Ecommerce Backend\node_modules\router\lib\layer.js:152:17)
    at C:\Users\yosef\OneDrive\Desktop\NTI\Ecommerce Backend\node_modules\router\index.js:295:15
    at processParams (C:\Users\yosef\OneDrive\Desktop\NTI\Ecommerce Backend\node_modules\router\index.js:582:12)
    at next (C:\Users\yosef\OneDrive\Desktop\NTI\Ecommerce Backend\node_modules\router\index.js:291:5)
    at router.handle (C:\Users\yosef\OneDrive\Desktop\NTI\Ecommerce Backend\node_modules\router\index.js:186:3)
14-05-2026 10:37:52 |INFO| Products listed! 
14-05-2026 10:37:52 |ERROR| Error | GET | /api/v1/cart : unauthorized, no token provided! 
Error: unauthorized, no token provided!
    at exports.authanticate (C:\Users\yosef\OneDrive\Desktop\NTI\Ecommerce Backend\middlewares\auth.middleware.js:8:15)
    at Layer.handleRequest (C:\Users\yosef\OneDrive\Desktop\NTI\Ecommerce Backend\node_modules\router\lib\layer.js:152:17)
    at next (C:\Users\yosef\OneDrive\Desktop\NTI\Ecommerce Backend\node_modules\router\lib\route.js:157:13)
    at Route.dispatch (C:\Users\yosef\OneDrive\Desktop\NTI\Ecommerce Backend\node_modules\router\lib\route.js:117:3)
    at handle (C:\Users\yosef\OneDrive\Desktop\NTI\Ecommerce Backend\node_modules\router\index.js:435:11)
    at Layer.handleRequest (C:\Users\yosef\OneDrive\Desktop\NTI\Ecommerce Backend\node_modules\router\lib\layer.js:152:17)
    at C:\Users\yosef\OneDrive\Desktop\NTI\Ecommerce Backend\node_modules\router\index.js:295:15
    at processParams (C:\Users\yosef\OneDrive\Desktop\NTI\Ecommerce Backend\node_modules\router\index.js:582:12)
    at next (C:\Users\yosef\OneDrive\Desktop\NTI\Ecommerce Backend\node_modules\router\index.js:291:5)
    at router.handle (C:\Users\yosef\OneDrive\Desktop\NTI\Ecommerce Backend\node_modules\router\index.js:186:3)
14-05-2026 10:37:52 |INFO| Products listed! 
14-05-2026 10:37:52 |ERROR| Error | GET | /api/v1/cart : unauthorized, no token provided! 
Error: unauthorized, no token provided!
    at exports.authanticate (C:\Users\yosef\OneDrive\Desktop\NTI\Ecommerce Backend\middlewares\auth.middleware.js:8:15)
    at Layer.handleRequest (C:\Users\yosef\OneDrive\Desktop\NTI\Ecommerce Backend\node_modules\router\lib\layer.js:152:17)
    at next (C:\Users\yosef\OneDrive\Desktop\NTI\Ecommerce Backend\node_modules\router\lib\route.js:157:13)
    at Route.dispatch (C:\Users\yosef\OneDrive\Desktop\NTI\Ecommerce Backend\node_modules\router\lib\route.js:117:3)
    at handle (C:\Users\yosef\OneDrive\Desktop\NTI\Ecommerce Backend\node_modules\router\index.js:435:11)
    at Layer.handleRequest (C:\Users\yosef\OneDrive\Desktop\NTI\Ecommerce Backend\node_modules\router\lib\layer.js:152:17)
    at C:\Users\yosef\OneDrive\Desktop\NTI\Ecommerce Backend\node_modules\router\index.js:295:15
    at processParams (C:\Users\yosef\OneDrive\Desktop\NTI\Ecommerce Backend\node_modules\router\index.js:582:12)
    at next (C:\Users\yosef\OneDrive\Desktop\NTI\Ecommerce Backend\node_modules\router\index.js:291:5)
    at router.handle (C:\Users\yosef\OneDrive\Desktop\NTI\Ecommerce Backend\node_modules\router\index.js:186:3)
14-05-2026 10:37:52 |INFO| Products listed! 
14-05-2026 10:37:53 |ERROR| Error | GET | /api/v1/cart : unauthorized, no token provided! 
Error: unauthorized, no token provided!
    at exports.authanticate (C:\Users\yosef\OneDrive\Desktop\NTI\Ecommerce Backend\middlewares\auth.middleware.js:8:15)
    at Layer.handleRequest (C:\Users\yosef\OneDrive\Desktop\NTI\Ecommerce Backend\node_modules\router\lib\layer.js:152:17)
    at next (C:\Users\yosef\OneDrive\Desktop\NTI\Ecommerce Backend\node_modules\router\lib\route.js:157:13)
    at Route.dispatch (C:\Users\yosef\OneDrive\Desktop\NTI\Ecommerce Backend\node_modules\router\lib\route.js:117:3)
    at handle (C:\Users\yosef\OneDrive\Desktop\NTI\Ecommerce Backend\node_modules\router\index.js:435:11)
    at Layer.handleRequest (C:\Users\yosef\OneDrive\Desktop\NTI\Ecommerce Backend\node_modules\router\lib\layer.js:152:17)
    at C:\Users\yosef\OneDrive\Desktop\NTI\Ecommerce Backend\node_modules\router\index.js:295:15
    at processParams (C:\Users\yosef\OneDrive\Desktop\NTI\Ecommerce Backend\node_modules\router\index.js:582:12)
    at next (C:\Users\yosef\OneDrive\Desktop\NTI\Ecommerce Backend\node_modules\router\index.js:291:5)
    at router.handle (C:\Users\yosef\OneDrive\Desktop\NTI\Ecommerce Backend\node_modules\router\index.js:186:3)
14-05-2026 10:37:53 |INFO| Products listed! 
14-05-2026 10:37:53 |ERROR| Error | GET | /api/v1/cart : unauthorized, no token provided! 
Error: unauthorized, no token provided!
    at exports.authanticate (C:\Users\yosef\OneDrive\Desktop\NTI\Ecommerce Backend\middlewares\auth.middleware.js:8:15)
    at Layer.handleRequest (C:\Users\yosef\OneDrive\Desktop\NTI\Ecommerce Backend\node_modules\router\lib\layer.js:152:17)
    at next (C:\Users\yosef\OneDrive\Desktop\NTI\Ecommerce Backend\node_modules\router\lib\route.js:157:13)
    at Route.dispatch (C:\Users\yosef\OneDrive\Desktop\NTI\Ecommerce Backend\node_modules\router\lib\route.js:117:3)
    at handle (C:\Users\yosef\OneDrive\Desktop\NTI\Ecommerce Backend\node_modules\router\index.js:435:11)
    at Layer.handleRequest (C:\Users\yosef\OneDrive\Desktop\NTI\Ecommerce Backend\node_modules\router\lib\layer.js:152:17)
    at C:\Users\yosef\OneDrive\Desktop\NTI\Ecommerce Backend\node_modules\router\index.js:295:15
    at processParams (C:\Users\yosef\OneDrive\Desktop\NTI\Ecommerce Backend\node_modules\router\index.js:582:12)
    at next (C:\Users\yosef\OneDrive\Desktop\NTI\Ecommerce Backend\node_modules\router\index.js:291:5)
    at router.handle (C:\Users\yosef\OneDrive\Desktop\NTI\Ecommerce Backend\node_modules\router\index.js:186:3)
14-05-2026 10:37:53 |INFO| Products listed! 
14-05-2026 10:37:53 |ERROR| Error | GET | /api/v1/cart : unauthorized, no token provided! 
Error: unauthorized, no token provided!
    at exports.authanticate (C:\Users\yosef\OneDrive\Desktop\NTI\Ecommerce Backend\middlewares\auth.middleware.js:8:15)
    at Layer.handleRequest (C:\Users\yosef\OneDrive\Desktop\NTI\Ecommerce Backend\node_modules\router\lib\layer.js:152:17)
    at next (C:\Users\yosef\OneDrive\Desktop\NTI\Ecommerce Backend\node_modules\router\lib\route.js:157:13)
    at Route.dispatch (C:\Users\yosef\OneDrive\Desktop\NTI\Ecommerce Backend\node_modules\router\lib\route.js:117:3)
    at handle (C:\Users\yosef\OneDrive\Desktop\NTI\Ecommerce Backend\node_modules\router\index.js:435:11)
    at Layer.handleRequest (C:\Users\yosef\OneDrive\Desktop\NTI\Ecommerce Backend\node_modules\router\lib\layer.js:152:17)
    at C:\Users\yosef\OneDrive\Desktop\NTI\Ecommerce Backend\node_modules\router\index.js:295:15
    at processParams (C:\Users\yosef\OneDrive\Desktop\NTI\Ecommerce Backend\node_modules\router\index.js:582:12)
    at next (C:\Users\yosef\OneDrive\Desktop\NTI\Ecommerce Backend\node_modules\router\index.js:291:5)
    at router.handle (C:\Users\yosef\OneDrive\Desktop\NTI\Ecommerce Backend\node_modules\router\index.js:186:3)
14-05-2026 10:37:53 |INFO| Products listed! 
14-05-2026 10:37:54 |ERROR| Error | GET | /api/v1/cart : unauthorized, no token provided! 
Error: unauthorized, no token provided!
    at exports.authanticate (C:\Users\yosef\OneDrive\Desktop\NTI\Ecommerce Backend\middlewares\auth.middleware.js:8:15)
    at Layer.handleRequest (C:\Users\yosef\OneDrive\Desktop\NTI\Ecommerce Backend\node_modules\router\lib\layer.js:152:17)
    at next (C:\Users\yosef\OneDrive\Desktop\NTI\Ecommerce Backend\node_modules\router\lib\route.js:157:13)
    at Route.dispatch (C:\Users\yosef\OneDrive\Desktop\NTI\Ecommerce Backend\node_modules\router\lib\route.js:117:3)
    at handle (C:\Users\yosef\OneDrive\Desktop\NTI\Ecommerce Backend\node_modules\router\index.js:435:11)
    at Layer.handleRequest (C:\Users\yosef\OneDrive\Desktop\NTI\Ecommerce Backend\node_modules\router\lib\layer.js:152:17)
    at C:\Users\yosef\OneDrive\Desktop\NTI\Ecommerce Backend\node_modules\router\index.js:295:15
    at processParams (C:\Users\yosef\OneDrive\Desktop\NTI\Ecommerce Backend\node_modules\router\index.js:582:12)
    at next (C:\Users\yosef\OneDrive\Desktop\NTI\Ecommerce Backend\node_modules\router\index.js:291:5)
    at router.handle (C:\Users\yosef\OneDrive\Desktop\NTI\Ecommerce Backend\node_modules\router\index.js:186:3)
14-05-2026 10:37:54 |INFO| Products listed! 
14-05-2026 10:37:55 |ERROR| Error | GET | /api/v1/cart : unauthorized, no token provided! 
Error: unauthorized, no token provided!
    at exports.authanticate (C:\Users\yosef\OneDrive\Desktop\NTI\Ecommerce Backend\middlewares\auth.middleware.js:8:15)
    at Layer.handleRequest (C:\Users\yosef\OneDrive\Desktop\NTI\Ecommerce Backend\node_modules\router\lib\layer.js:152:17)
    at next (C:\Users\yosef\OneDrive\Desktop\NTI\Ecommerce Backend\node_modules\router\lib\route.js:157:13)
    at Route.dispatch (C:\Users\yosef\OneDrive\Desktop\NTI\Ecommerce Backend\node_modules\router\lib\route.js:117:3)
    at handle (C:\Users\yosef\OneDrive\Desktop\NTI\Ecommerce Backend\node_modules\router\index.js:435:11)
    at Layer.handleRequest (C:\Users\yosef\OneDrive\Desktop\NTI\Ecommerce Backend\node_modules\router\lib\layer.js:152:17)
    at C:\Users\yosef\OneDrive\Desktop\NTI\Ecommerce Backend\node_modules\router\index.js:295:15
    at processParams (C:\Users\yosef\OneDrive\Desktop\NTI\Ecommerce Backend\node_modules\router\index.js:582:12)
    at next (C:\Users\yosef\OneDrive\Desktop\NTI\Ecommerce Backend\node_modules\router\index.js:291:5)
    at router.handle (C:\Users\yosef\OneDrive\Desktop\NTI\Ecommerce Backend\node_modules\router\index.js:186:3)
14-05-2026 10:37:55 |INFO| Products listed! 
14-05-2026 10:37:55 |ERROR| Error | GET | /api/v1/cart : unauthorized, no token provided! 
Error: unauthorized, no token provided!
    at exports.authanticate (C:\Users\yosef\OneDrive\Desktop\NTI\Ecommerce Backend\middlewares\auth.middleware.js:8:15)
    at Layer.handleRequest (C:\Users\yosef\OneDrive\Desktop\NTI\Ecommerce Backend\node_modules\router\lib\layer.js:152:17)
    at next (C:\Users\yosef\OneDrive\Desktop\NTI\Ecommerce Backend\node_modules\router\lib\route.js:157:13)
    at Route.dispatch (C:\Users\yosef\OneDrive\Desktop\NTI\Ecommerce Backend\node_modules\router\lib\route.js:117:3)
    at handle (C:\Users\yosef\OneDrive\Desktop\NTI\Ecommerce Backend\node_modules\router\index.js:435:11)
    at Layer.handleRequest (C:\Users\yosef\OneDrive\Desktop\NTI\Ecommerce Backend\node_modules\router\lib\layer.js:152:17)
    at C:\Users\yosef\OneDrive\Desktop\NTI\Ecommerce Backend\node_modules\router\index.js:295:15
    at processParams (C:\Users\yosef\OneDrive\Desktop\NTI\Ecommerce Backend\node_modules\router\index.js:582:12)
    at next (C:\Users\yosef\OneDrive\Desktop\NTI\Ecommerce Backend\node_modules\router\index.js:291:5)
    at router.handle (C:\Users\yosef\OneDrive\Desktop\NTI\Ecommerce Backend\node_modules\router\index.js:186:3)
14-05-2026 10:37:55 |INFO| Products listed! 
14-05-2026 10:38:08 |ERROR| Error | GET | /api/v1/cart : unauthorized, no token provided! 
Error: unauthorized, no token provided!
    at exports.authanticate (C:\Users\yosef\OneDrive\Desktop\NTI\Ecommerce Backend\middlewares\auth.middleware.js:8:15)
    at Layer.handleRequest (C:\Users\yosef\OneDrive\Desktop\NTI\Ecommerce Backend\node_modules\router\lib\layer.js:152:17)
    at next (C:\Users\yosef\OneDrive\Desktop\NTI\Ecommerce Backend\node_modules\router\lib\route.js:157:13)
    at Route.dispatch (C:\Users\yosef\OneDrive\Desktop\NTI\Ecommerce Backend\node_modules\router\lib\route.js:117:3)
    at handle (C:\Users\yosef\OneDrive\Desktop\NTI\Ecommerce Backend\node_modules\router\index.js:435:11)
    at Layer.handleRequest (C:\Users\yosef\OneDrive\Desktop\NTI\Ecommerce Backend\node_modules\router\lib\layer.js:152:17)
    at C:\Users\yosef\OneDrive\Desktop\NTI\Ecommerce Backend\node_modules\router\index.js:295:15
    at processParams (C:\Users\yosef\OneDrive\Desktop\NTI\Ecommerce Backend\node_modules\router\index.js:582:12)
    at next (C:\Users\yosef\OneDrive\Desktop\NTI\Ecommerce Backend\node_modules\router\index.js:291:5)
    at router.handle (C:\Users\yosef\OneDrive\Desktop\NTI\Ecommerce Backend\node_modules\router\index.js:186:3)
14-05-2026 10:38:08 |INFO| Products listed! 
14-05-2026 10:38:17 |ERROR| Error | GET | /api/v1/cart : unauthorized, no token provided! 
Error: unauthorized, no token provided!
    at exports.authanticate (C:\Users\yosef\OneDrive\Desktop\NTI\Ecommerce Backend\middlewares\auth.middleware.js:8:15)
    at Layer.handleRequest (C:\Users\yosef\OneDrive\Desktop\NTI\Ecommerce Backend\node_modules\router\lib\layer.js:152:17)
    at next (C:\Users\yosef\OneDrive\Desktop\NTI\Ecommerce Backend\node_modules\router\lib\route.js:157:13)
    at Route.dispatch (C:\Users\yosef\OneDrive\Desktop\NTI\Ecommerce Backend\node_modules\router\lib\route.js:117:3)
    at handle (C:\Users\yosef\OneDrive\Desktop\NTI\Ecommerce Backend\node_modules\router\index.js:435:11)
    at Layer.handleRequest (C:\Users\yosef\OneDrive\Desktop\NTI\Ecommerce Backend\node_modules\router\lib\layer.js:152:17)
    at C:\Users\yosef\OneDrive\Desktop\NTI\Ecommerce Backend\node_modules\router\index.js:295:15
    at processParams (C:\Users\yosef\OneDrive\Desktop\NTI\Ecommerce Backend\node_modules\router\index.js:582:12)
    at next (C:\Users\yosef\OneDrive\Desktop\NTI\Ecommerce Backend\node_modules\router\index.js:291:5)
    at router.handle (C:\Users\yosef\OneDrive\Desktop\NTI\Ecommerce Backend\node_modules\router\index.js:186:3)
14-05-2026 10:38:17 |INFO| Products listed! 
14-05-2026 10:42:05 |ERROR| Error | GET | /api/v1/cart : unauthorized, no token provided! 
Error: unauthorized, no token provided!
    at exports.authanticate (C:\Users\yosef\OneDrive\Desktop\NTI\Ecommerce Backend\middlewares\auth.middleware.js:8:15)
    at Layer.handleRequest (C:\Users\yosef\OneDrive\Desktop\NTI\Ecommerce Backend\node_modules\router\lib\layer.js:152:17)
    at next (C:\Users\yosef\OneDrive\Desktop\NTI\Ecommerce Backend\node_modules\router\lib\route.js:157:13)
    at Route.dispatch (C:\Users\yosef\OneDrive\Desktop\NTI\Ecommerce Backend\node_modules\router\lib\route.js:117:3)
    at handle (C:\Users\yosef\OneDrive\Desktop\NTI\Ecommerce Backend\node_modules\router\index.js:435:11)
    at Layer.handleRequest (C:\Users\yosef\OneDrive\Desktop\NTI\Ecommerce Backend\node_modules\router\lib\layer.js:152:17)
    at C:\Users\yosef\OneDrive\Desktop\NTI\Ecommerce Backend\node_modules\router\index.js:295:15
    at processParams (C:\Users\yosef\OneDrive\Desktop\NTI\Ecommerce Backend\node_modules\router\index.js:582:12)
    at next (C:\Users\yosef\OneDrive\Desktop\NTI\Ecommerce Backend\node_modules\router\index.js:291:5)
    at router.handle (C:\Users\yosef\OneDrive\Desktop\NTI\Ecommerce Backend\node_modules\router\index.js:186:3)
14-05-2026 10:42:05 |INFO| Products listed! 
14-05-2026 10:45:33 |INFO| Products listed! 
14-05-2026 10:45:37 |INFO| Products listed! 
14-05-2026 10:45:39 |INFO| Products listed! 
14-05-2026 10:45:54 |INFO| Cart listed! 
14-05-2026 10:45:56 |INFO| Cart listed! 
14-05-2026 10:45:56 |INFO| Products listed! 
14-05-2026 10:45:57 |INFO| Cart updated! 
14-05-2026 10:45:58 |INFO| Cart listed! 
14-05-2026 10:46:00 |INFO| Cart Item is updated! 
14-05-2026 10:46:00 |INFO| Cart Item is updated! 
14-05-2026 10:46:00 |INFO| Cart Item is updated! 
14-05-2026 10:46:01 |INFO| Cart Item is updated! 
14-05-2026 10:46:01 |INFO| Cart Item is updated! 
14-05-2026 10:46:01 |INFO| Cart Item is updated! 
14-05-2026 10:46:03 |INFO| Cart Item is removed! 
14-05-2026 10:53:48 |INFO| Products listed! 
14-05-2026 10:53:48 |INFO| Cart listed! 
14-05-2026 10:53:49 |INFO| Cart updated! 
14-05-2026 10:53:50 |INFO| Cart Item is updated! 
14-05-2026 10:53:51 |INFO| Cart listed! 
14-05-2026 10:53:52 |INFO| Cart Item is updated! 
14-05-2026 10:53:52 |INFO| Cart Item is updated! 
14-05-2026 10:53:52 |INFO| Cart Item is updated! 
14-05-2026 10:53:53 |INFO| Cart Item is updated! 
14-05-2026 10:53:53 |INFO| Cart Item is updated! 
14-05-2026 10:53:54 |INFO| Cart Item is updated! 
14-05-2026 10:53:54 |INFO| Cart Item is updated! 
14-05-2026 10:53:54 |INFO| Cart Item is removed! 
14-05-2026 10:53:59 |INFO| Products listed! 
14-05-2026 10:54:05 |INFO| Products listed! 
14-05-2026 10:55:29 |INFO| Products listed! 
14-05-2026 10:56:41 |INFO| Products listed! 
14-05-2026 10:56:55 |INFO| Cart merged! 
14-05-2026 10:56:57 |INFO| Cart listed! 
14-05-2026 10:56:59 |INFO| Cart Item is updated! 
14-05-2026 10:56:59 |INFO| Cart Item is updated! 
14-05-2026 10:56:59 |INFO| Cart Item is updated! 
14-05-2026 10:56:59 |INFO| Cart Item is updated! 
14-05-2026 10:57:00 |INFO| Cart Item is updated! 
14-05-2026 10:57:00 |INFO| Cart Item is updated! 
14-05-2026 10:57:00 |INFO| Cart Item is removed! 
14-05-2026 10:57:02 |INFO| Cart listed! 
14-05-2026 10:57:02 |INFO| Products listed! 
14-05-2026 10:57:09 |INFO| Cart listed! 
14-05-2026 10:57:10 |INFO| Cart listed! 
14-05-2026 10:57:10 |INFO| Products listed! 
14-05-2026 10:57:11 |INFO| Cart updated! 
14-05-2026 10:57:11 |INFO| Cart Item is updated! 
14-05-2026 10:57:13 |INFO| Cart listed! 
14-05-2026 10:57:18 |INFO| Products listed! 
14-05-2026 10:57:27 |INFO| Cart merged! 
14-05-2026 10:57:29 |INFO| Cart listed! 
14-05-2026 10:57:31 |INFO| Cart listed! 
14-05-2026 10:57:44 |INFO| Cart listed! 
14-05-2026 10:57:53 |INFO| Cart is cleared! 
14-05-2026 10:57:58 |INFO| Cart listed! 
14-05-2026 10:57:59 |INFO| Products listed! 
14-05-2026 10:57:59 |INFO| Cart listed! 
14-05-2026 10:58:00 |INFO| Cart updated! 
14-05-2026 10:58:00 |INFO| Cart Item is updated! 
14-05-2026 10:58:00 |INFO| Cart Item is updated! 
14-05-2026 10:58:03 |INFO| Cart listed! 
14-05-2026 11:00:35 |INFO| Cart listed! 
14-05-2026 11:00:40 |INFO| Cart Item is updated! 
14-05-2026 11:00:40 |INFO| Cart Item is updated! 
14-05-2026 11:00:41 |INFO| Cart Item is updated! 
14-05-2026 11:00:41 |INFO| Cart Item is updated! 
14-05-2026 11:00:41 |INFO| Cart Item is updated! 
14-05-2026 11:00:43 |INFO| Cart Item is updated! 
14-05-2026 11:00:44 |INFO| Cart Item is updated! 
14-05-2026 11:00:44 |INFO| Cart Item is updated! 
14-05-2026 11:00:44 |INFO| Cart Item is updated! 
14-05-2026 11:00:45 |INFO| Cart Item is updated! 
14-05-2026 11:00:48 |INFO| Cart listed! 
14-05-2026 11:00:49 |INFO| Products listed! 
14-05-2026 11:00:49 |INFO| Cart listed! 
14-05-2026 11:00:51 |INFO| Cart listed! 
14-05-2026 11:06:06 |INFO| Products listed! 
14-05-2026 11:06:06 |INFO| Cart listed! 
14-05-2026 11:06:08 |INFO| Cart Item is updated! 
14-05-2026 11:06:08 |INFO| Cart Item is updated! 
14-05-2026 11:06:09 |INFO| Cart listed! 
14-05-2026 11:06:11 |INFO| Cart Item is updated! 
14-05-2026 11:06:12 |INFO| Cart Item is updated! 
14-05-2026 11:10:03 |INFO| Cart listed! 
14-05-2026 11:10:12 |INFO| Products listed! 
14-05-2026 11:12:27 |INFO| Cart merged! 
14-05-2026 11:12:29 |INFO| Cart listed! 
14-05-2026 11:12:31 |INFO| Cart listed! 
14-05-2026 11:13:22 |INFO| Cart listed! 
14-05-2026 11:13:37 |INFO| Cart listed! 
14-05-2026 11:13:42 |INFO| Cart listed! 
14-05-2026 11:13:44 |INFO| Cart listed! 
14-05-2026 11:13:57 |ERROR| Error | POST | /api/v1/order : order validation failed: address.addressText: Path `address.addressText` is required., address.label: Path `address.label` is required. 
ValidationError: order validation failed: address.addressText: Path `address.addressText` is required., address.label: Path `address.label` is required.
    at model.validate (C:\Users\yosef\OneDrive\Desktop\NTI\Ecommerce Backend\node_modules\mongoose\lib\document.js:2864:36)
    at process.processTicksAndRejections (node:internal/process/task_queues:104:5)
    at async model.$__save (C:\Users\yosef\OneDrive\Desktop\NTI\Ecommerce Backend\node_modules\mongoose\lib\model.js:393:7)
    at async model.save (C:\Users\yosef\OneDrive\Desktop\NTI\Ecommerce Backend\node_modules\mongoose\lib\model.js:667:5)
    at async C:\Users\yosef\OneDrive\Desktop\NTI\Ecommerce Backend\node_modules\mongoose\lib\model.js:2816:9
    at async Promise.all (index 0)
    at async model.create (C:\Users\yosef\OneDrive\Desktop\NTI\Ecommerce Backend\node_modules\mongoose\lib\model.js:2801:11)
    at async C:\Users\yosef\OneDrive\Desktop\NTI\Ecommerce Backend\controller\order.controller.js:42:19
14-05-2026 11:14:19 |INFO| Cart listed! 
14-05-2026 11:14:31 |ERROR| Error | POST | /api/v1/order : order validation failed: address.addressText: Path `address.addressText` is required., address.label: Path `address.label` is required. 
ValidationError: order validation failed: address.addressText: Path `address.addressText` is required., address.label: Path `address.label` is required.
    at model.validate (C:\Users\yosef\OneDrive\Desktop\NTI\Ecommerce Backend\node_modules\mongoose\lib\document.js:2864:36)
    at process.processTicksAndRejections (node:internal/process/task_queues:104:5)
    at async model.$__save (C:\Users\yosef\OneDrive\Desktop\NTI\Ecommerce Backend\node_modules\mongoose\lib\model.js:393:7)
    at async model.save (C:\Users\yosef\OneDrive\Desktop\NTI\Ecommerce Backend\node_modules\mongoose\lib\model.js:667:5)
    at async C:\Users\yosef\OneDrive\Desktop\NTI\Ecommerce Backend\node_modules\mongoose\lib\model.js:2816:9
    at async Promise.all (index 0)
    at async model.create (C:\Users\yosef\OneDrive\Desktop\NTI\Ecommerce Backend\node_modules\mongoose\lib\model.js:2801:11)
    at async C:\Users\yosef\OneDrive\Desktop\NTI\Ecommerce Backend\controller\order.controller.js:42:19
14-05-2026 11:15:57 |INFO| Cart listed! 
14-05-2026 11:16:31 |INFO| Cart listed! 
14-05-2026 11:16:39 |INFO| Cart listed! 
14-05-2026 11:16:48 |INFO| Order is placed! 
14-05-2026 11:16:48 |INFO| Cart listed! 
14-05-2026 11:17:48 |INFO| Cart listed! 
14-05-2026 11:17:51 |INFO| Cart listed! 
14-05-2026 11:17:51 |INFO| Products listed! 
14-05-2026 11:18:58 |INFO| Cart listed! 
14-05-2026 11:19:05 |INFO| Orders is listed! 
14-05-2026 11:19:53 |INFO| Orders is listed! 
14-05-2026 11:19:57 |INFO| Orders is listed! 
14-05-2026 11:19:58 |INFO| Orders is listed! 
14-05-2026 11:20:49 |INFO| Orders is listed! 
14-05-2026 11:20:56 |INFO| Orders is listed! 
14-05-2026 11:21:18 |INFO| Orders is listed! 
14-05-2026 11:21:18 |INFO| Orders is listed! 
14-05-2026 11:21:25 |INFO| Orders is listed! 
14-05-2026 11:23:23 |INFO| Orders is listed! 
14-05-2026 11:23:25 |INFO| Orders is listed! 
14-05-2026 11:25:02 |INFO| Orders is listed! 
14-05-2026 11:25:07 |INFO| order is cancelled by user! 
14-05-2026 11:25:07 |INFO| Orders is listed! 
14-05-2026 11:25:11 |INFO| Orders is listed! 
14-05-2026 11:25:52 |INFO| Orders is listed! 
14-05-2026 11:25:56 |INFO| Cart listed! 
14-05-2026 11:25:58 |INFO| Cart listed! 
14-05-2026 11:25:58 |INFO| Products listed! 
14-05-2026 11:25:59 |INFO| Cart updated! 
14-05-2026 11:25:59 |INFO| Cart Item is updated! 
14-05-2026 11:25:59 |INFO| Cart Item is updated! 
14-05-2026 11:26:01 |INFO| Cart listed! 
14-05-2026 11:26:02 |INFO| Cart listed! 
14-05-2026 11:26:20 |INFO| Order is placed! 
14-05-2026 11:26:20 |INFO| Cart listed! 
14-05-2026 11:26:23 |INFO| Orders is listed! 
14-05-2026 11:26:30 |INFO| order is cancelled by user! 
14-05-2026 11:26:30 |INFO| Orders is listed! 
14-05-2026 11:26:31 |INFO| Orders is listed! 
14-05-2026 11:36:05 |INFO| Orders is listed! 
14-05-2026 11:36:38 |INFO| Orders is listed! 
14-05-2026 11:36:42 |INFO| Cart listed! 
14-05-2026 11:36:44 |INFO| Products listed! 
14-05-2026 11:36:44 |INFO| Cart listed! 
14-05-2026 11:36:45 |INFO| Cart updated! 
14-05-2026 11:36:45 |INFO| Cart Item is updated! 
14-05-2026 11:36:45 |INFO| Cart Item is updated! 
14-05-2026 11:36:47 |INFO| Cart listed! 
14-05-2026 11:36:48 |INFO| Cart listed! 
14-05-2026 11:37:07 |INFO| Order is placed! 
14-05-2026 11:37:07 |INFO| Cart listed! 
14-05-2026 11:37:10 |INFO| Orders is listed! 
14-05-2026 11:37:15 |INFO| order is cancelled by user! 
14-05-2026 11:37:19 |ERROR| Error | PATCH | /api/v1/order/cancel/6a0589b34d22caf7fdedeefe : Order is shipped and cant be cancelled! 
Error: Order is shipped and cant be cancelled!
    at C:\Users\yosef\OneDrive\Desktop\NTI\Ecommerce Backend\controller\order.controller.js:115:15
    at process.processTicksAndRejections (node:internal/process/task_queues:104:5)
14-05-2026 11:37:24 |INFO| Orders is listed! 
14-05-2026 11:37:27 |INFO| Cart listed! 
14-05-2026 11:37:28 |INFO| Cart listed! 
14-05-2026 11:37:28 |INFO| Products listed! 
14-05-2026 11:37:29 |INFO| Cart updated! 
14-05-2026 11:37:29 |INFO| Cart Item is updated! 
14-05-2026 11:37:30 |INFO| Cart Item is updated! 
14-05-2026 11:37:31 |INFO| Cart listed! 
14-05-2026 11:37:33 |INFO| Cart listed! 
14-05-2026 11:37:47 |INFO| Order is placed! 
14-05-2026 11:37:47 |INFO| Cart listed! 
14-05-2026 11:37:50 |INFO| Orders is listed! 
14-05-2026 11:37:55 |INFO| order is cancelled by user! 
14-05-2026 11:39:16 |INFO| Orders is listed! 
14-05-2026 11:39:44 |INFO| Cart listed! 
14-05-2026 11:39:46 |INFO| Products listed! 
14-05-2026 11:39:46 |INFO| Cart listed! 
14-05-2026 11:39:47 |INFO| Cart updated! 
14-05-2026 11:39:47 |INFO| Cart Item is updated! 
14-05-2026 11:39:48 |INFO| Cart listed! 
14-05-2026 11:39:49 |INFO| Cart listed! 
14-05-2026 11:40:05 |INFO| Order is placed! 
14-05-2026 11:40:05 |INFO| Cart listed! 
14-05-2026 11:40:08 |INFO| Orders is listed! 
14-05-2026 11:40:24 |INFO| order is cancelled by user! 
14-05-2026 11:40:38 |INFO| Orders is listed! 
14-05-2026 11:41:48 |INFO| Products listed! 
14-05-2026 11:41:48 |INFO| Cart listed! 
14-05-2026 11:41:54 |INFO| Products listed! 
14-05-2026 11:41:54 |INFO| Cart listed! 
14-05-2026 11:42:00 |INFO| Products listed! 
14-05-2026 11:42:00 |INFO| Cart listed! 
14-05-2026 11:42:01 |INFO| Products listed! 
14-05-2026 11:42:01 |INFO| Cart listed! 
14-05-2026 11:42:02 |INFO| Products listed! 
14-05-2026 11:42:02 |INFO| Cart listed! 
14-05-2026 11:43:43 |ERROR| Error | POST | /api/v1/auth/login : data and hash arguments required 
Error: data and hash arguments required
    at Object.compare (C:\Users\yosef\OneDrive\Desktop\NTI\Ecommerce Backend\node_modules\bcrypt\bcrypt.js:204:17)
    at C:\Users\yosef\OneDrive\Desktop\NTI\Ecommerce Backend\node_modules\bcrypt\promises.js:26:12
    at new Promise (<anonymous>)
    at Object.promise (C:\Users\yosef\OneDrive\Desktop\NTI\Ecommerce Backend\node_modules\bcrypt\promises.js:17:12)
    at Object.compare (C:\Users\yosef\OneDrive\Desktop\NTI\Ecommerce Backend\node_modules\bcrypt\bcrypt.js:200:25)
    at userSchema.methods.correctpassword (C:\Users\yosef\OneDrive\Desktop\NTI\Ecommerce Backend\models\user.model.js:59:22)
    at C:\Users\yosef\OneDrive\Desktop\NTI\Ecommerce Backend\controller\auth.controller.js:18:30
    at process.processTicksAndRejections (node:internal/process/task_queues:104:5)
14-05-2026 11:43:44 |ERROR| Error | POST | /api/v1/auth/login : data and hash arguments required 
Error: data and hash arguments required
    at Object.compare (C:\Users\yosef\OneDrive\Desktop\NTI\Ecommerce Backend\node_modules\bcrypt\bcrypt.js:204:17)
    at C:\Users\yosef\OneDrive\Desktop\NTI\Ecommerce Backend\node_modules\bcrypt\promises.js:26:12
    at new Promise (<anonymous>)
    at Object.promise (C:\Users\yosef\OneDrive\Desktop\NTI\Ecommerce Backend\node_modules\bcrypt\promises.js:17:12)
    at Object.compare (C:\Users\yosef\OneDrive\Desktop\NTI\Ecommerce Backend\node_modules\bcrypt\bcrypt.js:200:25)
    at userSchema.methods.correctpassword (C:\Users\yosef\OneDrive\Desktop\NTI\Ecommerce Backend\models\user.model.js:59:22)
    at C:\Users\yosef\OneDrive\Desktop\NTI\Ecommerce Backend\controller\auth.controller.js:18:30
    at process.processTicksAndRejections (node:internal/process/task_queues:104:5)
14-05-2026 11:43:48 |ERROR| Error | POST | /api/v1/auth/login : data and hash arguments required 
Error: data and hash arguments required
    at Object.compare (C:\Users\yosef\OneDrive\Desktop\NTI\Ecommerce Backend\node_modules\bcrypt\bcrypt.js:204:17)
    at C:\Users\yosef\OneDrive\Desktop\NTI\Ecommerce Backend\node_modules\bcrypt\promises.js:26:12
    at new Promise (<anonymous>)
    at Object.promise (C:\Users\yosef\OneDrive\Desktop\NTI\Ecommerce Backend\node_modules\bcrypt\promises.js:17:12)
    at Object.compare (C:\Users\yosef\OneDrive\Desktop\NTI\Ecommerce Backend\node_modules\bcrypt\bcrypt.js:200:25)
    at userSchema.methods.correctpassword (C:\Users\yosef\OneDrive\Desktop\NTI\Ecommerce Backend\models\user.model.js:59:22)
    at C:\Users\yosef\OneDrive\Desktop\NTI\Ecommerce Backend\controller\auth.controller.js:18:30
    at process.processTicksAndRejections (node:internal/process/task_queues:104:5)
14-05-2026 11:43:48 |ERROR| Error | POST | /api/v1/auth/login : data and hash arguments required 
Error: data and hash arguments required
    at Object.compare (C:\Users\yosef\OneDrive\Desktop\NTI\Ecommerce Backend\node_modules\bcrypt\bcrypt.js:204:17)
    at C:\Users\yosef\OneDrive\Desktop\NTI\Ecommerce Backend\node_modules\bcrypt\promises.js:26:12
    at new Promise (<anonymous>)
    at Object.promise (C:\Users\yosef\OneDrive\Desktop\NTI\Ecommerce Backend\node_modules\bcrypt\promises.js:17:12)
    at Object.compare (C:\Users\yosef\OneDrive\Desktop\NTI\Ecommerce Backend\node_modules\bcrypt\bcrypt.js:200:25)
    at userSchema.methods.correctpassword (C:\Users\yosef\OneDrive\Desktop\NTI\Ecommerce Backend\models\user.model.js:59:22)
    at C:\Users\yosef\OneDrive\Desktop\NTI\Ecommerce Backend\controller\auth.controller.js:18:30
    at process.processTicksAndRejections (node:internal/process/task_queues:104:5)
14-05-2026 11:43:49 |ERROR| Error | POST | /api/v1/auth/login : data and hash arguments required 
Error: data and hash arguments required
    at Object.compare (C:\Users\yosef\OneDrive\Desktop\NTI\Ecommerce Backend\node_modules\bcrypt\bcrypt.js:204:17)
    at C:\Users\yosef\OneDrive\Desktop\NTI\Ecommerce Backend\node_modules\bcrypt\promises.js:26:12
    at new Promise (<anonymous>)
    at Object.promise (C:\Users\yosef\OneDrive\Desktop\NTI\Ecommerce Backend\node_modules\bcrypt\promises.js:17:12)
    at Object.compare (C:\Users\yosef\OneDrive\Desktop\NTI\Ecommerce Backend\node_modules\bcrypt\bcrypt.js:200:25)
    at userSchema.methods.correctpassword (C:\Users\yosef\OneDrive\Desktop\NTI\Ecommerce Backend\models\user.model.js:59:22)
    at C:\Users\yosef\OneDrive\Desktop\NTI\Ecommerce Backend\controller\auth.controller.js:18:30
    at process.processTicksAndRejections (node:internal/process/task_queues:104:5)
14-05-2026 11:43:50 |ERROR| Error | POST | /api/v1/auth/login : data and hash arguments required 
Error: data and hash arguments required
    at Object.compare (C:\Users\yosef\OneDrive\Desktop\NTI\Ecommerce Backend\node_modules\bcrypt\bcrypt.js:204:17)
    at C:\Users\yosef\OneDrive\Desktop\NTI\Ecommerce Backend\node_modules\bcrypt\promises.js:26:12
    at new Promise (<anonymous>)
    at Object.promise (C:\Users\yosef\OneDrive\Desktop\NTI\Ecommerce Backend\node_modules\bcrypt\promises.js:17:12)
    at Object.compare (C:\Users\yosef\OneDrive\Desktop\NTI\Ecommerce Backend\node_modules\bcrypt\bcrypt.js:200:25)
    at userSchema.methods.correctpassword (C:\Users\yosef\OneDrive\Desktop\NTI\Ecommerce Backend\models\user.model.js:59:22)
    at C:\Users\yosef\OneDrive\Desktop\NTI\Ecommerce Backend\controller\auth.controller.js:18:30
    at process.processTicksAndRejections (node:internal/process/task_queues:104:5)
14-05-2026 11:43:54 |ERROR| Error | POST | /api/v1/auth/login : data and hash arguments required 
Error: data and hash arguments required
    at Object.compare (C:\Users\yosef\OneDrive\Desktop\NTI\Ecommerce Backend\node_modules\bcrypt\bcrypt.js:204:17)
    at C:\Users\yosef\OneDrive\Desktop\NTI\Ecommerce Backend\node_modules\bcrypt\promises.js:26:12
    at new Promise (<anonymous>)
    at Object.promise (C:\Users\yosef\OneDrive\Desktop\NTI\Ecommerce Backend\node_modules\bcrypt\promises.js:17:12)
    at Object.compare (C:\Users\yosef\OneDrive\Desktop\NTI\Ecommerce Backend\node_modules\bcrypt\bcrypt.js:200:25)
    at userSchema.methods.correctpassword (C:\Users\yosef\OneDrive\Desktop\NTI\Ecommerce Backend\models\user.model.js:59:22)
    at C:\Users\yosef\OneDrive\Desktop\NTI\Ecommerce Backend\controller\auth.controller.js:18:30
    at process.processTicksAndRejections (node:internal/process/task_queues:104:5)
14-05-2026 11:43:55 |ERROR| Error | POST | /api/v1/auth/login : data and hash arguments required 
Error: data and hash arguments required
    at Object.compare (C:\Users\yosef\OneDrive\Desktop\NTI\Ecommerce Backend\node_modules\bcrypt\bcrypt.js:204:17)
    at C:\Users\yosef\OneDrive\Desktop\NTI\Ecommerce Backend\node_modules\bcrypt\promises.js:26:12
    at new Promise (<anonymous>)
    at Object.promise (C:\Users\yosef\OneDrive\Desktop\NTI\Ecommerce Backend\node_modules\bcrypt\promises.js:17:12)
    at Object.compare (C:\Users\yosef\OneDrive\Desktop\NTI\Ecommerce Backend\node_modules\bcrypt\bcrypt.js:200:25)
    at userSchema.methods.correctpassword (C:\Users\yosef\OneDrive\Desktop\NTI\Ecommerce Backend\models\user.model.js:59:22)
    at C:\Users\yosef\OneDrive\Desktop\NTI\Ecommerce Backend\controller\auth.controller.js:18:30
    at process.processTicksAndRejections (node:internal/process/task_queues:104:5)
14-05-2026 11:43:55 |ERROR| Error | POST | /api/v1/auth/login : data and hash arguments required 
Error: data and hash arguments required
    at Object.compare (C:\Users\yosef\OneDrive\Desktop\NTI\Ecommerce Backend\node_modules\bcrypt\bcrypt.js:204:17)
    at C:\Users\yosef\OneDrive\Desktop\NTI\Ecommerce Backend\node_modules\bcrypt\promises.js:26:12
    at new Promise (<anonymous>)
    at Object.promise (C:\Users\yosef\OneDrive\Desktop\NTI\Ecommerce Backend\node_modules\bcrypt\promises.js:17:12)
    at Object.compare (C:\Users\yosef\OneDrive\Desktop\NTI\Ecommerce Backend\node_modules\bcrypt\bcrypt.js:200:25)
    at userSchema.methods.correctpassword (C:\Users\yosef\OneDrive\Desktop\NTI\Ecommerce Backend\models\user.model.js:59:22)
    at C:\Users\yosef\OneDrive\Desktop\NTI\Ecommerce Backend\controller\auth.controller.js:18:30
    at process.processTicksAndRejections (node:internal/process/task_queues:104:5)
14-05-2026 11:43:56 |ERROR| Error | POST | /api/v1/auth/login : data and hash arguments required 
Error: data and hash arguments required
    at Object.compare (C:\Users\yosef\OneDrive\Desktop\NTI\Ecommerce Backend\node_modules\bcrypt\bcrypt.js:204:17)
    at C:\Users\yosef\OneDrive\Desktop\NTI\Ecommerce Backend\node_modules\bcrypt\promises.js:26:12
    at new Promise (<anonymous>)
    at Object.promise (C:\Users\yosef\OneDrive\Desktop\NTI\Ecommerce Backend\node_modules\bcrypt\promises.js:17:12)
    at Object.compare (C:\Users\yosef\OneDrive\Desktop\NTI\Ecommerce Backend\node_modules\bcrypt\bcrypt.js:200:25)
    at userSchema.methods.correctpassword (C:\Users\yosef\OneDrive\Desktop\NTI\Ecommerce Backend\models\user.model.js:59:22)
    at C:\Users\yosef\OneDrive\Desktop\NTI\Ecommerce Backend\controller\auth.controller.js:18:30
    at process.processTicksAndRejections (node:internal/process/task_queues:104:5)
14-05-2026 11:44:43 |ERROR| Error | POST | /api/v1/auth/login : data and hash arguments required 
Error: data and hash arguments required
    at Object.compare (C:\Users\yosef\OneDrive\Desktop\NTI\Ecommerce Backend\node_modules\bcrypt\bcrypt.js:204:17)
    at C:\Users\yosef\OneDrive\Desktop\NTI\Ecommerce Backend\node_modules\bcrypt\promises.js:26:12
    at new Promise (<anonymous>)
    at Object.promise (C:\Users\yosef\OneDrive\Desktop\NTI\Ecommerce Backend\node_modules\bcrypt\promises.js:17:12)
    at Object.compare (C:\Users\yosef\OneDrive\Desktop\NTI\Ecommerce Backend\node_modules\bcrypt\bcrypt.js:200:25)
    at userSchema.methods.correctpassword (C:\Users\yosef\OneDrive\Desktop\NTI\Ecommerce Backend\models\user.model.js:59:22)
    at C:\Users\yosef\OneDrive\Desktop\NTI\Ecommerce Backend\controller\auth.controller.js:18:30
    at process.processTicksAndRejections (node:internal/process/task_queues:104:5)
14-05-2026 11:44:43 |ERROR| Error | POST | /api/v1/auth/login : data and hash arguments required 
Error: data and hash arguments required
    at Object.compare (C:\Users\yosef\OneDrive\Desktop\NTI\Ecommerce Backend\node_modules\bcrypt\bcrypt.js:204:17)
    at C:\Users\yosef\OneDrive\Desktop\NTI\Ecommerce Backend\node_modules\bcrypt\promises.js:26:12
    at new Promise (<anonymous>)
    at Object.promise (C:\Users\yosef\OneDrive\Desktop\NTI\Ecommerce Backend\node_modules\bcrypt\promises.js:17:12)
    at Object.compare (C:\Users\yosef\OneDrive\Desktop\NTI\Ecommerce Backend\node_modules\bcrypt\bcrypt.js:200:25)
    at userSchema.methods.correctpassword (C:\Users\yosef\OneDrive\Desktop\NTI\Ecommerce Backend\models\user.model.js:59:22)
    at C:\Users\yosef\OneDrive\Desktop\NTI\Ecommerce Backend\controller\auth.controller.js:18:30
    at process.processTicksAndRejections (node:internal/process/task_queues:104:5)
14-05-2026 11:44:44 |ERROR| Error | POST | /api/v1/auth/login : data and hash arguments required 
Error: data and hash arguments required
    at Object.compare (C:\Users\yosef\OneDrive\Desktop\NTI\Ecommerce Backend\node_modules\bcrypt\bcrypt.js:204:17)
    at C:\Users\yosef\OneDrive\Desktop\NTI\Ecommerce Backend\node_modules\bcrypt\promises.js:26:12
    at new Promise (<anonymous>)
    at Object.promise (C:\Users\yosef\OneDrive\Desktop\NTI\Ecommerce Backend\node_modules\bcrypt\promises.js:17:12)
    at Object.compare (C:\Users\yosef\OneDrive\Desktop\NTI\Ecommerce Backend\node_modules\bcrypt\bcrypt.js:200:25)
    at userSchema.methods.correctpassword (C:\Users\yosef\OneDrive\Desktop\NTI\Ecommerce Backend\models\user.model.js:59:22)
    at C:\Users\yosef\OneDrive\Desktop\NTI\Ecommerce Backend\controller\auth.controller.js:18:30
    at process.processTicksAndRejections (node:internal/process/task_queues:104:5)
14-05-2026 11:44:54 |ERROR| Error | POST | /api/v1/auth/login : data and hash arguments required 
Error: data and hash arguments required
    at Object.compare (C:\Users\yosef\OneDrive\Desktop\NTI\Ecommerce Backend\node_modules\bcrypt\bcrypt.js:204:17)
    at C:\Users\yosef\OneDrive\Desktop\NTI\Ecommerce Backend\node_modules\bcrypt\promises.js:26:12
    at new Promise (<anonymous>)
    at Object.promise (C:\Users\yosef\OneDrive\Desktop\NTI\Ecommerce Backend\node_modules\bcrypt\promises.js:17:12)
    at Object.compare (C:\Users\yosef\OneDrive\Desktop\NTI\Ecommerce Backend\node_modules\bcrypt\bcrypt.js:200:25)
    at userSchema.methods.correctpassword (C:\Users\yosef\OneDrive\Desktop\NTI\Ecommerce Backend\models\user.model.js:59:22)
    at C:\Users\yosef\OneDrive\Desktop\NTI\Ecommerce Backend\controller\auth.controller.js:18:30
    at process.processTicksAndRejections (node:internal/process/task_queues:104:5)
14-05-2026 11:44:55 |ERROR| Error | POST | /api/v1/auth/login : data and hash arguments required 
Error: data and hash arguments required
    at Object.compare (C:\Users\yosef\OneDrive\Desktop\NTI\Ecommerce Backend\node_modules\bcrypt\bcrypt.js:204:17)
    at C:\Users\yosef\OneDrive\Desktop\NTI\Ecommerce Backend\node_modules\bcrypt\promises.js:26:12
    at new Promise (<anonymous>)
    at Object.promise (C:\Users\yosef\OneDrive\Desktop\NTI\Ecommerce Backend\node_modules\bcrypt\promises.js:17:12)
    at Object.compare (C:\Users\yosef\OneDrive\Desktop\NTI\Ecommerce Backend\node_modules\bcrypt\bcrypt.js:200:25)
    at userSchema.methods.correctpassword (C:\Users\yosef\OneDrive\Desktop\NTI\Ecommerce Backend\models\user.model.js:59:22)
    at C:\Users\yosef\OneDrive\Desktop\NTI\Ecommerce Backend\controller\auth.controller.js:18:30
    at process.processTicksAndRejections (node:internal/process/task_queues:104:5)
14-05-2026 13:07:48 |INFO| Orders is listed! 
14-05-2026 13:25:06 |ERROR| Error | GET | /api/v1/order : No orders found! 
Error: No orders found!
    at C:\Users\yosef\OneDrive\Desktop\NTI\Ecommerce Backend\controller\order.controller.js:84:15
    at process.processTicksAndRejections (node:internal/process/task_queues:104:5)
14-05-2026 13:25:08 |ERROR| Error | GET | /api/v1/order : No orders found! 
Error: No orders found!
    at C:\Users\yosef\OneDrive\Desktop\NTI\Ecommerce Backend\controller\order.controller.js:84:15
    at process.processTicksAndRejections (node:internal/process/task_queues:104:5)
14-05-2026 13:25:22 |ERROR| Error | GET | /api/v1/order : No orders found! 
Error: No orders found!
    at C:\Users\yosef\OneDrive\Desktop\NTI\Ecommerce Backend\controller\order.controller.js:84:15
    at process.processTicksAndRejections (node:internal/process/task_queues:104:5)
14-05-2026 13:25:23 |ERROR| Error | GET | /api/v1/order : No orders found! 
Error: No orders found!
    at C:\Users\yosef\OneDrive\Desktop\NTI\Ecommerce Backend\controller\order.controller.js:84:15
    at process.processTicksAndRejections (node:internal/process/task_queues:104:5)
14-05-2026 13:25:38 |ERROR| Error | GET | /api/v1/order : No orders found! 
Error: No orders found!
    at C:\Users\yosef\OneDrive\Desktop\NTI\Ecommerce Backend\controller\order.controller.js:84:15
    at process.processTicksAndRejections (node:internal/process/task_queues:104:5)
14-05-2026 13:25:40 |ERROR| Error | GET | /api/v1/cart : Access denied! 
Error: Access denied!
    at C:\Users\yosef\OneDrive\Desktop\NTI\Ecommerce Backend\middlewares\role.middleware.js:6:16
    at Layer.handleRequest (C:\Users\yosef\OneDrive\Desktop\NTI\Ecommerce Backend\node_modules\router\lib\layer.js:152:17)
    at next (C:\Users\yosef\OneDrive\Desktop\NTI\Ecommerce Backend\node_modules\router\lib\route.js:157:13)
    at exports.authanticate (C:\Users\yosef\OneDrive\Desktop\NTI\Ecommerce Backend\middlewares\auth.middleware.js:17:2)
    at process.processTicksAndRejections (node:internal/process/task_queues:104:5)
14-05-2026 13:25:40 |INFO| Products listed! 
14-05-2026 13:25:46 |ERROR| Error | GET | /api/v1/order : No orders found! 
Error: No orders found!
    at C:\Users\yosef\OneDrive\Desktop\NTI\Ecommerce Backend\controller\order.controller.js:84:15
    at process.processTicksAndRejections (node:internal/process/task_queues:104:5)
14-05-2026 13:26:25 |ERROR| Error | GET | /api/v1/order : No orders found! 
Error: No orders found!
    at C:\Users\yosef\OneDrive\Desktop\NTI\Ecommerce Backend\controller\order.controller.js:84:15
    at process.processTicksAndRejections (node:internal/process/task_queues:104:5)
14-05-2026 13:26:26 |ERROR| Error | GET | /api/v1/cart : Access denied! 
Error: Access denied!
    at C:\Users\yosef\OneDrive\Desktop\NTI\Ecommerce Backend\middlewares\role.middleware.js:6:16
    at Layer.handleRequest (C:\Users\yosef\OneDrive\Desktop\NTI\Ecommerce Backend\node_modules\router\lib\layer.js:152:17)
    at next (C:\Users\yosef\OneDrive\Desktop\NTI\Ecommerce Backend\node_modules\router\lib\route.js:157:13)
    at exports.authanticate (C:\Users\yosef\OneDrive\Desktop\NTI\Ecommerce Backend\middlewares\auth.middleware.js:17:2)
    at process.processTicksAndRejections (node:internal/process/task_queues:104:5)
14-05-2026 13:26:26 |INFO| Products listed! 
14-05-2026 13:26:38 |ERROR| Error | GET | /api/v1/order : No orders found! 
Error: No orders found!
    at C:\Users\yosef\OneDrive\Desktop\NTI\Ecommerce Backend\controller\order.controller.js:84:15
    at process.processTicksAndRejections (node:internal/process/task_queues:104:5)
14-05-2026 13:31:16 |ERROR| Error | GET | /api/v1/order : Access denied! 
Error: Access denied!
    at C:\Users\yosef\OneDrive\Desktop\NTI\Ecommerce Backend\middlewares\role.middleware.js:6:16
    at Layer.handleRequest (C:\Users\yosef\OneDrive\Desktop\NTI\Ecommerce Backend\node_modules\router\lib\layer.js:152:17)
    at next (C:\Users\yosef\OneDrive\Desktop\NTI\Ecommerce Backend\node_modules\router\lib\route.js:157:13)
    at exports.authanticate (C:\Users\yosef\OneDrive\Desktop\NTI\Ecommerce Backend\middlewares\auth.middleware.js:17:2)
    at process.processTicksAndRejections (node:internal/process/task_queues:104:5)
14-05-2026 13:31:22 |ERROR| Error | GET | /api/v1/order : Access denied! 
Error: Access denied!
    at C:\Users\yosef\OneDrive\Desktop\NTI\Ecommerce Backend\middlewares\role.middleware.js:6:16
    at Layer.handleRequest (C:\Users\yosef\OneDrive\Desktop\NTI\Ecommerce Backend\node_modules\router\lib\layer.js:152:17)
    at next (C:\Users\yosef\OneDrive\Desktop\NTI\Ecommerce Backend\node_modules\router\lib\route.js:157:13)
    at exports.authanticate (C:\Users\yosef\OneDrive\Desktop\NTI\Ecommerce Backend\middlewares\auth.middleware.js:17:2)
    at process.processTicksAndRejections (node:internal/process/task_queues:104:5)
14-05-2026 13:31:33 |ERROR| Error | GET | /api/v1/order : Access denied! 
Error: Access denied!
    at C:\Users\yosef\OneDrive\Desktop\NTI\Ecommerce Backend\middlewares\role.middleware.js:6:16
    at Layer.handleRequest (C:\Users\yosef\OneDrive\Desktop\NTI\Ecommerce Backend\node_modules\router\lib\layer.js:152:17)
    at next (C:\Users\yosef\OneDrive\Desktop\NTI\Ecommerce Backend\node_modules\router\lib\route.js:157:13)
    at exports.authanticate (C:\Users\yosef\OneDrive\Desktop\NTI\Ecommerce Backend\middlewares\auth.middleware.js:17:2)
    at process.processTicksAndRejections (node:internal/process/task_queues:104:5)
14-05-2026 13:38:37 |INFO| Orders is listed! 
14-05-2026 13:39:39 |INFO| Orders is listed! 
14-05-2026 13:41:34 |INFO| Orders is listed! 
14-05-2026 13:41:48 |INFO| Orders is listed! 
14-05-2026 13:41:56 |INFO| Orders is listed! 
14-05-2026 13:42:00 |INFO| Orders is listed! 
14-05-2026 13:42:25 |INFO| Orders is listed! 
14-05-2026 13:43:31 |INFO| Orders is listed! 
14-05-2026 13:43:33 |INFO| Orders is listed! 
14-05-2026 13:43:34 |INFO| Orders is listed! 
14-05-2026 13:43:36 |INFO| Orders is listed! 
14-05-2026 13:43:44 |ERROR| Error | PATCH | /api/v1/order/updateStatus/6a0254b200a7fff0d484def9 : Cannot move order from received to shipped 
Error: Cannot move order from received to shipped
    at C:\Users\yosef\OneDrive\Desktop\NTI\Ecommerce Backend\controller\order.controller.js:208:4
    at process.processTicksAndRejections (node:internal/process/task_queues:104:5)
14-05-2026 13:44:08 |ERROR| Error | PATCH | /api/v1/order/updateStatus/6a0584f0ad5bc5eb35420f0c : Cannot move order from cancelledByUser to pending 
Error: Cannot move order from cancelledByUser to pending
    at C:\Users\yosef\OneDrive\Desktop\NTI\Ecommerce Backend\controller\order.controller.js:208:4
    at process.processTicksAndRejections (node:internal/process/task_queues:104:5)
14-05-2026 13:44:19 |INFO| Orders is listed! 
14-05-2026 13:45:32 |INFO| Orders is listed! 
14-05-2026 13:45:34 |INFO| Orders is listed! 
14-05-2026 13:45:35 |INFO| Orders is listed! 
14-05-2026 13:45:38 |INFO| Orders is listed! 
14-05-2026 13:45:40 |INFO| Orders is listed! 
14-05-2026 13:45:42 |INFO| Orders is listed! 
14-05-2026 13:45:44 |INFO| Orders is listed! 
14-05-2026 13:45:45 |INFO| Orders is listed! 
14-05-2026 13:45:46 |INFO| Orders is listed! 
14-05-2026 13:45:51 |INFO| Orders is listed! 
14-05-2026 13:45:54 |INFO| Orders is listed! 
14-05-2026 13:46:57 |INFO| Orders is listed! 
14-05-2026 13:47:00 |INFO| Orders is listed! 
14-05-2026 13:47:04 |INFO| Orders is listed! 
14-05-2026 13:47:07 |INFO| Orders is listed! 
14-05-2026 13:47:12 |INFO| Orders is listed! 
14-05-2026 13:49:55 |INFO| Orders is listed! 
14-05-2026 13:49:58 |INFO| Orders is listed! 
14-05-2026 13:50:01 |INFO| Orders is listed! 
14-05-2026 13:50:15 |ERROR| Error | PATCH | /api/v1/order/updateStatus/6a0254b200a7fff0d484def9 : Cannot move order from received to shipped 
Error: Cannot move order from received to shipped
    at C:\Users\yosef\OneDrive\Desktop\NTI\Ecommerce Backend\controller\order.controller.js:208:4
    at process.processTicksAndRejections (node:internal/process/task_queues:104:5)
14-05-2026 14:17:05 |INFO| Orders is listed! 
15-05-2026 14:02:18 |INFO| Products listed! 
15-05-2026 14:02:42 |INFO| Products listed! 
15-05-2026 14:04:06 |INFO| Products listed! 
15-05-2026 14:05:21 |INFO| Products listed! 
15-05-2026 14:05:36 |INFO| Cart merged! 
15-05-2026 14:05:38 |INFO| Cart listed! 
15-05-2026 14:05:41 |INFO| Cart Item is updated! 
15-05-2026 14:06:11 |INFO| Orders is listed! 
15-05-2026 14:06:31 |INFO| Orders is listed! 
15-05-2026 14:59:21 |INFO| Orders is listed! 
15-05-2026 14:59:23 |INFO| Orders is listed! 
15-05-2026 15:03:58 |INFO| Orders is listed! 
15-05-2026 15:04:00 |INFO| Orders is listed! 
15-05-2026 15:04:02 |INFO| Orders is listed! 
15-05-2026 15:04:03 |INFO| Orders is listed! 
15-05-2026 15:04:08 |INFO| Orders is listed! 
15-05-2026 15:04:12 |INFO| Orders is listed! 
15-05-2026 15:05:25 |INFO| Orders is listed! 
15-05-2026 15:05:28 |INFO| Orders is listed! 
15-05-2026 15:05:31 |INFO| Orders is listed! 
15-05-2026 15:06:25 |INFO| Orders is listed! 
15-05-2026 15:06:30 |INFO| Orders is listed! 
15-05-2026 15:08:25 |INFO| Orders is listed! 
15-05-2026 15:08:30 |INFO| Orders is listed! 
15-05-2026 15:10:18 |INFO| Orders is listed! 
15-05-2026 15:10:23 |INFO| Orders is listed! 
15-05-2026 15:15:38 |INFO| Orders is listed! 
15-05-2026 15:15:42 |INFO| Orders is listed! 
15-05-2026 15:15:46 |INFO| Orders is listed! 
15-05-2026 15:15:49 |INFO| Orders is listed! 
15-05-2026 15:15:54 |ERROR| Error | PATCH | /api/v1/order/updateStatus/6a0584f0ad5bc5eb35420f0c : Cannot move order from cancelledByUser to pending 
Error: Cannot move order from cancelledByUser to pending
    at C:\Users\yosef\OneDrive\Desktop\NTI\Ecommerce Backend\controller\order.controller.js:208:4
    at process.processTicksAndRejections (node:internal/process/task_queues:104:5)
15-05-2026 15:22:47 |INFO| Orders is listed! 
15-05-2026 15:22:49 |INFO| Orders is listed! 
15-05-2026 15:24:13 |INFO| Orders is listed! 
15-05-2026 15:24:14 |INFO| Orders is listed! 
15-05-2026 15:28:16 |INFO| Orders is listed! 
15-05-2026 15:29:09 |INFO| Orders is listed! 
15-05-2026 15:29:12 |INFO| Orders is listed! 
15-05-2026 15:34:01 |INFO| Orders is listed! 
15-05-2026 15:34:04 |INFO| Orders is listed! 
15-05-2026 15:34:04 |INFO| Orders is listed! 
15-05-2026 15:34:05 |INFO| Orders is listed! 
15-05-2026 15:34:05 |INFO| Orders is listed! 
15-05-2026 15:34:08 |INFO| Orders is listed! 
15-05-2026 15:34:20 |INFO| Orders is listed! 
15-05-2026 15:34:20 |INFO| Orders is listed! 
15-05-2026 15:34:21 |INFO| Orders is listed! 
15-05-2026 15:34:21 |INFO| Orders is listed! 
15-05-2026 15:37:24 |INFO| Orders is listed! 
15-05-2026 15:37:28 |INFO| Orders is listed! 
15-05-2026 15:41:03 |INFO| Orders is listed! 
15-05-2026 15:41:06 |INFO| Orders is listed! 
15-05-2026 15:41:09 |INFO| Orders is listed! 
15-05-2026 15:41:13 |INFO| Orders is listed! 
15-05-2026 19:00:56 |ERROR| Error | GET | /api/v1/reports/sales : can't find /api/v1/reports/sales 
Error: can't find /api/v1/reports/sales
    at C:\Users\yosef\OneDrive\Desktop\NTI\Ecommerce Backend\server.js:29:7
    at Layer.handleRequest (C:\Users\yosef\OneDrive\Desktop\NTI\Ecommerce Backend\node_modules\router\lib\layer.js:152:17)
    at trimPrefix (C:\Users\yosef\OneDrive\Desktop\NTI\Ecommerce Backend\node_modules\router\index.js:342:13)
    at C:\Users\yosef\OneDrive\Desktop\NTI\Ecommerce Backend\node_modules\router\index.js:297:9
    at processParams (C:\Users\yosef\OneDrive\Desktop\NTI\Ecommerce Backend\node_modules\router\index.js:582:12)
    at next (C:\Users\yosef\OneDrive\Desktop\NTI\Ecommerce Backend\node_modules\router\index.js:291:5)
    at cors (C:\Users\yosef\OneDrive\Desktop\NTI\Ecommerce Backend\node_modules\cors\lib\index.js:188:7)
    at C:\Users\yosef\OneDrive\Desktop\NTI\Ecommerce Backend\node_modules\cors\lib\index.js:224:17
    at origin (C:\Users\yosef\OneDrive\Desktop\NTI\Ecommerce Backend\middlewares\cors.middleware.js:11:12)
    at C:\Users\yosef\OneDrive\Desktop\NTI\Ecommerce Backend\node_modules\cors\lib\index.js:219:13
15-05-2026 19:01:00 |ERROR| Error | GET | /api/v1/reports/sales : can't find /api/v1/reports/sales 
Error: can't find /api/v1/reports/sales
    at C:\Users\yosef\OneDrive\Desktop\NTI\Ecommerce Backend\server.js:29:7
    at Layer.handleRequest (C:\Users\yosef\OneDrive\Desktop\NTI\Ecommerce Backend\node_modules\router\lib\layer.js:152:17)
    at trimPrefix (C:\Users\yosef\OneDrive\Desktop\NTI\Ecommerce Backend\node_modules\router\index.js:342:13)
    at C:\Users\yosef\OneDrive\Desktop\NTI\Ecommerce Backend\node_modules\router\index.js:297:9
    at processParams (C:\Users\yosef\OneDrive\Desktop\NTI\Ecommerce Backend\node_modules\router\index.js:582:12)
    at next (C:\Users\yosef\OneDrive\Desktop\NTI\Ecommerce Backend\node_modules\router\index.js:291:5)
    at cors (C:\Users\yosef\OneDrive\Desktop\NTI\Ecommerce Backend\node_modules\cors\lib\index.js:188:7)
    at C:\Users\yosef\OneDrive\Desktop\NTI\Ecommerce Backend\node_modules\cors\lib\index.js:224:17
    at origin (C:\Users\yosef\OneDrive\Desktop\NTI\Ecommerce Backend\middlewares\cors.middleware.js:11:12)
    at C:\Users\yosef\OneDrive\Desktop\NTI\Ecommerce Backend\node_modules\cors\lib\index.js:219:13
15-05-2026 19:01:10 |ERROR| Error | GET | /api/v1/reports/sales : can't find /api/v1/reports/sales 
Error: can't find /api/v1/reports/sales
    at C:\Users\yosef\OneDrive\Desktop\NTI\Ecommerce Backend\server.js:29:7
    at Layer.handleRequest (C:\Users\yosef\OneDrive\Desktop\NTI\Ecommerce Backend\node_modules\router\lib\layer.js:152:17)
    at trimPrefix (C:\Users\yosef\OneDrive\Desktop\NTI\Ecommerce Backend\node_modules\router\index.js:342:13)
    at C:\Users\yosef\OneDrive\Desktop\NTI\Ecommerce Backend\node_modules\router\index.js:297:9
    at processParams (C:\Users\yosef\OneDrive\Desktop\NTI\Ecommerce Backend\node_modules\router\index.js:582:12)
    at next (C:\Users\yosef\OneDrive\Desktop\NTI\Ecommerce Backend\node_modules\router\index.js:291:5)
    at cors (C:\Users\yosef\OneDrive\Desktop\NTI\Ecommerce Backend\node_modules\cors\lib\index.js:188:7)
    at C:\Users\yosef\OneDrive\Desktop\NTI\Ecommerce Backend\node_modules\cors\lib\index.js:224:17
    at origin (C:\Users\yosef\OneDrive\Desktop\NTI\Ecommerce Backend\middlewares\cors.middleware.js:11:12)
    at C:\Users\yosef\OneDrive\Desktop\NTI\Ecommerce Backend\node_modules\cors\lib\index.js:219:13
15-05-2026 19:01:23 |INFO| Orders is listed! 
15-05-2026 19:01:28 |ERROR| Error | GET | /api/v1/reports/sales : can't find /api/v1/reports/sales 
Error: can't find /api/v1/reports/sales
    at C:\Users\yosef\OneDrive\Desktop\NTI\Ecommerce Backend\server.js:29:7
    at Layer.handleRequest (C:\Users\yosef\OneDrive\Desktop\NTI\Ecommerce Backend\node_modules\router\lib\layer.js:152:17)
    at trimPrefix (C:\Users\yosef\OneDrive\Desktop\NTI\Ecommerce Backend\node_modules\router\index.js:342:13)
    at C:\Users\yosef\OneDrive\Desktop\NTI\Ecommerce Backend\node_modules\router\index.js:297:9
    at processParams (C:\Users\yosef\OneDrive\Desktop\NTI\Ecommerce Backend\node_modules\router\index.js:582:12)
    at next (C:\Users\yosef\OneDrive\Desktop\NTI\Ecommerce Backend\node_modules\router\index.js:291:5)
    at cors (C:\Users\yosef\OneDrive\Desktop\NTI\Ecommerce Backend\node_modules\cors\lib\index.js:188:7)
    at C:\Users\yosef\OneDrive\Desktop\NTI\Ecommerce Backend\node_modules\cors\lib\index.js:224:17
    at origin (C:\Users\yosef\OneDrive\Desktop\NTI\Ecommerce Backend\middlewares\cors.middleware.js:11:12)
    at C:\Users\yosef\OneDrive\Desktop\NTI\Ecommerce Backend\node_modules\cors\lib\index.js:219:13
15-05-2026 19:12:22 |ERROR| Error | GET | /api/v1/reports/sales : can't find /api/v1/reports/sales 
Error: can't find /api/v1/reports/sales
    at C:\Users\yosef\OneDrive\Desktop\NTI\Ecommerce Backend\server.js:29:7
    at Layer.handleRequest (C:\Users\yosef\OneDrive\Desktop\NTI\Ecommerce Backend\node_modules\router\lib\layer.js:152:17)
    at trimPrefix (C:\Users\yosef\OneDrive\Desktop\NTI\Ecommerce Backend\node_modules\router\index.js:342:13)
    at C:\Users\yosef\OneDrive\Desktop\NTI\Ecommerce Backend\node_modules\router\index.js:297:9
    at processParams (C:\Users\yosef\OneDrive\Desktop\NTI\Ecommerce Backend\node_modules\router\index.js:582:12)
    at next (C:\Users\yosef\OneDrive\Desktop\NTI\Ecommerce Backend\node_modules\router\index.js:291:5)
    at cors (C:\Users\yosef\OneDrive\Desktop\NTI\Ecommerce Backend\node_modules\cors\lib\index.js:188:7)
    at C:\Users\yosef\OneDrive\Desktop\NTI\Ecommerce Backend\node_modules\cors\lib\index.js:224:17
    at origin (C:\Users\yosef\OneDrive\Desktop\NTI\Ecommerce Backend\middlewares\cors.middleware.js:11:12)
    at C:\Users\yosef\OneDrive\Desktop\NTI\Ecommerce Backend\node_modules\cors\lib\index.js:219:13
15-05-2026 19:12:35 |ERROR| Error | GET | /api/v1/reports/sales : can't find /api/v1/reports/sales 
Error: can't find /api/v1/reports/sales
    at C:\Users\yosef\OneDrive\Desktop\NTI\Ecommerce Backend\server.js:29:7
    at Layer.handleRequest (C:\Users\yosef\OneDrive\Desktop\NTI\Ecommerce Backend\node_modules\router\lib\layer.js:152:17)
    at trimPrefix (C:\Users\yosef\OneDrive\Desktop\NTI\Ecommerce Backend\node_modules\router\index.js:342:13)
    at C:\Users\yosef\OneDrive\Desktop\NTI\Ecommerce Backend\node_modules\router\index.js:297:9
    at processParams (C:\Users\yosef\OneDrive\Desktop\NTI\Ecommerce Backend\node_modules\router\index.js:582:12)
    at next (C:\Users\yosef\OneDrive\Desktop\NTI\Ecommerce Backend\node_modules\router\index.js:291:5)
    at cors (C:\Users\yosef\OneDrive\Desktop\NTI\Ecommerce Backend\node_modules\cors\lib\index.js:188:7)
    at C:\Users\yosef\OneDrive\Desktop\NTI\Ecommerce Backend\node_modules\cors\lib\index.js:224:17
    at origin (C:\Users\yosef\OneDrive\Desktop\NTI\Ecommerce Backend\middlewares\cors.middleware.js:11:12)
    at C:\Users\yosef\OneDrive\Desktop\NTI\Ecommerce Backend\node_modules\cors\lib\index.js:219:13
15-05-2026 19:13:39 |ERROR| Error | GET | /api/v1/reports/sales : can't find /api/v1/reports/sales 
Error: can't find /api/v1/reports/sales
    at C:\Users\yosef\OneDrive\Desktop\NTI\Ecommerce Backend\server.js:29:7
    at Layer.handleRequest (C:\Users\yosef\OneDrive\Desktop\NTI\Ecommerce Backend\node_modules\router\lib\layer.js:152:17)
    at trimPrefix (C:\Users\yosef\OneDrive\Desktop\NTI\Ecommerce Backend\node_modules\router\index.js:342:13)
    at C:\Users\yosef\OneDrive\Desktop\NTI\Ecommerce Backend\node_modules\router\index.js:297:9
    at processParams (C:\Users\yosef\OneDrive\Desktop\NTI\Ecommerce Backend\node_modules\router\index.js:582:12)
    at next (C:\Users\yosef\OneDrive\Desktop\NTI\Ecommerce Backend\node_modules\router\index.js:291:5)
    at cors (C:\Users\yosef\OneDrive\Desktop\NTI\Ecommerce Backend\node_modules\cors\lib\index.js:188:7)
    at C:\Users\yosef\OneDrive\Desktop\NTI\Ecommerce Backend\node_modules\cors\lib\index.js:224:17
    at origin (C:\Users\yosef\OneDrive\Desktop\NTI\Ecommerce Backend\middlewares\cors.middleware.js:11:12)
    at C:\Users\yosef\OneDrive\Desktop\NTI\Ecommerce Backend\node_modules\cors\lib\index.js:219:13
15-05-2026 19:13:53 |ERROR| Error | GET | /api/v1/reports/sales : can't find /api/v1/reports/sales 
Error: can't find /api/v1/reports/sales
    at C:\Users\yosef\OneDrive\Desktop\NTI\Ecommerce Backend\server.js:29:7
    at Layer.handleRequest (C:\Users\yosef\OneDrive\Desktop\NTI\Ecommerce Backend\node_modules\router\lib\layer.js:152:17)
    at trimPrefix (C:\Users\yosef\OneDrive\Desktop\NTI\Ecommerce Backend\node_modules\router\index.js:342:13)
    at C:\Users\yosef\OneDrive\Desktop\NTI\Ecommerce Backend\node_modules\router\index.js:297:9
    at processParams (C:\Users\yosef\OneDrive\Desktop\NTI\Ecommerce Backend\node_modules\router\index.js:582:12)
    at next (C:\Users\yosef\OneDrive\Desktop\NTI\Ecommerce Backend\node_modules\router\index.js:291:5)
    at cors (C:\Users\yosef\OneDrive\Desktop\NTI\Ecommerce Backend\node_modules\cors\lib\index.js:188:7)
    at C:\Users\yosef\OneDrive\Desktop\NTI\Ecommerce Backend\node_modules\cors\lib\index.js:224:17
    at origin (C:\Users\yosef\OneDrive\Desktop\NTI\Ecommerce Backend\middlewares\cors.middleware.js:11:12)
    at C:\Users\yosef\OneDrive\Desktop\NTI\Ecommerce Backend\node_modules\cors\lib\index.js:219:13
15-05-2026 19:14:57 |ERROR| Error | GET | /api/v1/reports/sales : can't find /api/v1/reports/sales 
Error: can't find /api/v1/reports/sales
    at C:\Users\yosef\OneDrive\Desktop\NTI\Ecommerce Backend\server.js:29:7
    at Layer.handleRequest (C:\Users\yosef\OneDrive\Desktop\NTI\Ecommerce Backend\node_modules\router\lib\layer.js:152:17)
    at trimPrefix (C:\Users\yosef\OneDrive\Desktop\NTI\Ecommerce Backend\node_modules\router\index.js:342:13)
    at C:\Users\yosef\OneDrive\Desktop\NTI\Ecommerce Backend\node_modules\router\index.js:297:9
    at processParams (C:\Users\yosef\OneDrive\Desktop\NTI\Ecommerce Backend\node_modules\router\index.js:582:12)
    at next (C:\Users\yosef\OneDrive\Desktop\NTI\Ecommerce Backend\node_modules\router\index.js:291:5)
    at cors (C:\Users\yosef\OneDrive\Desktop\NTI\Ecommerce Backend\node_modules\cors\lib\index.js:188:7)
    at C:\Users\yosef\OneDrive\Desktop\NTI\Ecommerce Backend\node_modules\cors\lib\index.js:224:17
    at origin (C:\Users\yosef\OneDrive\Desktop\NTI\Ecommerce Backend\middlewares\cors.middleware.js:11:12)
    at C:\Users\yosef\OneDrive\Desktop\NTI\Ecommerce Backend\node_modules\cors\lib\index.js:219:13
15-05-2026 19:15:08 |ERROR| Error | GET | /api/v1/reports/sales : can't find /api/v1/reports/sales 
Error: can't find /api/v1/reports/sales
    at C:\Users\yosef\OneDrive\Desktop\NTI\Ecommerce Backend\server.js:29:7
    at Layer.handleRequest (C:\Users\yosef\OneDrive\Desktop\NTI\Ecommerce Backend\node_modules\router\lib\layer.js:152:17)
    at trimPrefix (C:\Users\yosef\OneDrive\Desktop\NTI\Ecommerce Backend\node_modules\router\index.js:342:13)
    at C:\Users\yosef\OneDrive\Desktop\NTI\Ecommerce Backend\node_modules\router\index.js:297:9
    at processParams (C:\Users\yosef\OneDrive\Desktop\NTI\Ecommerce Backend\node_modules\router\index.js:582:12)
    at next (C:\Users\yosef\OneDrive\Desktop\NTI\Ecommerce Backend\node_modules\router\index.js:291:5)
    at cors (C:\Users\yosef\OneDrive\Desktop\NTI\Ecommerce Backend\node_modules\cors\lib\index.js:188:7)
    at C:\Users\yosef\OneDrive\Desktop\NTI\Ecommerce Backend\node_modules\cors\lib\index.js:224:17
    at origin (C:\Users\yosef\OneDrive\Desktop\NTI\Ecommerce Backend\middlewares\cors.middleware.js:11:12)
    at C:\Users\yosef\OneDrive\Desktop\NTI\Ecommerce Backend\node_modules\cors\lib\index.js:219:13
15-05-2026 19:15:17 |ERROR| Error | GET | /api/v1/reports/sales : can't find /api/v1/reports/sales 
Error: can't find /api/v1/reports/sales
    at C:\Users\yosef\OneDrive\Desktop\NTI\Ecommerce Backend\server.js:29:7
    at Layer.handleRequest (C:\Users\yosef\OneDrive\Desktop\NTI\Ecommerce Backend\node_modules\router\lib\layer.js:152:17)
    at trimPrefix (C:\Users\yosef\OneDrive\Desktop\NTI\Ecommerce Backend\node_modules\router\index.js:342:13)
    at C:\Users\yosef\OneDrive\Desktop\NTI\Ecommerce Backend\node_modules\router\index.js:297:9
    at processParams (C:\Users\yosef\OneDrive\Desktop\NTI\Ecommerce Backend\node_modules\router\index.js:582:12)
    at next (C:\Users\yosef\OneDrive\Desktop\NTI\Ecommerce Backend\node_modules\router\index.js:291:5)
    at cors (C:\Users\yosef\OneDrive\Desktop\NTI\Ecommerce Backend\node_modules\cors\lib\index.js:188:7)
    at C:\Users\yosef\OneDrive\Desktop\NTI\Ecommerce Backend\node_modules\cors\lib\index.js:224:17
    at origin (C:\Users\yosef\OneDrive\Desktop\NTI\Ecommerce Backend\middlewares\cors.middleware.js:11:12)
    at C:\Users\yosef\OneDrive\Desktop\NTI\Ecommerce Backend\node_modules\cors\lib\index.js:219:13
15-05-2026 19:15:22 |ERROR| Error | GET | /api/v1/reports/sales : can't find /api/v1/reports/sales 
Error: can't find /api/v1/reports/sales
    at C:\Users\yosef\OneDrive\Desktop\NTI\Ecommerce Backend\server.js:29:7
    at Layer.handleRequest (C:\Users\yosef\OneDrive\Desktop\NTI\Ecommerce Backend\node_modules\router\lib\layer.js:152:17)
    at trimPrefix (C:\Users\yosef\OneDrive\Desktop\NTI\Ecommerce Backend\node_modules\router\index.js:342:13)
    at C:\Users\yosef\OneDrive\Desktop\NTI\Ecommerce Backend\node_modules\router\index.js:297:9
    at processParams (C:\Users\yosef\OneDrive\Desktop\NTI\Ecommerce Backend\node_modules\router\index.js:582:12)
    at next (C:\Users\yosef\OneDrive\Desktop\NTI\Ecommerce Backend\node_modules\router\index.js:291:5)
    at cors (C:\Users\yosef\OneDrive\Desktop\NTI\Ecommerce Backend\node_modules\cors\lib\index.js:188:7)
    at C:\Users\yosef\OneDrive\Desktop\NTI\Ecommerce Backend\node_modules\cors\lib\index.js:224:17
    at origin (C:\Users\yosef\OneDrive\Desktop\NTI\Ecommerce Backend\middlewares\cors.middleware.js:8:11)
    at C:\Users\yosef\OneDrive\Desktop\NTI\Ecommerce Backend\node_modules\cors\lib\index.js:219:13
15-05-2026 19:15:22 |ERROR| Error | GET | /favicon.ico : can't find /favicon.ico 
Error: can't find /favicon.ico
    at C:\Users\yosef\OneDrive\Desktop\NTI\Ecommerce Backend\server.js:29:7
    at Layer.handleRequest (C:\Users\yosef\OneDrive\Desktop\NTI\Ecommerce Backend\node_modules\router\lib\layer.js:152:17)
    at trimPrefix (C:\Users\yosef\OneDrive\Desktop\NTI\Ecommerce Backend\node_modules\router\index.js:342:13)
    at C:\Users\yosef\OneDrive\Desktop\NTI\Ecommerce Backend\node_modules\router\index.js:297:9
    at processParams (C:\Users\yosef\OneDrive\Desktop\NTI\Ecommerce Backend\node_modules\router\index.js:582:12)
    at next (C:\Users\yosef\OneDrive\Desktop\NTI\Ecommerce Backend\node_modules\router\index.js:291:5)
    at cors (C:\Users\yosef\OneDrive\Desktop\NTI\Ecommerce Backend\node_modules\cors\lib\index.js:188:7)
    at C:\Users\yosef\OneDrive\Desktop\NTI\Ecommerce Backend\node_modules\cors\lib\index.js:224:17
    at origin (C:\Users\yosef\OneDrive\Desktop\NTI\Ecommerce Backend\middlewares\cors.middleware.js:8:11)
    at C:\Users\yosef\OneDrive\Desktop\NTI\Ecommerce Backend\node_modules\cors\lib\index.js:219:13
15-05-2026 19:33:33 |ERROR| Error | GET | /api/v1/reports/sales : can't find /api/v1/reports/sales 
Error: can't find /api/v1/reports/sales
    at C:\Users\yosef\OneDrive\Desktop\NTI\Ecommerce Backend\server.js:29:7
    at Layer.handleRequest (C:\Users\yosef\OneDrive\Desktop\NTI\Ecommerce Backend\node_modules\router\lib\layer.js:152:17)
    at trimPrefix (C:\Users\yosef\OneDrive\Desktop\NTI\Ecommerce Backend\node_modules\router\index.js:342:13)
    at C:\Users\yosef\OneDrive\Desktop\NTI\Ecommerce Backend\node_modules\router\index.js:297:9
    at processParams (C:\Users\yosef\OneDrive\Desktop\NTI\Ecommerce Backend\node_modules\router\index.js:582:12)
    at next (C:\Users\yosef\OneDrive\Desktop\NTI\Ecommerce Backend\node_modules\router\index.js:291:5)
    at cors (C:\Users\yosef\OneDrive\Desktop\NTI\Ecommerce Backend\node_modules\cors\lib\index.js:188:7)
    at C:\Users\yosef\OneDrive\Desktop\NTI\Ecommerce Backend\node_modules\cors\lib\index.js:224:17
    at origin (C:\Users\yosef\OneDrive\Desktop\NTI\Ecommerce Backend\middlewares\cors.middleware.js:8:11)
    at C:\Users\yosef\OneDrive\Desktop\NTI\Ecommerce Backend\node_modules\cors\lib\index.js:219:13
15-05-2026 19:46:09 |INFO| Orders is listed! 
15-05-2026 19:46:14 |INFO| Orders is listed! 
15-05-2026 19:46:17 |INFO| Orders is listed! 
15-05-2026 19:55:10 |INFO| Orders is listed! 
15-05-2026 19:56:32 |INFO| Orders is listed! 
15-05-2026 19:56:50 |INFO| Orders is listed! 
15-05-2026 19:57:37 |INFO| Orders is listed! 
15-05-2026 19:58:24 |INFO| Category listed! 
15-05-2026 19:58:24 |INFO| subCategory listed! 
15-05-2026 19:58:24 |INFO| Products listed! 
15-05-2026 19:58:42 |INFO| Category listed! 
15-05-2026 19:58:42 |INFO| subCategory listed! 
15-05-2026 19:58:42 |INFO| Products listed! 
15-05-2026 19:59:24 |INFO| Category listed! 
15-05-2026 19:59:24 |INFO| subCategory listed! 
15-05-2026 19:59:24 |INFO| Products listed! 
15-05-2026 20:03:30 |INFO| Category listed! 
15-05-2026 20:03:30 |INFO| subCategory listed! 
15-05-2026 20:03:30 |INFO| Products listed! 
15-05-2026 20:03:42 |INFO| Category listed! 
15-05-2026 20:03:42 |INFO| subCategory listed! 
15-05-2026 20:03:42 |INFO| Products listed! 
15-05-2026 20:03:44 |INFO| Category listed! 
15-05-2026 20:03:44 |INFO| subCategory listed! 
15-05-2026 20:03:44 |INFO| Products listed! 
15-05-2026 20:04:21 |INFO| Category listed! 
15-05-2026 20:04:21 |INFO| subCategory listed! 
15-05-2026 20:04:21 |INFO| Products listed! 
15-05-2026 20:04:22 |INFO| Category listed! 
15-05-2026 20:04:22 |INFO| subCategory listed! 
15-05-2026 20:04:22 |INFO| Products listed! 
15-05-2026 20:04:42 |INFO| Category listed! 
15-05-2026 20:04:42 |INFO| subCategory listed! 
15-05-2026 20:04:42 |INFO| Products listed! 
15-05-2026 20:04:58 |INFO| Category listed! 
15-05-2026 20:04:58 |INFO| subCategory listed! 
15-05-2026 20:04:58 |INFO| Products listed! 
15-05-2026 20:04:59 |INFO| Category listed! 
15-05-2026 20:04:59 |INFO| subCategory listed! 
15-05-2026 20:04:59 |INFO| Products listed! 
15-05-2026 20:05:15 |INFO| Product updated successfully! 
15-05-2026 20:05:15 |INFO| Category listed! 
15-05-2026 20:05:15 |INFO| subCategory listed! 
15-05-2026 20:05:15 |INFO| Products listed! 
15-05-2026 20:05:36 |INFO| Product updated successfully! 
15-05-2026 20:05:36 |INFO| Category listed! 
15-05-2026 20:05:36 |INFO| subCategory listed! 
15-05-2026 20:05:36 |INFO| Products listed! 
15-05-2026 20:05:48 |INFO| Product updated successfully! 
15-05-2026 20:05:48 |INFO| Category listed! 
15-05-2026 20:05:48 |INFO| subCategory listed! 
15-05-2026 20:05:48 |INFO| Products listed! 
15-05-2026 20:05:56 |INFO| Category listed! 
15-05-2026 20:05:56 |INFO| subCategory listed! 
15-05-2026 20:05:56 |INFO| Products listed! 
15-05-2026 20:05:59 |INFO| Category listed! 
15-05-2026 20:05:59 |INFO| subCategory listed! 
15-05-2026 20:05:59 |INFO| Products listed! 
15-05-2026 20:06:13 |INFO| Product updated successfully! 
15-05-2026 20:06:13 |INFO| Category listed! 
15-05-2026 20:06:13 |INFO| subCategory listed! 
15-05-2026 20:06:13 |INFO| Products listed! 
15-05-2026 20:06:14 |INFO| Category listed! 
15-05-2026 20:06:14 |INFO| subCategory listed! 
15-05-2026 20:06:14 |INFO| Products listed! 
15-05-2026 20:07:07 |INFO| Category listed! 
15-05-2026 20:07:07 |INFO| subCategory listed! 
15-05-2026 20:07:07 |INFO| Products listed! 
15-05-2026 20:07:16 |INFO| Product updated successfully! 
15-05-2026 20:07:16 |INFO| Category listed! 
15-05-2026 20:07:16 |INFO| subCategory listed! 
15-05-2026 20:07:16 |INFO| Products listed! 
15-05-2026 20:07:18 |INFO| Category listed! 
15-05-2026 20:07:18 |INFO| subCategory listed! 
15-05-2026 20:07:18 |INFO| Products listed! 
15-05-2026 20:07:18 |INFO| Category listed! 
15-05-2026 20:07:18 |INFO| subCategory listed! 
15-05-2026 20:07:18 |INFO| Products listed! 
15-05-2026 20:07:19 |ERROR| Error | GET | /api/v1/order/allOrders : No orders found! 
Error: No orders found!
    at C:\Users\yosef\OneDrive\Desktop\NTI\Ecommerce Backend\controller\order.controller.js:93:15
    at process.processTicksAndRejections (node:internal/process/task_queues:104:5)
15-05-2026 20:07:22 |ERROR| Error | GET | /api/v1/order/allOrders : No orders found! 
Error: No orders found!
    at C:\Users\yosef\OneDrive\Desktop\NTI\Ecommerce Backend\controller\order.controller.js:93:15
    at process.processTicksAndRejections (node:internal/process/task_queues:104:5)
15-05-2026 20:07:37 |INFO| Category listed! 
15-05-2026 20:07:37 |INFO| subCategory listed! 
15-05-2026 20:07:37 |INFO| Products listed! 
15-05-2026 20:07:39 |ERROR| Error | GET | /api/v1/order/allOrders : No orders found! 
Error: No orders found!
    at C:\Users\yosef\OneDrive\Desktop\NTI\Ecommerce Backend\controller\order.controller.js:93:15
    at process.processTicksAndRejections (node:internal/process/task_queues:104:5)
15-05-2026 20:08:30 |ERROR| Error | GET | /api/v1/order/allOrders : No orders found! 
Error: No orders found!
    at C:\Users\yosef\OneDrive\Desktop\NTI\Ecommerce Backend\controller\order.controller.js:93:15
    at process.processTicksAndRejections (node:internal/process/task_queues:104:5)
15-05-2026 20:08:42 |INFO| Category listed! 
15-05-2026 20:08:42 |INFO| subCategory listed! 
15-05-2026 20:08:42 |INFO| Products listed! 
15-05-2026 20:08:54 |ERROR| Error | GET | /api/v1/order/allOrders : No orders found! 
Error: No orders found!
    at C:\Users\yosef\OneDrive\Desktop\NTI\Ecommerce Backend\controller\order.controller.js:93:15
    at process.processTicksAndRejections (node:internal/process/task_queues:104:5)
15-05-2026 20:08:56 |ERROR| Error | GET | /api/v1/order/allOrders : No orders found! 
Error: No orders found!
    at C:\Users\yosef\OneDrive\Desktop\NTI\Ecommerce Backend\controller\order.controller.js:93:15
    at process.processTicksAndRejections (node:internal/process/task_queues:104:5)
15-05-2026 20:09:26 |ERROR| Error | GET | /api/v1/order/allOrders : No orders found! 
Error: No orders found!
    at C:\Users\yosef\OneDrive\Desktop\NTI\Ecommerce Backend\controller\order.controller.js:93:15
    at process.processTicksAndRejections (node:internal/process/task_queues:104:5)
15-05-2026 20:12:55 |ERROR| Error | GET | /api/v1/order/allOrders : No orders found! 
Error: No orders found!
    at C:\Users\yosef\OneDrive\Desktop\NTI\Ecommerce Backend\controller\order.controller.js:93:15
    at process.processTicksAndRejections (node:internal/process/task_queues:104:5)
15-05-2026 20:27:12 |INFO| Category listed! 
15-05-2026 20:27:12 |INFO| Products listed! 
15-05-2026 20:27:12 |INFO| subCategory listed! 
15-05-2026 20:27:23 |ERROR| Error | GET | /api/v1/order/allOrders : No orders found! 
Error: No orders found!
    at C:\Users\yosef\OneDrive\Desktop\NTI\Ecommerce Backend\controller\order.controller.js:93:15
    at process.processTicksAndRejections (node:internal/process/task_queues:104:5)
15-05-2026 20:36:08 |ERROR| Error | GET | /api/v1/order/allOrders : No orders found! 
Error: No orders found!
    at C:\Users\yosef\OneDrive\Desktop\NTI\Ecommerce Backend\controller\order.controller.js:93:15
    at process.processTicksAndRejections (node:internal/process/task_queues:104:5)
15-05-2026 20:36:21 |ERROR| Error | GET | /api/v1/order/allOrders : No orders found! 
Error: No orders found!
    at C:\Users\yosef\OneDrive\Desktop\NTI\Ecommerce Backend\controller\order.controller.js:93:15
    at process.processTicksAndRejections (node:internal/process/task_queues:104:5)
15-05-2026 20:36:23 |ERROR| Error | GET | /api/v1/order/allOrders : No orders found! 
Error: No orders found!
    at C:\Users\yosef\OneDrive\Desktop\NTI\Ecommerce Backend\controller\order.controller.js:93:15
    at process.processTicksAndRejections (node:internal/process/task_queues:104:5)
15-05-2026 20:36:25 |ERROR| Error | GET | /api/v1/order/allOrders : No orders found! 
Error: No orders found!
    at C:\Users\yosef\OneDrive\Desktop\NTI\Ecommerce Backend\controller\order.controller.js:93:15
    at process.processTicksAndRejections (node:internal/process/task_queues:104:5)
15-05-2026 20:37:40 |INFO| Orders is listed! 
15-05-2026 20:37:43 |INFO| Orders is listed! 
15-05-2026 20:37:44 |INFO| Category listed! 
15-05-2026 20:37:44 |INFO| subCategory listed! 
15-05-2026 20:37:44 |INFO| Products listed! 
15-05-2026 20:37:46 |INFO| Orders is listed! 
15-05-2026 20:44:57 |INFO| Orders is listed! 
15-05-2026 20:47:00 |INFO| Orders is listed! 
15-05-2026 20:47:02 |INFO| Category listed! 
15-05-2026 20:47:17 |INFO| subCategory listed! 
15-05-2026 20:47:17 |INFO| Category listed! 
15-05-2026 20:47:27 |INFO| Category listed! 
15-05-2026 20:47:28 |INFO| Category listed! 
15-05-2026 20:47:28 |INFO| subCategory listed! 
15-05-2026 20:47:28 |INFO| Products listed! 
15-05-2026 20:48:35 |INFO| Category listed! 
15-05-2026 20:48:35 |INFO| subCategory listed! 
15-05-2026 20:48:35 |INFO| Products listed! 
15-05-2026 20:50:00 |INFO| Category listed! 
15-05-2026 20:50:00 |INFO| subCategory listed! 
15-05-2026 20:50:00 |INFO| Products listed! 
15-05-2026 20:50:06 |INFO| Orders is listed! 
15-05-2026 20:50:07 |INFO| Orders is listed! 
15-05-2026 20:50:08 |INFO| Category listed! 
15-05-2026 20:50:14 |INFO| subCategory listed! 
15-05-2026 20:50:14 |INFO| Category listed! 
15-05-2026 20:50:17 |INFO| subCategory listed! 
15-05-2026 20:50:17 |INFO| Category listed! 
15-05-2026 20:50:18 |INFO| subCategory listed! 
15-05-2026 20:50:18 |INFO| Category listed! 
15-05-2026 20:51:03 |INFO| subCategory listed! 
15-05-2026 20:51:03 |INFO| Category listed! 
15-05-2026 20:52:26 |INFO| subCategory listed! 
15-05-2026 20:52:26 |INFO| Category listed! 
15-05-2026 20:52:39 |INFO| subCategory listed! 
15-05-2026 20:52:39 |INFO| Category listed! 
15-05-2026 20:52:51 |INFO| Category listed! 
15-05-2026 20:52:51 |INFO| subCategory listed! 
15-05-2026 20:52:51 |INFO| Products listed! 
15-05-2026 20:52:55 |INFO| Category listed! 
15-05-2026 20:52:55 |INFO| subCategory listed! 
15-05-2026 20:52:55 |INFO| Products listed! 
15-05-2026 20:52:56 |INFO| Orders is listed! 
15-05-2026 20:52:57 |INFO| Category listed! 
15-05-2026 20:52:58 |INFO| Category listed! 
15-05-2026 20:52:58 |INFO| subCategory listed! 
15-05-2026 20:53:01 |INFO| subCategory listed! 
15-05-2026 20:53:01 |INFO| Category listed! 
15-05-2026 20:53:05 |INFO| subCategory listed! 
15-05-2026 20:53:05 |INFO| Category listed! 
15-05-2026 21:02:04 |INFO| subCategory listed! 
15-05-2026 21:02:04 |INFO| Category listed! 
15-05-2026 21:07:25 |INFO| subCategory listed! 
15-05-2026 21:07:25 |INFO| Category listed! 
15-05-2026 21:07:39 |INFO| users listed! 
15-05-2026 21:07:44 |INFO| users listed! 
15-05-2026 21:13:52 |INFO| users listed! 
15-05-2026 21:15:03 |INFO| users listed! 
15-05-2026 21:16:54 |INFO| users listed! 
15-05-2026 21:17:05 |INFO| users listed! 
15-05-2026 21:17:07 |INFO| users listed! 
15-05-2026 21:18:44 |INFO| subCategory listed! 
15-05-2026 21:18:44 |INFO| Category listed! 
15-05-2026 21:18:46 |INFO| users listed! 
15-05-2026 21:19:53 |INFO| users listed! 
15-05-2026 21:19:56 |INFO| subCategory listed! 
15-05-2026 21:19:56 |INFO| Category listed! 
15-05-2026 21:19:57 |INFO| Category listed! 
15-05-2026 21:19:59 |INFO| Orders is listed! 
15-05-2026 21:20:00 |INFO| Category listed! 
15-05-2026 21:20:00 |INFO| subCategory listed! 
15-05-2026 21:20:00 |INFO| Products listed! 
15-05-2026 21:20:01 |INFO| Orders is listed! 
15-05-2026 21:24:23 |INFO| Reviews are listed! 
15-05-2026 21:25:15 |INFO| Reviews are listed! 
15-05-2026 21:25:15 |INFO| Reviews are listed! 
15-05-2026 21:25:18 |INFO| Reviews are listed! 
15-05-2026 21:25:45 |INFO| Reviews are listed! 
15-05-2026 21:25:49 |INFO| Reviews are listed! 
15-05-2026 21:26:25 |INFO| Reviews are listed for admin! 
15-05-2026 21:31:57 |INFO| Reviews are listed for admin! 
15-05-2026 21:32:06 |INFO| Reviews are listed for admin! 
15-05-2026 21:32:31 |INFO| Reviews are listed for admin! 
15-05-2026 21:33:02 |INFO| Reviews are listed for admin! 
15-05-2026 21:34:08 |INFO| Reviews are listed for admin! 
15-05-2026 21:34:10 |INFO| Reviews are listed for admin! 
15-05-2026 21:34:34 |INFO| Reviews are listed for admin! 
15-05-2026 21:34:58 |INFO| Reviews are listed for admin! 
15-05-2026 21:35:01 |INFO| Reviews are listed for admin! 
15-05-2026 21:35:02 |INFO| Reviews are listed for admin! 
15-05-2026 21:35:24 |INFO| Reviews are listed for admin! 
15-05-2026 21:35:39 |INFO| Products listed! 
15-05-2026 21:35:39 |INFO| change of price product 6 is now 140 not 150 
15-05-2026 21:35:39 |INFO| Cart listed! 
15-05-2026 21:35:40 |INFO| change of price product 6 is now 140 not 150 
15-05-2026 21:35:40 |INFO| Cart listed! 
15-05-2026 21:35:51 |INFO| Orders is listed! 
15-05-2026 21:36:09 |INFO| Review is sent! 
15-05-2026 21:36:10 |INFO| Orders is listed! 
15-05-2026 21:36:20 |INFO| Reviews are listed for admin! 
15-05-2026 21:36:33 |INFO| Reviews status have changed! 
15-05-2026 21:36:33 |INFO| Reviews are listed for admin! 
15-05-2026 21:36:47 |INFO| Products listed! 
15-05-2026 21:36:47 |INFO| change of price product 6 is now 140 not 150 
15-05-2026 21:36:47 |INFO| Cart listed! 
15-05-2026 21:36:48 |INFO| change of price product 6 is now 140 not 150 
15-05-2026 21:36:48 |INFO| Cart listed! 
15-05-2026 21:36:50 |INFO| Orders is listed! 
15-05-2026 21:38:50 |INFO| Products listed! 
15-05-2026 21:38:50 |INFO| Reviews are listed! 
15-05-2026 21:39:01 |ERROR| Error | GET | /uploads/1778064367846-a.png : can't find /uploads/1778064367846-a.png 
Error: can't find /uploads/1778064367846-a.png
    at C:\Users\yosef\OneDrive\Desktop\NTI\Ecommerce Backend\server.js:29:7
    at Layer.handleRequest (C:\Users\yosef\OneDrive\Desktop\NTI\Ecommerce Backend\node_modules\router\lib\layer.js:152:17)
    at trimPrefix (C:\Users\yosef\OneDrive\Desktop\NTI\Ecommerce Backend\node_modules\router\index.js:342:13)
    at C:\Users\yosef\OneDrive\Desktop\NTI\Ecommerce Backend\node_modules\router\index.js:297:9
    at processParams (C:\Users\yosef\OneDrive\Desktop\NTI\Ecommerce Backend\node_modules\router\index.js:582:12)
    at next (C:\Users\yosef\OneDrive\Desktop\NTI\Ecommerce Backend\node_modules\router\index.js:291:5)
    at cors (C:\Users\yosef\OneDrive\Desktop\NTI\Ecommerce Backend\node_modules\cors\lib\index.js:188:7)
    at C:\Users\yosef\OneDrive\Desktop\NTI\Ecommerce Backend\node_modules\cors\lib\index.js:224:17
    at origin (C:\Users\yosef\OneDrive\Desktop\NTI\Ecommerce Backend\middlewares\cors.middleware.js:8:11)
    at C:\Users\yosef\OneDrive\Desktop\NTI\Ecommerce Backend\node_modules\cors\lib\index.js:219:13
15-05-2026 21:39:21 |ERROR| Error | GET | /uploads/1778064367846-a.png : can't find /uploads/1778064367846-a.png 
Error: can't find /uploads/1778064367846-a.png
    at C:\Users\yosef\OneDrive\Desktop\NTI\Ecommerce Backend\server.js:29:7
    at Layer.handleRequest (C:\Users\yosef\OneDrive\Desktop\NTI\Ecommerce Backend\node_modules\router\lib\layer.js:152:17)
    at trimPrefix (C:\Users\yosef\OneDrive\Desktop\NTI\Ecommerce Backend\node_modules\router\index.js:342:13)
    at C:\Users\yosef\OneDrive\Desktop\NTI\Ecommerce Backend\node_modules\router\index.js:297:9
    at processParams (C:\Users\yosef\OneDrive\Desktop\NTI\Ecommerce Backend\node_modules\router\index.js:582:12)
    at next (C:\Users\yosef\OneDrive\Desktop\NTI\Ecommerce Backend\node_modules\router\index.js:291:5)
    at cors (C:\Users\yosef\OneDrive\Desktop\NTI\Ecommerce Backend\node_modules\cors\lib\index.js:188:7)
    at C:\Users\yosef\OneDrive\Desktop\NTI\Ecommerce Backend\node_modules\cors\lib\index.js:224:17
    at origin (C:\Users\yosef\OneDrive\Desktop\NTI\Ecommerce Backend\middlewares\cors.middleware.js:8:11)
    at C:\Users\yosef\OneDrive\Desktop\NTI\Ecommerce Backend\node_modules\cors\lib\index.js:219:13
15-05-2026 21:40:41 |INFO| Products listed! 
15-05-2026 21:40:41 |INFO| Reviews are listed! 
15-05-2026 21:40:41 |ERROR| Error | GET | /uploads/1778064367846-a.png : can't find /uploads/1778064367846-a.png 
Error: can't find /uploads/1778064367846-a.png
    at C:\Users\yosef\OneDrive\Desktop\NTI\Ecommerce Backend\server.js:29:7
    at Layer.handleRequest (C:\Users\yosef\OneDrive\Desktop\NTI\Ecommerce Backend\node_modules\router\lib\layer.js:152:17)
    at trimPrefix (C:\Users\yosef\OneDrive\Desktop\NTI\Ecommerce Backend\node_modules\router\index.js:342:13)
    at C:\Users\yosef\OneDrive\Desktop\NTI\Ecommerce Backend\node_modules\router\index.js:297:9
    at processParams (C:\Users\yosef\OneDrive\Desktop\NTI\Ecommerce Backend\node_modules\router\index.js:582:12)
    at next (C:\Users\yosef\OneDrive\Desktop\NTI\Ecommerce Backend\node_modules\router\index.js:291:5)
    at cors (C:\Users\yosef\OneDrive\Desktop\NTI\Ecommerce Backend\node_modules\cors\lib\index.js:188:7)
    at C:\Users\yosef\OneDrive\Desktop\NTI\Ecommerce Backend\node_modules\cors\lib\index.js:224:17
    at origin (C:\Users\yosef\OneDrive\Desktop\NTI\Ecommerce Backend\middlewares\cors.middleware.js:8:11)
    at C:\Users\yosef\OneDrive\Desktop\NTI\Ecommerce Backend\node_modules\cors\lib\index.js:219:13
15-05-2026 21:40:47 |INFO| Products listed! 
15-05-2026 21:40:47 |INFO| change of price product 6 is now 140 not 150 
15-05-2026 21:40:47 |INFO| Cart listed! 
15-05-2026 21:40:49 |INFO| Products listed! 
15-05-2026 21:40:49 |INFO| Reviews are listed! 
15-05-2026 21:40:49 |ERROR| Error | GET | /uploads/1778064367846-a.png : can't find /uploads/1778064367846-a.png 
Error: can't find /uploads/1778064367846-a.png
    at C:\Users\yosef\OneDrive\Desktop\NTI\Ecommerce Backend\server.js:29:7
    at Layer.handleRequest (C:\Users\yosef\OneDrive\Desktop\NTI\Ecommerce Backend\node_modules\router\lib\layer.js:152:17)
    at trimPrefix (C:\Users\yosef\OneDrive\Desktop\NTI\Ecommerce Backend\node_modules\router\index.js:342:13)
    at C:\Users\yosef\OneDrive\Desktop\NTI\Ecommerce Backend\node_modules\router\index.js:297:9
    at processParams (C:\Users\yosef\OneDrive\Desktop\NTI\Ecommerce Backend\node_modules\router\index.js:582:12)
    at next (C:\Users\yosef\OneDrive\Desktop\NTI\Ecommerce Backend\node_modules\router\index.js:291:5)
    at cors (C:\Users\yosef\OneDrive\Desktop\NTI\Ecommerce Backend\node_modules\cors\lib\index.js:188:7)
    at C:\Users\yosef\OneDrive\Desktop\NTI\Ecommerce Backend\node_modules\cors\lib\index.js:224:17
    at origin (C:\Users\yosef\OneDrive\Desktop\NTI\Ecommerce Backend\middlewares\cors.middleware.js:8:11)
    at C:\Users\yosef\OneDrive\Desktop\NTI\Ecommerce Backend\node_modules\cors\lib\index.js:219:13
15-05-2026 21:41:21 |INFO| Products listed! 
15-05-2026 21:41:21 |INFO| Reviews are listed! 
15-05-2026 21:41:21 |ERROR| Error | GET | /uploads/1778064367846-a.png : can't find /uploads/1778064367846-a.png 
Error: can't find /uploads/1778064367846-a.png
    at C:\Users\yosef\OneDrive\Desktop\NTI\Ecommerce Backend\server.js:29:7
    at Layer.handleRequest (C:\Users\yosef\OneDrive\Desktop\NTI\Ecommerce Backend\node_modules\router\lib\layer.js:152:17)
    at trimPrefix (C:\Users\yosef\OneDrive\Desktop\NTI\Ecommerce Backend\node_modules\router\index.js:342:13)
    at C:\Users\yosef\OneDrive\Desktop\NTI\Ecommerce Backend\node_modules\router\index.js:297:9
    at processParams (C:\Users\yosef\OneDrive\Desktop\NTI\Ecommerce Backend\node_modules\router\index.js:582:12)
    at next (C:\Users\yosef\OneDrive\Desktop\NTI\Ecommerce Backend\node_modules\router\index.js:291:5)
    at cors (C:\Users\yosef\OneDrive\Desktop\NTI\Ecommerce Backend\node_modules\cors\lib\index.js:188:7)
    at C:\Users\yosef\OneDrive\Desktop\NTI\Ecommerce Backend\node_modules\cors\lib\index.js:224:17
    at origin (C:\Users\yosef\OneDrive\Desktop\NTI\Ecommerce Backend\middlewares\cors.middleware.js:8:11)
    at C:\Users\yosef\OneDrive\Desktop\NTI\Ecommerce Backend\node_modules\cors\lib\index.js:219:13
15-05-2026 21:41:50 |INFO| Products listed! 
15-05-2026 21:41:50 |INFO| Reviews are listed! 
15-05-2026 21:41:50 |ERROR| Error | GET | /uploads/1778064367846-a.png : can't find /uploads/1778064367846-a.png 
Error: can't find /uploads/1778064367846-a.png
    at C:\Users\yosef\OneDrive\Desktop\NTI\Ecommerce Backend\server.js:29:7
    at Layer.handleRequest (C:\Users\yosef\OneDrive\Desktop\NTI\Ecommerce Backend\node_modules\router\lib\layer.js:152:17)
    at trimPrefix (C:\Users\yosef\OneDrive\Desktop\NTI\Ecommerce Backend\node_modules\router\index.js:342:13)
    at C:\Users\yosef\OneDrive\Desktop\NTI\Ecommerce Backend\node_modules\router\index.js:297:9
    at processParams (C:\Users\yosef\OneDrive\Desktop\NTI\Ecommerce Backend\node_modules\router\index.js:582:12)
    at next (C:\Users\yosef\OneDrive\Desktop\NTI\Ecommerce Backend\node_modules\router\index.js:291:5)
    at cors (C:\Users\yosef\OneDrive\Desktop\NTI\Ecommerce Backend\node_modules\cors\lib\index.js:188:7)
    at C:\Users\yosef\OneDrive\Desktop\NTI\Ecommerce Backend\node_modules\cors\lib\index.js:224:17
    at origin (C:\Users\yosef\OneDrive\Desktop\NTI\Ecommerce Backend\middlewares\cors.middleware.js:8:11)
    at C:\Users\yosef\OneDrive\Desktop\NTI\Ecommerce Backend\node_modules\cors\lib\index.js:219:13
15-05-2026 21:42:03 |INFO| Products listed! 
15-05-2026 21:42:03 |INFO| Reviews are listed! 
15-05-2026 21:42:03 |ERROR| Error | GET | /uploads/1778064367846-a.png : can't find /uploads/1778064367846-a.png 
Error: can't find /uploads/1778064367846-a.png
    at C:\Users\yosef\OneDrive\Desktop\NTI\Ecommerce Backend\server.js:29:7
    at Layer.handleRequest (C:\Users\yosef\OneDrive\Desktop\NTI\Ecommerce Backend\node_modules\router\lib\layer.js:152:17)
    at trimPrefix (C:\Users\yosef\OneDrive\Desktop\NTI\Ecommerce Backend\node_modules\router\index.js:342:13)
    at C:\Users\yosef\OneDrive\Desktop\NTI\Ecommerce Backend\node_modules\router\index.js:297:9
    at processParams (C:\Users\yosef\OneDrive\Desktop\NTI\Ecommerce Backend\node_modules\router\index.js:582:12)
    at next (C:\Users\yosef\OneDrive\Desktop\NTI\Ecommerce Backend\node_modules\router\index.js:291:5)
    at cors (C:\Users\yosef\OneDrive\Desktop\NTI\Ecommerce Backend\node_modules\cors\lib\index.js:188:7)
    at C:\Users\yosef\OneDrive\Desktop\NTI\Ecommerce Backend\node_modules\cors\lib\index.js:224:17
    at origin (C:\Users\yosef\OneDrive\Desktop\NTI\Ecommerce Backend\middlewares\cors.middleware.js:8:11)
    at C:\Users\yosef\OneDrive\Desktop\NTI\Ecommerce Backend\node_modules\cors\lib\index.js:219:13
15-05-2026 21:42:11 |INFO| Products listed! 
15-05-2026 21:42:11 |INFO| Reviews are listed! 
15-05-2026 21:42:11 |ERROR| Error | GET | /uploads/1778064367846-a.png : can't find /uploads/1778064367846-a.png 
Error: can't find /uploads/1778064367846-a.png
    at C:\Users\yosef\OneDrive\Desktop\NTI\Ecommerce Backend\server.js:29:7
    at Layer.handleRequest (C:\Users\yosef\OneDrive\Desktop\NTI\Ecommerce Backend\node_modules\router\lib\layer.js:152:17)
    at trimPrefix (C:\Users\yosef\OneDrive\Desktop\NTI\Ecommerce Backend\node_modules\router\index.js:342:13)
    at C:\Users\yosef\OneDrive\Desktop\NTI\Ecommerce Backend\node_modules\router\index.js:297:9
    at processParams (C:\Users\yosef\OneDrive\Desktop\NTI\Ecommerce Backend\node_modules\router\index.js:582:12)
    at next (C:\Users\yosef\OneDrive\Desktop\NTI\Ecommerce Backend\node_modules\router\index.js:291:5)
    at cors (C:\Users\yosef\OneDrive\Desktop\NTI\Ecommerce Backend\node_modules\cors\lib\index.js:188:7)
    at C:\Users\yosef\OneDrive\Desktop\NTI\Ecommerce Backend\node_modules\cors\lib\index.js:224:17
    at origin (C:\Users\yosef\OneDrive\Desktop\NTI\Ecommerce Backend\middlewares\cors.middleware.js:8:11)
    at C:\Users\yosef\OneDrive\Desktop\NTI\Ecommerce Backend\node_modules\cors\lib\index.js:219:13
15-05-2026 21:42:13 |INFO| Products listed! 
15-05-2026 21:42:13 |INFO| Reviews are listed! 
15-05-2026 21:42:13 |ERROR| Error | GET | /uploads/1778064367846-a.png : can't find /uploads/1778064367846-a.png 
Error: can't find /uploads/1778064367846-a.png
    at C:\Users\yosef\OneDrive\Desktop\NTI\Ecommerce Backend\server.js:29:7
    at Layer.handleRequest (C:\Users\yosef\OneDrive\Desktop\NTI\Ecommerce Backend\node_modules\router\lib\layer.js:152:17)
    at trimPrefix (C:\Users\yosef\OneDrive\Desktop\NTI\Ecommerce Backend\node_modules\router\index.js:342:13)
    at C:\Users\yosef\OneDrive\Desktop\NTI\Ecommerce Backend\node_modules\router\index.js:297:9
    at processParams (C:\Users\yosef\OneDrive\Desktop\NTI\Ecommerce Backend\node_modules\router\index.js:582:12)
    at next (C:\Users\yosef\OneDrive\Desktop\NTI\Ecommerce Backend\node_modules\router\index.js:291:5)
    at cors (C:\Users\yosef\OneDrive\Desktop\NTI\Ecommerce Backend\node_modules\cors\lib\index.js:188:7)
    at C:\Users\yosef\OneDrive\Desktop\NTI\Ecommerce Backend\node_modules\cors\lib\index.js:224:17
    at origin (C:\Users\yosef\OneDrive\Desktop\NTI\Ecommerce Backend\middlewares\cors.middleware.js:8:11)
    at C:\Users\yosef\OneDrive\Desktop\NTI\Ecommerce Backend\node_modules\cors\lib\index.js:219:13
15-05-2026 21:42:17 |INFO| Products listed! 
15-05-2026 21:42:17 |INFO| Reviews are listed! 
15-05-2026 21:42:17 |ERROR| Error | GET | /uploads/1778064367846-a.png : can't find /uploads/1778064367846-a.png 
Error: can't find /uploads/1778064367846-a.png
    at C:\Users\yosef\OneDrive\Desktop\NTI\Ecommerce Backend\server.js:29:7
    at Layer.handleRequest (C:\Users\yosef\OneDrive\Desktop\NTI\Ecommerce Backend\node_modules\router\lib\layer.js:152:17)
    at trimPrefix (C:\Users\yosef\OneDrive\Desktop\NTI\Ecommerce Backend\node_modules\router\index.js:342:13)
    at C:\Users\yosef\OneDrive\Desktop\NTI\Ecommerce Backend\node_modules\router\index.js:297:9
    at processParams (C:\Users\yosef\OneDrive\Desktop\NTI\Ecommerce Backend\node_modules\router\index.js:582:12)
    at next (C:\Users\yosef\OneDrive\Desktop\NTI\Ecommerce Backend\node_modules\router\index.js:291:5)
    at cors (C:\Users\yosef\OneDrive\Desktop\NTI\Ecommerce Backend\node_modules\cors\lib\index.js:188:7)
    at C:\Users\yosef\OneDrive\Desktop\NTI\Ecommerce Backend\node_modules\cors\lib\index.js:224:17
    at origin (C:\Users\yosef\OneDrive\Desktop\NTI\Ecommerce Backend\middlewares\cors.middleware.js:8:11)
    at C:\Users\yosef\OneDrive\Desktop\NTI\Ecommerce Backend\node_modules\cors\lib\index.js:219:13
15-05-2026 21:42:21 |INFO| Products listed! 
15-05-2026 21:42:21 |INFO| Reviews are listed! 
15-05-2026 21:42:21 |ERROR| Error | GET | /uploads/1778064367846-a.png : can't find /uploads/1778064367846-a.png 
Error: can't find /uploads/1778064367846-a.png
    at C:\Users\yosef\OneDrive\Desktop\NTI\Ecommerce Backend\server.js:29:7
    at Layer.handleRequest (C:\Users\yosef\OneDrive\Desktop\NTI\Ecommerce Backend\node_modules\router\lib\layer.js:152:17)
    at trimPrefix (C:\Users\yosef\OneDrive\Desktop\NTI\Ecommerce Backend\node_modules\router\index.js:342:13)
    at C:\Users\yosef\OneDrive\Desktop\NTI\Ecommerce Backend\node_modules\router\index.js:297:9
    at processParams (C:\Users\yosef\OneDrive\Desktop\NTI\Ecommerce Backend\node_modules\router\index.js:582:12)
    at next (C:\Users\yosef\OneDrive\Desktop\NTI\Ecommerce Backend\node_modules\router\index.js:291:5)
    at cors (C:\Users\yosef\OneDrive\Desktop\NTI\Ecommerce Backend\node_modules\cors\lib\index.js:188:7)
    at C:\Users\yosef\OneDrive\Desktop\NTI\Ecommerce Backend\node_modules\cors\lib\index.js:224:17
    at origin (C:\Users\yosef\OneDrive\Desktop\NTI\Ecommerce Backend\middlewares\cors.middleware.js:8:11)
    at C:\Users\yosef\OneDrive\Desktop\NTI\Ecommerce Backend\node_modules\cors\lib\index.js:219:13
15-05-2026 21:42:22 |INFO| Products listed! 
15-05-2026 21:42:22 |INFO| Reviews are listed! 
15-05-2026 21:42:22 |ERROR| Error | GET | /uploads/1778064367846-a.png : can't find /uploads/1778064367846-a.png 
Error: can't find /uploads/1778064367846-a.png
    at C:\Users\yosef\OneDrive\Desktop\NTI\Ecommerce Backend\server.js:29:7
    at Layer.handleRequest (C:\Users\yosef\OneDrive\Desktop\NTI\Ecommerce Backend\node_modules\router\lib\layer.js:152:17)
    at trimPrefix (C:\Users\yosef\OneDrive\Desktop\NTI\Ecommerce Backend\node_modules\router\index.js:342:13)
    at C:\Users\yosef\OneDrive\Desktop\NTI\Ecommerce Backend\node_modules\router\index.js:297:9
    at processParams (C:\Users\yosef\OneDrive\Desktop\NTI\Ecommerce Backend\node_modules\router\index.js:582:12)
    at next (C:\Users\yosef\OneDrive\Desktop\NTI\Ecommerce Backend\node_modules\router\index.js:291:5)
    at cors (C:\Users\yosef\OneDrive\Desktop\NTI\Ecommerce Backend\node_modules\cors\lib\index.js:188:7)
    at C:\Users\yosef\OneDrive\Desktop\NTI\Ecommerce Backend\node_modules\cors\lib\index.js:224:17
    at origin (C:\Users\yosef\OneDrive\Desktop\NTI\Ecommerce Backend\middlewares\cors.middleware.js:8:11)
    at C:\Users\yosef\OneDrive\Desktop\NTI\Ecommerce Backend\node_modules\cors\lib\index.js:219:13
15-05-2026 21:42:22 |INFO| Products listed! 
15-05-2026 21:42:22 |INFO| Reviews are listed! 
15-05-2026 21:42:22 |ERROR| Error | GET | /uploads/1778064367846-a.png : can't find /uploads/1778064367846-a.png 
Error: can't find /uploads/1778064367846-a.png
    at C:\Users\yosef\OneDrive\Desktop\NTI\Ecommerce Backend\server.js:29:7
    at Layer.handleRequest (C:\Users\yosef\OneDrive\Desktop\NTI\Ecommerce Backend\node_modules\router\lib\layer.js:152:17)
    at trimPrefix (C:\Users\yosef\OneDrive\Desktop\NTI\Ecommerce Backend\node_modules\router\index.js:342:13)
    at C:\Users\yosef\OneDrive\Desktop\NTI\Ecommerce Backend\node_modules\router\index.js:297:9
    at processParams (C:\Users\yosef\OneDrive\Desktop\NTI\Ecommerce Backend\node_modules\router\index.js:582:12)
    at next (C:\Users\yosef\OneDrive\Desktop\NTI\Ecommerce Backend\node_modules\router\index.js:291:5)
    at cors (C:\Users\yosef\OneDrive\Desktop\NTI\Ecommerce Backend\node_modules\cors\lib\index.js:188:7)
    at C:\Users\yosef\OneDrive\Desktop\NTI\Ecommerce Backend\node_modules\cors\lib\index.js:224:17
    at origin (C:\Users\yosef\OneDrive\Desktop\NTI\Ecommerce Backend\middlewares\cors.middleware.js:8:11)
    at C:\Users\yosef\OneDrive\Desktop\NTI\Ecommerce Backend\node_modules\cors\lib\index.js:219:13
15-05-2026 21:42:24 |INFO| Products listed! 
15-05-2026 21:42:24 |INFO| Reviews are listed! 
15-05-2026 21:42:24 |ERROR| Error | GET | /uploads/1778064367846-a.png : can't find /uploads/1778064367846-a.png 
Error: can't find /uploads/1778064367846-a.png
    at C:\Users\yosef\OneDrive\Desktop\NTI\Ecommerce Backend\server.js:29:7
    at Layer.handleRequest (C:\Users\yosef\OneDrive\Desktop\NTI\Ecommerce Backend\node_modules\router\lib\layer.js:152:17)
    at trimPrefix (C:\Users\yosef\OneDrive\Desktop\NTI\Ecommerce Backend\node_modules\router\index.js:342:13)
    at C:\Users\yosef\OneDrive\Desktop\NTI\Ecommerce Backend\node_modules\router\index.js:297:9
    at processParams (C:\Users\yosef\OneDrive\Desktop\NTI\Ecommerce Backend\node_modules\router\index.js:582:12)
    at next (C:\Users\yosef\OneDrive\Desktop\NTI\Ecommerce Backend\node_modules\router\index.js:291:5)
    at cors (C:\Users\yosef\OneDrive\Desktop\NTI\Ecommerce Backend\node_modules\cors\lib\index.js:188:7)
    at C:\Users\yosef\OneDrive\Desktop\NTI\Ecommerce Backend\node_modules\cors\lib\index.js:224:17
    at origin (C:\Users\yosef\OneDrive\Desktop\NTI\Ecommerce Backend\middlewares\cors.middleware.js:8:11)
    at C:\Users\yosef\OneDrive\Desktop\NTI\Ecommerce Backend\node_modules\cors\lib\index.js:219:13
15-05-2026 21:42:49 |INFO| Products listed! 
15-05-2026 21:42:49 |INFO| Reviews are listed! 
15-05-2026 21:42:54 |INFO| Products listed! 
15-05-2026 21:42:54 |INFO| Reviews are listed! 
15-05-2026 21:44:02 |INFO| Products listed! 
15-05-2026 21:44:02 |INFO| Reviews are listed! 
15-05-2026 21:44:17 |INFO| Products listed! 
15-05-2026 21:44:17 |INFO| Reviews are listed! 
15-05-2026 21:44:21 |INFO| Products listed! 
15-05-2026 21:44:21 |INFO| Reviews are listed! 
15-05-2026 21:44:51 |INFO| Products listed! 
15-05-2026 21:44:51 |INFO| Reviews are listed! 
15-05-2026 21:45:12 |INFO| Products listed! 
15-05-2026 21:45:12 |INFO| Reviews are listed! 
15-05-2026 21:45:16 |INFO| Products listed! 
15-05-2026 21:45:16 |INFO| Reviews are listed! 
15-05-2026 21:45:24 |INFO| Products listed! 
15-05-2026 21:45:24 |INFO| Reviews are listed! 
15-05-2026 21:45:27 |INFO| Product listed! 
15-05-2026 21:45:31 |INFO| Products listed! 
15-05-2026 21:45:31 |INFO| change of price product 6 is now 140 not 150 
15-05-2026 21:45:31 |INFO| Cart listed! 
15-05-2026 21:45:48 |INFO| change of price product 6 is now 140 not 150 
15-05-2026 21:45:48 |INFO| Cart listed! 
15-05-2026 21:45:52 |INFO| Orders is listed! 
15-05-2026 21:45:53 |INFO| Products listed! 
15-05-2026 21:45:53 |INFO| change of price product 6 is now 140 not 150 
15-05-2026 21:45:53 |INFO| Cart listed! 
15-05-2026 21:45:55 |INFO| Products listed! 
15-05-2026 21:45:55 |INFO| Reviews are listed! 
15-05-2026 21:46:00 |INFO| Reviews are listed! 
15-05-2026 21:46:00 |INFO| Products listed! 
15-05-2026 21:48:55 |INFO| change of price product 6 is now 140 not 150 
15-05-2026 21:48:55 |INFO| Products listed! 
15-05-2026 21:48:55 |INFO| Cart listed! 
15-05-2026 21:48:55 |INFO| Reviews are listed! 
15-05-2026 21:49:03 |INFO| Products listed! 
15-05-2026 21:49:03 |INFO| change of price product 6 is now 140 not 150 
15-05-2026 21:49:03 |INFO| Reviews are listed! 
15-05-2026 21:49:03 |INFO| Cart listed! 
15-05-2026 21:49:05 |INFO| Products listed! 
15-05-2026 21:49:05 |INFO| Reviews are listed! 
15-05-2026 21:49:05 |INFO| change of price product 6 is now 140 not 150 
15-05-2026 21:49:05 |INFO| Cart listed! 
15-05-2026 21:49:08 |INFO| Products listed! 
15-05-2026 21:49:08 |INFO| change of price product 6 is now 140 not 150 
15-05-2026 21:49:08 |INFO| Cart listed! 
15-05-2026 21:49:14 |INFO| Product listed! 
15-05-2026 21:49:23 |INFO| Cart updated! 
15-05-2026 21:49:26 |INFO| Cart updated! 
15-05-2026 21:49:31 |INFO| Products listed! 
15-05-2026 21:49:31 |INFO| Reviews are listed! 
15-05-2026 21:49:37 |INFO| Products listed! 
15-05-2026 21:49:37 |INFO| change of price product 6 is now 140 not 150 
15-05-2026 21:49:37 |INFO| Cart listed! 
15-05-2026 21:49:39 |INFO| Products listed! 
15-05-2026 21:49:39 |INFO| Reviews are listed! 
15-05-2026 21:49:45 |INFO| change of price product 6 is now 140 not 150 
15-05-2026 21:49:45 |INFO| Cart listed! 
15-05-2026 21:49:48 |INFO| Cart Item is updated! 
15-05-2026 21:49:48 |INFO| Cart Item is updated! 
15-05-2026 21:49:48 |INFO| Cart Item is updated! 
15-05-2026 21:49:48 |INFO| Cart Item is updated! 
15-05-2026 21:49:48 |INFO| Cart Item is updated! 
15-05-2026 21:49:48 |INFO| Cart Item is updated! 
15-05-2026 21:49:48 |INFO| Cart Item is removed! 
15-05-2026 21:49:50 |INFO| Products listed! 
15-05-2026 21:49:50 |INFO| Reviews are listed! 
15-05-2026 21:50:00 |INFO| Cart listed! 
15-05-2026 21:50:00 |INFO| Products listed! 
15-05-2026 21:50:00 |INFO| Reviews are listed! 
15-05-2026 21:50:01 |INFO| Cart listed! 
15-05-2026 21:50:01 |INFO| Products listed! 
15-05-2026 21:50:01 |INFO| Reviews are listed! 
15-05-2026 21:50:02 |INFO| Products listed! 
15-05-2026 21:50:02 |INFO| Cart listed! 
15-05-2026 21:50:05 |INFO| Cart updated! 
15-05-2026 21:50:06 |INFO| Cart Item is updated! 
15-05-2026 21:50:07 |INFO| Product listed! 
15-05-2026 21:50:08 |INFO| Cart updated! 
15-05-2026 21:50:11 |INFO| Cart listed! 
15-05-2026 21:50:13 |INFO| Cart Item is updated! 
15-05-2026 21:50:13 |INFO| Cart Item is updated! 
15-05-2026 21:50:14 |INFO| Cart Item is removed! 
15-05-2026 21:50:16 |INFO| Products listed! 
15-05-2026 21:50:16 |INFO| Reviews are listed! 
15-05-2026 21:50:22 |INFO| Orders is listed! 
15-05-2026 21:50:25 |INFO| Products listed! 
15-05-2026 21:50:25 |INFO| Reviews are listed! 
15-05-2026 21:50:42 |INFO| Product listed! 
15-05-2026 21:50:45 |INFO| Cart listed! 
15-05-2026 21:50:47 |INFO| Product listed! 
15-05-2026 21:50:49 |INFO| Cart updated! 
15-05-2026 21:51:50 |INFO| Product listed! 
15-05-2026 21:51:50 |INFO| Cart listed! 
15-05-2026 21:51:52 |INFO| Product listed! 
15-05-2026 21:51:52 |INFO| Cart listed! 
15-05-2026 21:52:30 |INFO| Product listed! 
15-05-2026 21:52:30 |INFO| Cart listed! 
15-05-2026 21:52:32 |INFO| Products listed! 
15-05-2026 21:52:32 |INFO| Reviews are listed! 
15-05-2026 21:52:33 |INFO| Cart listed! 
15-05-2026 21:52:35 |INFO| Cart Item is updated! 
15-05-2026 21:52:35 |INFO| Cart Item is updated! 
15-05-2026 21:52:36 |INFO| Cart Item is updated! 
15-05-2026 21:52:37 |INFO| Cart Item is updated! 
15-05-2026 21:52:37 |INFO| Cart Item is removed! 
15-05-2026 21:52:38 |INFO| Products listed! 
15-05-2026 21:52:38 |INFO| Reviews are listed! 
15-05-2026 21:52:41 |INFO| Product listed! 
15-05-2026 21:52:43 |INFO| Cart updated! 
15-05-2026 21:52:44 |INFO| Cart updated! 
15-05-2026 21:52:45 |INFO| Cart updated! 
15-05-2026 21:52:46 |INFO| Cart listed! 
15-05-2026 21:52:48 |INFO| Products listed! 
15-05-2026 21:52:48 |INFO| Reviews are listed! 
15-05-2026 21:52:53 |INFO| Cart listed! 
15-05-2026 21:52:55 |INFO| Cart is cleared! 
15-05-2026 21:52:58 |INFO| Orders is listed! 
15-05-2026 21:52:59 |INFO| Products listed! 
15-05-2026 21:52:59 |INFO| Reviews are listed! 
15-05-2026 21:58:02 |INFO| Cart listed! 
15-05-2026 21:58:02 |INFO| Reviews are listed! 
15-05-2026 21:58:02 |INFO| Products listed! 
15-05-2026 21:58:04 |INFO| Products listed! 
15-05-2026 21:58:04 |INFO| Cart listed! 
15-05-2026 21:58:07 |INFO| Orders is listed! 
15-05-2026 21:58:31 |INFO| Reviews are listed for admin! 
15-05-2026 21:58:33 |INFO| users listed! 
15-05-2026 21:58:36 |INFO| Category listed! 
15-05-2026 21:58:36 |INFO| subCategory listed! 
15-05-2026 21:58:38 |INFO| Category listed! 
15-05-2026 21:58:39 |INFO| Orders is listed! 
15-05-2026 21:58:40 |INFO| Category listed! 
15-05-2026 21:58:40 |INFO| subCategory listed! 
15-05-2026 21:58:40 |INFO| Products listed! 
15-05-2026 21:58:49 |INFO| Products listed! 
15-05-2026 21:58:49 |INFO| Reviews are listed! 
15-05-2026 21:58:52 |INFO| Product listed! 
15-05-2026 21:59:00 |INFO| Cart merged! 
15-05-2026 21:59:00 |INFO| Products listed! 
15-05-2026 21:59:00 |INFO| Reviews are listed! 
15-05-2026 21:59:00 |INFO| Cart listed! 
15-05-2026 21:59:03 |INFO| Cart listed! 
15-05-2026 21:59:05 |INFO| Cart listed! 
15-05-2026 21:59:08 |INFO| Products listed! 
15-05-2026 21:59:08 |INFO| Reviews are listed! 
15-05-2026 22:00:48 |INFO| Reviews are listed! 
15-05-2026 22:00:48 |INFO| Cart listed! 
15-05-2026 22:00:48 |INFO| Products listed! 
15-05-2026 22:01:21 |INFO| Cart listed! 
15-05-2026 22:01:21 |INFO| Reviews are listed! 
15-05-2026 22:01:21 |INFO| Products listed! 
15-05-2026 22:01:50 |INFO| Reviews are listed! 
15-05-2026 22:01:50 |INFO| Cart listed! 
15-05-2026 22:01:50 |INFO| Products listed! 
15-05-2026 22:01:54 |INFO| Cart listed! 
15-05-2026 22:01:54 |INFO| Products listed! 
15-05-2026 22:01:59 |INFO| Products listed! 
15-05-2026 22:02:04 |INFO| Reviews are listed! 
15-05-2026 22:02:04 |INFO| Products listed! 
15-05-2026 22:02:05 |INFO| Products listed! 
15-05-2026 22:02:05 |INFO| Cart listed! 
15-05-2026 22:02:40 |INFO| Category listed! 
15-05-2026 22:02:40 |INFO| Cart listed! 
15-05-2026 22:02:40 |INFO| Products listed! 
15-05-2026 22:02:40 |INFO| Cart listed! 
15-05-2026 22:03:00 |INFO| Cart listed! 
15-05-2026 22:03:00 |INFO| Category listed! 
15-05-2026 22:03:00 |INFO| Products listed! 
15-05-2026 22:03:00 |INFO| Cart listed! 
15-05-2026 22:03:17 |INFO| Category listed! 
15-05-2026 22:03:17 |INFO| Products listed! 
15-05-2026 22:03:17 |INFO| Cart listed! 
15-05-2026 22:03:17 |INFO| Cart listed! 
15-05-2026 22:03:22 |INFO| Products listed! 
15-05-2026 22:03:24 |INFO| Products listed! 
15-05-2026 22:03:27 |INFO| Products listed! 
15-05-2026 22:03:31 |INFO| Products listed! 
15-05-2026 22:03:32 |INFO| Products listed! 
15-05-2026 22:03:41 |INFO| Products listed! 
15-05-2026 22:03:52 |INFO| Products listed! 
15-05-2026 22:03:53 |INFO| Products listed! 
15-05-2026 22:03:55 |INFO| Products listed! 
15-05-2026 22:03:55 |INFO| Cart listed! 
15-05-2026 22:03:55 |INFO| Category listed! 
15-05-2026 22:03:55 |INFO| Cart listed! 
15-05-2026 22:03:56 |INFO| Category listed! 
15-05-2026 22:03:56 |INFO| Products listed! 
15-05-2026 22:03:56 |INFO| Cart listed! 
15-05-2026 22:03:56 |INFO| Cart listed! 
15-05-2026 22:03:56 |INFO| Products listed! 
15-05-2026 22:03:56 |INFO| Category listed! 
15-05-2026 22:03:56 |INFO| Cart listed! 
15-05-2026 22:03:56 |INFO| Cart listed! 
15-05-2026 22:04:01 |INFO| Products listed! 
15-05-2026 22:04:02 |INFO| Products listed! 
15-05-2026 22:04:02 |INFO| Category listed! 
15-05-2026 22:04:02 |INFO| Cart listed! 
15-05-2026 22:04:02 |INFO| Cart listed! 
15-05-2026 22:04:02 |INFO| Category listed! 
15-05-2026 22:04:02 |INFO| Products listed! 
15-05-2026 22:04:02 |INFO| Cart listed! 
15-05-2026 22:04:02 |INFO| Cart listed! 
15-05-2026 22:04:03 |INFO| Category listed! 
15-05-2026 22:04:03 |INFO| Products listed! 
15-05-2026 22:04:03 |INFO| Cart listed! 
15-05-2026 22:04:03 |INFO| Cart listed! 
15-05-2026 22:04:04 |INFO| Category listed! 
15-05-2026 22:04:04 |INFO| Products listed! 
15-05-2026 22:04:04 |INFO| Cart listed! 
15-05-2026 22:04:04 |INFO| Cart listed! 
15-05-2026 22:04:04 |INFO| Cart listed! 
15-05-2026 22:04:04 |INFO| Category listed! 
15-05-2026 22:04:04 |INFO| Products listed! 
15-05-2026 22:04:04 |INFO| Cart listed! 
15-05-2026 22:04:05 |INFO| Category listed! 
15-05-2026 22:04:05 |INFO| Products listed! 
15-05-2026 22:04:05 |INFO| Cart listed! 
15-05-2026 22:04:05 |INFO| Cart listed! 
15-05-2026 22:04:05 |INFO| Category listed! 
15-05-2026 22:04:05 |INFO| Products listed! 
15-05-2026 22:04:05 |INFO| Cart listed! 
15-05-2026 22:04:05 |INFO| Cart listed! 
15-05-2026 22:04:08 |INFO| Category listed! 
15-05-2026 22:04:08 |INFO| Products listed! 
15-05-2026 22:04:08 |INFO| Cart listed! 
15-05-2026 22:04:08 |INFO| Cart listed! 
15-05-2026 22:04:11 |INFO| Products listed! 
15-05-2026 22:04:14 |INFO| Products listed! 
15-05-2026 22:04:15 |INFO| Products listed! 
15-05-2026 22:04:47 |INFO| Cart listed! 
15-05-2026 22:04:47 |INFO| Category listed! 
15-05-2026 22:04:47 |INFO| Products listed! 
15-05-2026 22:04:47 |INFO| Cart listed! 
15-05-2026 22:05:13 |INFO| Category listed! 
15-05-2026 22:05:13 |INFO| Products listed! 
15-05-2026 22:05:13 |INFO| Cart listed! 
15-05-2026 22:05:13 |INFO| Cart listed! 
15-05-2026 22:05:15 |INFO| Products listed! 
15-05-2026 22:05:16 |INFO| Products listed! 
15-05-2026 22:05:19 |INFO| Products listed! 
15-05-2026 22:05:21 |INFO| Products listed! 
15-05-2026 22:05:22 |INFO| Products listed! 
15-05-2026 22:05:24 |INFO| Products listed! 
15-05-2026 22:05:27 |INFO| Products listed! 
15-05-2026 22:05:30 |INFO| Products listed! 
15-05-2026 22:05:32 |INFO| Category listed! 
15-05-2026 22:05:32 |INFO| Cart listed! 
15-05-2026 22:05:32 |INFO| Products listed! 
15-05-2026 22:05:32 |INFO| Cart listed! 
15-05-2026 22:05:35 |INFO| Cart updated! 
15-05-2026 22:05:36 |INFO| Cart updated! 
15-05-2026 22:05:37 |INFO| Cart updated! 
15-05-2026 22:05:37 |INFO| Cart updated! 
15-05-2026 22:05:37 |INFO| Cart updated! 
15-05-2026 22:05:41 |INFO| Products listed! 
15-05-2026 22:05:42 |INFO| Products listed! 
15-05-2026 22:05:45 |INFO| Cart updated! 
15-05-2026 22:05:45 |INFO| Cart updated! 
15-05-2026 22:05:45 |INFO| Cart updated! 
15-05-2026 22:05:46 |INFO| Product listed! 
15-05-2026 22:05:48 |INFO| Category listed! 
15-05-2026 22:05:48 |INFO| Products listed! 
15-05-2026 22:05:48 |INFO| Cart listed! 
15-05-2026 22:05:50 |INFO| Product listed! 
15-05-2026 22:05:51 |INFO| Category listed! 
15-05-2026 22:05:51 |INFO| Products listed! 
15-05-2026 22:05:51 |INFO| Cart listed! 
15-05-2026 22:05:53 |INFO| Cart updated! 
15-05-2026 22:05:53 |INFO| Cart updated! 
15-05-2026 22:05:53 |INFO| Cart updated! 
15-05-2026 22:05:53 |INFO| Cart updated! 
15-05-2026 22:05:54 |INFO| Cart updated! 
15-05-2026 22:05:54 |INFO| Cart updated! 
15-05-2026 22:05:54 |INFO| Cart updated! 
15-05-2026 22:05:57 |INFO| Cart listed! 
15-05-2026 22:05:57 |INFO| Category listed! 
15-05-2026 22:05:57 |INFO| Products listed! 
15-05-2026 22:05:57 |INFO| Cart listed! 
15-05-2026 22:06:00 |INFO| Cart updated! 
15-05-2026 22:06:01 |INFO| Cart updated! 
15-05-2026 22:06:02 |INFO| Cart updated! 
15-05-2026 22:06:02 |INFO| Cart updated! 
15-05-2026 22:06:03 |INFO| Cart updated! 
15-05-2026 22:06:04 |INFO| Cart listed! 
15-05-2026 22:06:06 |INFO| Cart Item is updated! 
15-05-2026 22:06:06 |INFO| Cart Item is updated! 
15-05-2026 22:06:06 |INFO| Cart Item is updated! 
15-05-2026 22:06:07 |INFO| Cart Item is updated! 
15-05-2026 22:06:07 |INFO| Cart Item is updated! 
15-05-2026 22:06:07 |INFO| Cart Item is updated! 
15-05-2026 22:06:07 |INFO| Cart Item is updated! 
15-05-2026 22:06:07 |INFO| Cart Item is updated! 
15-05-2026 22:06:07 |INFO| Cart Item is updated! 
15-05-2026 22:06:07 |INFO| Cart Item is updated! 
15-05-2026 22:06:08 |INFO| Cart Item is updated! 
15-05-2026 22:06:08 |INFO| Cart Item is updated! 
15-05-2026 22:06:08 |INFO| Cart Item is updated! 
15-05-2026 22:06:08 |INFO| Cart Item is updated! 
15-05-2026 22:06:08 |INFO| Cart Item is updated! 
15-05-2026 22:06:08 |INFO| Cart Item is updated! 
15-05-2026 22:06:08 |INFO| Cart Item is updated! 
15-05-2026 22:06:09 |INFO| Cart Item is updated! 
15-05-2026 22:06:09 |INFO| Cart Item is updated! 
15-05-2026 22:06:09 |INFO| Cart Item is updated! 
15-05-2026 22:06:09 |INFO| Cart Item is updated! 
15-05-2026 22:06:09 |INFO| Cart Item is removed! 
15-05-2026 22:06:13 |INFO| Category listed! 
15-05-2026 22:06:13 |INFO| Cart listed! 
15-05-2026 22:06:13 |INFO| Products listed! 
15-05-2026 22:06:16 |INFO| Cart updated! 
15-05-2026 22:07:10 |INFO| Cart listed! 
15-05-2026 22:07:10 |INFO| Category listed! 
15-05-2026 22:07:10 |INFO| Products listed! 
15-05-2026 22:07:10 |INFO| Cart listed! 
15-05-2026 22:07:14 |INFO| Cart listed! 
15-05-2026 22:07:14 |INFO| Category listed! 
15-05-2026 22:07:14 |INFO| Products listed! 
15-05-2026 22:07:14 |INFO| Cart listed! 
15-05-2026 22:07:19 |INFO| Cart listed! 
15-05-2026 22:07:19 |INFO| Category listed! 
15-05-2026 22:07:19 |INFO| Products listed! 
15-05-2026 22:07:19 |INFO| Cart listed! 
15-05-2026 22:07:29 |INFO| Cart listed! 
15-05-2026 22:07:29 |INFO| Category listed! 
15-05-2026 22:07:30 |INFO| Products listed! 
15-05-2026 22:07:30 |INFO| Cart listed! 
15-05-2026 22:07:36 |INFO| Products listed! 
15-05-2026 22:07:40 |INFO| Products listed! 
15-05-2026 22:08:44 |INFO| Category listed! 
15-05-2026 22:08:44 |INFO| Products listed! 
15-05-2026 22:08:44 |INFO| Cart listed! 
15-05-2026 22:08:45 |INFO| Cart listed! 
15-05-2026 22:08:56 |INFO| Cart listed! 
15-05-2026 22:08:56 |INFO| Category listed! 
15-05-2026 22:08:56 |INFO| Products listed! 
15-05-2026 22:08:56 |INFO| Cart listed! 
15-05-2026 22:09:02 |INFO| Category listed! 
15-05-2026 22:09:02 |INFO| Products listed! 
15-05-2026 22:09:02 |INFO| Cart listed! 
15-05-2026 22:09:02 |INFO| Cart listed! 
15-05-2026 22:09:05 |INFO| Products listed! 
15-05-2026 22:09:06 |INFO| Products listed! 
15-05-2026 22:09:07 |INFO| Category listed! 
15-05-2026 22:09:07 |INFO| Cart listed! 
15-05-2026 22:09:07 |INFO| Products listed! 
15-05-2026 22:09:07 |INFO| Cart listed! 
15-05-2026 22:09:08 |INFO| Products listed! 
15-05-2026 22:09:10 |INFO| Products listed! 
15-05-2026 22:09:11 |INFO| Products listed! 
15-05-2026 22:09:12 |INFO| Products listed! 
15-05-2026 22:09:13 |INFO| Products listed! 
15-05-2026 22:09:17 |INFO| Products listed! 
15-05-2026 22:09:22 |INFO| Products listed! 
15-05-2026 22:09:52 |INFO| Category listed! 
15-05-2026 22:09:52 |INFO| Cart listed! 
15-05-2026 22:09:52 |INFO| Products listed! 
15-05-2026 22:09:52 |INFO| Cart listed! 
15-05-2026 22:09:55 |INFO| Product listed! 
15-05-2026 22:09:57 |INFO| Category listed! 
15-05-2026 22:09:57 |INFO| Products listed! 
15-05-2026 22:09:57 |INFO| Cart listed! 
15-05-2026 22:10:00 |INFO| Reviews are listed! 
15-05-2026 22:10:00 |INFO| Products listed! 
15-05-2026 22:10:06 |INFO| Cart listed! 
15-05-2026 22:10:07 |INFO| Cart is cleared! 
15-05-2026 22:10:09 |INFO| Cart listed! 
15-05-2026 22:10:09 |INFO| Category listed! 
15-05-2026 22:10:09 |INFO| Products listed! 
15-05-2026 22:10:12 |INFO| Products listed! 
15-05-2026 22:10:15 |INFO| Products listed! 
15-05-2026 22:10:17 |INFO| Products listed! 
15-05-2026 22:10:19 |INFO| Products listed! 
15-05-2026 22:10:19 |INFO| Reviews are listed! 
15-05-2026 22:10:21 |INFO| Category listed! 
15-05-2026 22:10:21 |INFO| Products listed! 
15-05-2026 22:10:21 |INFO| Cart listed! 
15-05-2026 22:10:23 |INFO| Reviews are listed! 
15-05-2026 22:10:23 |INFO| Products listed! 
15-05-2026 22:10:33 |INFO| Category listed! 
15-05-2026 22:10:33 |INFO| Products listed! 
15-05-2026 22:10:33 |INFO| subCategory listed! 
15-05-2026 22:10:36 |INFO| Orders is listed! 
15-05-2026 22:10:37 |INFO| Category listed! 
15-05-2026 22:10:38 |INFO| Category listed! 
15-05-2026 22:10:38 |INFO| subCategory listed! 
15-05-2026 22:10:39 |INFO| users listed! 
15-05-2026 22:10:47 |INFO| Reviews are listed for admin! 
15-05-2026 22:10:50 |INFO| Category listed! 
15-05-2026 22:10:50 |INFO| Products listed! 
15-05-2026 22:10:50 |INFO| subCategory listed! 
15-05-2026 22:11:26 |INFO| Product created! 
15-05-2026 22:11:26 |INFO| Category listed! 
15-05-2026 22:11:26 |INFO| Products listed! 
15-05-2026 22:11:26 |INFO| subCategory listed! 
15-05-2026 22:11:40 |INFO| Category listed! 
15-05-2026 22:11:46 |INFO| Category created! 
15-05-2026 22:11:46 |INFO| Category listed! 
15-05-2026 22:11:53 |INFO| Category created! 
15-05-2026 22:11:53 |INFO| Category listed! 
15-05-2026 22:11:54 |INFO| Category listed! 
15-05-2026 22:11:54 |INFO| subCategory listed! 
15-05-2026 22:12:05 |INFO| subCategory created! 
15-05-2026 22:12:05 |INFO| Category listed! 
15-05-2026 22:12:05 |INFO| subCategory listed! 
15-05-2026 22:12:09 |INFO| Category listed! 
15-05-2026 22:12:16 |INFO| Category created! 
15-05-2026 22:12:16 |INFO| Category listed! 
15-05-2026 22:12:17 |INFO| Category listed! 
15-05-2026 22:12:17 |INFO| subCategory listed! 
15-05-2026 22:12:27 |INFO| subCategory created! 
15-05-2026 22:12:27 |INFO| Category listed! 
15-05-2026 22:12:27 |INFO| subCategory listed! 
15-05-2026 22:12:28 |INFO| Orders is listed! 
15-05-2026 22:12:29 |INFO| Category listed! 
15-05-2026 22:12:29 |INFO| Products listed! 
15-05-2026 22:12:29 |INFO| subCategory listed! 
15-05-2026 22:13:00 |ERROR| Error | POST | /api/v1/product/addProduct : SubCategory does not belong to this category! 
Error: SubCategory does not belong to this category!
    at C:\Users\yosef\OneDrive\Desktop\NTI\Ecommerce Backend\controller\product.controller.js:44:4
    at process.processTicksAndRejections (node:internal/process/task_queues:104:5)
15-05-2026 22:13:01 |ERROR| Error | POST | /api/v1/product/addProduct : SubCategory does not belong to this category! 
Error: SubCategory does not belong to this category!
    at C:\Users\yosef\OneDrive\Desktop\NTI\Ecommerce Backend\controller\product.controller.js:44:4
    at process.processTicksAndRejections (node:internal/process/task_queues:104:5)
15-05-2026 22:13:03 |ERROR| Error | POST | /api/v1/product/addProduct : SubCategory does not belong to this category! 
Error: SubCategory does not belong to this category!
    at C:\Users\yosef\OneDrive\Desktop\NTI\Ecommerce Backend\controller\product.controller.js:44:4
    at process.processTicksAndRejections (node:internal/process/task_queues:104:5)
15-05-2026 22:13:03 |ERROR| Error | POST | /api/v1/product/addProduct : SubCategory does not belong to this category! 
Error: SubCategory does not belong to this category!
    at C:\Users\yosef\OneDrive\Desktop\NTI\Ecommerce Backend\controller\product.controller.js:44:4
    at process.processTicksAndRejections (node:internal/process/task_queues:104:5)
15-05-2026 22:13:03 |ERROR| Error | POST | /api/v1/product/addProduct : SubCategory does not belong to this category! 
Error: SubCategory does not belong to this category!
    at C:\Users\yosef\OneDrive\Desktop\NTI\Ecommerce Backend\controller\product.controller.js:44:4
    at process.processTicksAndRejections (node:internal/process/task_queues:104:5)
15-05-2026 22:13:12 |INFO| Product created! 
15-05-2026 22:13:12 |INFO| Category listed! 
15-05-2026 22:13:12 |INFO| Products listed! 
15-05-2026 22:13:12 |INFO| subCategory listed! 
15-05-2026 22:13:16 |INFO| Category listed! 
15-05-2026 22:13:16 |INFO| Products listed! 
15-05-2026 22:13:16 |INFO| subCategory listed! 
15-05-2026 22:13:50 |INFO| Product created! 
15-05-2026 22:13:50 |INFO| Category listed! 
15-05-2026 22:13:50 |INFO| Products listed! 
15-05-2026 22:13:50 |INFO| subCategory listed! 
15-05-2026 22:14:17 |INFO| Product created! 
15-05-2026 22:14:17 |INFO| Category listed! 
15-05-2026 22:14:18 |INFO| Products listed! 
15-05-2026 22:14:18 |INFO| subCategory listed! 
15-05-2026 22:14:43 |INFO| Product created! 
15-05-2026 22:14:43 |INFO| Category listed! 
15-05-2026 22:14:43 |INFO| Products listed! 
15-05-2026 22:14:43 |INFO| subCategory listed! 
15-05-2026 22:15:14 |INFO| Product created! 
15-05-2026 22:15:14 |INFO| Category listed! 
15-05-2026 22:15:14 |INFO| Products listed! 
15-05-2026 22:15:14 |INFO| subCategory listed! 
15-05-2026 22:15:42 |INFO| Product created! 
15-05-2026 22:15:42 |INFO| Category listed! 
15-05-2026 22:15:42 |INFO| Products listed! 
15-05-2026 22:15:42 |INFO| subCategory listed! 
15-05-2026 22:16:06 |INFO| Product created! 
15-05-2026 22:16:06 |INFO| Category listed! 
15-05-2026 22:16:06 |INFO| Products listed! 
15-05-2026 22:16:06 |INFO| subCategory listed! 
15-05-2026 22:16:38 |INFO| Product created! 
15-05-2026 22:16:38 |INFO| Category listed! 
15-05-2026 22:16:38 |INFO| subCategory listed! 
15-05-2026 22:16:38 |INFO| Products listed! 
15-05-2026 22:17:11 |INFO| Product created! 
15-05-2026 22:17:11 |INFO| Category listed! 
15-05-2026 22:17:11 |INFO| Products listed! 
15-05-2026 22:17:11 |INFO| subCategory listed! 
15-05-2026 22:17:14 |INFO| Category listed! 
15-05-2026 22:17:14 |INFO| Products listed! 
15-05-2026 22:17:14 |INFO| subCategory listed! 
15-05-2026 22:17:21 |INFO| Category listed! 
15-05-2026 22:17:21 |INFO| Products listed! 
15-05-2026 22:17:21 |INFO| subCategory listed! 
15-05-2026 22:17:47 |INFO| Product created! 
15-05-2026 22:17:47 |INFO| Category listed! 
15-05-2026 22:17:47 |INFO| Products listed! 
15-05-2026 22:17:47 |INFO| subCategory listed! 
15-05-2026 22:17:49 |INFO| Category listed! 
15-05-2026 22:17:49 |INFO| Products listed! 
15-05-2026 22:17:49 |INFO| subCategory listed! 
15-05-2026 22:17:55 |INFO| Orders is listed! 
15-05-2026 22:17:56 |INFO| Category listed! 
15-05-2026 22:17:56 |INFO| Category listed! 
15-05-2026 22:17:56 |INFO| subCategory listed! 
15-05-2026 22:17:58 |INFO| users listed! 
15-05-2026 22:17:59 |INFO| Reviews are listed for admin! 
15-05-2026 22:18:10 |INFO| Cart listed! 
15-05-2026 22:18:10 |INFO| Reviews are listed! 
15-05-2026 22:18:10 |INFO| Products listed! 
15-05-2026 22:18:10 |ERROR| Error | GET | /uploads/1778872542491-a.png : can't find /uploads/1778872542491-a.png 
Error: can't find /uploads/1778872542491-a.png
    at C:\Users\yosef\OneDrive\Desktop\NTI\Ecommerce Backend\server.js:29:7
    at Layer.handleRequest (C:\Users\yosef\OneDrive\Desktop\NTI\Ecommerce Backend\node_modules\router\lib\layer.js:152:17)
    at trimPrefix (C:\Users\yosef\OneDrive\Desktop\NTI\Ecommerce Backend\node_modules\router\index.js:342:13)
    at C:\Users\yosef\OneDrive\Desktop\NTI\Ecommerce Backend\node_modules\router\index.js:297:9
    at processParams (C:\Users\yosef\OneDrive\Desktop\NTI\Ecommerce Backend\node_modules\router\index.js:582:12)
    at next (C:\Users\yosef\OneDrive\Desktop\NTI\Ecommerce Backend\node_modules\router\index.js:291:5)
    at cors (C:\Users\yosef\OneDrive\Desktop\NTI\Ecommerce Backend\node_modules\cors\lib\index.js:188:7)
    at C:\Users\yosef\OneDrive\Desktop\NTI\Ecommerce Backend\node_modules\cors\lib\index.js:224:17
    at origin (C:\Users\yosef\OneDrive\Desktop\NTI\Ecommerce Backend\middlewares\cors.middleware.js:8:11)
    at C:\Users\yosef\OneDrive\Desktop\NTI\Ecommerce Backend\node_modules\cors\lib\index.js:219:13
15-05-2026 22:18:10 |ERROR| Error | GET | /uploads/1778872514763-a.png : can't find /uploads/1778872514763-a.png 
Error: can't find /uploads/1778872514763-a.png
    at C:\Users\yosef\OneDrive\Desktop\NTI\Ecommerce Backend\server.js:29:7
    at Layer.handleRequest (C:\Users\yosef\OneDrive\Desktop\NTI\Ecommerce Backend\node_modules\router\lib\layer.js:152:17)
    at trimPrefix (C:\Users\yosef\OneDrive\Desktop\NTI\Ecommerce Backend\node_modules\router\index.js:342:13)
    at C:\Users\yosef\OneDrive\Desktop\NTI\Ecommerce Backend\node_modules\router\index.js:297:9
    at processParams (C:\Users\yosef\OneDrive\Desktop\NTI\Ecommerce Backend\node_modules\router\index.js:582:12)
    at next (C:\Users\yosef\OneDrive\Desktop\NTI\Ecommerce Backend\node_modules\router\index.js:291:5)
    at cors (C:\Users\yosef\OneDrive\Desktop\NTI\Ecommerce Backend\node_modules\cors\lib\index.js:188:7)
    at C:\Users\yosef\OneDrive\Desktop\NTI\Ecommerce Backend\node_modules\cors\lib\index.js:224:17
    at origin (C:\Users\yosef\OneDrive\Desktop\NTI\Ecommerce Backend\middlewares\cors.middleware.js:8:11)
    at C:\Users\yosef\OneDrive\Desktop\NTI\Ecommerce Backend\node_modules\cors\lib\index.js:219:13
15-05-2026 22:18:10 |ERROR| Error | GET | /uploads/1778872483665-a.png : can't find /uploads/1778872483665-a.png 
Error: can't find /uploads/1778872483665-a.png
    at C:\Users\yosef\OneDrive\Desktop\NTI\Ecommerce Backend\server.js:29:7
    at Layer.handleRequest (C:\Users\yosef\OneDrive\Desktop\NTI\Ecommerce Backend\node_modules\router\lib\layer.js:152:17)
    at trimPrefix (C:\Users\yosef\OneDrive\Desktop\NTI\Ecommerce Backend\node_modules\router\index.js:342:13)
    at C:\Users\yosef\OneDrive\Desktop\NTI\Ecommerce Backend\node_modules\router\index.js:297:9
    at processParams (C:\Users\yosef\OneDrive\Desktop\NTI\Ecommerce Backend\node_modules\router\index.js:582:12)
    at next (C:\Users\yosef\OneDrive\Desktop\NTI\Ecommerce Backend\node_modules\router\index.js:291:5)
    at cors (C:\Users\yosef\OneDrive\Desktop\NTI\Ecommerce Backend\node_modules\cors\lib\index.js:188:7)
    at C:\Users\yosef\OneDrive\Desktop\NTI\Ecommerce Backend\node_modules\cors\lib\index.js:224:17
    at origin (C:\Users\yosef\OneDrive\Desktop\NTI\Ecommerce Backend\middlewares\cors.middleware.js:8:11)
    at C:\Users\yosef\OneDrive\Desktop\NTI\Ecommerce Backend\node_modules\cors\lib\index.js:219:13
15-05-2026 22:18:10 |ERROR| Error | GET | /uploads/1778872457977-a.png : can't find /uploads/1778872457977-a.png 
Error: can't find /uploads/1778872457977-a.png
    at C:\Users\yosef\OneDrive\Desktop\NTI\Ecommerce Backend\server.js:29:7
    at Layer.handleRequest (C:\Users\yosef\OneDrive\Desktop\NTI\Ecommerce Backend\node_modules\router\lib\layer.js:152:17)
    at trimPrefix (C:\Users\yosef\OneDrive\Desktop\NTI\Ecommerce Backend\node_modules\router\index.js:342:13)
    at C:\Users\yosef\OneDrive\Desktop\NTI\Ecommerce Backend\node_modules\router\index.js:297:9
    at processParams (C:\Users\yosef\OneDrive\Desktop\NTI\Ecommerce Backend\node_modules\router\index.js:582:12)
    at next (C:\Users\yosef\OneDrive\Desktop\NTI\Ecommerce Backend\node_modules\router\index.js:291:5)
    at cors (C:\Users\yosef\OneDrive\Desktop\NTI\Ecommerce Backend\node_modules\cors\lib\index.js:188:7)
    at C:\Users\yosef\OneDrive\Desktop\NTI\Ecommerce Backend\node_modules\cors\lib\index.js:224:17
    at origin (C:\Users\yosef\OneDrive\Desktop\NTI\Ecommerce Backend\middlewares\cors.middleware.js:8:11)
    at C:\Users\yosef\OneDrive\Desktop\NTI\Ecommerce Backend\node_modules\cors\lib\index.js:219:13
15-05-2026 22:18:30 |INFO| Category listed! 
15-05-2026 22:18:30 |INFO| Cart listed! 
15-05-2026 22:18:30 |INFO| Products listed! 
15-05-2026 22:18:38 |INFO| Products listed! 
15-05-2026 22:18:42 |INFO| Products listed! 
15-05-2026 22:18:46 |INFO| Products listed! 
15-05-2026 22:18:53 |INFO| Products listed! 
15-05-2026 22:18:58 |INFO| Products listed! 
15-05-2026 22:18:59 |INFO| Products listed! 
15-05-2026 22:19:04 |INFO| Products listed! 
15-05-2026 22:19:05 |INFO| Products listed! 
15-05-2026 22:19:10 |INFO| Products listed! 
15-05-2026 22:19:12 |INFO| Products listed! 
15-05-2026 22:19:16 |INFO| Products listed! 
15-05-2026 22:19:21 |INFO| Products listed! 
15-05-2026 22:19:25 |INFO| Products listed! 
15-05-2026 22:19:27 |INFO| Products listed! 
15-05-2026 22:19:37 |INFO| Products listed! 
15-05-2026 22:19:45 |INFO| Products listed! 
15-05-2026 22:19:50 |INFO| Products listed! 
15-05-2026 22:19:53 |INFO| Products listed! 
15-05-2026 22:19:59 |INFO| Products listed! 
15-05-2026 22:20:00 |INFO| Products listed! 
15-05-2026 22:20:04 |INFO| Products listed! 
15-05-2026 22:20:09 |INFO| Products listed! 
15-05-2026 22:20:10 |INFO| Reviews are listed! 
15-05-2026 22:20:10 |INFO| Products listed! 
15-05-2026 22:20:10 |ERROR| Error | GET | /uploads/1778872542491-a.png : can't find /uploads/1778872542491-a.png 
Error: can't find /uploads/1778872542491-a.png
    at C:\Users\yosef\OneDrive\Desktop\NTI\Ecommerce Backend\server.js:29:7
    at Layer.handleRequest (C:\Users\yosef\OneDrive\Desktop\NTI\Ecommerce Backend\node_modules\router\lib\layer.js:152:17)
    at trimPrefix (C:\Users\yosef\OneDrive\Desktop\NTI\Ecommerce Backend\node_modules\router\index.js:342:13)
    at C:\Users\yosef\OneDrive\Desktop\NTI\Ecommerce Backend\node_modules\router\index.js:297:9
    at processParams (C:\Users\yosef\OneDrive\Desktop\NTI\Ecommerce Backend\node_modules\router\index.js:582:12)
    at next (C:\Users\yosef\OneDrive\Desktop\NTI\Ecommerce Backend\node_modules\router\index.js:291:5)
    at cors (C:\Users\yosef\OneDrive\Desktop\NTI\Ecommerce Backend\node_modules\cors\lib\index.js:188:7)
    at C:\Users\yosef\OneDrive\Desktop\NTI\Ecommerce Backend\node_modules\cors\lib\index.js:224:17
    at origin (C:\Users\yosef\OneDrive\Desktop\NTI\Ecommerce Backend\middlewares\cors.middleware.js:8:11)
    at C:\Users\yosef\OneDrive\Desktop\NTI\Ecommerce Backend\node_modules\cors\lib\index.js:219:13
15-05-2026 22:20:10 |ERROR| Error | GET | /uploads/1778872514763-a.png : can't find /uploads/1778872514763-a.png 
Error: can't find /uploads/1778872514763-a.png
    at C:\Users\yosef\OneDrive\Desktop\NTI\Ecommerce Backend\server.js:29:7
    at Layer.handleRequest (C:\Users\yosef\OneDrive\Desktop\NTI\Ecommerce Backend\node_modules\router\lib\layer.js:152:17)
    at trimPrefix (C:\Users\yosef\OneDrive\Desktop\NTI\Ecommerce Backend\node_modules\router\index.js:342:13)
    at C:\Users\yosef\OneDrive\Desktop\NTI\Ecommerce Backend\node_modules\router\index.js:297:9
    at processParams (C:\Users\yosef\OneDrive\Desktop\NTI\Ecommerce Backend\node_modules\router\index.js:582:12)
    at next (C:\Users\yosef\OneDrive\Desktop\NTI\Ecommerce Backend\node_modules\router\index.js:291:5)
    at cors (C:\Users\yosef\OneDrive\Desktop\NTI\Ecommerce Backend\node_modules\cors\lib\index.js:188:7)
    at C:\Users\yosef\OneDrive\Desktop\NTI\Ecommerce Backend\node_modules\cors\lib\index.js:224:17
    at origin (C:\Users\yosef\OneDrive\Desktop\NTI\Ecommerce Backend\middlewares\cors.middleware.js:8:11)
    at C:\Users\yosef\OneDrive\Desktop\NTI\Ecommerce Backend\node_modules\cors\lib\index.js:219:13
15-05-2026 22:20:10 |ERROR| Error | GET | /uploads/1778872483665-a.png : can't find /uploads/1778872483665-a.png 
Error: can't find /uploads/1778872483665-a.png
    at C:\Users\yosef\OneDrive\Desktop\NTI\Ecommerce Backend\server.js:29:7
    at Layer.handleRequest (C:\Users\yosef\OneDrive\Desktop\NTI\Ecommerce Backend\node_modules\router\lib\layer.js:152:17)
    at trimPrefix (C:\Users\yosef\OneDrive\Desktop\NTI\Ecommerce Backend\node_modules\router\index.js:342:13)
    at C:\Users\yosef\OneDrive\Desktop\NTI\Ecommerce Backend\node_modules\router\index.js:297:9
    at processParams (C:\Users\yosef\OneDrive\Desktop\NTI\Ecommerce Backend\node_modules\router\index.js:582:12)
    at next (C:\Users\yosef\OneDrive\Desktop\NTI\Ecommerce Backend\node_modules\router\index.js:291:5)
    at cors (C:\Users\yosef\OneDrive\Desktop\NTI\Ecommerce Backend\node_modules\cors\lib\index.js:188:7)
    at C:\Users\yosef\OneDrive\Desktop\NTI\Ecommerce Backend\node_modules\cors\lib\index.js:224:17
    at origin (C:\Users\yosef\OneDrive\Desktop\NTI\Ecommerce Backend\middlewares\cors.middleware.js:8:11)
    at C:\Users\yosef\OneDrive\Desktop\NTI\Ecommerce Backend\node_modules\cors\lib\index.js:219:13
15-05-2026 22:20:10 |ERROR| Error | GET | /uploads/1778872457977-a.png : can't find /uploads/1778872457977-a.png 
Error: can't find /uploads/1778872457977-a.png
    at C:\Users\yosef\OneDrive\Desktop\NTI\Ecommerce Backend\server.js:29:7
    at Layer.handleRequest (C:\Users\yosef\OneDrive\Desktop\NTI\Ecommerce Backend\node_modules\router\lib\layer.js:152:17)
    at trimPrefix (C:\Users\yosef\OneDrive\Desktop\NTI\Ecommerce Backend\node_modules\router\index.js:342:13)
    at C:\Users\yosef\OneDrive\Desktop\NTI\Ecommerce Backend\node_modules\router\index.js:297:9
    at processParams (C:\Users\yosef\OneDrive\Desktop\NTI\Ecommerce Backend\node_modules\router\index.js:582:12)
    at next (C:\Users\yosef\OneDrive\Desktop\NTI\Ecommerce Backend\node_modules\router\index.js:291:5)
    at cors (C:\Users\yosef\OneDrive\Desktop\NTI\Ecommerce Backend\node_modules\cors\lib\index.js:188:7)
    at C:\Users\yosef\OneDrive\Desktop\NTI\Ecommerce Backend\node_modules\cors\lib\index.js:224:17
    at origin (C:\Users\yosef\OneDrive\Desktop\NTI\Ecommerce Backend\middlewares\cors.middleware.js:8:11)
    at C:\Users\yosef\OneDrive\Desktop\NTI\Ecommerce Backend\node_modules\cors\lib\index.js:219:13
15-05-2026 22:20:11 |INFO| Cart listed! 
15-05-2026 22:20:12 |INFO| Cart listed! 
15-05-2026 22:20:12 |INFO| Category listed! 
15-05-2026 22:20:12 |INFO| Products listed! 
15-05-2026 22:20:15 |INFO| Cart updated! 
15-05-2026 22:20:16 |INFO| Cart updated! 
15-05-2026 22:20:18 |INFO| Cart updated! 
15-05-2026 22:20:19 |INFO| Cart updated! 
15-05-2026 22:20:22 |INFO| Cart listed! 
15-05-2026 22:20:25 |ERROR| Error | PATCH | /api/v1/cart : Not enough stock available! 
Error: Not enough stock available!
    at C:\Users\yosef\OneDrive\Desktop\NTI\Ecommerce Backend\controller\cart.controller.js:135:15
    at process.processTicksAndRejections (node:internal/process/task_queues:104:5)
15-05-2026 22:20:27 |ERROR| Error | PATCH | /api/v1/cart : Not enough stock available! 
Error: Not enough stock available!
    at C:\Users\yosef\OneDrive\Desktop\NTI\Ecommerce Backend\controller\cart.controller.js:135:15
    at process.processTicksAndRejections (node:internal/process/task_queues:104:5)
15-05-2026 22:20:27 |ERROR| Error | PATCH | /api/v1/cart : Not enough stock available! 
Error: Not enough stock available!
    at C:\Users\yosef\OneDrive\Desktop\NTI\Ecommerce Backend\controller\cart.controller.js:135:15
    at process.processTicksAndRejections (node:internal/process/task_queues:104:5)
15-05-2026 22:20:28 |ERROR| Error | PATCH | /api/v1/cart : Not enough stock available! 
Error: Not enough stock available!
    at C:\Users\yosef\OneDrive\Desktop\NTI\Ecommerce Backend\controller\cart.controller.js:135:15
    at process.processTicksAndRejections (node:internal/process/task_queues:104:5)
15-05-2026 22:20:29 |INFO| Cart Item is updated! 
15-05-2026 22:20:29 |INFO| Cart Item is updated! 
15-05-2026 22:20:29 |ERROR| Error | PATCH | /api/v1/cart : Not enough stock available! 
Error: Not enough stock available!
    at C:\Users\yosef\OneDrive\Desktop\NTI\Ecommerce Backend\controller\cart.controller.js:135:15
    at process.processTicksAndRejections (node:internal/process/task_queues:104:5)
15-05-2026 22:20:31 |INFO| Cart Item is updated! 
15-05-2026 22:20:31 |INFO| Cart Item is updated! 
15-05-2026 22:20:31 |INFO| Cart Item is removed! 
15-05-2026 22:20:31 |INFO| Cart Item is removed! 
15-05-2026 22:20:33 |INFO| Cart Item is updated! 
15-05-2026 22:20:33 |INFO| Cart Item is updated! 
15-05-2026 22:20:33 |INFO| Cart Item is updated! 
15-05-2026 22:20:33 |INFO| Cart Item is updated! 
15-05-2026 22:20:33 |INFO| Cart Item is updated! 
15-05-2026 22:20:34 |INFO| Cart Item is updated! 
15-05-2026 22:20:34 |INFO| Cart Item is updated! 
15-05-2026 22:20:35 |ERROR| Error | PATCH | /api/v1/cart : Not enough stock available! 
Error: Not enough stock available!
    at C:\Users\yosef\OneDrive\Desktop\NTI\Ecommerce Backend\controller\cart.controller.js:135:15
    at process.processTicksAndRejections (node:internal/process/task_queues:104:5)
15-05-2026 22:20:35 |ERROR| Error | PATCH | /api/v1/cart : Not enough stock available! 
Error: Not enough stock available!
    at C:\Users\yosef\OneDrive\Desktop\NTI\Ecommerce Backend\controller\cart.controller.js:135:15
    at process.processTicksAndRejections (node:internal/process/task_queues:104:5)
15-05-2026 22:20:36 |ERROR| Error | PATCH | /api/v1/cart : Not enough stock available! 
Error: Not enough stock available!
    at C:\Users\yosef\OneDrive\Desktop\NTI\Ecommerce Backend\controller\cart.controller.js:135:15
    at process.processTicksAndRejections (node:internal/process/task_queues:104:5)
15-05-2026 22:20:36 |ERROR| Error | PATCH | /api/v1/cart : Not enough stock available! 
Error: Not enough stock available!
    at C:\Users\yosef\OneDrive\Desktop\NTI\Ecommerce Backend\controller\cart.controller.js:135:15
    at process.processTicksAndRejections (node:internal/process/task_queues:104:5)
15-05-2026 22:20:36 |ERROR| Error | PATCH | /api/v1/cart : Not enough stock available! 
Error: Not enough stock available!
    at C:\Users\yosef\OneDrive\Desktop\NTI\Ecommerce Backend\controller\cart.controller.js:135:15
    at process.processTicksAndRejections (node:internal/process/task_queues:104:5)
15-05-2026 22:20:36 |ERROR| Error | PATCH | /api/v1/cart : Not enough stock available! 
Error: Not enough stock available!
    at C:\Users\yosef\OneDrive\Desktop\NTI\Ecommerce Backend\controller\cart.controller.js:135:15
    at process.processTicksAndRejections (node:internal/process/task_queues:104:5)
15-05-2026 22:20:38 |INFO| Cart Item is removed! 
15-05-2026 22:20:39 |INFO| Cart Item is updated! 
15-05-2026 22:20:40 |INFO| Cart Item is updated! 
15-05-2026 22:20:40 |INFO| Cart Item is updated! 
15-05-2026 22:20:42 |INFO| Cart Item is removed! 
15-05-2026 22:20:44 |INFO| Reviews are listed! 
15-05-2026 22:20:44 |INFO| Products listed! 
15-05-2026 22:20:44 |ERROR| Error | GET | /uploads/1778872542491-a.png : can't find /uploads/1778872542491-a.png 
Error: can't find /uploads/1778872542491-a.png
    at C:\Users\yosef\OneDrive\Desktop\NTI\Ecommerce Backend\server.js:29:7
    at Layer.handleRequest (C:\Users\yosef\OneDrive\Desktop\NTI\Ecommerce Backend\node_modules\router\lib\layer.js:152:17)
    at trimPrefix (C:\Users\yosef\OneDrive\Desktop\NTI\Ecommerce Backend\node_modules\router\index.js:342:13)
    at C:\Users\yosef\OneDrive\Desktop\NTI\Ecommerce Backend\node_modules\router\index.js:297:9
    at processParams (C:\Users\yosef\OneDrive\Desktop\NTI\Ecommerce Backend\node_modules\router\index.js:582:12)
    at next (C:\Users\yosef\OneDrive\Desktop\NTI\Ecommerce Backend\node_modules\router\index.js:291:5)
    at cors (C:\Users\yosef\OneDrive\Desktop\NTI\Ecommerce Backend\node_modules\cors\lib\index.js:188:7)
    at C:\Users\yosef\OneDrive\Desktop\NTI\Ecommerce Backend\node_modules\cors\lib\index.js:224:17
    at origin (C:\Users\yosef\OneDrive\Desktop\NTI\Ecommerce Backend\middlewares\cors.middleware.js:8:11)
    at C:\Users\yosef\OneDrive\Desktop\NTI\Ecommerce Backend\node_modules\cors\lib\index.js:219:13
15-05-2026 22:20:44 |ERROR| Error | GET | /uploads/1778872514763-a.png : can't find /uploads/1778872514763-a.png 
Error: can't find /uploads/1778872514763-a.png
    at C:\Users\yosef\OneDrive\Desktop\NTI\Ecommerce Backend\server.js:29:7
    at Layer.handleRequest (C:\Users\yosef\OneDrive\Desktop\NTI\Ecommerce Backend\node_modules\router\lib\layer.js:152:17)
    at trimPrefix (C:\Users\yosef\OneDrive\Desktop\NTI\Ecommerce Backend\node_modules\router\index.js:342:13)
    at C:\Users\yosef\OneDrive\Desktop\NTI\Ecommerce Backend\node_modules\router\index.js:297:9
    at processParams (C:\Users\yosef\OneDrive\Desktop\NTI\Ecommerce Backend\node_modules\router\index.js:582:12)
    at next (C:\Users\yosef\OneDrive\Desktop\NTI\Ecommerce Backend\node_modules\router\index.js:291:5)
    at cors (C:\Users\yosef\OneDrive\Desktop\NTI\Ecommerce Backend\node_modules\cors\lib\index.js:188:7)
    at C:\Users\yosef\OneDrive\Desktop\NTI\Ecommerce Backend\node_modules\cors\lib\index.js:224:17
    at origin (C:\Users\yosef\OneDrive\Desktop\NTI\Ecommerce Backend\middlewares\cors.middleware.js:8:11)
    at C:\Users\yosef\OneDrive\Desktop\NTI\Ecommerce Backend\node_modules\cors\lib\index.js:219:13
15-05-2026 22:20:44 |ERROR| Error | GET | /uploads/1778872483665-a.png : can't find /uploads/1778872483665-a.png 
Error: can't find /uploads/1778872483665-a.png
    at C:\Users\yosef\OneDrive\Desktop\NTI\Ecommerce Backend\server.js:29:7
    at Layer.handleRequest (C:\Users\yosef\OneDrive\Desktop\NTI\Ecommerce Backend\node_modules\router\lib\layer.js:152:17)
    at trimPrefix (C:\Users\yosef\OneDrive\Desktop\NTI\Ecommerce Backend\node_modules\router\index.js:342:13)
    at C:\Users\yosef\OneDrive\Desktop\NTI\Ecommerce Backend\node_modules\router\index.js:297:9
    at processParams (C:\Users\yosef\OneDrive\Desktop\NTI\Ecommerce Backend\node_modules\router\index.js:582:12)
    at next (C:\Users\yosef\OneDrive\Desktop\NTI\Ecommerce Backend\node_modules\router\index.js:291:5)
    at cors (C:\Users\yosef\OneDrive\Desktop\NTI\Ecommerce Backend\node_modules\cors\lib\index.js:188:7)
    at C:\Users\yosef\OneDrive\Desktop\NTI\Ecommerce Backend\node_modules\cors\lib\index.js:224:17
    at origin (C:\Users\yosef\OneDrive\Desktop\NTI\Ecommerce Backend\middlewares\cors.middleware.js:8:11)
    at C:\Users\yosef\OneDrive\Desktop\NTI\Ecommerce Backend\node_modules\cors\lib\index.js:219:13
15-05-2026 22:20:44 |ERROR| Error | GET | /uploads/1778872457977-a.png : can't find /uploads/1778872457977-a.png 
Error: can't find /uploads/1778872457977-a.png
    at C:\Users\yosef\OneDrive\Desktop\NTI\Ecommerce Backend\server.js:29:7
    at Layer.handleRequest (C:\Users\yosef\OneDrive\Desktop\NTI\Ecommerce Backend\node_modules\router\lib\layer.js:152:17)
    at trimPrefix (C:\Users\yosef\OneDrive\Desktop\NTI\Ecommerce Backend\node_modules\router\index.js:342:13)
    at C:\Users\yosef\OneDrive\Desktop\NTI\Ecommerce Backend\node_modules\router\index.js:297:9
    at processParams (C:\Users\yosef\OneDrive\Desktop\NTI\Ecommerce Backend\node_modules\router\index.js:582:12)
    at next (C:\Users\yosef\OneDrive\Desktop\NTI\Ecommerce Backend\node_modules\router\index.js:291:5)
    at cors (C:\Users\yosef\OneDrive\Desktop\NTI\Ecommerce Backend\node_modules\cors\lib\index.js:188:7)
    at C:\Users\yosef\OneDrive\Desktop\NTI\Ecommerce Backend\node_modules\cors\lib\index.js:224:17
    at origin (C:\Users\yosef\OneDrive\Desktop\NTI\Ecommerce Backend\middlewares\cors.middleware.js:8:11)
    at C:\Users\yosef\OneDrive\Desktop\NTI\Ecommerce Backend\node_modules\cors\lib\index.js:219:13
15-05-2026 22:21:53 |INFO| Cart listed! 
15-05-2026 22:21:53 |INFO| Reviews are listed! 
15-05-2026 22:21:53 |INFO| Products listed! 
15-05-2026 22:21:53 |ERROR| Error | GET | /uploads/1778872542491-a.png : can't find /uploads/1778872542491-a.png 
Error: can't find /uploads/1778872542491-a.png
    at C:\Users\yosef\OneDrive\Desktop\NTI\Ecommerce Backend\server.js:29:7
    at Layer.handleRequest (C:\Users\yosef\OneDrive\Desktop\NTI\Ecommerce Backend\node_modules\router\lib\layer.js:152:17)
    at trimPrefix (C:\Users\yosef\OneDrive\Desktop\NTI\Ecommerce Backend\node_modules\router\index.js:342:13)
    at C:\Users\yosef\OneDrive\Desktop\NTI\Ecommerce Backend\node_modules\router\index.js:297:9
    at processParams (C:\Users\yosef\OneDrive\Desktop\NTI\Ecommerce Backend\node_modules\router\index.js:582:12)
    at next (C:\Users\yosef\OneDrive\Desktop\NTI\Ecommerce Backend\node_modules\router\index.js:291:5)
    at cors (C:\Users\yosef\OneDrive\Desktop\NTI\Ecommerce Backend\node_modules\cors\lib\index.js:188:7)
    at C:\Users\yosef\OneDrive\Desktop\NTI\Ecommerce Backend\node_modules\cors\lib\index.js:224:17
    at origin (C:\Users\yosef\OneDrive\Desktop\NTI\Ecommerce Backend\middlewares\cors.middleware.js:8:11)
    at C:\Users\yosef\OneDrive\Desktop\NTI\Ecommerce Backend\node_modules\cors\lib\index.js:219:13
15-05-2026 22:21:53 |ERROR| Error | GET | /uploads/1778872514763-a.png : can't find /uploads/1778872514763-a.png 
Error: can't find /uploads/1778872514763-a.png
    at C:\Users\yosef\OneDrive\Desktop\NTI\Ecommerce Backend\server.js:29:7
    at Layer.handleRequest (C:\Users\yosef\OneDrive\Desktop\NTI\Ecommerce Backend\node_modules\router\lib\layer.js:152:17)
    at trimPrefix (C:\Users\yosef\OneDrive\Desktop\NTI\Ecommerce Backend\node_modules\router\index.js:342:13)
    at C:\Users\yosef\OneDrive\Desktop\NTI\Ecommerce Backend\node_modules\router\index.js:297:9
    at processParams (C:\Users\yosef\OneDrive\Desktop\NTI\Ecommerce Backend\node_modules\router\index.js:582:12)
    at next (C:\Users\yosef\OneDrive\Desktop\NTI\Ecommerce Backend\node_modules\router\index.js:291:5)
    at cors (C:\Users\yosef\OneDrive\Desktop\NTI\Ecommerce Backend\node_modules\cors\lib\index.js:188:7)
    at C:\Users\yosef\OneDrive\Desktop\NTI\Ecommerce Backend\node_modules\cors\lib\index.js:224:17
    at origin (C:\Users\yosef\OneDrive\Desktop\NTI\Ecommerce Backend\middlewares\cors.middleware.js:8:11)
    at C:\Users\yosef\OneDrive\Desktop\NTI\Ecommerce Backend\node_modules\cors\lib\index.js:219:13
15-05-2026 22:21:53 |ERROR| Error | GET | /uploads/1778872483665-a.png : can't find /uploads/1778872483665-a.png 
Error: can't find /uploads/1778872483665-a.png
    at C:\Users\yosef\OneDrive\Desktop\NTI\Ecommerce Backend\server.js:29:7
    at Layer.handleRequest (C:\Users\yosef\OneDrive\Desktop\NTI\Ecommerce Backend\node_modules\router\lib\layer.js:152:17)
    at trimPrefix (C:\Users\yosef\OneDrive\Desktop\NTI\Ecommerce Backend\node_modules\router\index.js:342:13)
    at C:\Users\yosef\OneDrive\Desktop\NTI\Ecommerce Backend\node_modules\router\index.js:297:9
    at processParams (C:\Users\yosef\OneDrive\Desktop\NTI\Ecommerce Backend\node_modules\router\index.js:582:12)
    at next (C:\Users\yosef\OneDrive\Desktop\NTI\Ecommerce Backend\node_modules\router\index.js:291:5)
    at cors (C:\Users\yosef\OneDrive\Desktop\NTI\Ecommerce Backend\node_modules\cors\lib\index.js:188:7)
    at C:\Users\yosef\OneDrive\Desktop\NTI\Ecommerce Backend\node_modules\cors\lib\index.js:224:17
    at origin (C:\Users\yosef\OneDrive\Desktop\NTI\Ecommerce Backend\middlewares\cors.middleware.js:8:11)
    at C:\Users\yosef\OneDrive\Desktop\NTI\Ecommerce Backend\node_modules\cors\lib\index.js:219:13
15-05-2026 22:21:53 |ERROR| Error | GET | /uploads/1778872457977-a.png : can't find /uploads/1778872457977-a.png 
Error: can't find /uploads/1778872457977-a.png
    at C:\Users\yosef\OneDrive\Desktop\NTI\Ecommerce Backend\server.js:29:7
    at Layer.handleRequest (C:\Users\yosef\OneDrive\Desktop\NTI\Ecommerce Backend\node_modules\router\lib\layer.js:152:17)
    at trimPrefix (C:\Users\yosef\OneDrive\Desktop\NTI\Ecommerce Backend\node_modules\router\index.js:342:13)
    at C:\Users\yosef\OneDrive\Desktop\NTI\Ecommerce Backend\node_modules\router\index.js:297:9
    at processParams (C:\Users\yosef\OneDrive\Desktop\NTI\Ecommerce Backend\node_modules\router\index.js:582:12)
    at next (C:\Users\yosef\OneDrive\Desktop\NTI\Ecommerce Backend\node_modules\router\index.js:291:5)
    at cors (C:\Users\yosef\OneDrive\Desktop\NTI\Ecommerce Backend\node_modules\cors\lib\index.js:188:7)
    at C:\Users\yosef\OneDrive\Desktop\NTI\Ecommerce Backend\node_modules\cors\lib\index.js:224:17
    at origin (C:\Users\yosef\OneDrive\Desktop\NTI\Ecommerce Backend\middlewares\cors.middleware.js:8:11)
    at C:\Users\yosef\OneDrive\Desktop\NTI\Ecommerce Backend\node_modules\cors\lib\index.js:219:13
15-05-2026 22:22:17 |INFO| Cart listed! 
15-05-2026 22:22:17 |INFO| Reviews are listed! 
15-05-2026 22:22:17 |INFO| Products listed! 
15-05-2026 22:22:17 |ERROR| Error | GET | /uploads/1778872542491-a.png : can't find /uploads/1778872542491-a.png 
Error: can't find /uploads/1778872542491-a.png
    at C:\Users\yosef\OneDrive\Desktop\NTI\Ecommerce Backend\server.js:29:7
    at Layer.handleRequest (C:\Users\yosef\OneDrive\Desktop\NTI\Ecommerce Backend\node_modules\router\lib\layer.js:152:17)
    at trimPrefix (C:\Users\yosef\OneDrive\Desktop\NTI\Ecommerce Backend\node_modules\router\index.js:342:13)
    at C:\Users\yosef\OneDrive\Desktop\NTI\Ecommerce Backend\node_modules\router\index.js:297:9
    at processParams (C:\Users\yosef\OneDrive\Desktop\NTI\Ecommerce Backend\node_modules\router\index.js:582:12)
    at next (C:\Users\yosef\OneDrive\Desktop\NTI\Ecommerce Backend\node_modules\router\index.js:291:5)
    at cors (C:\Users\yosef\OneDrive\Desktop\NTI\Ecommerce Backend\node_modules\cors\lib\index.js:188:7)
    at C:\Users\yosef\OneDrive\Desktop\NTI\Ecommerce Backend\node_modules\cors\lib\index.js:224:17
    at origin (C:\Users\yosef\OneDrive\Desktop\NTI\Ecommerce Backend\middlewares\cors.middleware.js:8:11)
    at C:\Users\yosef\OneDrive\Desktop\NTI\Ecommerce Backend\node_modules\cors\lib\index.js:219:13
15-05-2026 22:22:17 |ERROR| Error | GET | /uploads/1778872514763-a.png : can't find /uploads/1778872514763-a.png 
Error: can't find /uploads/1778872514763-a.png
    at C:\Users\yosef\OneDrive\Desktop\NTI\Ecommerce Backend\server.js:29:7
    at Layer.handleRequest (C:\Users\yosef\OneDrive\Desktop\NTI\Ecommerce Backend\node_modules\router\lib\layer.js:152:17)
    at trimPrefix (C:\Users\yosef\OneDrive\Desktop\NTI\Ecommerce Backend\node_modules\router\index.js:342:13)
    at C:\Users\yosef\OneDrive\Desktop\NTI\Ecommerce Backend\node_modules\router\index.js:297:9
    at processParams (C:\Users\yosef\OneDrive\Desktop\NTI\Ecommerce Backend\node_modules\router\index.js:582:12)
    at next (C:\Users\yosef\OneDrive\Desktop\NTI\Ecommerce Backend\node_modules\router\index.js:291:5)
    at cors (C:\Users\yosef\OneDrive\Desktop\NTI\Ecommerce Backend\node_modules\cors\lib\index.js:188:7)
    at C:\Users\yosef\OneDrive\Desktop\NTI\Ecommerce Backend\node_modules\cors\lib\index.js:224:17
    at origin (C:\Users\yosef\OneDrive\Desktop\NTI\Ecommerce Backend\middlewares\cors.middleware.js:8:11)
    at C:\Users\yosef\OneDrive\Desktop\NTI\Ecommerce Backend\node_modules\cors\lib\index.js:219:13
15-05-2026 22:22:17 |ERROR| Error | GET | /uploads/1778872483665-a.png : can't find /uploads/1778872483665-a.png 
Error: can't find /uploads/1778872483665-a.png
    at C:\Users\yosef\OneDrive\Desktop\NTI\Ecommerce Backend\server.js:29:7
    at Layer.handleRequest (C:\Users\yosef\OneDrive\Desktop\NTI\Ecommerce Backend\node_modules\router\lib\layer.js:152:17)
    at trimPrefix (C:\Users\yosef\OneDrive\Desktop\NTI\Ecommerce Backend\node_modules\router\index.js:342:13)
    at C:\Users\yosef\OneDrive\Desktop\NTI\Ecommerce Backend\node_modules\router\index.js:297:9
    at processParams (C:\Users\yosef\OneDrive\Desktop\NTI\Ecommerce Backend\node_modules\router\index.js:582:12)
    at next (C:\Users\yosef\OneDrive\Desktop\NTI\Ecommerce Backend\node_modules\router\index.js:291:5)
    at cors (C:\Users\yosef\OneDrive\Desktop\NTI\Ecommerce Backend\node_modules\cors\lib\index.js:188:7)
    at C:\Users\yosef\OneDrive\Desktop\NTI\Ecommerce Backend\node_modules\cors\lib\index.js:224:17
    at origin (C:\Users\yosef\OneDrive\Desktop\NTI\Ecommerce Backend\middlewares\cors.middleware.js:8:11)
    at C:\Users\yosef\OneDrive\Desktop\NTI\Ecommerce Backend\node_modules\cors\lib\index.js:219:13
15-05-2026 22:22:17 |ERROR| Error | GET | /uploads/1778872457977-a.png : can't find /uploads/1778872457977-a.png 
Error: can't find /uploads/1778872457977-a.png
    at C:\Users\yosef\OneDrive\Desktop\NTI\Ecommerce Backend\server.js:29:7
    at Layer.handleRequest (C:\Users\yosef\OneDrive\Desktop\NTI\Ecommerce Backend\node_modules\router\lib\layer.js:152:17)
    at trimPrefix (C:\Users\yosef\OneDrive\Desktop\NTI\Ecommerce Backend\node_modules\router\index.js:342:13)
    at C:\Users\yosef\OneDrive\Desktop\NTI\Ecommerce Backend\node_modules\router\index.js:297:9
    at processParams (C:\Users\yosef\OneDrive\Desktop\NTI\Ecommerce Backend\node_modules\router\index.js:582:12)
    at next (C:\Users\yosef\OneDrive\Desktop\NTI\Ecommerce Backend\node_modules\router\index.js:291:5)
    at cors (C:\Users\yosef\OneDrive\Desktop\NTI\Ecommerce Backend\node_modules\cors\lib\index.js:188:7)
    at C:\Users\yosef\OneDrive\Desktop\NTI\Ecommerce Backend\node_modules\cors\lib\index.js:224:17
    at origin (C:\Users\yosef\OneDrive\Desktop\NTI\Ecommerce Backend\middlewares\cors.middleware.js:8:11)
    at C:\Users\yosef\OneDrive\Desktop\NTI\Ecommerce Backend\node_modules\cors\lib\index.js:219:13
15-05-2026 22:23:08 |INFO| Cart listed! 
15-05-2026 22:23:08 |INFO| Reviews are listed! 
15-05-2026 22:23:08 |INFO| Products listed! 
15-05-2026 22:23:08 |ERROR| Error | GET | /uploads/1778872542491-a.png : can't find /uploads/1778872542491-a.png 
Error: can't find /uploads/1778872542491-a.png
    at C:\Users\yosef\OneDrive\Desktop\NTI\Ecommerce Backend\server.js:29:7
    at Layer.handleRequest (C:\Users\yosef\OneDrive\Desktop\NTI\Ecommerce Backend\node_modules\router\lib\layer.js:152:17)
    at trimPrefix (C:\Users\yosef\OneDrive\Desktop\NTI\Ecommerce Backend\node_modules\router\index.js:342:13)
    at C:\Users\yosef\OneDrive\Desktop\NTI\Ecommerce Backend\node_modules\router\index.js:297:9
    at processParams (C:\Users\yosef\OneDrive\Desktop\NTI\Ecommerce Backend\node_modules\router\index.js:582:12)
    at next (C:\Users\yosef\OneDrive\Desktop\NTI\Ecommerce Backend\node_modules\router\index.js:291:5)
    at cors (C:\Users\yosef\OneDrive\Desktop\NTI\Ecommerce Backend\node_modules\cors\lib\index.js:188:7)
    at C:\Users\yosef\OneDrive\Desktop\NTI\Ecommerce Backend\node_modules\cors\lib\index.js:224:17
    at origin (C:\Users\yosef\OneDrive\Desktop\NTI\Ecommerce Backend\middlewares\cors.middleware.js:8:11)
    at C:\Users\yosef\OneDrive\Desktop\NTI\Ecommerce Backend\node_modules\cors\lib\index.js:219:13
15-05-2026 22:23:08 |ERROR| Error | GET | /uploads/1778872514763-a.png : can't find /uploads/1778872514763-a.png 
Error: can't find /uploads/1778872514763-a.png
    at C:\Users\yosef\OneDrive\Desktop\NTI\Ecommerce Backend\server.js:29:7
    at Layer.handleRequest (C:\Users\yosef\OneDrive\Desktop\NTI\Ecommerce Backend\node_modules\router\lib\layer.js:152:17)
    at trimPrefix (C:\Users\yosef\OneDrive\Desktop\NTI\Ecommerce Backend\node_modules\router\index.js:342:13)
    at C:\Users\yosef\OneDrive\Desktop\NTI\Ecommerce Backend\node_modules\router\index.js:297:9
    at processParams (C:\Users\yosef\OneDrive\Desktop\NTI\Ecommerce Backend\node_modules\router\index.js:582:12)
    at next (C:\Users\yosef\OneDrive\Desktop\NTI\Ecommerce Backend\node_modules\router\index.js:291:5)
    at cors (C:\Users\yosef\OneDrive\Desktop\NTI\Ecommerce Backend\node_modules\cors\lib\index.js:188:7)
    at C:\Users\yosef\OneDrive\Desktop\NTI\Ecommerce Backend\node_modules\cors\lib\index.js:224:17
    at origin (C:\Users\yosef\OneDrive\Desktop\NTI\Ecommerce Backend\middlewares\cors.middleware.js:8:11)
    at C:\Users\yosef\OneDrive\Desktop\NTI\Ecommerce Backend\node_modules\cors\lib\index.js:219:13
15-05-2026 22:23:08 |ERROR| Error | GET | /uploads/1778872483665-a.png : can't find /uploads/1778872483665-a.png 
Error: can't find /uploads/1778872483665-a.png
    at C:\Users\yosef\OneDrive\Desktop\NTI\Ecommerce Backend\server.js:29:7
    at Layer.handleRequest (C:\Users\yosef\OneDrive\Desktop\NTI\Ecommerce Backend\node_modules\router\lib\layer.js:152:17)
    at trimPrefix (C:\Users\yosef\OneDrive\Desktop\NTI\Ecommerce Backend\node_modules\router\index.js:342:13)
    at C:\Users\yosef\OneDrive\Desktop\NTI\Ecommerce Backend\node_modules\router\index.js:297:9
    at processParams (C:\Users\yosef\OneDrive\Desktop\NTI\Ecommerce Backend\node_modules\router\index.js:582:12)
    at next (C:\Users\yosef\OneDrive\Desktop\NTI\Ecommerce Backend\node_modules\router\index.js:291:5)
    at cors (C:\Users\yosef\OneDrive\Desktop\NTI\Ecommerce Backend\node_modules\cors\lib\index.js:188:7)
    at C:\Users\yosef\OneDrive\Desktop\NTI\Ecommerce Backend\node_modules\cors\lib\index.js:224:17
    at origin (C:\Users\yosef\OneDrive\Desktop\NTI\Ecommerce Backend\middlewares\cors.middleware.js:8:11)
    at C:\Users\yosef\OneDrive\Desktop\NTI\Ecommerce Backend\node_modules\cors\lib\index.js:219:13
15-05-2026 22:23:08 |ERROR| Error | GET | /uploads/1778872457977-a.png : can't find /uploads/1778872457977-a.png 
Error: can't find /uploads/1778872457977-a.png
    at C:\Users\yosef\OneDrive\Desktop\NTI\Ecommerce Backend\server.js:29:7
    at Layer.handleRequest (C:\Users\yosef\OneDrive\Desktop\NTI\Ecommerce Backend\node_modules\router\lib\layer.js:152:17)
    at trimPrefix (C:\Users\yosef\OneDrive\Desktop\NTI\Ecommerce Backend\node_modules\router\index.js:342:13)
    at C:\Users\yosef\OneDrive\Desktop\NTI\Ecommerce Backend\node_modules\router\index.js:297:9
    at processParams (C:\Users\yosef\OneDrive\Desktop\NTI\Ecommerce Backend\node_modules\router\index.js:582:12)
    at next (C:\Users\yosef\OneDrive\Desktop\NTI\Ecommerce Backend\node_modules\router\index.js:291:5)
    at cors (C:\Users\yosef\OneDrive\Desktop\NTI\Ecommerce Backend\node_modules\cors\lib\index.js:188:7)
    at C:\Users\yosef\OneDrive\Desktop\NTI\Ecommerce Backend\node_modules\cors\lib\index.js:224:17
    at origin (C:\Users\yosef\OneDrive\Desktop\NTI\Ecommerce Backend\middlewares\cors.middleware.js:8:11)
    at C:\Users\yosef\OneDrive\Desktop\NTI\Ecommerce Backend\node_modules\cors\lib\index.js:219:13
15-05-2026 22:23:37 |INFO| Cart listed! 
15-05-2026 22:23:37 |INFO| Reviews are listed! 
15-05-2026 22:23:37 |INFO| Products listed! 
15-05-2026 22:23:37 |ERROR| Error | GET | /uploads/1778872542491-a.png : can't find /uploads/1778872542491-a.png 
Error: can't find /uploads/1778872542491-a.png
    at C:\Users\yosef\OneDrive\Desktop\NTI\Ecommerce Backend\server.js:29:7
    at Layer.handleRequest (C:\Users\yosef\OneDrive\Desktop\NTI\Ecommerce Backend\node_modules\router\lib\layer.js:152:17)
    at trimPrefix (C:\Users\yosef\OneDrive\Desktop\NTI\Ecommerce Backend\node_modules\router\index.js:342:13)
    at C:\Users\yosef\OneDrive\Desktop\NTI\Ecommerce Backend\node_modules\router\index.js:297:9
    at processParams (C:\Users\yosef\OneDrive\Desktop\NTI\Ecommerce Backend\node_modules\router\index.js:582:12)
    at next (C:\Users\yosef\OneDrive\Desktop\NTI\Ecommerce Backend\node_modules\router\index.js:291:5)
    at cors (C:\Users\yosef\OneDrive\Desktop\NTI\Ecommerce Backend\node_modules\cors\lib\index.js:188:7)
    at C:\Users\yosef\OneDrive\Desktop\NTI\Ecommerce Backend\node_modules\cors\lib\index.js:224:17
    at origin (C:\Users\yosef\OneDrive\Desktop\NTI\Ecommerce Backend\middlewares\cors.middleware.js:8:11)
    at C:\Users\yosef\OneDrive\Desktop\NTI\Ecommerce Backend\node_modules\cors\lib\index.js:219:13
15-05-2026 22:23:37 |ERROR| Error | GET | /uploads/1778872514763-a.png : can't find /uploads/1778872514763-a.png 
Error: can't find /uploads/1778872514763-a.png
    at C:\Users\yosef\OneDrive\Desktop\NTI\Ecommerce Backend\server.js:29:7
    at Layer.handleRequest (C:\Users\yosef\OneDrive\Desktop\NTI\Ecommerce Backend\node_modules\router\lib\layer.js:152:17)
    at trimPrefix (C:\Users\yosef\OneDrive\Desktop\NTI\Ecommerce Backend\node_modules\router\index.js:342:13)
    at C:\Users\yosef\OneDrive\Desktop\NTI\Ecommerce Backend\node_modules\router\index.js:297:9
    at processParams (C:\Users\yosef\OneDrive\Desktop\NTI\Ecommerce Backend\node_modules\router\index.js:582:12)
    at next (C:\Users\yosef\OneDrive\Desktop\NTI\Ecommerce Backend\node_modules\router\index.js:291:5)
    at cors (C:\Users\yosef\OneDrive\Desktop\NTI\Ecommerce Backend\node_modules\cors\lib\index.js:188:7)
    at C:\Users\yosef\OneDrive\Desktop\NTI\Ecommerce Backend\node_modules\cors\lib\index.js:224:17
    at origin (C:\Users\yosef\OneDrive\Desktop\NTI\Ecommerce Backend\middlewares\cors.middleware.js:8:11)
    at C:\Users\yosef\OneDrive\Desktop\NTI\Ecommerce Backend\node_modules\cors\lib\index.js:219:13
15-05-2026 22:23:37 |ERROR| Error | GET | /uploads/1778872483665-a.png : can't find /uploads/1778872483665-a.png 
Error: can't find /uploads/1778872483665-a.png
    at C:\Users\yosef\OneDrive\Desktop\NTI\Ecommerce Backend\server.js:29:7
    at Layer.handleRequest (C:\Users\yosef\OneDrive\Desktop\NTI\Ecommerce Backend\node_modules\router\lib\layer.js:152:17)
    at trimPrefix (C:\Users\yosef\OneDrive\Desktop\NTI\Ecommerce Backend\node_modules\router\index.js:342:13)
    at C:\Users\yosef\OneDrive\Desktop\NTI\Ecommerce Backend\node_modules\router\index.js:297:9
    at processParams (C:\Users\yosef\OneDrive\Desktop\NTI\Ecommerce Backend\node_modules\router\index.js:582:12)
    at next (C:\Users\yosef\OneDrive\Desktop\NTI\Ecommerce Backend\node_modules\router\index.js:291:5)
    at cors (C:\Users\yosef\OneDrive\Desktop\NTI\Ecommerce Backend\node_modules\cors\lib\index.js:188:7)
    at C:\Users\yosef\OneDrive\Desktop\NTI\Ecommerce Backend\node_modules\cors\lib\index.js:224:17
    at origin (C:\Users\yosef\OneDrive\Desktop\NTI\Ecommerce Backend\middlewares\cors.middleware.js:8:11)
    at C:\Users\yosef\OneDrive\Desktop\NTI\Ecommerce Backend\node_modules\cors\lib\index.js:219:13
15-05-2026 22:23:37 |ERROR| Error | GET | /uploads/1778872457977-a.png : can't find /uploads/1778872457977-a.png 
Error: can't find /uploads/1778872457977-a.png
    at C:\Users\yosef\OneDrive\Desktop\NTI\Ecommerce Backend\server.js:29:7
    at Layer.handleRequest (C:\Users\yosef\OneDrive\Desktop\NTI\Ecommerce Backend\node_modules\router\lib\layer.js:152:17)
    at trimPrefix (C:\Users\yosef\OneDrive\Desktop\NTI\Ecommerce Backend\node_modules\router\index.js:342:13)
    at C:\Users\yosef\OneDrive\Desktop\NTI\Ecommerce Backend\node_modules\router\index.js:297:9
    at processParams (C:\Users\yosef\OneDrive\Desktop\NTI\Ecommerce Backend\node_modules\router\index.js:582:12)
    at next (C:\Users\yosef\OneDrive\Desktop\NTI\Ecommerce Backend\node_modules\router\index.js:291:5)
    at cors (C:\Users\yosef\OneDrive\Desktop\NTI\Ecommerce Backend\node_modules\cors\lib\index.js:188:7)
    at C:\Users\yosef\OneDrive\Desktop\NTI\Ecommerce Backend\node_modules\cors\lib\index.js:224:17
    at origin (C:\Users\yosef\OneDrive\Desktop\NTI\Ecommerce Backend\middlewares\cors.middleware.js:8:11)
    at C:\Users\yosef\OneDrive\Desktop\NTI\Ecommerce Backend\node_modules\cors\lib\index.js:219:13
15-05-2026 22:23:45 |INFO| Cart listed! 
15-05-2026 22:23:45 |INFO| Reviews are listed! 
15-05-2026 22:23:45 |INFO| Products listed! 
15-05-2026 22:23:45 |ERROR| Error | GET | /uploads/1778872542491-a.png : can't find /uploads/1778872542491-a.png 
Error: can't find /uploads/1778872542491-a.png
    at C:\Users\yosef\OneDrive\Desktop\NTI\Ecommerce Backend\server.js:29:7
    at Layer.handleRequest (C:\Users\yosef\OneDrive\Desktop\NTI\Ecommerce Backend\node_modules\router\lib\layer.js:152:17)
    at trimPrefix (C:\Users\yosef\OneDrive\Desktop\NTI\Ecommerce Backend\node_modules\router\index.js:342:13)
    at C:\Users\yosef\OneDrive\Desktop\NTI\Ecommerce Backend\node_modules\router\index.js:297:9
    at processParams (C:\Users\yosef\OneDrive\Desktop\NTI\Ecommerce Backend\node_modules\router\index.js:582:12)
    at next (C:\Users\yosef\OneDrive\Desktop\NTI\Ecommerce Backend\node_modules\router\index.js:291:5)
    at cors (C:\Users\yosef\OneDrive\Desktop\NTI\Ecommerce Backend\node_modules\cors\lib\index.js:188:7)
    at C:\Users\yosef\OneDrive\Desktop\NTI\Ecommerce Backend\node_modules\cors\lib\index.js:224:17
    at origin (C:\Users\yosef\OneDrive\Desktop\NTI\Ecommerce Backend\middlewares\cors.middleware.js:8:11)
    at C:\Users\yosef\OneDrive\Desktop\NTI\Ecommerce Backend\node_modules\cors\lib\index.js:219:13
15-05-2026 22:23:45 |ERROR| Error | GET | /uploads/1778872514763-a.png : can't find /uploads/1778872514763-a.png 
Error: can't find /uploads/1778872514763-a.png
    at C:\Users\yosef\OneDrive\Desktop\NTI\Ecommerce Backend\server.js:29:7
    at Layer.handleRequest (C:\Users\yosef\OneDrive\Desktop\NTI\Ecommerce Backend\node_modules\router\lib\layer.js:152:17)
    at trimPrefix (C:\Users\yosef\OneDrive\Desktop\NTI\Ecommerce Backend\node_modules\router\index.js:342:13)
    at C:\Users\yosef\OneDrive\Desktop\NTI\Ecommerce Backend\node_modules\router\index.js:297:9
    at processParams (C:\Users\yosef\OneDrive\Desktop\NTI\Ecommerce Backend\node_modules\router\index.js:582:12)
    at next (C:\Users\yosef\OneDrive\Desktop\NTI\Ecommerce Backend\node_modules\router\index.js:291:5)
    at cors (C:\Users\yosef\OneDrive\Desktop\NTI\Ecommerce Backend\node_modules\cors\lib\index.js:188:7)
    at C:\Users\yosef\OneDrive\Desktop\NTI\Ecommerce Backend\node_modules\cors\lib\index.js:224:17
    at origin (C:\Users\yosef\OneDrive\Desktop\NTI\Ecommerce Backend\middlewares\cors.middleware.js:8:11)
    at C:\Users\yosef\OneDrive\Desktop\NTI\Ecommerce Backend\node_modules\cors\lib\index.js:219:13
15-05-2026 22:23:45 |ERROR| Error | GET | /uploads/1778872483665-a.png : can't find /uploads/1778872483665-a.png 
Error: can't find /uploads/1778872483665-a.png
    at C:\Users\yosef\OneDrive\Desktop\NTI\Ecommerce Backend\server.js:29:7
    at Layer.handleRequest (C:\Users\yosef\OneDrive\Desktop\NTI\Ecommerce Backend\node_modules\router\lib\layer.js:152:17)
    at trimPrefix (C:\Users\yosef\OneDrive\Desktop\NTI\Ecommerce Backend\node_modules\router\index.js:342:13)
    at C:\Users\yosef\OneDrive\Desktop\NTI\Ecommerce Backend\node_modules\router\index.js:297:9
    at processParams (C:\Users\yosef\OneDrive\Desktop\NTI\Ecommerce Backend\node_modules\router\index.js:582:12)
    at next (C:\Users\yosef\OneDrive\Desktop\NTI\Ecommerce Backend\node_modules\router\index.js:291:5)
    at cors (C:\Users\yosef\OneDrive\Desktop\NTI\Ecommerce Backend\node_modules\cors\lib\index.js:188:7)
    at C:\Users\yosef\OneDrive\Desktop\NTI\Ecommerce Backend\node_modules\cors\lib\index.js:224:17
    at origin (C:\Users\yosef\OneDrive\Desktop\NTI\Ecommerce Backend\middlewares\cors.middleware.js:8:11)
    at C:\Users\yosef\OneDrive\Desktop\NTI\Ecommerce Backend\node_modules\cors\lib\index.js:219:13
15-05-2026 22:23:45 |ERROR| Error | GET | /uploads/1778872457977-a.png : can't find /uploads/1778872457977-a.png 
Error: can't find /uploads/1778872457977-a.png
    at C:\Users\yosef\OneDrive\Desktop\NTI\Ecommerce Backend\server.js:29:7
    at Layer.handleRequest (C:\Users\yosef\OneDrive\Desktop\NTI\Ecommerce Backend\node_modules\router\lib\layer.js:152:17)
    at trimPrefix (C:\Users\yosef\OneDrive\Desktop\NTI\Ecommerce Backend\node_modules\router\index.js:342:13)
    at C:\Users\yosef\OneDrive\Desktop\NTI\Ecommerce Backend\node_modules\router\index.js:297:9
    at processParams (C:\Users\yosef\OneDrive\Desktop\NTI\Ecommerce Backend\node_modules\router\index.js:582:12)
    at next (C:\Users\yosef\OneDrive\Desktop\NTI\Ecommerce Backend\node_modules\router\index.js:291:5)
    at cors (C:\Users\yosef\OneDrive\Desktop\NTI\Ecommerce Backend\node_modules\cors\lib\index.js:188:7)
    at C:\Users\yosef\OneDrive\Desktop\NTI\Ecommerce Backend\node_modules\cors\lib\index.js:224:17
    at origin (C:\Users\yosef\OneDrive\Desktop\NTI\Ecommerce Backend\middlewares\cors.middleware.js:8:11)
    at C:\Users\yosef\OneDrive\Desktop\NTI\Ecommerce Backend\node_modules\cors\lib\index.js:219:13
15-05-2026 22:23:48 |INFO| Cart listed! 
15-05-2026 22:23:48 |INFO| Reviews are listed! 
15-05-2026 22:23:48 |INFO| Products listed! 
15-05-2026 22:23:48 |ERROR| Error | GET | /uploads/1778872542491-a.png : can't find /uploads/1778872542491-a.png 
Error: can't find /uploads/1778872542491-a.png
    at C:\Users\yosef\OneDrive\Desktop\NTI\Ecommerce Backend\server.js:29:7
    at Layer.handleRequest (C:\Users\yosef\OneDrive\Desktop\NTI\Ecommerce Backend\node_modules\router\lib\layer.js:152:17)
    at trimPrefix (C:\Users\yosef\OneDrive\Desktop\NTI\Ecommerce Backend\node_modules\router\index.js:342:13)
    at C:\Users\yosef\OneDrive\Desktop\NTI\Ecommerce Backend\node_modules\router\index.js:297:9
    at processParams (C:\Users\yosef\OneDrive\Desktop\NTI\Ecommerce Backend\node_modules\router\index.js:582:12)
    at next (C:\Users\yosef\OneDrive\Desktop\NTI\Ecommerce Backend\node_modules\router\index.js:291:5)
    at cors (C:\Users\yosef\OneDrive\Desktop\NTI\Ecommerce Backend\node_modules\cors\lib\index.js:188:7)
    at C:\Users\yosef\OneDrive\Desktop\NTI\Ecommerce Backend\node_modules\cors\lib\index.js:224:17
    at origin (C:\Users\yosef\OneDrive\Desktop\NTI\Ecommerce Backend\middlewares\cors.middleware.js:8:11)
    at C:\Users\yosef\OneDrive\Desktop\NTI\Ecommerce Backend\node_modules\cors\lib\index.js:219:13
15-05-2026 22:23:48 |ERROR| Error | GET | /uploads/1778872514763-a.png : can't find /uploads/1778872514763-a.png 
Error: can't find /uploads/1778872514763-a.png
    at C:\Users\yosef\OneDrive\Desktop\NTI\Ecommerce Backend\server.js:29:7
    at Layer.handleRequest (C:\Users\yosef\OneDrive\Desktop\NTI\Ecommerce Backend\node_modules\router\lib\layer.js:152:17)
    at trimPrefix (C:\Users\yosef\OneDrive\Desktop\NTI\Ecommerce Backend\node_modules\router\index.js:342:13)
    at C:\Users\yosef\OneDrive\Desktop\NTI\Ecommerce Backend\node_modules\router\index.js:297:9
    at processParams (C:\Users\yosef\OneDrive\Desktop\NTI\Ecommerce Backend\node_modules\router\index.js:582:12)
    at next (C:\Users\yosef\OneDrive\Desktop\NTI\Ecommerce Backend\node_modules\router\index.js:291:5)
    at cors (C:\Users\yosef\OneDrive\Desktop\NTI\Ecommerce Backend\node_modules\cors\lib\index.js:188:7)
    at C:\Users\yosef\OneDrive\Desktop\NTI\Ecommerce Backend\node_modules\cors\lib\index.js:224:17
    at origin (C:\Users\yosef\OneDrive\Desktop\NTI\Ecommerce Backend\middlewares\cors.middleware.js:8:11)
    at C:\Users\yosef\OneDrive\Desktop\NTI\Ecommerce Backend\node_modules\cors\lib\index.js:219:13
15-05-2026 22:23:48 |ERROR| Error | GET | /uploads/1778872483665-a.png : can't find /uploads/1778872483665-a.png 
Error: can't find /uploads/1778872483665-a.png
    at C:\Users\yosef\OneDrive\Desktop\NTI\Ecommerce Backend\server.js:29:7
    at Layer.handleRequest (C:\Users\yosef\OneDrive\Desktop\NTI\Ecommerce Backend\node_modules\router\lib\layer.js:152:17)
    at trimPrefix (C:\Users\yosef\OneDrive\Desktop\NTI\Ecommerce Backend\node_modules\router\index.js:342:13)
    at C:\Users\yosef\OneDrive\Desktop\NTI\Ecommerce Backend\node_modules\router\index.js:297:9
    at processParams (C:\Users\yosef\OneDrive\Desktop\NTI\Ecommerce Backend\node_modules\router\index.js:582:12)
    at next (C:\Users\yosef\OneDrive\Desktop\NTI\Ecommerce Backend\node_modules\router\index.js:291:5)
    at cors (C:\Users\yosef\OneDrive\Desktop\NTI\Ecommerce Backend\node_modules\cors\lib\index.js:188:7)
    at C:\Users\yosef\OneDrive\Desktop\NTI\Ecommerce Backend\node_modules\cors\lib\index.js:224:17
    at origin (C:\Users\yosef\OneDrive\Desktop\NTI\Ecommerce Backend\middlewares\cors.middleware.js:8:11)
    at C:\Users\yosef\OneDrive\Desktop\NTI\Ecommerce Backend\node_modules\cors\lib\index.js:219:13
15-05-2026 22:23:48 |ERROR| Error | GET | /uploads/1778872457977-a.png : can't find /uploads/1778872457977-a.png 
Error: can't find /uploads/1778872457977-a.png
    at C:\Users\yosef\OneDrive\Desktop\NTI\Ecommerce Backend\server.js:29:7
    at Layer.handleRequest (C:\Users\yosef\OneDrive\Desktop\NTI\Ecommerce Backend\node_modules\router\lib\layer.js:152:17)
    at trimPrefix (C:\Users\yosef\OneDrive\Desktop\NTI\Ecommerce Backend\node_modules\router\index.js:342:13)
    at C:\Users\yosef\OneDrive\Desktop\NTI\Ecommerce Backend\node_modules\router\index.js:297:9
    at processParams (C:\Users\yosef\OneDrive\Desktop\NTI\Ecommerce Backend\node_modules\router\index.js:582:12)
    at next (C:\Users\yosef\OneDrive\Desktop\NTI\Ecommerce Backend\node_modules\router\index.js:291:5)
    at cors (C:\Users\yosef\OneDrive\Desktop\NTI\Ecommerce Backend\node_modules\cors\lib\index.js:188:7)
    at C:\Users\yosef\OneDrive\Desktop\NTI\Ecommerce Backend\node_modules\cors\lib\index.js:224:17
    at origin (C:\Users\yosef\OneDrive\Desktop\NTI\Ecommerce Backend\middlewares\cors.middleware.js:8:11)
    at C:\Users\yosef\OneDrive\Desktop\NTI\Ecommerce Backend\node_modules\cors\lib\index.js:219:13
15-05-2026 22:23:59 |INFO| Cart listed! 
15-05-2026 22:23:59 |INFO| Reviews are listed! 
15-05-2026 22:23:59 |INFO| Products listed! 
15-05-2026 22:23:59 |ERROR| Error | GET | /uploads/1778872542491-a.png : can't find /uploads/1778872542491-a.png 
Error: can't find /uploads/1778872542491-a.png
    at C:\Users\yosef\OneDrive\Desktop\NTI\Ecommerce Backend\server.js:29:7
    at Layer.handleRequest (C:\Users\yosef\OneDrive\Desktop\NTI\Ecommerce Backend\node_modules\router\lib\layer.js:152:17)
    at trimPrefix (C:\Users\yosef\OneDrive\Desktop\NTI\Ecommerce Backend\node_modules\router\index.js:342:13)
    at C:\Users\yosef\OneDrive\Desktop\NTI\Ecommerce Backend\node_modules\router\index.js:297:9
    at processParams (C:\Users\yosef\OneDrive\Desktop\NTI\Ecommerce Backend\node_modules\router\index.js:582:12)
    at next (C:\Users\yosef\OneDrive\Desktop\NTI\Ecommerce Backend\node_modules\router\index.js:291:5)
    at cors (C:\Users\yosef\OneDrive\Desktop\NTI\Ecommerce Backend\node_modules\cors\lib\index.js:188:7)
    at C:\Users\yosef\OneDrive\Desktop\NTI\Ecommerce Backend\node_modules\cors\lib\index.js:224:17
    at origin (C:\Users\yosef\OneDrive\Desktop\NTI\Ecommerce Backend\middlewares\cors.middleware.js:8:11)
    at C:\Users\yosef\OneDrive\Desktop\NTI\Ecommerce Backend\node_modules\cors\lib\index.js:219:13
15-05-2026 22:23:59 |ERROR| Error | GET | /uploads/1778872514763-a.png : can't find /uploads/1778872514763-a.png 
Error: can't find /uploads/1778872514763-a.png
    at C:\Users\yosef\OneDrive\Desktop\NTI\Ecommerce Backend\server.js:29:7
    at Layer.handleRequest (C:\Users\yosef\OneDrive\Desktop\NTI\Ecommerce Backend\node_modules\router\lib\layer.js:152:17)
    at trimPrefix (C:\Users\yosef\OneDrive\Desktop\NTI\Ecommerce Backend\node_modules\router\index.js:342:13)
    at C:\Users\yosef\OneDrive\Desktop\NTI\Ecommerce Backend\node_modules\router\index.js:297:9
    at processParams (C:\Users\yosef\OneDrive\Desktop\NTI\Ecommerce Backend\node_modules\router\index.js:582:12)
    at next (C:\Users\yosef\OneDrive\Desktop\NTI\Ecommerce Backend\node_modules\router\index.js:291:5)
    at cors (C:\Users\yosef\OneDrive\Desktop\NTI\Ecommerce Backend\node_modules\cors\lib\index.js:188:7)
    at C:\Users\yosef\OneDrive\Desktop\NTI\Ecommerce Backend\node_modules\cors\lib\index.js:224:17
    at origin (C:\Users\yosef\OneDrive\Desktop\NTI\Ecommerce Backend\middlewares\cors.middleware.js:8:11)
    at C:\Users\yosef\OneDrive\Desktop\NTI\Ecommerce Backend\node_modules\cors\lib\index.js:219:13
15-05-2026 22:23:59 |ERROR| Error | GET | /uploads/1778872483665-a.png : can't find /uploads/1778872483665-a.png 
Error: can't find /uploads/1778872483665-a.png
    at C:\Users\yosef\OneDrive\Desktop\NTI\Ecommerce Backend\server.js:29:7
    at Layer.handleRequest (C:\Users\yosef\OneDrive\Desktop\NTI\Ecommerce Backend\node_modules\router\lib\layer.js:152:17)
    at trimPrefix (C:\Users\yosef\OneDrive\Desktop\NTI\Ecommerce Backend\node_modules\router\index.js:342:13)
    at C:\Users\yosef\OneDrive\Desktop\NTI\Ecommerce Backend\node_modules\router\index.js:297:9
    at processParams (C:\Users\yosef\OneDrive\Desktop\NTI\Ecommerce Backend\node_modules\router\index.js:582:12)
    at next (C:\Users\yosef\OneDrive\Desktop\NTI\Ecommerce Backend\node_modules\router\index.js:291:5)
    at cors (C:\Users\yosef\OneDrive\Desktop\NTI\Ecommerce Backend\node_modules\cors\lib\index.js:188:7)
    at C:\Users\yosef\OneDrive\Desktop\NTI\Ecommerce Backend\node_modules\cors\lib\index.js:224:17
    at origin (C:\Users\yosef\OneDrive\Desktop\NTI\Ecommerce Backend\middlewares\cors.middleware.js:8:11)
    at C:\Users\yosef\OneDrive\Desktop\NTI\Ecommerce Backend\node_modules\cors\lib\index.js:219:13
15-05-2026 22:23:59 |ERROR| Error | GET | /uploads/1778872457977-a.png : can't find /uploads/1778872457977-a.png 
Error: can't find /uploads/1778872457977-a.png
    at C:\Users\yosef\OneDrive\Desktop\NTI\Ecommerce Backend\server.js:29:7
    at Layer.handleRequest (C:\Users\yosef\OneDrive\Desktop\NTI\Ecommerce Backend\node_modules\router\lib\layer.js:152:17)
    at trimPrefix (C:\Users\yosef\OneDrive\Desktop\NTI\Ecommerce Backend\node_modules\router\index.js:342:13)
    at C:\Users\yosef\OneDrive\Desktop\NTI\Ecommerce Backend\node_modules\router\index.js:297:9
    at processParams (C:\Users\yosef\OneDrive\Desktop\NTI\Ecommerce Backend\node_modules\router\index.js:582:12)
    at next (C:\Users\yosef\OneDrive\Desktop\NTI\Ecommerce Backend\node_modules\router\index.js:291:5)
    at cors (C:\Users\yosef\OneDrive\Desktop\NTI\Ecommerce Backend\node_modules\cors\lib\index.js:188:7)
    at C:\Users\yosef\OneDrive\Desktop\NTI\Ecommerce Backend\node_modules\cors\lib\index.js:224:17
    at origin (C:\Users\yosef\OneDrive\Desktop\NTI\Ecommerce Backend\middlewares\cors.middleware.js:8:11)
    at C:\Users\yosef\OneDrive\Desktop\NTI\Ecommerce Backend\node_modules\cors\lib\index.js:219:13
15-05-2026 22:24:09 |INFO| Category listed! 
15-05-2026 22:24:09 |INFO| Cart listed! 
15-05-2026 22:24:09 |INFO| Products listed! 
15-05-2026 22:24:11 |INFO| Cart updated! 
15-05-2026 22:24:11 |ERROR| Error | POST | /api/v1/cart : Not enough stock available! 
Error: Not enough stock available!
    at C:\Users\yosef\OneDrive\Desktop\NTI\Ecommerce Backend\controller\cart.controller.js:36:16
    at process.processTicksAndRejections (node:internal/process/task_queues:104:5)
15-05-2026 22:24:11 |ERROR| Error | POST | /api/v1/cart : Not enough stock available! 
Error: Not enough stock available!
    at C:\Users\yosef\OneDrive\Desktop\NTI\Ecommerce Backend\controller\cart.controller.js:36:16
    at process.processTicksAndRejections (node:internal/process/task_queues:104:5)
15-05-2026 22:24:13 |INFO| Cart listed! 
15-05-2026 22:24:15 |ERROR| Error | PATCH | /api/v1/cart : Not enough stock available! 
Error: Not enough stock available!
    at C:\Users\yosef\OneDrive\Desktop\NTI\Ecommerce Backend\controller\cart.controller.js:135:15
    at process.processTicksAndRejections (node:internal/process/task_queues:104:5)
15-05-2026 22:24:17 |INFO| Category listed! 
15-05-2026 22:24:17 |INFO| Products listed! 
15-05-2026 22:24:17 |INFO| Cart listed! 
15-05-2026 22:24:18 |INFO| Product listed! 
15-05-2026 22:24:19 |INFO| Cart updated! 
15-05-2026 22:24:20 |INFO| Cart listed! 
15-05-2026 22:24:22 |INFO| Cart Item is updated! 
15-05-2026 22:24:22 |INFO| Cart Item is updated! 
15-05-2026 22:24:22 |ERROR| Error | PATCH | /api/v1/cart : Not enough stock available! 
Error: Not enough stock available!
    at C:\Users\yosef\OneDrive\Desktop\NTI\Ecommerce Backend\controller\cart.controller.js:135:15
    at process.processTicksAndRejections (node:internal/process/task_queues:104:5)
15-05-2026 22:24:22 |ERROR| Error | PATCH | /api/v1/cart : Not enough stock available! 
Error: Not enough stock available!
    at C:\Users\yosef\OneDrive\Desktop\NTI\Ecommerce Backend\controller\cart.controller.js:135:15
    at process.processTicksAndRejections (node:internal/process/task_queues:104:5)
15-05-2026 22:24:23 |INFO| Cart Item is updated! 
15-05-2026 22:24:23 |INFO| Cart Item is updated! 
15-05-2026 22:24:23 |INFO| Cart Item is removed! 
15-05-2026 22:24:25 |INFO| Cart Item is removed! 
15-05-2026 22:24:33 |INFO| Category listed! 
15-05-2026 22:24:33 |INFO| subCategory listed! 
15-05-2026 22:24:33 |INFO| Products listed! 
15-05-2026 22:24:43 |INFO| Orders is listed! 
15-05-2026 22:24:45 |INFO| Category listed! 
15-05-2026 22:24:47 |INFO| Category listed! 
15-05-2026 22:24:47 |INFO| subCategory listed! 
15-05-2026 22:24:49 |INFO| users listed! 
15-05-2026 22:24:52 |INFO| Reviews are listed for admin! 
15-05-2026 22:24:54 |INFO| users listed! 
15-05-2026 22:24:55 |INFO| Category listed! 
15-05-2026 22:24:55 |INFO| subCategory listed! 
15-05-2026 22:24:56 |INFO| Category listed! 
15-05-2026 22:24:58 |INFO| Orders is listed! 
15-05-2026 22:24:59 |INFO| Category listed! 
15-05-2026 22:24:59 |INFO| subCategory listed! 
15-05-2026 22:24:59 |INFO| Products listed! 
15-05-2026 22:25:03 |INFO| Products listed! 
15-05-2026 22:25:05 |INFO| Products listed! 
15-05-2026 22:25:12 |INFO| users listed! 
15-05-2026 22:25:39 |INFO| users created! 
15-05-2026 22:25:39 |ERROR| Error | POST | /api/v1/auth/signup : User validation failed: mobile: Path `mobile` is invalid (0151234156). 
ValidationError: User validation failed: mobile: Path `mobile` is invalid (0151234156).
    at model.validate (C:\Users\yosef\OneDrive\Desktop\NTI\Ecommerce Backend\node_modules\mongoose\lib\document.js:2864:36)
    at process.processTicksAndRejections (node:internal/process/task_queues:104:5)
    at async model.$__save (C:\Users\yosef\OneDrive\Desktop\NTI\Ecommerce Backend\node_modules\mongoose\lib\model.js:393:7)
    at async model.save (C:\Users\yosef\OneDrive\Desktop\NTI\Ecommerce Backend\node_modules\mongoose\lib\model.js:667:5)
    at async model.create (C:\Users\yosef\OneDrive\Desktop\NTI\Ecommerce Backend\node_modules\mongoose\lib\model.js:2747:5)
    at async C:\Users\yosef\OneDrive\Desktop\NTI\Ecommerce Backend\controller\auth.controller.js:29:18
15-05-2026 22:25:42 |INFO| users created! 
15-05-2026 22:25:48 |INFO| users created! 
15-05-2026 22:25:48 |ERROR| Error | POST | /api/v1/auth/signup : E11000 duplicate key error collection: eCommerece.users index: mobile_1 dup key: { mobile: "01512341565" } 
MongoServerError: E11000 duplicate key error collection: eCommerece.users index: mobile_1 dup key: { mobile: "01512341565" }
    at InsertOneOperation.handleOk (C:\Users\yosef\OneDrive\Desktop\NTI\Ecommerce Backend\node_modules\mongodb\lib\operations\insert.js:51:19)
    at executeOperationWithRetries (C:\Users\yosef\OneDrive\Desktop\NTI\Ecommerce Backend\node_modules\mongodb\lib\operations\execute_operation.js:194:34)
    at process.processTicksAndRejections (node:internal/process/task_queues:104:5)
    at async executeOperation (C:\Users\yosef\OneDrive\Desktop\NTI\Ecommerce Backend\node_modules\mongodb\lib\operations\execute_operation.js:83:16)
    at async Collection.insertOne (C:\Users\yosef\OneDrive\Desktop\NTI\Ecommerce Backend\node_modules\mongodb\lib\collection.js:154:16)
    at async model.$__save (C:\Users\yosef\OneDrive\Desktop\NTI\Ecommerce Backend\node_modules\mongoose\lib\model.js:428:16)
    at async model.save (C:\Users\yosef\OneDrive\Desktop\NTI\Ecommerce Backend\node_modules\mongoose\lib\model.js:667:5)
    at async model.create (C:\Users\yosef\OneDrive\Desktop\NTI\Ecommerce Backend\node_modules\mongoose\lib\model.js:2747:5)
    at async C:\Users\yosef\OneDrive\Desktop\NTI\Ecommerce Backend\controller\auth.controller.js:29:18
15-05-2026 22:26:15 |INFO| users created! 
15-05-2026 22:26:15 |ERROR| Error | POST | /api/v1/auth/signup : E11000 duplicate key error collection: eCommerece.users index: email_1 dup key: { email: "mohamed@gmail.com" } 
MongoServerError: E11000 duplicate key error collection: eCommerece.users index: email_1 dup key: { email: "mohamed@gmail.com" }
    at InsertOneOperation.handleOk (C:\Users\yosef\OneDrive\Desktop\NTI\Ecommerce Backend\node_modules\mongodb\lib\operations\insert.js:51:19)
    at executeOperationWithRetries (C:\Users\yosef\OneDrive\Desktop\NTI\Ecommerce Backend\node_modules\mongodb\lib\operations\execute_operation.js:194:34)
    at process.processTicksAndRejections (node:internal/process/task_queues:104:5)
    at async executeOperation (C:\Users\yosef\OneDrive\Desktop\NTI\Ecommerce Backend\node_modules\mongodb\lib\operations\execute_operation.js:83:16)
    at async Collection.insertOne (C:\Users\yosef\OneDrive\Desktop\NTI\Ecommerce Backend\node_modules\mongodb\lib\collection.js:154:16)
    at async model.$__save (C:\Users\yosef\OneDrive\Desktop\NTI\Ecommerce Backend\node_modules\mongoose\lib\model.js:428:16)
    at async model.save (C:\Users\yosef\OneDrive\Desktop\NTI\Ecommerce Backend\node_modules\mongoose\lib\model.js:667:5)
    at async model.create (C:\Users\yosef\OneDrive\Desktop\NTI\Ecommerce Backend\node_modules\mongoose\lib\model.js:2747:5)
    at async C:\Users\yosef\OneDrive\Desktop\NTI\Ecommerce Backend\controller\auth.controller.js:29:18
15-05-2026 22:26:29 |INFO| users created! 
15-05-2026 22:26:46 |INFO| Reviews are listed! 
15-05-2026 22:26:46 |INFO| Products listed! 
15-05-2026 22:26:46 |ERROR| Error | GET | /uploads/1778872542491-a.png : can't find /uploads/1778872542491-a.png 
Error: can't find /uploads/1778872542491-a.png
    at C:\Users\yosef\OneDrive\Desktop\NTI\Ecommerce Backend\server.js:29:7
    at Layer.handleRequest (C:\Users\yosef\OneDrive\Desktop\NTI\Ecommerce Backend\node_modules\router\lib\layer.js:152:17)
    at trimPrefix (C:\Users\yosef\OneDrive\Desktop\NTI\Ecommerce Backend\node_modules\router\index.js:342:13)
    at C:\Users\yosef\OneDrive\Desktop\NTI\Ecommerce Backend\node_modules\router\index.js:297:9
    at processParams (C:\Users\yosef\OneDrive\Desktop\NTI\Ecommerce Backend\node_modules\router\index.js:582:12)
    at next (C:\Users\yosef\OneDrive\Desktop\NTI\Ecommerce Backend\node_modules\router\index.js:291:5)
    at cors (C:\Users\yosef\OneDrive\Desktop\NTI\Ecommerce Backend\node_modules\cors\lib\index.js:188:7)
    at C:\Users\yosef\OneDrive\Desktop\NTI\Ecommerce Backend\node_modules\cors\lib\index.js:224:17
    at origin (C:\Users\yosef\OneDrive\Desktop\NTI\Ecommerce Backend\middlewares\cors.middleware.js:8:11)
    at C:\Users\yosef\OneDrive\Desktop\NTI\Ecommerce Backend\node_modules\cors\lib\index.js:219:13
15-05-2026 22:26:46 |ERROR| Error | GET | /uploads/1778872514763-a.png : can't find /uploads/1778872514763-a.png 
Error: can't find /uploads/1778872514763-a.png
    at C:\Users\yosef\OneDrive\Desktop\NTI\Ecommerce Backend\server.js:29:7
    at Layer.handleRequest (C:\Users\yosef\OneDrive\Desktop\NTI\Ecommerce Backend\node_modules\router\lib\layer.js:152:17)
    at trimPrefix (C:\Users\yosef\OneDrive\Desktop\NTI\Ecommerce Backend\node_modules\router\index.js:342:13)
    at C:\Users\yosef\OneDrive\Desktop\NTI\Ecommerce Backend\node_modules\router\index.js:297:9
    at processParams (C:\Users\yosef\OneDrive\Desktop\NTI\Ecommerce Backend\node_modules\router\index.js:582:12)
    at next (C:\Users\yosef\OneDrive\Desktop\NTI\Ecommerce Backend\node_modules\router\index.js:291:5)
    at cors (C:\Users\yosef\OneDrive\Desktop\NTI\Ecommerce Backend\node_modules\cors\lib\index.js:188:7)
    at C:\Users\yosef\OneDrive\Desktop\NTI\Ecommerce Backend\node_modules\cors\lib\index.js:224:17
    at origin (C:\Users\yosef\OneDrive\Desktop\NTI\Ecommerce Backend\middlewares\cors.middleware.js:8:11)
    at C:\Users\yosef\OneDrive\Desktop\NTI\Ecommerce Backend\node_modules\cors\lib\index.js:219:13
15-05-2026 22:26:46 |ERROR| Error | GET | /uploads/1778872483665-a.png : can't find /uploads/1778872483665-a.png 
Error: can't find /uploads/1778872483665-a.png
    at C:\Users\yosef\OneDrive\Desktop\NTI\Ecommerce Backend\server.js:29:7
    at Layer.handleRequest (C:\Users\yosef\OneDrive\Desktop\NTI\Ecommerce Backend\node_modules\router\lib\layer.js:152:17)
    at trimPrefix (C:\Users\yosef\OneDrive\Desktop\NTI\Ecommerce Backend\node_modules\router\index.js:342:13)
    at C:\Users\yosef\OneDrive\Desktop\NTI\Ecommerce Backend\node_modules\router\index.js:297:9
    at processParams (C:\Users\yosef\OneDrive\Desktop\NTI\Ecommerce Backend\node_modules\router\index.js:582:12)
    at next (C:\Users\yosef\OneDrive\Desktop\NTI\Ecommerce Backend\node_modules\router\index.js:291:5)
    at cors (C:\Users\yosef\OneDrive\Desktop\NTI\Ecommerce Backend\node_modules\cors\lib\index.js:188:7)
    at C:\Users\yosef\OneDrive\Desktop\NTI\Ecommerce Backend\node_modules\cors\lib\index.js:224:17
    at origin (C:\Users\yosef\OneDrive\Desktop\NTI\Ecommerce Backend\middlewares\cors.middleware.js:8:11)
    at C:\Users\yosef\OneDrive\Desktop\NTI\Ecommerce Backend\node_modules\cors\lib\index.js:219:13
15-05-2026 22:26:46 |ERROR| Error | GET | /uploads/1778872457977-a.png : can't find /uploads/1778872457977-a.png 
Error: can't find /uploads/1778872457977-a.png
    at C:\Users\yosef\OneDrive\Desktop\NTI\Ecommerce Backend\server.js:29:7
    at Layer.handleRequest (C:\Users\yosef\OneDrive\Desktop\NTI\Ecommerce Backend\node_modules\router\lib\layer.js:152:17)
    at trimPrefix (C:\Users\yosef\OneDrive\Desktop\NTI\Ecommerce Backend\node_modules\router\index.js:342:13)
    at C:\Users\yosef\OneDrive\Desktop\NTI\Ecommerce Backend\node_modules\router\index.js:297:9
    at processParams (C:\Users\yosef\OneDrive\Desktop\NTI\Ecommerce Backend\node_modules\router\index.js:582:12)
    at next (C:\Users\yosef\OneDrive\Desktop\NTI\Ecommerce Backend\node_modules\router\index.js:291:5)
    at cors (C:\Users\yosef\OneDrive\Desktop\NTI\Ecommerce Backend\node_modules\cors\lib\index.js:188:7)
    at C:\Users\yosef\OneDrive\Desktop\NTI\Ecommerce Backend\node_modules\cors\lib\index.js:224:17
    at origin (C:\Users\yosef\OneDrive\Desktop\NTI\Ecommerce Backend\middlewares\cors.middleware.js:8:11)
    at C:\Users\yosef\OneDrive\Desktop\NTI\Ecommerce Backend\node_modules\cors\lib\index.js:219:13
15-05-2026 22:26:56 |INFO| users listed! 
15-05-2026 22:26:59 |INFO| users listed! 
15-05-2026 22:27:01 |INFO| users listed! 
15-05-2026 22:28:16 |INFO| users listed! 
15-05-2026 22:28:22 |INFO| users listed! 
15-05-2026 22:29:15 |INFO| users listed! 
15-05-2026 22:29:42 |INFO| users created! 
15-05-2026 22:30:49 |INFO| users created! 
15-05-2026 22:30:49 |INFO| Products listed! 
15-05-2026 22:30:49 |INFO| Reviews are listed! 
15-05-2026 22:30:49 |ERROR| Error | GET | /uploads/1778872542491-a.png : can't find /uploads/1778872542491-a.png 
Error: can't find /uploads/1778872542491-a.png
    at C:\Users\yosef\OneDrive\Desktop\NTI\Ecommerce Backend\server.js:29:7
    at Layer.handleRequest (C:\Users\yosef\OneDrive\Desktop\NTI\Ecommerce Backend\node_modules\router\lib\layer.js:152:17)
    at trimPrefix (C:\Users\yosef\OneDrive\Desktop\NTI\Ecommerce Backend\node_modules\router\index.js:342:13)
    at C:\Users\yosef\OneDrive\Desktop\NTI\Ecommerce Backend\node_modules\router\index.js:297:9
    at processParams (C:\Users\yosef\OneDrive\Desktop\NTI\Ecommerce Backend\node_modules\router\index.js:582:12)
    at next (C:\Users\yosef\OneDrive\Desktop\NTI\Ecommerce Backend\node_modules\router\index.js:291:5)
    at cors (C:\Users\yosef\OneDrive\Desktop\NTI\Ecommerce Backend\node_modules\cors\lib\index.js:188:7)
    at C:\Users\yosef\OneDrive\Desktop\NTI\Ecommerce Backend\node_modules\cors\lib\index.js:224:17
    at origin (C:\Users\yosef\OneDrive\Desktop\NTI\Ecommerce Backend\middlewares\cors.middleware.js:8:11)
    at C:\Users\yosef\OneDrive\Desktop\NTI\Ecommerce Backend\node_modules\cors\lib\index.js:219:13
15-05-2026 22:30:49 |ERROR| Error | GET | /uploads/1778872514763-a.png : can't find /uploads/1778872514763-a.png 
Error: can't find /uploads/1778872514763-a.png
    at C:\Users\yosef\OneDrive\Desktop\NTI\Ecommerce Backend\server.js:29:7
    at Layer.handleRequest (C:\Users\yosef\OneDrive\Desktop\NTI\Ecommerce Backend\node_modules\router\lib\layer.js:152:17)
    at trimPrefix (C:\Users\yosef\OneDrive\Desktop\NTI\Ecommerce Backend\node_modules\router\index.js:342:13)
    at C:\Users\yosef\OneDrive\Desktop\NTI\Ecommerce Backend\node_modules\router\index.js:297:9
    at processParams (C:\Users\yosef\OneDrive\Desktop\NTI\Ecommerce Backend\node_modules\router\index.js:582:12)
    at next (C:\Users\yosef\OneDrive\Desktop\NTI\Ecommerce Backend\node_modules\router\index.js:291:5)
    at cors (C:\Users\yosef\OneDrive\Desktop\NTI\Ecommerce Backend\node_modules\cors\lib\index.js:188:7)
    at C:\Users\yosef\OneDrive\Desktop\NTI\Ecommerce Backend\node_modules\cors\lib\index.js:224:17
    at origin (C:\Users\yosef\OneDrive\Desktop\NTI\Ecommerce Backend\middlewares\cors.middleware.js:8:11)
    at C:\Users\yosef\OneDrive\Desktop\NTI\Ecommerce Backend\node_modules\cors\lib\index.js:219:13
15-05-2026 22:30:49 |ERROR| Error | GET | /uploads/1778872483665-a.png : can't find /uploads/1778872483665-a.png 
Error: can't find /uploads/1778872483665-a.png
    at C:\Users\yosef\OneDrive\Desktop\NTI\Ecommerce Backend\server.js:29:7
    at Layer.handleRequest (C:\Users\yosef\OneDrive\Desktop\NTI\Ecommerce Backend\node_modules\router\lib\layer.js:152:17)
    at trimPrefix (C:\Users\yosef\OneDrive\Desktop\NTI\Ecommerce Backend\node_modules\router\index.js:342:13)
    at C:\Users\yosef\OneDrive\Desktop\NTI\Ecommerce Backend\node_modules\router\index.js:297:9
    at processParams (C:\Users\yosef\OneDrive\Desktop\NTI\Ecommerce Backend\node_modules\router\index.js:582:12)
    at next (C:\Users\yosef\OneDrive\Desktop\NTI\Ecommerce Backend\node_modules\router\index.js:291:5)
    at cors (C:\Users\yosef\OneDrive\Desktop\NTI\Ecommerce Backend\node_modules\cors\lib\index.js:188:7)
    at C:\Users\yosef\OneDrive\Desktop\NTI\Ecommerce Backend\node_modules\cors\lib\index.js:224:17
    at origin (C:\Users\yosef\OneDrive\Desktop\NTI\Ecommerce Backend\middlewares\cors.middleware.js:8:11)
    at C:\Users\yosef\OneDrive\Desktop\NTI\Ecommerce Backend\node_modules\cors\lib\index.js:219:13
15-05-2026 22:30:49 |ERROR| Error | GET | /uploads/1778872457977-a.png : can't find /uploads/1778872457977-a.png 
Error: can't find /uploads/1778872457977-a.png
    at C:\Users\yosef\OneDrive\Desktop\NTI\Ecommerce Backend\server.js:29:7
    at Layer.handleRequest (C:\Users\yosef\OneDrive\Desktop\NTI\Ecommerce Backend\node_modules\router\lib\layer.js:152:17)
    at trimPrefix (C:\Users\yosef\OneDrive\Desktop\NTI\Ecommerce Backend\node_modules\router\index.js:342:13)
    at C:\Users\yosef\OneDrive\Desktop\NTI\Ecommerce Backend\node_modules\router\index.js:297:9
    at processParams (C:\Users\yosef\OneDrive\Desktop\NTI\Ecommerce Backend\node_modules\router\index.js:582:12)
    at next (C:\Users\yosef\OneDrive\Desktop\NTI\Ecommerce Backend\node_modules\router\index.js:291:5)
    at cors (C:\Users\yosef\OneDrive\Desktop\NTI\Ecommerce Backend\node_modules\cors\lib\index.js:188:7)
    at C:\Users\yosef\OneDrive\Desktop\NTI\Ecommerce Backend\node_modules\cors\lib\index.js:224:17
    at origin (C:\Users\yosef\OneDrive\Desktop\NTI\Ecommerce Backend\middlewares\cors.middleware.js:8:11)
    at C:\Users\yosef\OneDrive\Desktop\NTI\Ecommerce Backend\node_modules\cors\lib\index.js:219:13
15-05-2026 22:30:55 |INFO| Reviews are listed! 
15-05-2026 22:30:55 |INFO| Products listed! 
15-05-2026 22:30:55 |ERROR| Error | GET | /uploads/1778872542491-a.png : can't find /uploads/1778872542491-a.png 
Error: can't find /uploads/1778872542491-a.png
    at C:\Users\yosef\OneDrive\Desktop\NTI\Ecommerce Backend\server.js:29:7
    at Layer.handleRequest (C:\Users\yosef\OneDrive\Desktop\NTI\Ecommerce Backend\node_modules\router\lib\layer.js:152:17)
    at trimPrefix (C:\Users\yosef\OneDrive\Desktop\NTI\Ecommerce Backend\node_modules\router\index.js:342:13)
    at C:\Users\yosef\OneDrive\Desktop\NTI\Ecommerce Backend\node_modules\router\index.js:297:9
    at processParams (C:\Users\yosef\OneDrive\Desktop\NTI\Ecommerce Backend\node_modules\router\index.js:582:12)
    at next (C:\Users\yosef\OneDrive\Desktop\NTI\Ecommerce Backend\node_modules\router\index.js:291:5)
    at cors (C:\Users\yosef\OneDrive\Desktop\NTI\Ecommerce Backend\node_modules\cors\lib\index.js:188:7)
    at C:\Users\yosef\OneDrive\Desktop\NTI\Ecommerce Backend\node_modules\cors\lib\index.js:224:17
    at origin (C:\Users\yosef\OneDrive\Desktop\NTI\Ecommerce Backend\middlewares\cors.middleware.js:8:11)
    at C:\Users\yosef\OneDrive\Desktop\NTI\Ecommerce Backend\node_modules\cors\lib\index.js:219:13
15-05-2026 22:30:55 |ERROR| Error | GET | /uploads/1778872514763-a.png : can't find /uploads/1778872514763-a.png 
Error: can't find /uploads/1778872514763-a.png
    at C:\Users\yosef\OneDrive\Desktop\NTI\Ecommerce Backend\server.js:29:7
    at Layer.handleRequest (C:\Users\yosef\OneDrive\Desktop\NTI\Ecommerce Backend\node_modules\router\lib\layer.js:152:17)
    at trimPrefix (C:\Users\yosef\OneDrive\Desktop\NTI\Ecommerce Backend\node_modules\router\index.js:342:13)
    at C:\Users\yosef\OneDrive\Desktop\NTI\Ecommerce Backend\node_modules\router\index.js:297:9
    at processParams (C:\Users\yosef\OneDrive\Desktop\NTI\Ecommerce Backend\node_modules\router\index.js:582:12)
    at next (C:\Users\yosef\OneDrive\Desktop\NTI\Ecommerce Backend\node_modules\router\index.js:291:5)
    at cors (C:\Users\yosef\OneDrive\Desktop\NTI\Ecommerce Backend\node_modules\cors\lib\index.js:188:7)
    at C:\Users\yosef\OneDrive\Desktop\NTI\Ecommerce Backend\node_modules\cors\lib\index.js:224:17
    at origin (C:\Users\yosef\OneDrive\Desktop\NTI\Ecommerce Backend\middlewares\cors.middleware.js:8:11)
    at C:\Users\yosef\OneDrive\Desktop\NTI\Ecommerce Backend\node_modules\cors\lib\index.js:219:13
15-05-2026 22:30:55 |ERROR| Error | GET | /uploads/1778872483665-a.png : can't find /uploads/1778872483665-a.png 
Error: can't find /uploads/1778872483665-a.png
    at C:\Users\yosef\OneDrive\Desktop\NTI\Ecommerce Backend\server.js:29:7
    at Layer.handleRequest (C:\Users\yosef\OneDrive\Desktop\NTI\Ecommerce Backend\node_modules\router\lib\layer.js:152:17)
    at trimPrefix (C:\Users\yosef\OneDrive\Desktop\NTI\Ecommerce Backend\node_modules\router\index.js:342:13)
    at C:\Users\yosef\OneDrive\Desktop\NTI\Ecommerce Backend\node_modules\router\index.js:297:9
    at processParams (C:\Users\yosef\OneDrive\Desktop\NTI\Ecommerce Backend\node_modules\router\index.js:582:12)
    at next (C:\Users\yosef\OneDrive\Desktop\NTI\Ecommerce Backend\node_modules\router\index.js:291:5)
    at cors (C:\Users\yosef\OneDrive\Desktop\NTI\Ecommerce Backend\node_modules\cors\lib\index.js:188:7)
    at C:\Users\yosef\OneDrive\Desktop\NTI\Ecommerce Backend\node_modules\cors\lib\index.js:224:17
    at origin (C:\Users\yosef\OneDrive\Desktop\NTI\Ecommerce Backend\middlewares\cors.middleware.js:8:11)
    at C:\Users\yosef\OneDrive\Desktop\NTI\Ecommerce Backend\node_modules\cors\lib\index.js:219:13
15-05-2026 22:30:55 |ERROR| Error | GET | /uploads/1778872457977-a.png : can't find /uploads/1778872457977-a.png 
Error: can't find /uploads/1778872457977-a.png
    at C:\Users\yosef\OneDrive\Desktop\NTI\Ecommerce Backend\server.js:29:7
    at Layer.handleRequest (C:\Users\yosef\OneDrive\Desktop\NTI\Ecommerce Backend\node_modules\router\lib\layer.js:152:17)
    at trimPrefix (C:\Users\yosef\OneDrive\Desktop\NTI\Ecommerce Backend\node_modules\router\index.js:342:13)
    at C:\Users\yosef\OneDrive\Desktop\NTI\Ecommerce Backend\node_modules\router\index.js:297:9
    at processParams (C:\Users\yosef\OneDrive\Desktop\NTI\Ecommerce Backend\node_modules\router\index.js:582:12)
    at next (C:\Users\yosef\OneDrive\Desktop\NTI\Ecommerce Backend\node_modules\router\index.js:291:5)
    at cors (C:\Users\yosef\OneDrive\Desktop\NTI\Ecommerce Backend\node_modules\cors\lib\index.js:188:7)
    at C:\Users\yosef\OneDrive\Desktop\NTI\Ecommerce Backend\node_modules\cors\lib\index.js:224:17
    at origin (C:\Users\yosef\OneDrive\Desktop\NTI\Ecommerce Backend\middlewares\cors.middleware.js:8:11)
    at C:\Users\yosef\OneDrive\Desktop\NTI\Ecommerce Backend\node_modules\cors\lib\index.js:219:13
15-05-2026 22:30:59 |INFO| Product listed! 
15-05-2026 22:31:02 |INFO| Reviews are listed! 
15-05-2026 22:31:02 |INFO| Products listed! 
15-05-2026 22:31:02 |ERROR| Error | GET | /uploads/1778872542491-a.png : can't find /uploads/1778872542491-a.png 
Error: can't find /uploads/1778872542491-a.png
    at C:\Users\yosef\OneDrive\Desktop\NTI\Ecommerce Backend\server.js:29:7
    at Layer.handleRequest (C:\Users\yosef\OneDrive\Desktop\NTI\Ecommerce Backend\node_modules\router\lib\layer.js:152:17)
    at trimPrefix (C:\Users\yosef\OneDrive\Desktop\NTI\Ecommerce Backend\node_modules\router\index.js:342:13)
    at C:\Users\yosef\OneDrive\Desktop\NTI\Ecommerce Backend\node_modules\router\index.js:297:9
    at processParams (C:\Users\yosef\OneDrive\Desktop\NTI\Ecommerce Backend\node_modules\router\index.js:582:12)
    at next (C:\Users\yosef\OneDrive\Desktop\NTI\Ecommerce Backend\node_modules\router\index.js:291:5)
    at cors (C:\Users\yosef\OneDrive\Desktop\NTI\Ecommerce Backend\node_modules\cors\lib\index.js:188:7)
    at C:\Users\yosef\OneDrive\Desktop\NTI\Ecommerce Backend\node_modules\cors\lib\index.js:224:17
    at origin (C:\Users\yosef\OneDrive\Desktop\NTI\Ecommerce Backend\middlewares\cors.middleware.js:8:11)
    at C:\Users\yosef\OneDrive\Desktop\NTI\Ecommerce Backend\node_modules\cors\lib\index.js:219:13
15-05-2026 22:31:02 |ERROR| Error | GET | /uploads/1778872514763-a.png : can't find /uploads/1778872514763-a.png 
Error: can't find /uploads/1778872514763-a.png
    at C:\Users\yosef\OneDrive\Desktop\NTI\Ecommerce Backend\server.js:29:7
    at Layer.handleRequest (C:\Users\yosef\OneDrive\Desktop\NTI\Ecommerce Backend\node_modules\router\lib\layer.js:152:17)
    at trimPrefix (C:\Users\yosef\OneDrive\Desktop\NTI\Ecommerce Backend\node_modules\router\index.js:342:13)
    at C:\Users\yosef\OneDrive\Desktop\NTI\Ecommerce Backend\node_modules\router\index.js:297:9
    at processParams (C:\Users\yosef\OneDrive\Desktop\NTI\Ecommerce Backend\node_modules\router\index.js:582:12)
    at next (C:\Users\yosef\OneDrive\Desktop\NTI\Ecommerce Backend\node_modules\router\index.js:291:5)
    at cors (C:\Users\yosef\OneDrive\Desktop\NTI\Ecommerce Backend\node_modules\cors\lib\index.js:188:7)
    at C:\Users\yosef\OneDrive\Desktop\NTI\Ecommerce Backend\node_modules\cors\lib\index.js:224:17
    at origin (C:\Users\yosef\OneDrive\Desktop\NTI\Ecommerce Backend\middlewares\cors.middleware.js:8:11)
    at C:\Users\yosef\OneDrive\Desktop\NTI\Ecommerce Backend\node_modules\cors\lib\index.js:219:13
15-05-2026 22:31:02 |ERROR| Error | GET | /uploads/1778872483665-a.png : can't find /uploads/1778872483665-a.png 
Error: can't find /uploads/1778872483665-a.png
    at C:\Users\yosef\OneDrive\Desktop\NTI\Ecommerce Backend\server.js:29:7
    at Layer.handleRequest (C:\Users\yosef\OneDrive\Desktop\NTI\Ecommerce Backend\node_modules\router\lib\layer.js:152:17)
    at trimPrefix (C:\Users\yosef\OneDrive\Desktop\NTI\Ecommerce Backend\node_modules\router\index.js:342:13)
    at C:\Users\yosef\OneDrive\Desktop\NTI\Ecommerce Backend\node_modules\router\index.js:297:9
    at processParams (C:\Users\yosef\OneDrive\Desktop\NTI\Ecommerce Backend\node_modules\router\index.js:582:12)
    at next (C:\Users\yosef\OneDrive\Desktop\NTI\Ecommerce Backend\node_modules\router\index.js:291:5)
    at cors (C:\Users\yosef\OneDrive\Desktop\NTI\Ecommerce Backend\node_modules\cors\lib\index.js:188:7)
    at C:\Users\yosef\OneDrive\Desktop\NTI\Ecommerce Backend\node_modules\cors\lib\index.js:224:17
    at origin (C:\Users\yosef\OneDrive\Desktop\NTI\Ecommerce Backend\middlewares\cors.middleware.js:8:11)
    at C:\Users\yosef\OneDrive\Desktop\NTI\Ecommerce Backend\node_modules\cors\lib\index.js:219:13
15-05-2026 22:31:02 |ERROR| Error | GET | /uploads/1778872457977-a.png : can't find /uploads/1778872457977-a.png 
Error: can't find /uploads/1778872457977-a.png
    at C:\Users\yosef\OneDrive\Desktop\NTI\Ecommerce Backend\server.js:29:7
    at Layer.handleRequest (C:\Users\yosef\OneDrive\Desktop\NTI\Ecommerce Backend\node_modules\router\lib\layer.js:152:17)
    at trimPrefix (C:\Users\yosef\OneDrive\Desktop\NTI\Ecommerce Backend\node_modules\router\index.js:342:13)
    at C:\Users\yosef\OneDrive\Desktop\NTI\Ecommerce Backend\node_modules\router\index.js:297:9
    at processParams (C:\Users\yosef\OneDrive\Desktop\NTI\Ecommerce Backend\node_modules\router\index.js:582:12)
    at next (C:\Users\yosef\OneDrive\Desktop\NTI\Ecommerce Backend\node_modules\router\index.js:291:5)
    at cors (C:\Users\yosef\OneDrive\Desktop\NTI\Ecommerce Backend\node_modules\cors\lib\index.js:188:7)
    at C:\Users\yosef\OneDrive\Desktop\NTI\Ecommerce Backend\node_modules\cors\lib\index.js:224:17
    at origin (C:\Users\yosef\OneDrive\Desktop\NTI\Ecommerce Backend\middlewares\cors.middleware.js:8:11)
    at C:\Users\yosef\OneDrive\Desktop\NTI\Ecommerce Backend\node_modules\cors\lib\index.js:219:13
15-05-2026 22:31:05 |INFO| Orders is listed! 
15-05-2026 22:31:16 |INFO| Reviews are listed for admin! 
15-05-2026 22:31:17 |INFO| users listed! 
15-05-2026 22:58:03 |INFO| Reviews are listed! 
15-05-2026 22:58:03 |INFO| Products listed! 
15-05-2026 22:58:03 |ERROR| Error | GET | /uploads/1778872542491-a.png : can't find /uploads/1778872542491-a.png 
Error: can't find /uploads/1778872542491-a.png
    at C:\Users\yosef\OneDrive\Desktop\NTI\Ecommerce Backend\server.js:29:7
    at Layer.handleRequest (C:\Users\yosef\OneDrive\Desktop\NTI\Ecommerce Backend\node_modules\router\lib\layer.js:152:17)
    at trimPrefix (C:\Users\yosef\OneDrive\Desktop\NTI\Ecommerce Backend\node_modules\router\index.js:342:13)
    at C:\Users\yosef\OneDrive\Desktop\NTI\Ecommerce Backend\node_modules\router\index.js:297:9
    at processParams (C:\Users\yosef\OneDrive\Desktop\NTI\Ecommerce Backend\node_modules\router\index.js:582:12)
    at next (C:\Users\yosef\OneDrive\Desktop\NTI\Ecommerce Backend\node_modules\router\index.js:291:5)
    at cors (C:\Users\yosef\OneDrive\Desktop\NTI\Ecommerce Backend\node_modules\cors\lib\index.js:188:7)
    at C:\Users\yosef\OneDrive\Desktop\NTI\Ecommerce Backend\node_modules\cors\lib\index.js:224:17
    at origin (C:\Users\yosef\OneDrive\Desktop\NTI\Ecommerce Backend\middlewares\cors.middleware.js:8:11)
    at C:\Users\yosef\OneDrive\Desktop\NTI\Ecommerce Backend\node_modules\cors\lib\index.js:219:13
15-05-2026 22:58:03 |ERROR| Error | GET | /uploads/1778872514763-a.png : can't find /uploads/1778872514763-a.png 
Error: can't find /uploads/1778872514763-a.png
    at C:\Users\yosef\OneDrive\Desktop\NTI\Ecommerce Backend\server.js:29:7
    at Layer.handleRequest (C:\Users\yosef\OneDrive\Desktop\NTI\Ecommerce Backend\node_modules\router\lib\layer.js:152:17)
    at trimPrefix (C:\Users\yosef\OneDrive\Desktop\NTI\Ecommerce Backend\node_modules\router\index.js:342:13)
    at C:\Users\yosef\OneDrive\Desktop\NTI\Ecommerce Backend\node_modules\router\index.js:297:9
    at processParams (C:\Users\yosef\OneDrive\Desktop\NTI\Ecommerce Backend\node_modules\router\index.js:582:12)
    at next (C:\Users\yosef\OneDrive\Desktop\NTI\Ecommerce Backend\node_modules\router\index.js:291:5)
    at cors (C:\Users\yosef\OneDrive\Desktop\NTI\Ecommerce Backend\node_modules\cors\lib\index.js:188:7)
    at C:\Users\yosef\OneDrive\Desktop\NTI\Ecommerce Backend\node_modules\cors\lib\index.js:224:17
    at origin (C:\Users\yosef\OneDrive\Desktop\NTI\Ecommerce Backend\middlewares\cors.middleware.js:8:11)
    at C:\Users\yosef\OneDrive\Desktop\NTI\Ecommerce Backend\node_modules\cors\lib\index.js:219:13
15-05-2026 22:58:03 |ERROR| Error | GET | /uploads/1778872483665-a.png : can't find /uploads/1778872483665-a.png 
Error: can't find /uploads/1778872483665-a.png
    at C:\Users\yosef\OneDrive\Desktop\NTI\Ecommerce Backend\server.js:29:7
    at Layer.handleRequest (C:\Users\yosef\OneDrive\Desktop\NTI\Ecommerce Backend\node_modules\router\lib\layer.js:152:17)
    at trimPrefix (C:\Users\yosef\OneDrive\Desktop\NTI\Ecommerce Backend\node_modules\router\index.js:342:13)
    at C:\Users\yosef\OneDrive\Desktop\NTI\Ecommerce Backend\node_modules\router\index.js:297:9
    at processParams (C:\Users\yosef\OneDrive\Desktop\NTI\Ecommerce Backend\node_modules\router\index.js:582:12)
    at next (C:\Users\yosef\OneDrive\Desktop\NTI\Ecommerce Backend\node_modules\router\index.js:291:5)
    at cors (C:\Users\yosef\OneDrive\Desktop\NTI\Ecommerce Backend\node_modules\cors\lib\index.js:188:7)
    at C:\Users\yosef\OneDrive\Desktop\NTI\Ecommerce Backend\node_modules\cors\lib\index.js:224:17
    at origin (C:\Users\yosef\OneDrive\Desktop\NTI\Ecommerce Backend\middlewares\cors.middleware.js:8:11)
    at C:\Users\yosef\OneDrive\Desktop\NTI\Ecommerce Backend\node_modules\cors\lib\index.js:219:13
15-05-2026 22:58:03 |ERROR| Error | GET | /uploads/1778872457977-a.png : can't find /uploads/1778872457977-a.png 
Error: can't find /uploads/1778872457977-a.png
    at C:\Users\yosef\OneDrive\Desktop\NTI\Ecommerce Backend\server.js:29:7
    at Layer.handleRequest (C:\Users\yosef\OneDrive\Desktop\NTI\Ecommerce Backend\node_modules\router\lib\layer.js:152:17)
    at trimPrefix (C:\Users\yosef\OneDrive\Desktop\NTI\Ecommerce Backend\node_modules\router\index.js:342:13)
    at C:\Users\yosef\OneDrive\Desktop\NTI\Ecommerce Backend\node_modules\router\index.js:297:9
    at processParams (C:\Users\yosef\OneDrive\Desktop\NTI\Ecommerce Backend\node_modules\router\index.js:582:12)
    at next (C:\Users\yosef\OneDrive\Desktop\NTI\Ecommerce Backend\node_modules\router\index.js:291:5)
    at cors (C:\Users\yosef\OneDrive\Desktop\NTI\Ecommerce Backend\node_modules\cors\lib\index.js:188:7)
    at C:\Users\yosef\OneDrive\Desktop\NTI\Ecommerce Backend\node_modules\cors\lib\index.js:224:17
    at origin (C:\Users\yosef\OneDrive\Desktop\NTI\Ecommerce Backend\middlewares\cors.middleware.js:8:11)
    at C:\Users\yosef\OneDrive\Desktop\NTI\Ecommerce Backend\node_modules\cors\lib\index.js:219:13
15-05-2026 23:04:06 |INFO| Reviews are listed! 
15-05-2026 23:04:06 |INFO| Products listed! 
15-05-2026 23:04:06 |ERROR| Error | GET | /uploads/1778872542491-a.png : can't find /uploads/1778872542491-a.png 
Error: can't find /uploads/1778872542491-a.png
    at C:\Users\yosef\OneDrive\Desktop\NTI\Ecommerce Backend\server.js:29:7
    at Layer.handleRequest (C:\Users\yosef\OneDrive\Desktop\NTI\Ecommerce Backend\node_modules\router\lib\layer.js:152:17)
    at trimPrefix (C:\Users\yosef\OneDrive\Desktop\NTI\Ecommerce Backend\node_modules\router\index.js:342:13)
    at C:\Users\yosef\OneDrive\Desktop\NTI\Ecommerce Backend\node_modules\router\index.js:297:9
    at processParams (C:\Users\yosef\OneDrive\Desktop\NTI\Ecommerce Backend\node_modules\router\index.js:582:12)
    at next (C:\Users\yosef\OneDrive\Desktop\NTI\Ecommerce Backend\node_modules\router\index.js:291:5)
    at cors (C:\Users\yosef\OneDrive\Desktop\NTI\Ecommerce Backend\node_modules\cors\lib\index.js:188:7)
    at C:\Users\yosef\OneDrive\Desktop\NTI\Ecommerce Backend\node_modules\cors\lib\index.js:224:17
    at origin (C:\Users\yosef\OneDrive\Desktop\NTI\Ecommerce Backend\middlewares\cors.middleware.js:8:11)
    at C:\Users\yosef\OneDrive\Desktop\NTI\Ecommerce Backend\node_modules\cors\lib\index.js:219:13
15-05-2026 23:04:06 |ERROR| Error | GET | /uploads/1778872514763-a.png : can't find /uploads/1778872514763-a.png 
Error: can't find /uploads/1778872514763-a.png
    at C:\Users\yosef\OneDrive\Desktop\NTI\Ecommerce Backend\server.js:29:7
    at Layer.handleRequest (C:\Users\yosef\OneDrive\Desktop\NTI\Ecommerce Backend\node_modules\router\lib\layer.js:152:17)
    at trimPrefix (C:\Users\yosef\OneDrive\Desktop\NTI\Ecommerce Backend\node_modules\router\index.js:342:13)
    at C:\Users\yosef\OneDrive\Desktop\NTI\Ecommerce Backend\node_modules\router\index.js:297:9
    at processParams (C:\Users\yosef\OneDrive\Desktop\NTI\Ecommerce Backend\node_modules\router\index.js:582:12)
    at next (C:\Users\yosef\OneDrive\Desktop\NTI\Ecommerce Backend\node_modules\router\index.js:291:5)
    at cors (C:\Users\yosef\OneDrive\Desktop\NTI\Ecommerce Backend\node_modules\cors\lib\index.js:188:7)
    at C:\Users\yosef\OneDrive\Desktop\NTI\Ecommerce Backend\node_modules\cors\lib\index.js:224:17
    at origin (C:\Users\yosef\OneDrive\Desktop\NTI\Ecommerce Backend\middlewares\cors.middleware.js:8:11)
    at C:\Users\yosef\OneDrive\Desktop\NTI\Ecommerce Backend\node_modules\cors\lib\index.js:219:13
15-05-2026 23:04:06 |ERROR| Error | GET | /uploads/1778872483665-a.png : can't find /uploads/1778872483665-a.png 
Error: can't find /uploads/1778872483665-a.png
    at C:\Users\yosef\OneDrive\Desktop\NTI\Ecommerce Backend\server.js:29:7
    at Layer.handleRequest (C:\Users\yosef\OneDrive\Desktop\NTI\Ecommerce Backend\node_modules\router\lib\layer.js:152:17)
    at trimPrefix (C:\Users\yosef\OneDrive\Desktop\NTI\Ecommerce Backend\node_modules\router\index.js:342:13)
    at C:\Users\yosef\OneDrive\Desktop\NTI\Ecommerce Backend\node_modules\router\index.js:297:9
    at processParams (C:\Users\yosef\OneDrive\Desktop\NTI\Ecommerce Backend\node_modules\router\index.js:582:12)
    at next (C:\Users\yosef\OneDrive\Desktop\NTI\Ecommerce Backend\node_modules\router\index.js:291:5)
    at cors (C:\Users\yosef\OneDrive\Desktop\NTI\Ecommerce Backend\node_modules\cors\lib\index.js:188:7)
    at C:\Users\yosef\OneDrive\Desktop\NTI\Ecommerce Backend\node_modules\cors\lib\index.js:224:17
    at origin (C:\Users\yosef\OneDrive\Desktop\NTI\Ecommerce Backend\middlewares\cors.middleware.js:8:11)
    at C:\Users\yosef\OneDrive\Desktop\NTI\Ecommerce Backend\node_modules\cors\lib\index.js:219:13
15-05-2026 23:04:06 |ERROR| Error | GET | /uploads/1778872457977-a.png : can't find /uploads/1778872457977-a.png 
Error: can't find /uploads/1778872457977-a.png
    at C:\Users\yosef\OneDrive\Desktop\NTI\Ecommerce Backend\server.js:29:7
    at Layer.handleRequest (C:\Users\yosef\OneDrive\Desktop\NTI\Ecommerce Backend\node_modules\router\lib\layer.js:152:17)
    at trimPrefix (C:\Users\yosef\OneDrive\Desktop\NTI\Ecommerce Backend\node_modules\router\index.js:342:13)
    at C:\Users\yosef\OneDrive\Desktop\NTI\Ecommerce Backend\node_modules\router\index.js:297:9
    at processParams (C:\Users\yosef\OneDrive\Desktop\NTI\Ecommerce Backend\node_modules\router\index.js:582:12)
    at next (C:\Users\yosef\OneDrive\Desktop\NTI\Ecommerce Backend\node_modules\router\index.js:291:5)
    at cors (C:\Users\yosef\OneDrive\Desktop\NTI\Ecommerce Backend\node_modules\cors\lib\index.js:188:7)
    at C:\Users\yosef\OneDrive\Desktop\NTI\Ecommerce Backend\node_modules\cors\lib\index.js:224:17
    at origin (C:\Users\yosef\OneDrive\Desktop\NTI\Ecommerce Backend\middlewares\cors.middleware.js:8:11)
    at C:\Users\yosef\OneDrive\Desktop\NTI\Ecommerce Backend\node_modules\cors\lib\index.js:219:13
15-05-2026 23:04:13 |INFO| Reviews are listed! 
15-05-2026 23:04:13 |INFO| Products listed! 
15-05-2026 23:04:13 |ERROR| Error | GET | /uploads/1778872542491-a.png : can't find /uploads/1778872542491-a.png 
Error: can't find /uploads/1778872542491-a.png
    at C:\Users\yosef\OneDrive\Desktop\NTI\Ecommerce Backend\server.js:29:7
    at Layer.handleRequest (C:\Users\yosef\OneDrive\Desktop\NTI\Ecommerce Backend\node_modules\router\lib\layer.js:152:17)
    at trimPrefix (C:\Users\yosef\OneDrive\Desktop\NTI\Ecommerce Backend\node_modules\router\index.js:342:13)
    at C:\Users\yosef\OneDrive\Desktop\NTI\Ecommerce Backend\node_modules\router\index.js:297:9
    at processParams (C:\Users\yosef\OneDrive\Desktop\NTI\Ecommerce Backend\node_modules\router\index.js:582:12)
    at next (C:\Users\yosef\OneDrive\Desktop\NTI\Ecommerce Backend\node_modules\router\index.js:291:5)
    at cors (C:\Users\yosef\OneDrive\Desktop\NTI\Ecommerce Backend\node_modules\cors\lib\index.js:188:7)
    at C:\Users\yosef\OneDrive\Desktop\NTI\Ecommerce Backend\node_modules\cors\lib\index.js:224:17
    at origin (C:\Users\yosef\OneDrive\Desktop\NTI\Ecommerce Backend\middlewares\cors.middleware.js:8:11)
    at C:\Users\yosef\OneDrive\Desktop\NTI\Ecommerce Backend\node_modules\cors\lib\index.js:219:13
15-05-2026 23:04:13 |ERROR| Error | GET | /uploads/1778872514763-a.png : can't find /uploads/1778872514763-a.png 
Error: can't find /uploads/1778872514763-a.png
    at C:\Users\yosef\OneDrive\Desktop\NTI\Ecommerce Backend\server.js:29:7
    at Layer.handleRequest (C:\Users\yosef\OneDrive\Desktop\NTI\Ecommerce Backend\node_modules\router\lib\layer.js:152:17)
    at trimPrefix (C:\Users\yosef\OneDrive\Desktop\NTI\Ecommerce Backend\node_modules\router\index.js:342:13)
    at C:\Users\yosef\OneDrive\Desktop\NTI\Ecommerce Backend\node_modules\router\index.js:297:9
    at processParams (C:\Users\yosef\OneDrive\Desktop\NTI\Ecommerce Backend\node_modules\router\index.js:582:12)
    at next (C:\Users\yosef\OneDrive\Desktop\NTI\Ecommerce Backend\node_modules\router\index.js:291:5)
    at cors (C:\Users\yosef\OneDrive\Desktop\NTI\Ecommerce Backend\node_modules\cors\lib\index.js:188:7)
    at C:\Users\yosef\OneDrive\Desktop\NTI\Ecommerce Backend\node_modules\cors\lib\index.js:224:17
    at origin (C:\Users\yosef\OneDrive\Desktop\NTI\Ecommerce Backend\middlewares\cors.middleware.js:8:11)
    at C:\Users\yosef\OneDrive\Desktop\NTI\Ecommerce Backend\node_modules\cors\lib\index.js:219:13
15-05-2026 23:04:13 |ERROR| Error | GET | /uploads/1778872483665-a.png : can't find /uploads/1778872483665-a.png 
Error: can't find /uploads/1778872483665-a.png
    at C:\Users\yosef\OneDrive\Desktop\NTI\Ecommerce Backend\server.js:29:7
    at Layer.handleRequest (C:\Users\yosef\OneDrive\Desktop\NTI\Ecommerce Backend\node_modules\router\lib\layer.js:152:17)
    at trimPrefix (C:\Users\yosef\OneDrive\Desktop\NTI\Ecommerce Backend\node_modules\router\index.js:342:13)
    at C:\Users\yosef\OneDrive\Desktop\NTI\Ecommerce Backend\node_modules\router\index.js:297:9
    at processParams (C:\Users\yosef\OneDrive\Desktop\NTI\Ecommerce Backend\node_modules\router\index.js:582:12)
    at next (C:\Users\yosef\OneDrive\Desktop\NTI\Ecommerce Backend\node_modules\router\index.js:291:5)
    at cors (C:\Users\yosef\OneDrive\Desktop\NTI\Ecommerce Backend\node_modules\cors\lib\index.js:188:7)
    at C:\Users\yosef\OneDrive\Desktop\NTI\Ecommerce Backend\node_modules\cors\lib\index.js:224:17
    at origin (C:\Users\yosef\OneDrive\Desktop\NTI\Ecommerce Backend\middlewares\cors.middleware.js:8:11)
    at C:\Users\yosef\OneDrive\Desktop\NTI\Ecommerce Backend\node_modules\cors\lib\index.js:219:13
15-05-2026 23:04:13 |ERROR| Error | GET | /uploads/1778872457977-a.png : can't find /uploads/1778872457977-a.png 
Error: can't find /uploads/1778872457977-a.png
    at C:\Users\yosef\OneDrive\Desktop\NTI\Ecommerce Backend\server.js:29:7
    at Layer.handleRequest (C:\Users\yosef\OneDrive\Desktop\NTI\Ecommerce Backend\node_modules\router\lib\layer.js:152:17)
    at trimPrefix (C:\Users\yosef\OneDrive\Desktop\NTI\Ecommerce Backend\node_modules\router\index.js:342:13)
    at C:\Users\yosef\OneDrive\Desktop\NTI\Ecommerce Backend\node_modules\router\index.js:297:9
    at processParams (C:\Users\yosef\OneDrive\Desktop\NTI\Ecommerce Backend\node_modules\router\index.js:582:12)
    at next (C:\Users\yosef\OneDrive\Desktop\NTI\Ecommerce Backend\node_modules\router\index.js:291:5)
    at cors (C:\Users\yosef\OneDrive\Desktop\NTI\Ecommerce Backend\node_modules\cors\lib\index.js:188:7)
    at C:\Users\yosef\OneDrive\Desktop\NTI\Ecommerce Backend\node_modules\cors\lib\index.js:224:17
    at origin (C:\Users\yosef\OneDrive\Desktop\NTI\Ecommerce Backend\middlewares\cors.middleware.js:8:11)
    at C:\Users\yosef\OneDrive\Desktop\NTI\Ecommerce Backend\node_modules\cors\lib\index.js:219:13
15-05-2026 23:04:14 |INFO| Category listed! 
15-05-2026 23:04:14 |INFO| Products listed! 
15-05-2026 23:04:17 |INFO| Reviews are listed! 
15-05-2026 23:04:17 |INFO| Products listed! 
15-05-2026 23:04:17 |ERROR| Error | GET | /uploads/1778872542491-a.png : can't find /uploads/1778872542491-a.png 
Error: can't find /uploads/1778872542491-a.png
    at C:\Users\yosef\OneDrive\Desktop\NTI\Ecommerce Backend\server.js:29:7
    at Layer.handleRequest (C:\Users\yosef\OneDrive\Desktop\NTI\Ecommerce Backend\node_modules\router\lib\layer.js:152:17)
    at trimPrefix (C:\Users\yosef\OneDrive\Desktop\NTI\Ecommerce Backend\node_modules\router\index.js:342:13)
    at C:\Users\yosef\OneDrive\Desktop\NTI\Ecommerce Backend\node_modules\router\index.js:297:9
    at processParams (C:\Users\yosef\OneDrive\Desktop\NTI\Ecommerce Backend\node_modules\router\index.js:582:12)
    at next (C:\Users\yosef\OneDrive\Desktop\NTI\Ecommerce Backend\node_modules\router\index.js:291:5)
    at cors (C:\Users\yosef\OneDrive\Desktop\NTI\Ecommerce Backend\node_modules\cors\lib\index.js:188:7)
    at C:\Users\yosef\OneDrive\Desktop\NTI\Ecommerce Backend\node_modules\cors\lib\index.js:224:17
    at origin (C:\Users\yosef\OneDrive\Desktop\NTI\Ecommerce Backend\middlewares\cors.middleware.js:8:11)
    at C:\Users\yosef\OneDrive\Desktop\NTI\Ecommerce Backend\node_modules\cors\lib\index.js:219:13
15-05-2026 23:04:17 |ERROR| Error | GET | /uploads/1778872514763-a.png : can't find /uploads/1778872514763-a.png 
Error: can't find /uploads/1778872514763-a.png
    at C:\Users\yosef\OneDrive\Desktop\NTI\Ecommerce Backend\server.js:29:7
    at Layer.handleRequest (C:\Users\yosef\OneDrive\Desktop\NTI\Ecommerce Backend\node_modules\router\lib\layer.js:152:17)
    at trimPrefix (C:\Users\yosef\OneDrive\Desktop\NTI\Ecommerce Backend\node_modules\router\index.js:342:13)
    at C:\Users\yosef\OneDrive\Desktop\NTI\Ecommerce Backend\node_modules\router\index.js:297:9
    at processParams (C:\Users\yosef\OneDrive\Desktop\NTI\Ecommerce Backend\node_modules\router\index.js:582:12)
    at next (C:\Users\yosef\OneDrive\Desktop\NTI\Ecommerce Backend\node_modules\router\index.js:291:5)
    at cors (C:\Users\yosef\OneDrive\Desktop\NTI\Ecommerce Backend\node_modules\cors\lib\index.js:188:7)
    at C:\Users\yosef\OneDrive\Desktop\NTI\Ecommerce Backend\node_modules\cors\lib\index.js:224:17
    at origin (C:\Users\yosef\OneDrive\Desktop\NTI\Ecommerce Backend\middlewares\cors.middleware.js:8:11)
    at C:\Users\yosef\OneDrive\Desktop\NTI\Ecommerce Backend\node_modules\cors\lib\index.js:219:13
15-05-2026 23:04:17 |ERROR| Error | GET | /uploads/1778872483665-a.png : can't find /uploads/1778872483665-a.png 
Error: can't find /uploads/1778872483665-a.png
    at C:\Users\yosef\OneDrive\Desktop\NTI\Ecommerce Backend\server.js:29:7
    at Layer.handleRequest (C:\Users\yosef\OneDrive\Desktop\NTI\Ecommerce Backend\node_modules\router\lib\layer.js:152:17)
    at trimPrefix (C:\Users\yosef\OneDrive\Desktop\NTI\Ecommerce Backend\node_modules\router\index.js:342:13)
    at C:\Users\yosef\OneDrive\Desktop\NTI\Ecommerce Backend\node_modules\router\index.js:297:9
    at processParams (C:\Users\yosef\OneDrive\Desktop\NTI\Ecommerce Backend\node_modules\router\index.js:582:12)
    at next (C:\Users\yosef\OneDrive\Desktop\NTI\Ecommerce Backend\node_modules\router\index.js:291:5)
    at cors (C:\Users\yosef\OneDrive\Desktop\NTI\Ecommerce Backend\node_modules\cors\lib\index.js:188:7)
    at C:\Users\yosef\OneDrive\Desktop\NTI\Ecommerce Backend\node_modules\cors\lib\index.js:224:17
    at origin (C:\Users\yosef\OneDrive\Desktop\NTI\Ecommerce Backend\middlewares\cors.middleware.js:8:11)
    at C:\Users\yosef\OneDrive\Desktop\NTI\Ecommerce Backend\node_modules\cors\lib\index.js:219:13
15-05-2026 23:04:17 |ERROR| Error | GET | /uploads/1778872457977-a.png : can't find /uploads/1778872457977-a.png 
Error: can't find /uploads/1778872457977-a.png
    at C:\Users\yosef\OneDrive\Desktop\NTI\Ecommerce Backend\server.js:29:7
    at Layer.handleRequest (C:\Users\yosef\OneDrive\Desktop\NTI\Ecommerce Backend\node_modules\router\lib\layer.js:152:17)
    at trimPrefix (C:\Users\yosef\OneDrive\Desktop\NTI\Ecommerce Backend\node_modules\router\index.js:342:13)
    at C:\Users\yosef\OneDrive\Desktop\NTI\Ecommerce Backend\node_modules\router\index.js:297:9
    at processParams (C:\Users\yosef\OneDrive\Desktop\NTI\Ecommerce Backend\node_modules\router\index.js:582:12)
    at next (C:\Users\yosef\OneDrive\Desktop\NTI\Ecommerce Backend\node_modules\router\index.js:291:5)
    at cors (C:\Users\yosef\OneDrive\Desktop\NTI\Ecommerce Backend\node_modules\cors\lib\index.js:188:7)
    at C:\Users\yosef\OneDrive\Desktop\NTI\Ecommerce Backend\node_modules\cors\lib\index.js:224:17
    at origin (C:\Users\yosef\OneDrive\Desktop\NTI\Ecommerce Backend\middlewares\cors.middleware.js:8:11)
    at C:\Users\yosef\OneDrive\Desktop\NTI\Ecommerce Backend\node_modules\cors\lib\index.js:219:13
15-05-2026 23:04:53 |INFO| Category listed! 
15-05-2026 23:04:53 |INFO| Products listed! 
15-05-2026 23:05:05 |INFO| Products listed! 
15-05-2026 23:05:19 |INFO| Products listed! 
15-05-2026 23:05:22 |INFO| Products listed! 
15-05-2026 23:05:26 |INFO| Products listed! 
15-05-2026 23:05:31 |INFO| Product listed! 
15-05-2026 23:05:52 |INFO| Cart merged! 
15-05-2026 23:05:52 |INFO| Cart listed! 
15-05-2026 23:05:52 |INFO| Reviews are listed! 
15-05-2026 23:05:52 |INFO| Products listed! 
15-05-2026 23:05:52 |ERROR| Error | GET | /uploads/1778872542491-a.png : can't find /uploads/1778872542491-a.png 
Error: can't find /uploads/1778872542491-a.png
    at C:\Users\yosef\OneDrive\Desktop\NTI\Ecommerce Backend\server.js:29:7
    at Layer.handleRequest (C:\Users\yosef\OneDrive\Desktop\NTI\Ecommerce Backend\node_modules\router\lib\layer.js:152:17)
    at trimPrefix (C:\Users\yosef\OneDrive\Desktop\NTI\Ecommerce Backend\node_modules\router\index.js:342:13)
    at C:\Users\yosef\OneDrive\Desktop\NTI\Ecommerce Backend\node_modules\router\index.js:297:9
    at processParams (C:\Users\yosef\OneDrive\Desktop\NTI\Ecommerce Backend\node_modules\router\index.js:582:12)
    at next (C:\Users\yosef\OneDrive\Desktop\NTI\Ecommerce Backend\node_modules\router\index.js:291:5)
    at cors (C:\Users\yosef\OneDrive\Desktop\NTI\Ecommerce Backend\node_modules\cors\lib\index.js:188:7)
    at C:\Users\yosef\OneDrive\Desktop\NTI\Ecommerce Backend\node_modules\cors\lib\index.js:224:17
    at origin (C:\Users\yosef\OneDrive\Desktop\NTI\Ecommerce Backend\middlewares\cors.middleware.js:8:11)
    at C:\Users\yosef\OneDrive\Desktop\NTI\Ecommerce Backend\node_modules\cors\lib\index.js:219:13
15-05-2026 23:05:52 |ERROR| Error | GET | /uploads/1778872514763-a.png : can't find /uploads/1778872514763-a.png 
Error: can't find /uploads/1778872514763-a.png
    at C:\Users\yosef\OneDrive\Desktop\NTI\Ecommerce Backend\server.js:29:7
    at Layer.handleRequest (C:\Users\yosef\OneDrive\Desktop\NTI\Ecommerce Backend\node_modules\router\lib\layer.js:152:17)
    at trimPrefix (C:\Users\yosef\OneDrive\Desktop\NTI\Ecommerce Backend\node_modules\router\index.js:342:13)
    at C:\Users\yosef\OneDrive\Desktop\NTI\Ecommerce Backend\node_modules\router\index.js:297:9
    at processParams (C:\Users\yosef\OneDrive\Desktop\NTI\Ecommerce Backend\node_modules\router\index.js:582:12)
    at next (C:\Users\yosef\OneDrive\Desktop\NTI\Ecommerce Backend\node_modules\router\index.js:291:5)
    at cors (C:\Users\yosef\OneDrive\Desktop\NTI\Ecommerce Backend\node_modules\cors\lib\index.js:188:7)
    at C:\Users\yosef\OneDrive\Desktop\NTI\Ecommerce Backend\node_modules\cors\lib\index.js:224:17
    at origin (C:\Users\yosef\OneDrive\Desktop\NTI\Ecommerce Backend\middlewares\cors.middleware.js:8:11)
    at C:\Users\yosef\OneDrive\Desktop\NTI\Ecommerce Backend\node_modules\cors\lib\index.js:219:13
15-05-2026 23:05:52 |ERROR| Error | GET | /uploads/1778872483665-a.png : can't find /uploads/1778872483665-a.png 
Error: can't find /uploads/1778872483665-a.png
    at C:\Users\yosef\OneDrive\Desktop\NTI\Ecommerce Backend\server.js:29:7
    at Layer.handleRequest (C:\Users\yosef\OneDrive\Desktop\NTI\Ecommerce Backend\node_modules\router\lib\layer.js:152:17)
    at trimPrefix (C:\Users\yosef\OneDrive\Desktop\NTI\Ecommerce Backend\node_modules\router\index.js:342:13)
    at C:\Users\yosef\OneDrive\Desktop\NTI\Ecommerce Backend\node_modules\router\index.js:297:9
    at processParams (C:\Users\yosef\OneDrive\Desktop\NTI\Ecommerce Backend\node_modules\router\index.js:582:12)
    at next (C:\Users\yosef\OneDrive\Desktop\NTI\Ecommerce Backend\node_modules\router\index.js:291:5)
    at cors (C:\Users\yosef\OneDrive\Desktop\NTI\Ecommerce Backend\node_modules\cors\lib\index.js:188:7)
    at C:\Users\yosef\OneDrive\Desktop\NTI\Ecommerce Backend\node_modules\cors\lib\index.js:224:17
    at origin (C:\Users\yosef\OneDrive\Desktop\NTI\Ecommerce Backend\middlewares\cors.middleware.js:8:11)
    at C:\Users\yosef\OneDrive\Desktop\NTI\Ecommerce Backend\node_modules\cors\lib\index.js:219:13
15-05-2026 23:05:52 |ERROR| Error | GET | /uploads/1778872457977-a.png : can't find /uploads/1778872457977-a.png 
Error: can't find /uploads/1778872457977-a.png
    at C:\Users\yosef\OneDrive\Desktop\NTI\Ecommerce Backend\server.js:29:7
    at Layer.handleRequest (C:\Users\yosef\OneDrive\Desktop\NTI\Ecommerce Backend\node_modules\router\lib\layer.js:152:17)
    at trimPrefix (C:\Users\yosef\OneDrive\Desktop\NTI\Ecommerce Backend\node_modules\router\index.js:342:13)
    at C:\Users\yosef\OneDrive\Desktop\NTI\Ecommerce Backend\node_modules\router\index.js:297:9
    at processParams (C:\Users\yosef\OneDrive\Desktop\NTI\Ecommerce Backend\node_modules\router\index.js:582:12)
    at next (C:\Users\yosef\OneDrive\Desktop\NTI\Ecommerce Backend\node_modules\router\index.js:291:5)
    at cors (C:\Users\yosef\OneDrive\Desktop\NTI\Ecommerce Backend\node_modules\cors\lib\index.js:188:7)
    at C:\Users\yosef\OneDrive\Desktop\NTI\Ecommerce Backend\node_modules\cors\lib\index.js:224:17
    at origin (C:\Users\yosef\OneDrive\Desktop\NTI\Ecommerce Backend\middlewares\cors.middleware.js:8:11)
    at C:\Users\yosef\OneDrive\Desktop\NTI\Ecommerce Backend\node_modules\cors\lib\index.js:219:13
15-05-2026 23:05:54 |INFO| Cart listed! 
15-05-2026 23:06:08 |INFO| Orders is listed! 
15-05-2026 23:06:09 |INFO| Orders is listed! 
15-05-2026 23:06:12 |INFO| Orders is listed! 
16-05-2026 21:56:48 |INFO| Reviews are listed! 
16-05-2026 21:56:48 |INFO| Products listed! 
16-05-2026 21:56:48 |ERROR| Error | GET | /uploads/1778872542491-a.png : can't find /uploads/1778872542491-a.png 
Error: can't find /uploads/1778872542491-a.png
    at C:\Users\yosef\OneDrive\Desktop\NTI\Ecommerce Backend\server.js:29:7
    at Layer.handleRequest (C:\Users\yosef\OneDrive\Desktop\NTI\Ecommerce Backend\node_modules\router\lib\layer.js:152:17)
    at trimPrefix (C:\Users\yosef\OneDrive\Desktop\NTI\Ecommerce Backend\node_modules\router\index.js:342:13)
    at C:\Users\yosef\OneDrive\Desktop\NTI\Ecommerce Backend\node_modules\router\index.js:297:9
    at processParams (C:\Users\yosef\OneDrive\Desktop\NTI\Ecommerce Backend\node_modules\router\index.js:582:12)
    at next (C:\Users\yosef\OneDrive\Desktop\NTI\Ecommerce Backend\node_modules\router\index.js:291:5)
    at cors (C:\Users\yosef\OneDrive\Desktop\NTI\Ecommerce Backend\node_modules\cors\lib\index.js:188:7)
    at C:\Users\yosef\OneDrive\Desktop\NTI\Ecommerce Backend\node_modules\cors\lib\index.js:224:17
    at origin (C:\Users\yosef\OneDrive\Desktop\NTI\Ecommerce Backend\middlewares\cors.middleware.js:8:11)
    at C:\Users\yosef\OneDrive\Desktop\NTI\Ecommerce Backend\node_modules\cors\lib\index.js:219:13
16-05-2026 21:56:48 |ERROR| Error | GET | /uploads/1778872514763-a.png : can't find /uploads/1778872514763-a.png 
Error: can't find /uploads/1778872514763-a.png
    at C:\Users\yosef\OneDrive\Desktop\NTI\Ecommerce Backend\server.js:29:7
    at Layer.handleRequest (C:\Users\yosef\OneDrive\Desktop\NTI\Ecommerce Backend\node_modules\router\lib\layer.js:152:17)
    at trimPrefix (C:\Users\yosef\OneDrive\Desktop\NTI\Ecommerce Backend\node_modules\router\index.js:342:13)
    at C:\Users\yosef\OneDrive\Desktop\NTI\Ecommerce Backend\node_modules\router\index.js:297:9
    at processParams (C:\Users\yosef\OneDrive\Desktop\NTI\Ecommerce Backend\node_modules\router\index.js:582:12)
    at next (C:\Users\yosef\OneDrive\Desktop\NTI\Ecommerce Backend\node_modules\router\index.js:291:5)
    at cors (C:\Users\yosef\OneDrive\Desktop\NTI\Ecommerce Backend\node_modules\cors\lib\index.js:188:7)
    at C:\Users\yosef\OneDrive\Desktop\NTI\Ecommerce Backend\node_modules\cors\lib\index.js:224:17
    at origin (C:\Users\yosef\OneDrive\Desktop\NTI\Ecommerce Backend\middlewares\cors.middleware.js:8:11)
    at C:\Users\yosef\OneDrive\Desktop\NTI\Ecommerce Backend\node_modules\cors\lib\index.js:219:13
16-05-2026 21:56:48 |ERROR| Error | GET | /uploads/1778872483665-a.png : can't find /uploads/1778872483665-a.png 
Error: can't find /uploads/1778872483665-a.png
    at C:\Users\yosef\OneDrive\Desktop\NTI\Ecommerce Backend\server.js:29:7
    at Layer.handleRequest (C:\Users\yosef\OneDrive\Desktop\NTI\Ecommerce Backend\node_modules\router\lib\layer.js:152:17)
    at trimPrefix (C:\Users\yosef\OneDrive\Desktop\NTI\Ecommerce Backend\node_modules\router\index.js:342:13)
    at C:\Users\yosef\OneDrive\Desktop\NTI\Ecommerce Backend\node_modules\router\index.js:297:9
    at processParams (C:\Users\yosef\OneDrive\Desktop\NTI\Ecommerce Backend\node_modules\router\index.js:582:12)
    at next (C:\Users\yosef\OneDrive\Desktop\NTI\Ecommerce Backend\node_modules\router\index.js:291:5)
    at cors (C:\Users\yosef\OneDrive\Desktop\NTI\Ecommerce Backend\node_modules\cors\lib\index.js:188:7)
    at C:\Users\yosef\OneDrive\Desktop\NTI\Ecommerce Backend\node_modules\cors\lib\index.js:224:17
    at origin (C:\Users\yosef\OneDrive\Desktop\NTI\Ecommerce Backend\middlewares\cors.middleware.js:8:11)
    at C:\Users\yosef\OneDrive\Desktop\NTI\Ecommerce Backend\node_modules\cors\lib\index.js:219:13
16-05-2026 21:56:48 |ERROR| Error | GET | /uploads/1778872457977-a.png : can't find /uploads/1778872457977-a.png 
Error: can't find /uploads/1778872457977-a.png
    at C:\Users\yosef\OneDrive\Desktop\NTI\Ecommerce Backend\server.js:29:7
    at Layer.handleRequest (C:\Users\yosef\OneDrive\Desktop\NTI\Ecommerce Backend\node_modules\router\lib\layer.js:152:17)
    at trimPrefix (C:\Users\yosef\OneDrive\Desktop\NTI\Ecommerce Backend\node_modules\router\index.js:342:13)
    at C:\Users\yosef\OneDrive\Desktop\NTI\Ecommerce Backend\node_modules\router\index.js:297:9
    at processParams (C:\Users\yosef\OneDrive\Desktop\NTI\Ecommerce Backend\node_modules\router\index.js:582:12)
    at next (C:\Users\yosef\OneDrive\Desktop\NTI\Ecommerce Backend\node_modules\router\index.js:291:5)
    at cors (C:\Users\yosef\OneDrive\Desktop\NTI\Ecommerce Backend\node_modules\cors\lib\index.js:188:7)
    at C:\Users\yosef\OneDrive\Desktop\NTI\Ecommerce Backend\node_modules\cors\lib\index.js:224:17
    at origin (C:\Users\yosef\OneDrive\Desktop\NTI\Ecommerce Backend\middlewares\cors.middleware.js:8:11)
    at C:\Users\yosef\OneDrive\Desktop\NTI\Ecommerce Backend\node_modules\cors\lib\index.js:219:13
16-05-2026 21:56:58 |INFO| Category listed! 
16-05-2026 21:56:58 |INFO| Products listed! 
16-05-2026 21:57:07 |INFO| Products listed! 
16-05-2026 21:57:14 |INFO| Products listed! 
16-05-2026 21:57:19 |INFO| Products listed! 
16-05-2026 21:57:25 |INFO| Products listed! 
16-05-2026 21:57:28 |INFO| Reviews are listed! 
16-05-2026 21:57:28 |INFO| Products listed! 
16-05-2026 21:57:28 |ERROR| Error | GET | /uploads/1778872542491-a.png : can't find /uploads/1778872542491-a.png 
Error: can't find /uploads/1778872542491-a.png
    at C:\Users\yosef\OneDrive\Desktop\NTI\Ecommerce Backend\server.js:29:7
    at Layer.handleRequest (C:\Users\yosef\OneDrive\Desktop\NTI\Ecommerce Backend\node_modules\router\lib\layer.js:152:17)
    at trimPrefix (C:\Users\yosef\OneDrive\Desktop\NTI\Ecommerce Backend\node_modules\router\index.js:342:13)
    at C:\Users\yosef\OneDrive\Desktop\NTI\Ecommerce Backend\node_modules\router\index.js:297:9
    at processParams (C:\Users\yosef\OneDrive\Desktop\NTI\Ecommerce Backend\node_modules\router\index.js:582:12)
    at next (C:\Users\yosef\OneDrive\Desktop\NTI\Ecommerce Backend\node_modules\router\index.js:291:5)
    at cors (C:\Users\yosef\OneDrive\Desktop\NTI\Ecommerce Backend\node_modules\cors\lib\index.js:188:7)
    at C:\Users\yosef\OneDrive\Desktop\NTI\Ecommerce Backend\node_modules\cors\lib\index.js:224:17
    at origin (C:\Users\yosef\OneDrive\Desktop\NTI\Ecommerce Backend\middlewares\cors.middleware.js:8:11)
    at C:\Users\yosef\OneDrive\Desktop\NTI\Ecommerce Backend\node_modules\cors\lib\index.js:219:13
16-05-2026 21:57:28 |ERROR| Error | GET | /uploads/1778872514763-a.png : can't find /uploads/1778872514763-a.png 
Error: can't find /uploads/1778872514763-a.png
    at C:\Users\yosef\OneDrive\Desktop\NTI\Ecommerce Backend\server.js:29:7
    at Layer.handleRequest (C:\Users\yosef\OneDrive\Desktop\NTI\Ecommerce Backend\node_modules\router\lib\layer.js:152:17)
    at trimPrefix (C:\Users\yosef\OneDrive\Desktop\NTI\Ecommerce Backend\node_modules\router\index.js:342:13)
    at C:\Users\yosef\OneDrive\Desktop\NTI\Ecommerce Backend\node_modules\router\index.js:297:9
    at processParams (C:\Users\yosef\OneDrive\Desktop\NTI\Ecommerce Backend\node_modules\router\index.js:582:12)
    at next (C:\Users\yosef\OneDrive\Desktop\NTI\Ecommerce Backend\node_modules\router\index.js:291:5)
    at cors (C:\Users\yosef\OneDrive\Desktop\NTI\Ecommerce Backend\node_modules\cors\lib\index.js:188:7)
    at C:\Users\yosef\OneDrive\Desktop\NTI\Ecommerce Backend\node_modules\cors\lib\index.js:224:17
    at origin (C:\Users\yosef\OneDrive\Desktop\NTI\Ecommerce Backend\middlewares\cors.middleware.js:8:11)
    at C:\Users\yosef\OneDrive\Desktop\NTI\Ecommerce Backend\node_modules\cors\lib\index.js:219:13
16-05-2026 21:57:28 |ERROR| Error | GET | /uploads/1778872483665-a.png : can't find /uploads/1778872483665-a.png 
Error: can't find /uploads/1778872483665-a.png
    at C:\Users\yosef\OneDrive\Desktop\NTI\Ecommerce Backend\server.js:29:7
    at Layer.handleRequest (C:\Users\yosef\OneDrive\Desktop\NTI\Ecommerce Backend\node_modules\router\lib\layer.js:152:17)
    at trimPrefix (C:\Users\yosef\OneDrive\Desktop\NTI\Ecommerce Backend\node_modules\router\index.js:342:13)
    at C:\Users\yosef\OneDrive\Desktop\NTI\Ecommerce Backend\node_modules\router\index.js:297:9
    at processParams (C:\Users\yosef\OneDrive\Desktop\NTI\Ecommerce Backend\node_modules\router\index.js:582:12)
    at next (C:\Users\yosef\OneDrive\Desktop\NTI\Ecommerce Backend\node_modules\router\index.js:291:5)
    at cors (C:\Users\yosef\OneDrive\Desktop\NTI\Ecommerce Backend\node_modules\cors\lib\index.js:188:7)
    at C:\Users\yosef\OneDrive\Desktop\NTI\Ecommerce Backend\node_modules\cors\lib\index.js:224:17
    at origin (C:\Users\yosef\OneDrive\Desktop\NTI\Ecommerce Backend\middlewares\cors.middleware.js:8:11)
    at C:\Users\yosef\OneDrive\Desktop\NTI\Ecommerce Backend\node_modules\cors\lib\index.js:219:13
16-05-2026 21:57:28 |ERROR| Error | GET | /uploads/1778872457977-a.png : can't find /uploads/1778872457977-a.png 
Error: can't find /uploads/1778872457977-a.png
    at C:\Users\yosef\OneDrive\Desktop\NTI\Ecommerce Backend\server.js:29:7
    at Layer.handleRequest (C:\Users\yosef\OneDrive\Desktop\NTI\Ecommerce Backend\node_modules\router\lib\layer.js:152:17)
    at trimPrefix (C:\Users\yosef\OneDrive\Desktop\NTI\Ecommerce Backend\node_modules\router\index.js:342:13)
    at C:\Users\yosef\OneDrive\Desktop\NTI\Ecommerce Backend\node_modules\router\index.js:297:9
    at processParams (C:\Users\yosef\OneDrive\Desktop\NTI\Ecommerce Backend\node_modules\router\index.js:582:12)
    at next (C:\Users\yosef\OneDrive\Desktop\NTI\Ecommerce Backend\node_modules\router\index.js:291:5)
    at cors (C:\Users\yosef\OneDrive\Desktop\NTI\Ecommerce Backend\node_modules\cors\lib\index.js:188:7)
    at C:\Users\yosef\OneDrive\Desktop\NTI\Ecommerce Backend\node_modules\cors\lib\index.js:224:17
    at origin (C:\Users\yosef\OneDrive\Desktop\NTI\Ecommerce Backend\middlewares\cors.middleware.js:8:11)
    at C:\Users\yosef\OneDrive\Desktop\NTI\Ecommerce Backend\node_modules\cors\lib\index.js:219:13
16-05-2026 21:57:32 |INFO| Product listed! 
16-05-2026 21:57:53 |INFO| Cart merged! 
16-05-2026 21:57:53 |INFO| Reviews are listed! 
16-05-2026 21:57:53 |INFO| Products listed! 
16-05-2026 21:57:53 |INFO| Cart listed! 
16-05-2026 21:57:53 |ERROR| Error | GET | /uploads/1778872542491-a.png : can't find /uploads/1778872542491-a.png 
Error: can't find /uploads/1778872542491-a.png
    at C:\Users\yosef\OneDrive\Desktop\NTI\Ecommerce Backend\server.js:29:7
    at Layer.handleRequest (C:\Users\yosef\OneDrive\Desktop\NTI\Ecommerce Backend\node_modules\router\lib\layer.js:152:17)
    at trimPrefix (C:\Users\yosef\OneDrive\Desktop\NTI\Ecommerce Backend\node_modules\router\index.js:342:13)
    at C:\Users\yosef\OneDrive\Desktop\NTI\Ecommerce Backend\node_modules\router\index.js:297:9
    at processParams (C:\Users\yosef\OneDrive\Desktop\NTI\Ecommerce Backend\node_modules\router\index.js:582:12)
    at next (C:\Users\yosef\OneDrive\Desktop\NTI\Ecommerce Backend\node_modules\router\index.js:291:5)
    at cors (C:\Users\yosef\OneDrive\Desktop\NTI\Ecommerce Backend\node_modules\cors\lib\index.js:188:7)
    at C:\Users\yosef\OneDrive\Desktop\NTI\Ecommerce Backend\node_modules\cors\lib\index.js:224:17
    at origin (C:\Users\yosef\OneDrive\Desktop\NTI\Ecommerce Backend\middlewares\cors.middleware.js:8:11)
    at C:\Users\yosef\OneDrive\Desktop\NTI\Ecommerce Backend\node_modules\cors\lib\index.js:219:13
16-05-2026 21:57:53 |ERROR| Error | GET | /uploads/1778872514763-a.png : can't find /uploads/1778872514763-a.png 
Error: can't find /uploads/1778872514763-a.png
    at C:\Users\yosef\OneDrive\Desktop\NTI\Ecommerce Backend\server.js:29:7
    at Layer.handleRequest (C:\Users\yosef\OneDrive\Desktop\NTI\Ecommerce Backend\node_modules\router\lib\layer.js:152:17)
    at trimPrefix (C:\Users\yosef\OneDrive\Desktop\NTI\Ecommerce Backend\node_modules\router\index.js:342:13)
    at C:\Users\yosef\OneDrive\Desktop\NTI\Ecommerce Backend\node_modules\router\index.js:297:9
    at processParams (C:\Users\yosef\OneDrive\Desktop\NTI\Ecommerce Backend\node_modules\router\index.js:582:12)
    at next (C:\Users\yosef\OneDrive\Desktop\NTI\Ecommerce Backend\node_modules\router\index.js:291:5)
    at cors (C:\Users\yosef\OneDrive\Desktop\NTI\Ecommerce Backend\node_modules\cors\lib\index.js:188:7)
    at C:\Users\yosef\OneDrive\Desktop\NTI\Ecommerce Backend\node_modules\cors\lib\index.js:224:17
    at origin (C:\Users\yosef\OneDrive\Desktop\NTI\Ecommerce Backend\middlewares\cors.middleware.js:8:11)
    at C:\Users\yosef\OneDrive\Desktop\NTI\Ecommerce Backend\node_modules\cors\lib\index.js:219:13
16-05-2026 21:57:53 |ERROR| Error | GET | /uploads/1778872483665-a.png : can't find /uploads/1778872483665-a.png 
Error: can't find /uploads/1778872483665-a.png
    at C:\Users\yosef\OneDrive\Desktop\NTI\Ecommerce Backend\server.js:29:7
    at Layer.handleRequest (C:\Users\yosef\OneDrive\Desktop\NTI\Ecommerce Backend\node_modules\router\lib\layer.js:152:17)
    at trimPrefix (C:\Users\yosef\OneDrive\Desktop\NTI\Ecommerce Backend\node_modules\router\index.js:342:13)
    at C:\Users\yosef\OneDrive\Desktop\NTI\Ecommerce Backend\node_modules\router\index.js:297:9
    at processParams (C:\Users\yosef\OneDrive\Desktop\NTI\Ecommerce Backend\node_modules\router\index.js:582:12)
    at next (C:\Users\yosef\OneDrive\Desktop\NTI\Ecommerce Backend\node_modules\router\index.js:291:5)
    at cors (C:\Users\yosef\OneDrive\Desktop\NTI\Ecommerce Backend\node_modules\cors\lib\index.js:188:7)
    at C:\Users\yosef\OneDrive\Desktop\NTI\Ecommerce Backend\node_modules\cors\lib\index.js:224:17
    at origin (C:\Users\yosef\OneDrive\Desktop\NTI\Ecommerce Backend\middlewares\cors.middleware.js:8:11)
    at C:\Users\yosef\OneDrive\Desktop\NTI\Ecommerce Backend\node_modules\cors\lib\index.js:219:13
16-05-2026 21:57:53 |ERROR| Error | GET | /uploads/1778872457977-a.png : can't find /uploads/1778872457977-a.png 
Error: can't find /uploads/1778872457977-a.png
    at C:\Users\yosef\OneDrive\Desktop\NTI\Ecommerce Backend\server.js:29:7
    at Layer.handleRequest (C:\Users\yosef\OneDrive\Desktop\NTI\Ecommerce Backend\node_modules\router\lib\layer.js:152:17)
    at trimPrefix (C:\Users\yosef\OneDrive\Desktop\NTI\Ecommerce Backend\node_modules\router\index.js:342:13)
    at C:\Users\yosef\OneDrive\Desktop\NTI\Ecommerce Backend\node_modules\router\index.js:297:9
    at processParams (C:\Users\yosef\OneDrive\Desktop\NTI\Ecommerce Backend\node_modules\router\index.js:582:12)
    at next (C:\Users\yosef\OneDrive\Desktop\NTI\Ecommerce Backend\node_modules\router\index.js:291:5)
    at cors (C:\Users\yosef\OneDrive\Desktop\NTI\Ecommerce Backend\node_modules\cors\lib\index.js:188:7)
    at C:\Users\yosef\OneDrive\Desktop\NTI\Ecommerce Backend\node_modules\cors\lib\index.js:224:17
    at origin (C:\Users\yosef\OneDrive\Desktop\NTI\Ecommerce Backend\middlewares\cors.middleware.js:8:11)
    at C:\Users\yosef\OneDrive\Desktop\NTI\Ecommerce Backend\node_modules\cors\lib\index.js:219:13
16-05-2026 21:57:55 |INFO| Cart listed! 
16-05-2026 21:57:57 |INFO| Cart Item is updated! 
16-05-2026 21:57:57 |INFO| Cart Item is updated! 
16-05-2026 21:57:57 |INFO| Cart Item is updated! 
16-05-2026 21:57:59 |INFO| Cart listed! 
16-05-2026 21:58:11 |INFO| Order is placed! 
16-05-2026 21:58:11 |INFO| Cart listed! 
16-05-2026 21:58:13 |INFO| Orders is listed! 
16-05-2026 21:58:32 |INFO| Reviews are listed! 
16-05-2026 21:58:32 |INFO| Products listed! 
16-05-2026 21:58:32 |ERROR| Error | GET | /uploads/1778872542491-a.png : can't find /uploads/1778872542491-a.png 
Error: can't find /uploads/1778872542491-a.png
    at C:\Users\yosef\OneDrive\Desktop\NTI\Ecommerce Backend\server.js:29:7
    at Layer.handleRequest (C:\Users\yosef\OneDrive\Desktop\NTI\Ecommerce Backend\node_modules\router\lib\layer.js:152:17)
    at trimPrefix (C:\Users\yosef\OneDrive\Desktop\NTI\Ecommerce Backend\node_modules\router\index.js:342:13)
    at C:\Users\yosef\OneDrive\Desktop\NTI\Ecommerce Backend\node_modules\router\index.js:297:9
    at processParams (C:\Users\yosef\OneDrive\Desktop\NTI\Ecommerce Backend\node_modules\router\index.js:582:12)
    at next (C:\Users\yosef\OneDrive\Desktop\NTI\Ecommerce Backend\node_modules\router\index.js:291:5)
    at cors (C:\Users\yosef\OneDrive\Desktop\NTI\Ecommerce Backend\node_modules\cors\lib\index.js:188:7)
    at C:\Users\yosef\OneDrive\Desktop\NTI\Ecommerce Backend\node_modules\cors\lib\index.js:224:17
    at origin (C:\Users\yosef\OneDrive\Desktop\NTI\Ecommerce Backend\middlewares\cors.middleware.js:8:11)
    at C:\Users\yosef\OneDrive\Desktop\NTI\Ecommerce Backend\node_modules\cors\lib\index.js:219:13
16-05-2026 21:58:32 |ERROR| Error | GET | /uploads/1778872514763-a.png : can't find /uploads/1778872514763-a.png 
Error: can't find /uploads/1778872514763-a.png
    at C:\Users\yosef\OneDrive\Desktop\NTI\Ecommerce Backend\server.js:29:7
    at Layer.handleRequest (C:\Users\yosef\OneDrive\Desktop\NTI\Ecommerce Backend\node_modules\router\lib\layer.js:152:17)
    at trimPrefix (C:\Users\yosef\OneDrive\Desktop\NTI\Ecommerce Backend\node_modules\router\index.js:342:13)
    at C:\Users\yosef\OneDrive\Desktop\NTI\Ecommerce Backend\node_modules\router\index.js:297:9
    at processParams (C:\Users\yosef\OneDrive\Desktop\NTI\Ecommerce Backend\node_modules\router\index.js:582:12)
    at next (C:\Users\yosef\OneDrive\Desktop\NTI\Ecommerce Backend\node_modules\router\index.js:291:5)
    at cors (C:\Users\yosef\OneDrive\Desktop\NTI\Ecommerce Backend\node_modules\cors\lib\index.js:188:7)
    at C:\Users\yosef\OneDrive\Desktop\NTI\Ecommerce Backend\node_modules\cors\lib\index.js:224:17
    at origin (C:\Users\yosef\OneDrive\Desktop\NTI\Ecommerce Backend\middlewares\cors.middleware.js:8:11)
    at C:\Users\yosef\OneDrive\Desktop\NTI\Ecommerce Backend\node_modules\cors\lib\index.js:219:13
16-05-2026 21:58:32 |ERROR| Error | GET | /uploads/1778872483665-a.png : can't find /uploads/1778872483665-a.png 
Error: can't find /uploads/1778872483665-a.png
    at C:\Users\yosef\OneDrive\Desktop\NTI\Ecommerce Backend\server.js:29:7
    at Layer.handleRequest (C:\Users\yosef\OneDrive\Desktop\NTI\Ecommerce Backend\node_modules\router\lib\layer.js:152:17)
    at trimPrefix (C:\Users\yosef\OneDrive\Desktop\NTI\Ecommerce Backend\node_modules\router\index.js:342:13)
    at C:\Users\yosef\OneDrive\Desktop\NTI\Ecommerce Backend\node_modules\router\index.js:297:9
    at processParams (C:\Users\yosef\OneDrive\Desktop\NTI\Ecommerce Backend\node_modules\router\index.js:582:12)
    at next (C:\Users\yosef\OneDrive\Desktop\NTI\Ecommerce Backend\node_modules\router\index.js:291:5)
    at cors (C:\Users\yosef\OneDrive\Desktop\NTI\Ecommerce Backend\node_modules\cors\lib\index.js:188:7)
    at C:\Users\yosef\OneDrive\Desktop\NTI\Ecommerce Backend\node_modules\cors\lib\index.js:224:17
    at origin (C:\Users\yosef\OneDrive\Desktop\NTI\Ecommerce Backend\middlewares\cors.middleware.js:8:11)
    at C:\Users\yosef\OneDrive\Desktop\NTI\Ecommerce Backend\node_modules\cors\lib\index.js:219:13
16-05-2026 21:58:32 |ERROR| Error | GET | /uploads/1778872457977-a.png : can't find /uploads/1778872457977-a.png 
Error: can't find /uploads/1778872457977-a.png
    at C:\Users\yosef\OneDrive\Desktop\NTI\Ecommerce Backend\server.js:29:7
    at Layer.handleRequest (C:\Users\yosef\OneDrive\Desktop\NTI\Ecommerce Backend\node_modules\router\lib\layer.js:152:17)
    at trimPrefix (C:\Users\yosef\OneDrive\Desktop\NTI\Ecommerce Backend\node_modules\router\index.js:342:13)
    at C:\Users\yosef\OneDrive\Desktop\NTI\Ecommerce Backend\node_modules\router\index.js:297:9
    at processParams (C:\Users\yosef\OneDrive\Desktop\NTI\Ecommerce Backend\node_modules\router\index.js:582:12)
    at next (C:\Users\yosef\OneDrive\Desktop\NTI\Ecommerce Backend\node_modules\router\index.js:291:5)
    at cors (C:\Users\yosef\OneDrive\Desktop\NTI\Ecommerce Backend\node_modules\cors\lib\index.js:188:7)
    at C:\Users\yosef\OneDrive\Desktop\NTI\Ecommerce Backend\node_modules\cors\lib\index.js:224:17
    at origin (C:\Users\yosef\OneDrive\Desktop\NTI\Ecommerce Backend\middlewares\cors.middleware.js:8:11)
    at C:\Users\yosef\OneDrive\Desktop\NTI\Ecommerce Backend\node_modules\cors\lib\index.js:219:13
16-05-2026 21:58:36 |INFO| Product listed! 
16-05-2026 21:58:38 |INFO| Cart updated! 
16-05-2026 21:58:38 |ERROR| Error | POST | /api/v1/cart : Not enough stock available! 
Error: Not enough stock available!
    at C:\Users\yosef\OneDrive\Desktop\NTI\Ecommerce Backend\controller\cart.controller.js:36:16
    at process.processTicksAndRejections (node:internal/process/task_queues:104:5)
16-05-2026 21:58:38 |ERROR| Error | POST | /api/v1/cart : Not enough stock available! 
Error: Not enough stock available!
    at C:\Users\yosef\OneDrive\Desktop\NTI\Ecommerce Backend\controller\cart.controller.js:36:16
    at process.processTicksAndRejections (node:internal/process/task_queues:104:5)
16-05-2026 21:58:38 |ERROR| Error | POST | /api/v1/cart : Not enough stock available! 
Error: Not enough stock available!
    at C:\Users\yosef\OneDrive\Desktop\NTI\Ecommerce Backend\controller\cart.controller.js:36:16
    at process.processTicksAndRejections (node:internal/process/task_queues:104:5)
16-05-2026 21:58:39 |ERROR| Error | POST | /api/v1/cart : Not enough stock available! 
Error: Not enough stock available!
    at C:\Users\yosef\OneDrive\Desktop\NTI\Ecommerce Backend\controller\cart.controller.js:36:16
    at process.processTicksAndRejections (node:internal/process/task_queues:104:5)
16-05-2026 21:58:40 |INFO| Cart listed! 
16-05-2026 21:58:41 |ERROR| Error | PATCH | /api/v1/cart : Not enough stock available! 
Error: Not enough stock available!
    at C:\Users\yosef\OneDrive\Desktop\NTI\Ecommerce Backend\controller\cart.controller.js:135:15
    at process.processTicksAndRejections (node:internal/process/task_queues:104:5)
16-05-2026 21:58:41 |ERROR| Error | PATCH | /api/v1/cart : Not enough stock available! 
Error: Not enough stock available!
    at C:\Users\yosef\OneDrive\Desktop\NTI\Ecommerce Backend\controller\cart.controller.js:135:15
    at process.processTicksAndRejections (node:internal/process/task_queues:104:5)
16-05-2026 21:58:43 |INFO| Cart listed! 
16-05-2026 21:58:54 |INFO| Order is placed! 
16-05-2026 21:58:54 |INFO| Cart listed! 
16-05-2026 21:58:56 |INFO| Orders is listed! 
16-05-2026 21:59:01 |INFO| Reviews are listed! 
16-05-2026 21:59:01 |INFO| Products listed! 
16-05-2026 21:59:01 |ERROR| Error | GET | /uploads/1778872542491-a.png : can't find /uploads/1778872542491-a.png 
Error: can't find /uploads/1778872542491-a.png
    at C:\Users\yosef\OneDrive\Desktop\NTI\Ecommerce Backend\server.js:29:7
    at Layer.handleRequest (C:\Users\yosef\OneDrive\Desktop\NTI\Ecommerce Backend\node_modules\router\lib\layer.js:152:17)
    at trimPrefix (C:\Users\yosef\OneDrive\Desktop\NTI\Ecommerce Backend\node_modules\router\index.js:342:13)
    at C:\Users\yosef\OneDrive\Desktop\NTI\Ecommerce Backend\node_modules\router\index.js:297:9
    at processParams (C:\Users\yosef\OneDrive\Desktop\NTI\Ecommerce Backend\node_modules\router\index.js:582:12)
    at next (C:\Users\yosef\OneDrive\Desktop\NTI\Ecommerce Backend\node_modules\router\index.js:291:5)
    at cors (C:\Users\yosef\OneDrive\Desktop\NTI\Ecommerce Backend\node_modules\cors\lib\index.js:188:7)
    at C:\Users\yosef\OneDrive\Desktop\NTI\Ecommerce Backend\node_modules\cors\lib\index.js:224:17
    at origin (C:\Users\yosef\OneDrive\Desktop\NTI\Ecommerce Backend\middlewares\cors.middleware.js:8:11)
    at C:\Users\yosef\OneDrive\Desktop\NTI\Ecommerce Backend\node_modules\cors\lib\index.js:219:13
16-05-2026 21:59:01 |ERROR| Error | GET | /uploads/1778872514763-a.png : can't find /uploads/1778872514763-a.png 
Error: can't find /uploads/1778872514763-a.png
    at C:\Users\yosef\OneDrive\Desktop\NTI\Ecommerce Backend\server.js:29:7
    at Layer.handleRequest (C:\Users\yosef\OneDrive\Desktop\NTI\Ecommerce Backend\node_modules\router\lib\layer.js:152:17)
    at trimPrefix (C:\Users\yosef\OneDrive\Desktop\NTI\Ecommerce Backend\node_modules\router\index.js:342:13)
    at C:\Users\yosef\OneDrive\Desktop\NTI\Ecommerce Backend\node_modules\router\index.js:297:9
    at processParams (C:\Users\yosef\OneDrive\Desktop\NTI\Ecommerce Backend\node_modules\router\index.js:582:12)
    at next (C:\Users\yosef\OneDrive\Desktop\NTI\Ecommerce Backend\node_modules\router\index.js:291:5)
    at cors (C:\Users\yosef\OneDrive\Desktop\NTI\Ecommerce Backend\node_modules\cors\lib\index.js:188:7)
    at C:\Users\yosef\OneDrive\Desktop\NTI\Ecommerce Backend\node_modules\cors\lib\index.js:224:17
    at origin (C:\Users\yosef\OneDrive\Desktop\NTI\Ecommerce Backend\middlewares\cors.middleware.js:8:11)
    at C:\Users\yosef\OneDrive\Desktop\NTI\Ecommerce Backend\node_modules\cors\lib\index.js:219:13
16-05-2026 21:59:01 |ERROR| Error | GET | /uploads/1778872483665-a.png : can't find /uploads/1778872483665-a.png 
Error: can't find /uploads/1778872483665-a.png
    at C:\Users\yosef\OneDrive\Desktop\NTI\Ecommerce Backend\server.js:29:7
    at Layer.handleRequest (C:\Users\yosef\OneDrive\Desktop\NTI\Ecommerce Backend\node_modules\router\lib\layer.js:152:17)
    at trimPrefix (C:\Users\yosef\OneDrive\Desktop\NTI\Ecommerce Backend\node_modules\router\index.js:342:13)
    at C:\Users\yosef\OneDrive\Desktop\NTI\Ecommerce Backend\node_modules\router\index.js:297:9
    at processParams (C:\Users\yosef\OneDrive\Desktop\NTI\Ecommerce Backend\node_modules\router\index.js:582:12)
    at next (C:\Users\yosef\OneDrive\Desktop\NTI\Ecommerce Backend\node_modules\router\index.js:291:5)
    at cors (C:\Users\yosef\OneDrive\Desktop\NTI\Ecommerce Backend\node_modules\cors\lib\index.js:188:7)
    at C:\Users\yosef\OneDrive\Desktop\NTI\Ecommerce Backend\node_modules\cors\lib\index.js:224:17
    at origin (C:\Users\yosef\OneDrive\Desktop\NTI\Ecommerce Backend\middlewares\cors.middleware.js:8:11)
    at C:\Users\yosef\OneDrive\Desktop\NTI\Ecommerce Backend\node_modules\cors\lib\index.js:219:13
16-05-2026 21:59:01 |ERROR| Error | GET | /uploads/1778872457977-a.png : can't find /uploads/1778872457977-a.png 
Error: can't find /uploads/1778872457977-a.png
    at C:\Users\yosef\OneDrive\Desktop\NTI\Ecommerce Backend\server.js:29:7
    at Layer.handleRequest (C:\Users\yosef\OneDrive\Desktop\NTI\Ecommerce Backend\node_modules\router\lib\layer.js:152:17)
    at trimPrefix (C:\Users\yosef\OneDrive\Desktop\NTI\Ecommerce Backend\node_modules\router\index.js:342:13)
    at C:\Users\yosef\OneDrive\Desktop\NTI\Ecommerce Backend\node_modules\router\index.js:297:9
    at processParams (C:\Users\yosef\OneDrive\Desktop\NTI\Ecommerce Backend\node_modules\router\index.js:582:12)
    at next (C:\Users\yosef\OneDrive\Desktop\NTI\Ecommerce Backend\node_modules\router\index.js:291:5)
    at cors (C:\Users\yosef\OneDrive\Desktop\NTI\Ecommerce Backend\node_modules\cors\lib\index.js:188:7)
    at C:\Users\yosef\OneDrive\Desktop\NTI\Ecommerce Backend\node_modules\cors\lib\index.js:224:17
    at origin (C:\Users\yosef\OneDrive\Desktop\NTI\Ecommerce Backend\middlewares\cors.middleware.js:8:11)
    at C:\Users\yosef\OneDrive\Desktop\NTI\Ecommerce Backend\node_modules\cors\lib\index.js:219:13
16-05-2026 21:59:06 |INFO| Product listed! 
16-05-2026 21:59:11 |INFO| Reviews are listed! 
16-05-2026 21:59:11 |INFO| Products listed! 
16-05-2026 21:59:11 |ERROR| Error | GET | /uploads/1778872542491-a.png : can't find /uploads/1778872542491-a.png 
Error: can't find /uploads/1778872542491-a.png
    at C:\Users\yosef\OneDrive\Desktop\NTI\Ecommerce Backend\server.js:29:7
    at Layer.handleRequest (C:\Users\yosef\OneDrive\Desktop\NTI\Ecommerce Backend\node_modules\router\lib\layer.js:152:17)
    at trimPrefix (C:\Users\yosef\OneDrive\Desktop\NTI\Ecommerce Backend\node_modules\router\index.js:342:13)
    at C:\Users\yosef\OneDrive\Desktop\NTI\Ecommerce Backend\node_modules\router\index.js:297:9
    at processParams (C:\Users\yosef\OneDrive\Desktop\NTI\Ecommerce Backend\node_modules\router\index.js:582:12)
    at next (C:\Users\yosef\OneDrive\Desktop\NTI\Ecommerce Backend\node_modules\router\index.js:291:5)
    at cors (C:\Users\yosef\OneDrive\Desktop\NTI\Ecommerce Backend\node_modules\cors\lib\index.js:188:7)
    at C:\Users\yosef\OneDrive\Desktop\NTI\Ecommerce Backend\node_modules\cors\lib\index.js:224:17
    at origin (C:\Users\yosef\OneDrive\Desktop\NTI\Ecommerce Backend\middlewares\cors.middleware.js:8:11)
    at C:\Users\yosef\OneDrive\Desktop\NTI\Ecommerce Backend\node_modules\cors\lib\index.js:219:13
16-05-2026 21:59:11 |ERROR| Error | GET | /uploads/1778872514763-a.png : can't find /uploads/1778872514763-a.png 
Error: can't find /uploads/1778872514763-a.png
    at C:\Users\yosef\OneDrive\Desktop\NTI\Ecommerce Backend\server.js:29:7
    at Layer.handleRequest (C:\Users\yosef\OneDrive\Desktop\NTI\Ecommerce Backend\node_modules\router\lib\layer.js:152:17)
    at trimPrefix (C:\Users\yosef\OneDrive\Desktop\NTI\Ecommerce Backend\node_modules\router\index.js:342:13)
    at C:\Users\yosef\OneDrive\Desktop\NTI\Ecommerce Backend\node_modules\router\index.js:297:9
    at processParams (C:\Users\yosef\OneDrive\Desktop\NTI\Ecommerce Backend\node_modules\router\index.js:582:12)
    at next (C:\Users\yosef\OneDrive\Desktop\NTI\Ecommerce Backend\node_modules\router\index.js:291:5)
    at cors (C:\Users\yosef\OneDrive\Desktop\NTI\Ecommerce Backend\node_modules\cors\lib\index.js:188:7)
    at C:\Users\yosef\OneDrive\Desktop\NTI\Ecommerce Backend\node_modules\cors\lib\index.js:224:17
    at origin (C:\Users\yosef\OneDrive\Desktop\NTI\Ecommerce Backend\middlewares\cors.middleware.js:8:11)
    at C:\Users\yosef\OneDrive\Desktop\NTI\Ecommerce Backend\node_modules\cors\lib\index.js:219:13
16-05-2026 21:59:11 |ERROR| Error | GET | /uploads/1778872483665-a.png : can't find /uploads/1778872483665-a.png 
Error: can't find /uploads/1778872483665-a.png
    at C:\Users\yosef\OneDrive\Desktop\NTI\Ecommerce Backend\server.js:29:7
    at Layer.handleRequest (C:\Users\yosef\OneDrive\Desktop\NTI\Ecommerce Backend\node_modules\router\lib\layer.js:152:17)
    at trimPrefix (C:\Users\yosef\OneDrive\Desktop\NTI\Ecommerce Backend\node_modules\router\index.js:342:13)
    at C:\Users\yosef\OneDrive\Desktop\NTI\Ecommerce Backend\node_modules\router\index.js:297:9
    at processParams (C:\Users\yosef\OneDrive\Desktop\NTI\Ecommerce Backend\node_modules\router\index.js:582:12)
    at next (C:\Users\yosef\OneDrive\Desktop\NTI\Ecommerce Backend\node_modules\router\index.js:291:5)
    at cors (C:\Users\yosef\OneDrive\Desktop\NTI\Ecommerce Backend\node_modules\cors\lib\index.js:188:7)
    at C:\Users\yosef\OneDrive\Desktop\NTI\Ecommerce Backend\node_modules\cors\lib\index.js:224:17
    at origin (C:\Users\yosef\OneDrive\Desktop\NTI\Ecommerce Backend\middlewares\cors.middleware.js:8:11)
    at C:\Users\yosef\OneDrive\Desktop\NTI\Ecommerce Backend\node_modules\cors\lib\index.js:219:13
16-05-2026 21:59:11 |ERROR| Error | GET | /uploads/1778872457977-a.png : can't find /uploads/1778872457977-a.png 
Error: can't find /uploads/1778872457977-a.png
    at C:\Users\yosef\OneDrive\Desktop\NTI\Ecommerce Backend\server.js:29:7
    at Layer.handleRequest (C:\Users\yosef\OneDrive\Desktop\NTI\Ecommerce Backend\node_modules\router\lib\layer.js:152:17)
    at trimPrefix (C:\Users\yosef\OneDrive\Desktop\NTI\Ecommerce Backend\node_modules\router\index.js:342:13)
    at C:\Users\yosef\OneDrive\Desktop\NTI\Ecommerce Backend\node_modules\router\index.js:297:9
    at processParams (C:\Users\yosef\OneDrive\Desktop\NTI\Ecommerce Backend\node_modules\router\index.js:582:12)
    at next (C:\Users\yosef\OneDrive\Desktop\NTI\Ecommerce Backend\node_modules\router\index.js:291:5)
    at cors (C:\Users\yosef\OneDrive\Desktop\NTI\Ecommerce Backend\node_modules\cors\lib\index.js:188:7)
    at C:\Users\yosef\OneDrive\Desktop\NTI\Ecommerce Backend\node_modules\cors\lib\index.js:224:17
    at origin (C:\Users\yosef\OneDrive\Desktop\NTI\Ecommerce Backend\middlewares\cors.middleware.js:8:11)
    at C:\Users\yosef\OneDrive\Desktop\NTI\Ecommerce Backend\node_modules\cors\lib\index.js:219:13
16-05-2026 22:00:05 |INFO| Reviews are listed! 
16-05-2026 22:00:05 |INFO| Products listed! 
16-05-2026 22:00:05 |ERROR| Error | GET | /uploads/1778872542491-a.png : can't find /uploads/1778872542491-a.png 
Error: can't find /uploads/1778872542491-a.png
    at C:\Users\yosef\OneDrive\Desktop\NTI\Ecommerce Backend\server.js:29:7
    at Layer.handleRequest (C:\Users\yosef\OneDrive\Desktop\NTI\Ecommerce Backend\node_modules\router\lib\layer.js:152:17)
    at trimPrefix (C:\Users\yosef\OneDrive\Desktop\NTI\Ecommerce Backend\node_modules\router\index.js:342:13)
    at C:\Users\yosef\OneDrive\Desktop\NTI\Ecommerce Backend\node_modules\router\index.js:297:9
    at processParams (C:\Users\yosef\OneDrive\Desktop\NTI\Ecommerce Backend\node_modules\router\index.js:582:12)
    at next (C:\Users\yosef\OneDrive\Desktop\NTI\Ecommerce Backend\node_modules\router\index.js:291:5)
    at cors (C:\Users\yosef\OneDrive\Desktop\NTI\Ecommerce Backend\node_modules\cors\lib\index.js:188:7)
    at C:\Users\yosef\OneDrive\Desktop\NTI\Ecommerce Backend\node_modules\cors\lib\index.js:224:17
    at origin (C:\Users\yosef\OneDrive\Desktop\NTI\Ecommerce Backend\middlewares\cors.middleware.js:8:11)
    at C:\Users\yosef\OneDrive\Desktop\NTI\Ecommerce Backend\node_modules\cors\lib\index.js:219:13
16-05-2026 22:00:05 |ERROR| Error | GET | /uploads/1778872514763-a.png : can't find /uploads/1778872514763-a.png 
Error: can't find /uploads/1778872514763-a.png
    at C:\Users\yosef\OneDrive\Desktop\NTI\Ecommerce Backend\server.js:29:7
    at Layer.handleRequest (C:\Users\yosef\OneDrive\Desktop\NTI\Ecommerce Backend\node_modules\router\lib\layer.js:152:17)
    at trimPrefix (C:\Users\yosef\OneDrive\Desktop\NTI\Ecommerce Backend\node_modules\router\index.js:342:13)
    at C:\Users\yosef\OneDrive\Desktop\NTI\Ecommerce Backend\node_modules\router\index.js:297:9
    at processParams (C:\Users\yosef\OneDrive\Desktop\NTI\Ecommerce Backend\node_modules\router\index.js:582:12)
    at next (C:\Users\yosef\OneDrive\Desktop\NTI\Ecommerce Backend\node_modules\router\index.js:291:5)
    at cors (C:\Users\yosef\OneDrive\Desktop\NTI\Ecommerce Backend\node_modules\cors\lib\index.js:188:7)
    at C:\Users\yosef\OneDrive\Desktop\NTI\Ecommerce Backend\node_modules\cors\lib\index.js:224:17
    at origin (C:\Users\yosef\OneDrive\Desktop\NTI\Ecommerce Backend\middlewares\cors.middleware.js:8:11)
    at C:\Users\yosef\OneDrive\Desktop\NTI\Ecommerce Backend\node_modules\cors\lib\index.js:219:13
16-05-2026 22:00:05 |ERROR| Error | GET | /uploads/1778872483665-a.png : can't find /uploads/1778872483665-a.png 
Error: can't find /uploads/1778872483665-a.png
    at C:\Users\yosef\OneDrive\Desktop\NTI\Ecommerce Backend\server.js:29:7
    at Layer.handleRequest (C:\Users\yosef\OneDrive\Desktop\NTI\Ecommerce Backend\node_modules\router\lib\layer.js:152:17)
    at trimPrefix (C:\Users\yosef\OneDrive\Desktop\NTI\Ecommerce Backend\node_modules\router\index.js:342:13)
    at C:\Users\yosef\OneDrive\Desktop\NTI\Ecommerce Backend\node_modules\router\index.js:297:9
    at processParams (C:\Users\yosef\OneDrive\Desktop\NTI\Ecommerce Backend\node_modules\router\index.js:582:12)
    at next (C:\Users\yosef\OneDrive\Desktop\NTI\Ecommerce Backend\node_modules\router\index.js:291:5)
    at cors (C:\Users\yosef\OneDrive\Desktop\NTI\Ecommerce Backend\node_modules\cors\lib\index.js:188:7)
    at C:\Users\yosef\OneDrive\Desktop\NTI\Ecommerce Backend\node_modules\cors\lib\index.js:224:17
    at origin (C:\Users\yosef\OneDrive\Desktop\NTI\Ecommerce Backend\middlewares\cors.middleware.js:8:11)
    at C:\Users\yosef\OneDrive\Desktop\NTI\Ecommerce Backend\node_modules\cors\lib\index.js:219:13
16-05-2026 22:00:05 |ERROR| Error | GET | /uploads/1778872457977-a.png : can't find /uploads/1778872457977-a.png 
Error: can't find /uploads/1778872457977-a.png
    at C:\Users\yosef\OneDrive\Desktop\NTI\Ecommerce Backend\server.js:29:7
    at Layer.handleRequest (C:\Users\yosef\OneDrive\Desktop\NTI\Ecommerce Backend\node_modules\router\lib\layer.js:152:17)
    at trimPrefix (C:\Users\yosef\OneDrive\Desktop\NTI\Ecommerce Backend\node_modules\router\index.js:342:13)
    at C:\Users\yosef\OneDrive\Desktop\NTI\Ecommerce Backend\node_modules\router\index.js:297:9
    at processParams (C:\Users\yosef\OneDrive\Desktop\NTI\Ecommerce Backend\node_modules\router\index.js:582:12)
    at next (C:\Users\yosef\OneDrive\Desktop\NTI\Ecommerce Backend\node_modules\router\index.js:291:5)
    at cors (C:\Users\yosef\OneDrive\Desktop\NTI\Ecommerce Backend\node_modules\cors\lib\index.js:188:7)
    at C:\Users\yosef\OneDrive\Desktop\NTI\Ecommerce Backend\node_modules\cors\lib\index.js:224:17
    at origin (C:\Users\yosef\OneDrive\Desktop\NTI\Ecommerce Backend\middlewares\cors.middleware.js:8:11)
    at C:\Users\yosef\OneDrive\Desktop\NTI\Ecommerce Backend\node_modules\cors\lib\index.js:219:13
16-05-2026 22:00:09 |INFO| Product listed! 
16-05-2026 22:00:11 |INFO| Reviews are listed! 
16-05-2026 22:00:11 |INFO| Products listed! 
16-05-2026 22:00:11 |ERROR| Error | GET | /uploads/1778872542491-a.png : can't find /uploads/1778872542491-a.png 
Error: can't find /uploads/1778872542491-a.png
    at C:\Users\yosef\OneDrive\Desktop\NTI\Ecommerce Backend\server.js:29:7
    at Layer.handleRequest (C:\Users\yosef\OneDrive\Desktop\NTI\Ecommerce Backend\node_modules\router\lib\layer.js:152:17)
    at trimPrefix (C:\Users\yosef\OneDrive\Desktop\NTI\Ecommerce Backend\node_modules\router\index.js:342:13)
    at C:\Users\yosef\OneDrive\Desktop\NTI\Ecommerce Backend\node_modules\router\index.js:297:9
    at processParams (C:\Users\yosef\OneDrive\Desktop\NTI\Ecommerce Backend\node_modules\router\index.js:582:12)
    at next (C:\Users\yosef\OneDrive\Desktop\NTI\Ecommerce Backend\node_modules\router\index.js:291:5)
    at cors (C:\Users\yosef\OneDrive\Desktop\NTI\Ecommerce Backend\node_modules\cors\lib\index.js:188:7)
    at C:\Users\yosef\OneDrive\Desktop\NTI\Ecommerce Backend\node_modules\cors\lib\index.js:224:17
    at origin (C:\Users\yosef\OneDrive\Desktop\NTI\Ecommerce Backend\middlewares\cors.middleware.js:8:11)
    at C:\Users\yosef\OneDrive\Desktop\NTI\Ecommerce Backend\node_modules\cors\lib\index.js:219:13
16-05-2026 22:00:11 |ERROR| Error | GET | /uploads/1778872514763-a.png : can't find /uploads/1778872514763-a.png 
Error: can't find /uploads/1778872514763-a.png
    at C:\Users\yosef\OneDrive\Desktop\NTI\Ecommerce Backend\server.js:29:7
    at Layer.handleRequest (C:\Users\yosef\OneDrive\Desktop\NTI\Ecommerce Backend\node_modules\router\lib\layer.js:152:17)
    at trimPrefix (C:\Users\yosef\OneDrive\Desktop\NTI\Ecommerce Backend\node_modules\router\index.js:342:13)
    at C:\Users\yosef\OneDrive\Desktop\NTI\Ecommerce Backend\node_modules\router\index.js:297:9
    at processParams (C:\Users\yosef\OneDrive\Desktop\NTI\Ecommerce Backend\node_modules\router\index.js:582:12)
    at next (C:\Users\yosef\OneDrive\Desktop\NTI\Ecommerce Backend\node_modules\router\index.js:291:5)
    at cors (C:\Users\yosef\OneDrive\Desktop\NTI\Ecommerce Backend\node_modules\cors\lib\index.js:188:7)
    at C:\Users\yosef\OneDrive\Desktop\NTI\Ecommerce Backend\node_modules\cors\lib\index.js:224:17
    at origin (C:\Users\yosef\OneDrive\Desktop\NTI\Ecommerce Backend\middlewares\cors.middleware.js:8:11)
    at C:\Users\yosef\OneDrive\Desktop\NTI\Ecommerce Backend\node_modules\cors\lib\index.js:219:13
16-05-2026 22:00:11 |ERROR| Error | GET | /uploads/1778872483665-a.png : can't find /uploads/1778872483665-a.png 
Error: can't find /uploads/1778872483665-a.png
    at C:\Users\yosef\OneDrive\Desktop\NTI\Ecommerce Backend\server.js:29:7
    at Layer.handleRequest (C:\Users\yosef\OneDrive\Desktop\NTI\Ecommerce Backend\node_modules\router\lib\layer.js:152:17)
    at trimPrefix (C:\Users\yosef\OneDrive\Desktop\NTI\Ecommerce Backend\node_modules\router\index.js:342:13)
    at C:\Users\yosef\OneDrive\Desktop\NTI\Ecommerce Backend\node_modules\router\index.js:297:9
    at processParams (C:\Users\yosef\OneDrive\Desktop\NTI\Ecommerce Backend\node_modules\router\index.js:582:12)
    at next (C:\Users\yosef\OneDrive\Desktop\NTI\Ecommerce Backend\node_modules\router\index.js:291:5)
    at cors (C:\Users\yosef\OneDrive\Desktop\NTI\Ecommerce Backend\node_modules\cors\lib\index.js:188:7)
    at C:\Users\yosef\OneDrive\Desktop\NTI\Ecommerce Backend\node_modules\cors\lib\index.js:224:17
    at origin (C:\Users\yosef\OneDrive\Desktop\NTI\Ecommerce Backend\middlewares\cors.middleware.js:8:11)
    at C:\Users\yosef\OneDrive\Desktop\NTI\Ecommerce Backend\node_modules\cors\lib\index.js:219:13
16-05-2026 22:00:11 |ERROR| Error | GET | /uploads/1778872457977-a.png : can't find /uploads/1778872457977-a.png 
Error: can't find /uploads/1778872457977-a.png
    at C:\Users\yosef\OneDrive\Desktop\NTI\Ecommerce Backend\server.js:29:7
    at Layer.handleRequest (C:\Users\yosef\OneDrive\Desktop\NTI\Ecommerce Backend\node_modules\router\lib\layer.js:152:17)
    at trimPrefix (C:\Users\yosef\OneDrive\Desktop\NTI\Ecommerce Backend\node_modules\router\index.js:342:13)
    at C:\Users\yosef\OneDrive\Desktop\NTI\Ecommerce Backend\node_modules\router\index.js:297:9
    at processParams (C:\Users\yosef\OneDrive\Desktop\NTI\Ecommerce Backend\node_modules\router\index.js:582:12)
    at next (C:\Users\yosef\OneDrive\Desktop\NTI\Ecommerce Backend\node_modules\router\index.js:291:5)
    at cors (C:\Users\yosef\OneDrive\Desktop\NTI\Ecommerce Backend\node_modules\cors\lib\index.js:188:7)
    at C:\Users\yosef\OneDrive\Desktop\NTI\Ecommerce Backend\node_modules\cors\lib\index.js:224:17
    at origin (C:\Users\yosef\OneDrive\Desktop\NTI\Ecommerce Backend\middlewares\cors.middleware.js:8:11)
    at C:\Users\yosef\OneDrive\Desktop\NTI\Ecommerce Backend\node_modules\cors\lib\index.js:219:13
16-05-2026 22:00:12 |INFO| Product listed! 
16-05-2026 22:00:14 |INFO| Cart updated! 
16-05-2026 22:00:14 |INFO| Cart updated! 
16-05-2026 22:00:15 |INFO| Cart updated! 
16-05-2026 22:00:15 |ERROR| Error | POST | /api/v1/cart : Not enough stock available! 
Error: Not enough stock available!
    at C:\Users\yosef\OneDrive\Desktop\NTI\Ecommerce Backend\controller\cart.controller.js:36:16
    at process.processTicksAndRejections (node:internal/process/task_queues:104:5)
16-05-2026 22:00:16 |INFO| Reviews are listed! 
16-05-2026 22:00:16 |INFO| Products listed! 
16-05-2026 22:00:16 |ERROR| Error | GET | /uploads/1778872542491-a.png : can't find /uploads/1778872542491-a.png 
Error: can't find /uploads/1778872542491-a.png
    at C:\Users\yosef\OneDrive\Desktop\NTI\Ecommerce Backend\server.js:29:7
    at Layer.handleRequest (C:\Users\yosef\OneDrive\Desktop\NTI\Ecommerce Backend\node_modules\router\lib\layer.js:152:17)
    at trimPrefix (C:\Users\yosef\OneDrive\Desktop\NTI\Ecommerce Backend\node_modules\router\index.js:342:13)
    at C:\Users\yosef\OneDrive\Desktop\NTI\Ecommerce Backend\node_modules\router\index.js:297:9
    at processParams (C:\Users\yosef\OneDrive\Desktop\NTI\Ecommerce Backend\node_modules\router\index.js:582:12)
    at next (C:\Users\yosef\OneDrive\Desktop\NTI\Ecommerce Backend\node_modules\router\index.js:291:5)
    at cors (C:\Users\yosef\OneDrive\Desktop\NTI\Ecommerce Backend\node_modules\cors\lib\index.js:188:7)
    at C:\Users\yosef\OneDrive\Desktop\NTI\Ecommerce Backend\node_modules\cors\lib\index.js:224:17
    at origin (C:\Users\yosef\OneDrive\Desktop\NTI\Ecommerce Backend\middlewares\cors.middleware.js:8:11)
    at C:\Users\yosef\OneDrive\Desktop\NTI\Ecommerce Backend\node_modules\cors\lib\index.js:219:13
16-05-2026 22:00:16 |ERROR| Error | GET | /uploads/1778872514763-a.png : can't find /uploads/1778872514763-a.png 
Error: can't find /uploads/1778872514763-a.png
    at C:\Users\yosef\OneDrive\Desktop\NTI\Ecommerce Backend\server.js:29:7
    at Layer.handleRequest (C:\Users\yosef\OneDrive\Desktop\NTI\Ecommerce Backend\node_modules\router\lib\layer.js:152:17)
    at trimPrefix (C:\Users\yosef\OneDrive\Desktop\NTI\Ecommerce Backend\node_modules\router\index.js:342:13)
    at C:\Users\yosef\OneDrive\Desktop\NTI\Ecommerce Backend\node_modules\router\index.js:297:9
    at processParams (C:\Users\yosef\OneDrive\Desktop\NTI\Ecommerce Backend\node_modules\router\index.js:582:12)
    at next (C:\Users\yosef\OneDrive\Desktop\NTI\Ecommerce Backend\node_modules\router\index.js:291:5)
    at cors (C:\Users\yosef\OneDrive\Desktop\NTI\Ecommerce Backend\node_modules\cors\lib\index.js:188:7)
    at C:\Users\yosef\OneDrive\Desktop\NTI\Ecommerce Backend\node_modules\cors\lib\index.js:224:17
    at origin (C:\Users\yosef\OneDrive\Desktop\NTI\Ecommerce Backend\middlewares\cors.middleware.js:8:11)
    at C:\Users\yosef\OneDrive\Desktop\NTI\Ecommerce Backend\node_modules\cors\lib\index.js:219:13
16-05-2026 22:00:16 |ERROR| Error | GET | /uploads/1778872483665-a.png : can't find /uploads/1778872483665-a.png 
Error: can't find /uploads/1778872483665-a.png
    at C:\Users\yosef\OneDrive\Desktop\NTI\Ecommerce Backend\server.js:29:7
    at Layer.handleRequest (C:\Users\yosef\OneDrive\Desktop\NTI\Ecommerce Backend\node_modules\router\lib\layer.js:152:17)
    at trimPrefix (C:\Users\yosef\OneDrive\Desktop\NTI\Ecommerce Backend\node_modules\router\index.js:342:13)
    at C:\Users\yosef\OneDrive\Desktop\NTI\Ecommerce Backend\node_modules\router\index.js:297:9
    at processParams (C:\Users\yosef\OneDrive\Desktop\NTI\Ecommerce Backend\node_modules\router\index.js:582:12)
    at next (C:\Users\yosef\OneDrive\Desktop\NTI\Ecommerce Backend\node_modules\router\index.js:291:5)
    at cors (C:\Users\yosef\OneDrive\Desktop\NTI\Ecommerce Backend\node_modules\cors\lib\index.js:188:7)
    at C:\Users\yosef\OneDrive\Desktop\NTI\Ecommerce Backend\node_modules\cors\lib\index.js:224:17
    at origin (C:\Users\yosef\OneDrive\Desktop\NTI\Ecommerce Backend\middlewares\cors.middleware.js:8:11)
    at C:\Users\yosef\OneDrive\Desktop\NTI\Ecommerce Backend\node_modules\cors\lib\index.js:219:13
16-05-2026 22:00:16 |ERROR| Error | GET | /uploads/1778872457977-a.png : can't find /uploads/1778872457977-a.png 
Error: can't find /uploads/1778872457977-a.png
    at C:\Users\yosef\OneDrive\Desktop\NTI\Ecommerce Backend\server.js:29:7
    at Layer.handleRequest (C:\Users\yosef\OneDrive\Desktop\NTI\Ecommerce Backend\node_modules\router\lib\layer.js:152:17)
    at trimPrefix (C:\Users\yosef\OneDrive\Desktop\NTI\Ecommerce Backend\node_modules\router\index.js:342:13)
    at C:\Users\yosef\OneDrive\Desktop\NTI\Ecommerce Backend\node_modules\router\index.js:297:9
    at processParams (C:\Users\yosef\OneDrive\Desktop\NTI\Ecommerce Backend\node_modules\router\index.js:582:12)
    at next (C:\Users\yosef\OneDrive\Desktop\NTI\Ecommerce Backend\node_modules\router\index.js:291:5)
    at cors (C:\Users\yosef\OneDrive\Desktop\NTI\Ecommerce Backend\node_modules\cors\lib\index.js:188:7)
    at C:\Users\yosef\OneDrive\Desktop\NTI\Ecommerce Backend\node_modules\cors\lib\index.js:224:17
    at origin (C:\Users\yosef\OneDrive\Desktop\NTI\Ecommerce Backend\middlewares\cors.middleware.js:8:11)
    at C:\Users\yosef\OneDrive\Desktop\NTI\Ecommerce Backend\node_modules\cors\lib\index.js:219:13
16-05-2026 22:00:18 |INFO| Product listed! 
16-05-2026 22:00:19 |INFO| Cart updated! 
16-05-2026 22:00:20 |INFO| Cart updated! 
16-05-2026 22:00:20 |INFO| Cart updated! 
16-05-2026 22:00:20 |INFO| Cart updated! 
16-05-2026 22:00:21 |INFO| Cart listed! 
16-05-2026 22:00:24 |ERROR| Error | PATCH | /api/v1/cart : Not enough stock available! 
Error: Not enough stock available!
    at C:\Users\yosef\OneDrive\Desktop\NTI\Ecommerce Backend\controller\cart.controller.js:135:15
    at process.processTicksAndRejections (node:internal/process/task_queues:104:5)
16-05-2026 22:00:24 |ERROR| Error | PATCH | /api/v1/cart : Not enough stock available! 
Error: Not enough stock available!
    at C:\Users\yosef\OneDrive\Desktop\NTI\Ecommerce Backend\controller\cart.controller.js:135:15
    at process.processTicksAndRejections (node:internal/process/task_queues:104:5)
16-05-2026 22:00:24 |ERROR| Error | PATCH | /api/v1/cart : Not enough stock available! 
Error: Not enough stock available!
    at C:\Users\yosef\OneDrive\Desktop\NTI\Ecommerce Backend\controller\cart.controller.js:135:15
    at process.processTicksAndRejections (node:internal/process/task_queues:104:5)
16-05-2026 22:00:30 |INFO| Cart listed! 
16-05-2026 22:00:30 |INFO| Cart listed! 
16-05-2026 22:00:40 |INFO| Category listed! 
16-05-2026 22:00:40 |INFO| Products listed! 
16-05-2026 22:00:40 |INFO| subCategory listed! 
16-05-2026 22:00:54 |INFO| Product updated successfully! 
16-05-2026 22:00:54 |INFO| Products listed! 
16-05-2026 22:00:58 |ERROR| Error | GET | /api/v1/cart : Access denied! 
Error: Access denied!
    at C:\Users\yosef\OneDrive\Desktop\NTI\Ecommerce Backend\middlewares\role.middleware.js:6:16
    at Layer.handleRequest (C:\Users\yosef\OneDrive\Desktop\NTI\Ecommerce Backend\node_modules\router\lib\layer.js:152:17)
    at next (C:\Users\yosef\OneDrive\Desktop\NTI\Ecommerce Backend\node_modules\router\lib\route.js:157:13)
    at exports.authanticate (C:\Users\yosef\OneDrive\Desktop\NTI\Ecommerce Backend\middlewares\auth.middleware.js:17:2)
    at process.processTicksAndRejections (node:internal/process/task_queues:104:5)
16-05-2026 22:01:03 |INFO| Reviews are listed! 
16-05-2026 22:01:03 |INFO| change of price product 11 is now 348 not 210 
16-05-2026 22:01:03 |INFO| Products listed! 
16-05-2026 22:01:03 |INFO| Cart listed! 
16-05-2026 22:01:03 |ERROR| Error | GET | /uploads/1778872542491-a.png : can't find /uploads/1778872542491-a.png 
Error: can't find /uploads/1778872542491-a.png
    at C:\Users\yosef\OneDrive\Desktop\NTI\Ecommerce Backend\server.js:29:7
    at Layer.handleRequest (C:\Users\yosef\OneDrive\Desktop\NTI\Ecommerce Backend\node_modules\router\lib\layer.js:152:17)
    at trimPrefix (C:\Users\yosef\OneDrive\Desktop\NTI\Ecommerce Backend\node_modules\router\index.js:342:13)
    at C:\Users\yosef\OneDrive\Desktop\NTI\Ecommerce Backend\node_modules\router\index.js:297:9
    at processParams (C:\Users\yosef\OneDrive\Desktop\NTI\Ecommerce Backend\node_modules\router\index.js:582:12)
    at next (C:\Users\yosef\OneDrive\Desktop\NTI\Ecommerce Backend\node_modules\router\index.js:291:5)
    at cors (C:\Users\yosef\OneDrive\Desktop\NTI\Ecommerce Backend\node_modules\cors\lib\index.js:188:7)
    at C:\Users\yosef\OneDrive\Desktop\NTI\Ecommerce Backend\node_modules\cors\lib\index.js:224:17
    at origin (C:\Users\yosef\OneDrive\Desktop\NTI\Ecommerce Backend\middlewares\cors.middleware.js:8:11)
    at C:\Users\yosef\OneDrive\Desktop\NTI\Ecommerce Backend\node_modules\cors\lib\index.js:219:13
16-05-2026 22:01:03 |ERROR| Error | GET | /uploads/1778872514763-a.png : can't find /uploads/1778872514763-a.png 
Error: can't find /uploads/1778872514763-a.png
    at C:\Users\yosef\OneDrive\Desktop\NTI\Ecommerce Backend\server.js:29:7
    at Layer.handleRequest (C:\Users\yosef\OneDrive\Desktop\NTI\Ecommerce Backend\node_modules\router\lib\layer.js:152:17)
    at trimPrefix (C:\Users\yosef\OneDrive\Desktop\NTI\Ecommerce Backend\node_modules\router\index.js:342:13)
    at C:\Users\yosef\OneDrive\Desktop\NTI\Ecommerce Backend\node_modules\router\index.js:297:9
    at processParams (C:\Users\yosef\OneDrive\Desktop\NTI\Ecommerce Backend\node_modules\router\index.js:582:12)
    at next (C:\Users\yosef\OneDrive\Desktop\NTI\Ecommerce Backend\node_modules\router\index.js:291:5)
    at cors (C:\Users\yosef\OneDrive\Desktop\NTI\Ecommerce Backend\node_modules\cors\lib\index.js:188:7)
    at C:\Users\yosef\OneDrive\Desktop\NTI\Ecommerce Backend\node_modules\cors\lib\index.js:224:17
    at origin (C:\Users\yosef\OneDrive\Desktop\NTI\Ecommerce Backend\middlewares\cors.middleware.js:8:11)
    at C:\Users\yosef\OneDrive\Desktop\NTI\Ecommerce Backend\node_modules\cors\lib\index.js:219:13
16-05-2026 22:01:03 |ERROR| Error | GET | /uploads/1778872483665-a.png : can't find /uploads/1778872483665-a.png 
Error: can't find /uploads/1778872483665-a.png
    at C:\Users\yosef\OneDrive\Desktop\NTI\Ecommerce Backend\server.js:29:7
    at Layer.handleRequest (C:\Users\yosef\OneDrive\Desktop\NTI\Ecommerce Backend\node_modules\router\lib\layer.js:152:17)
    at trimPrefix (C:\Users\yosef\OneDrive\Desktop\NTI\Ecommerce Backend\node_modules\router\index.js:342:13)
    at C:\Users\yosef\OneDrive\Desktop\NTI\Ecommerce Backend\node_modules\router\index.js:297:9
    at processParams (C:\Users\yosef\OneDrive\Desktop\NTI\Ecommerce Backend\node_modules\router\index.js:582:12)
    at next (C:\Users\yosef\OneDrive\Desktop\NTI\Ecommerce Backend\node_modules\router\index.js:291:5)
    at cors (C:\Users\yosef\OneDrive\Desktop\NTI\Ecommerce Backend\node_modules\cors\lib\index.js:188:7)
    at C:\Users\yosef\OneDrive\Desktop\NTI\Ecommerce Backend\node_modules\cors\lib\index.js:224:17
    at origin (C:\Users\yosef\OneDrive\Desktop\NTI\Ecommerce Backend\middlewares\cors.middleware.js:8:11)
    at C:\Users\yosef\OneDrive\Desktop\NTI\Ecommerce Backend\node_modules\cors\lib\index.js:219:13
16-05-2026 22:01:03 |ERROR| Error | GET | /uploads/1778872457977-a.png : can't find /uploads/1778872457977-a.png 
Error: can't find /uploads/1778872457977-a.png
    at C:\Users\yosef\OneDrive\Desktop\NTI\Ecommerce Backend\server.js:29:7
    at Layer.handleRequest (C:\Users\yosef\OneDrive\Desktop\NTI\Ecommerce Backend\node_modules\router\lib\layer.js:152:17)
    at trimPrefix (C:\Users\yosef\OneDrive\Desktop\NTI\Ecommerce Backend\node_modules\router\index.js:342:13)
    at C:\Users\yosef\OneDrive\Desktop\NTI\Ecommerce Backend\node_modules\router\index.js:297:9
    at processParams (C:\Users\yosef\OneDrive\Desktop\NTI\Ecommerce Backend\node_modules\router\index.js:582:12)
    at next (C:\Users\yosef\OneDrive\Desktop\NTI\Ecommerce Backend\node_modules\router\index.js:291:5)
    at cors (C:\Users\yosef\OneDrive\Desktop\NTI\Ecommerce Backend\node_modules\cors\lib\index.js:188:7)
    at C:\Users\yosef\OneDrive\Desktop\NTI\Ecommerce Backend\node_modules\cors\lib\index.js:224:17
    at origin (C:\Users\yosef\OneDrive\Desktop\NTI\Ecommerce Backend\middlewares\cors.middleware.js:8:11)
    at C:\Users\yosef\OneDrive\Desktop\NTI\Ecommerce Backend\node_modules\cors\lib\index.js:219:13
16-05-2026 22:01:04 |INFO| change of price product 11 is now 348 not 210 
16-05-2026 22:01:04 |INFO| Cart listed! 
16-05-2026 22:01:27 |INFO| Category listed! 
16-05-2026 22:01:27 |INFO| Products listed! 
16-05-2026 22:01:27 |INFO| subCategory listed! 
16-05-2026 22:01:36 |INFO| Product updated successfully! 
16-05-2026 22:01:36 |INFO| Products listed! 
16-05-2026 22:01:48 |INFO| Product updated successfully! 
16-05-2026 22:01:48 |INFO| Products listed! 
16-05-2026 22:02:02 |INFO| Product updated successfully! 
16-05-2026 22:02:02 |INFO| Products listed! 
16-05-2026 22:02:15 |INFO| Product updated successfully! 
16-05-2026 22:02:15 |INFO| Products listed! 
16-05-2026 22:02:25 |INFO| Product updated successfully! 
16-05-2026 22:02:25 |INFO| Products listed! 
16-05-2026 22:02:37 |INFO| Product updated successfully! 
16-05-2026 22:02:37 |INFO| Products listed! 
16-05-2026 22:02:43 |INFO| Product deleted successfully! 
16-05-2026 22:02:43 |INFO| Products listed! 
16-05-2026 22:02:55 |INFO| change of price product 11 is now 640 not 210 
16-05-2026 22:02:55 |INFO| change of price PROUCT  10 is now 360 not 730 
16-05-2026 22:02:55 |INFO| Products listed! 
16-05-2026 22:02:55 |INFO| Reviews are listed! 
16-05-2026 22:02:55 |INFO| Cart listed! 
16-05-2026 22:02:55 |ERROR| Error | GET | /uploads/1778872514763-a.png : can't find /uploads/1778872514763-a.png 
Error: can't find /uploads/1778872514763-a.png
    at C:\Users\yosef\OneDrive\Desktop\NTI\Ecommerce Backend\server.js:29:7
    at Layer.handleRequest (C:\Users\yosef\OneDrive\Desktop\NTI\Ecommerce Backend\node_modules\router\lib\layer.js:152:17)
    at trimPrefix (C:\Users\yosef\OneDrive\Desktop\NTI\Ecommerce Backend\node_modules\router\index.js:342:13)
    at C:\Users\yosef\OneDrive\Desktop\NTI\Ecommerce Backend\node_modules\router\index.js:297:9
    at processParams (C:\Users\yosef\OneDrive\Desktop\NTI\Ecommerce Backend\node_modules\router\index.js:582:12)
    at next (C:\Users\yosef\OneDrive\Desktop\NTI\Ecommerce Backend\node_modules\router\index.js:291:5)
    at cors (C:\Users\yosef\OneDrive\Desktop\NTI\Ecommerce Backend\node_modules\cors\lib\index.js:188:7)
    at C:\Users\yosef\OneDrive\Desktop\NTI\Ecommerce Backend\node_modules\cors\lib\index.js:224:17
    at origin (C:\Users\yosef\OneDrive\Desktop\NTI\Ecommerce Backend\middlewares\cors.middleware.js:8:11)
    at C:\Users\yosef\OneDrive\Desktop\NTI\Ecommerce Backend\node_modules\cors\lib\index.js:219:13
16-05-2026 22:02:55 |ERROR| Error | GET | /uploads/1778872483665-a.png : can't find /uploads/1778872483665-a.png 
Error: can't find /uploads/1778872483665-a.png
    at C:\Users\yosef\OneDrive\Desktop\NTI\Ecommerce Backend\server.js:29:7
    at Layer.handleRequest (C:\Users\yosef\OneDrive\Desktop\NTI\Ecommerce Backend\node_modules\router\lib\layer.js:152:17)
    at trimPrefix (C:\Users\yosef\OneDrive\Desktop\NTI\Ecommerce Backend\node_modules\router\index.js:342:13)
    at C:\Users\yosef\OneDrive\Desktop\NTI\Ecommerce Backend\node_modules\router\index.js:297:9
    at processParams (C:\Users\yosef\OneDrive\Desktop\NTI\Ecommerce Backend\node_modules\router\index.js:582:12)
    at next (C:\Users\yosef\OneDrive\Desktop\NTI\Ecommerce Backend\node_modules\router\index.js:291:5)
    at cors (C:\Users\yosef\OneDrive\Desktop\NTI\Ecommerce Backend\node_modules\cors\lib\index.js:188:7)
    at C:\Users\yosef\OneDrive\Desktop\NTI\Ecommerce Backend\node_modules\cors\lib\index.js:224:17
    at origin (C:\Users\yosef\OneDrive\Desktop\NTI\Ecommerce Backend\middlewares\cors.middleware.js:8:11)
    at C:\Users\yosef\OneDrive\Desktop\NTI\Ecommerce Backend\node_modules\cors\lib\index.js:219:13
16-05-2026 22:02:55 |ERROR| Error | GET | /uploads/1778872457977-a.png : can't find /uploads/1778872457977-a.png 
Error: can't find /uploads/1778872457977-a.png
    at C:\Users\yosef\OneDrive\Desktop\NTI\Ecommerce Backend\server.js:29:7
    at Layer.handleRequest (C:\Users\yosef\OneDrive\Desktop\NTI\Ecommerce Backend\node_modules\router\lib\layer.js:152:17)
    at trimPrefix (C:\Users\yosef\OneDrive\Desktop\NTI\Ecommerce Backend\node_modules\router\index.js:342:13)
    at C:\Users\yosef\OneDrive\Desktop\NTI\Ecommerce Backend\node_modules\router\index.js:297:9
    at processParams (C:\Users\yosef\OneDrive\Desktop\NTI\Ecommerce Backend\node_modules\router\index.js:582:12)
    at next (C:\Users\yosef\OneDrive\Desktop\NTI\Ecommerce Backend\node_modules\router\index.js:291:5)
    at cors (C:\Users\yosef\OneDrive\Desktop\NTI\Ecommerce Backend\node_modules\cors\lib\index.js:188:7)
    at C:\Users\yosef\OneDrive\Desktop\NTI\Ecommerce Backend\node_modules\cors\lib\index.js:224:17
    at origin (C:\Users\yosef\OneDrive\Desktop\NTI\Ecommerce Backend\middlewares\cors.middleware.js:8:11)
    at C:\Users\yosef\OneDrive\Desktop\NTI\Ecommerce Backend\node_modules\cors\lib\index.js:219:13
16-05-2026 22:02:55 |ERROR| Error | GET | /uploads/1778872430510-a.png : can't find /uploads/1778872430510-a.png 
Error: can't find /uploads/1778872430510-a.png
    at C:\Users\yosef\OneDrive\Desktop\NTI\Ecommerce Backend\server.js:29:7
    at Layer.handleRequest (C:\Users\yosef\OneDrive\Desktop\NTI\Ecommerce Backend\node_modules\router\lib\layer.js:152:17)
    at trimPrefix (C:\Users\yosef\OneDrive\Desktop\NTI\Ecommerce Backend\node_modules\router\index.js:342:13)
    at C:\Users\yosef\OneDrive\Desktop\NTI\Ecommerce Backend\node_modules\router\index.js:297:9
    at processParams (C:\Users\yosef\OneDrive\Desktop\NTI\Ecommerce Backend\node_modules\router\index.js:582:12)
    at next (C:\Users\yosef\OneDrive\Desktop\NTI\Ecommerce Backend\node_modules\router\index.js:291:5)
    at cors (C:\Users\yosef\OneDrive\Desktop\NTI\Ecommerce Backend\node_modules\cors\lib\index.js:188:7)
    at C:\Users\yosef\OneDrive\Desktop\NTI\Ecommerce Backend\node_modules\cors\lib\index.js:224:17
    at origin (C:\Users\yosef\OneDrive\Desktop\NTI\Ecommerce Backend\middlewares\cors.middleware.js:8:11)
    at C:\Users\yosef\OneDrive\Desktop\NTI\Ecommerce Backend\node_modules\cors\lib\index.js:219:13
16-05-2026 22:02:57 |INFO| change of price product 11 is now 640 not 210 
16-05-2026 22:02:57 |INFO| change of price PROUCT  10 is now 360 not 730 
16-05-2026 22:02:57 |INFO| Cart listed! 
16-05-2026 22:03:06 |INFO| change of price product 11 is now 640 not 210 
16-05-2026 22:03:06 |INFO| change of price PROUCT  10 is now 360 not 730 
16-05-2026 22:03:06 |INFO| Cart listed! 
16-05-2026 22:03:13 |INFO| change of price product 11 is now 640 not 210 
16-05-2026 22:03:13 |INFO| change of price PROUCT  10 is now 360 not 730 
16-05-2026 22:03:13 |INFO| Cart listed! 
16-05-2026 22:03:15 |ERROR| Error | PATCH | /api/v1/cart : Not enough stock available! 
Error: Not enough stock available!
    at C:\Users\yosef\OneDrive\Desktop\NTI\Ecommerce Backend\controller\cart.controller.js:135:15
    at process.processTicksAndRejections (node:internal/process/task_queues:104:5)
16-05-2026 22:03:16 |ERROR| Error | PATCH | /api/v1/cart : Not enough stock available! 
Error: Not enough stock available!
    at C:\Users\yosef\OneDrive\Desktop\NTI\Ecommerce Backend\controller\cart.controller.js:135:15
    at process.processTicksAndRejections (node:internal/process/task_queues:104:5)
16-05-2026 22:03:16 |ERROR| Error | PATCH | /api/v1/cart : Not enough stock available! 
Error: Not enough stock available!
    at C:\Users\yosef\OneDrive\Desktop\NTI\Ecommerce Backend\controller\cart.controller.js:135:15
    at process.processTicksAndRejections (node:internal/process/task_queues:104:5)
16-05-2026 22:03:32 |INFO| change of price product 11 is now 640 not 210 
16-05-2026 22:03:32 |INFO| change of price PROUCT  10 is now 360 not 730 
16-05-2026 22:03:32 |INFO| Cart listed! 
16-05-2026 22:03:42 |ERROR| Error | POST | /api/v1/order : Not enough stock for undefined 
Error: Not enough stock for undefined
    at C:\Users\yosef\OneDrive\Desktop\NTI\Ecommerce Backend\controller\order.controller.js:23:5
    at process.processTicksAndRejections (node:internal/process/task_queues:104:5)
16-05-2026 22:04:11 |INFO| change of price product 11 is now 640 not 210 
16-05-2026 22:04:11 |INFO| change of price PROUCT  10 is now 360 not 730 
16-05-2026 22:04:11 |INFO| Cart listed! 
16-05-2026 22:04:13 |INFO| Cart Item is updated! 
16-05-2026 22:04:15 |INFO| change of price product 11 is now 640 not 210 
16-05-2026 22:04:15 |INFO| change of price PROUCT  10 is now 360 not 730 
16-05-2026 22:04:15 |INFO| Cart listed! 
16-05-2026 22:04:26 |INFO| Order is placed! 
16-05-2026 22:04:26 |INFO| Cart listed! 
16-05-2026 22:04:28 |INFO| Orders is listed! 
16-05-2026 22:04:31 |INFO| Reviews are listed! 
16-05-2026 22:04:31 |INFO| Products listed! 
16-05-2026 22:04:31 |ERROR| Error | GET | /uploads/1778872514763-a.png : can't find /uploads/1778872514763-a.png 
Error: can't find /uploads/1778872514763-a.png
    at C:\Users\yosef\OneDrive\Desktop\NTI\Ecommerce Backend\server.js:29:7
    at Layer.handleRequest (C:\Users\yosef\OneDrive\Desktop\NTI\Ecommerce Backend\node_modules\router\lib\layer.js:152:17)
    at trimPrefix (C:\Users\yosef\OneDrive\Desktop\NTI\Ecommerce Backend\node_modules\router\index.js:342:13)
    at C:\Users\yosef\OneDrive\Desktop\NTI\Ecommerce Backend\node_modules\router\index.js:297:9
    at processParams (C:\Users\yosef\OneDrive\Desktop\NTI\Ecommerce Backend\node_modules\router\index.js:582:12)
    at next (C:\Users\yosef\OneDrive\Desktop\NTI\Ecommerce Backend\node_modules\router\index.js:291:5)
    at cors (C:\Users\yosef\OneDrive\Desktop\NTI\Ecommerce Backend\node_modules\cors\lib\index.js:188:7)
    at C:\Users\yosef\OneDrive\Desktop\NTI\Ecommerce Backend\node_modules\cors\lib\index.js:224:17
    at origin (C:\Users\yosef\OneDrive\Desktop\NTI\Ecommerce Backend\middlewares\cors.middleware.js:8:11)
    at C:\Users\yosef\OneDrive\Desktop\NTI\Ecommerce Backend\node_modules\cors\lib\index.js:219:13
16-05-2026 22:04:31 |ERROR| Error | GET | /uploads/1778872483665-a.png : can't find /uploads/1778872483665-a.png 
Error: can't find /uploads/1778872483665-a.png
    at C:\Users\yosef\OneDrive\Desktop\NTI\Ecommerce Backend\server.js:29:7
    at Layer.handleRequest (C:\Users\yosef\OneDrive\Desktop\NTI\Ecommerce Backend\node_modules\router\lib\layer.js:152:17)
    at trimPrefix (C:\Users\yosef\OneDrive\Desktop\NTI\Ecommerce Backend\node_modules\router\index.js:342:13)
    at C:\Users\yosef\OneDrive\Desktop\NTI\Ecommerce Backend\node_modules\router\index.js:297:9
    at processParams (C:\Users\yosef\OneDrive\Desktop\NTI\Ecommerce Backend\node_modules\router\index.js:582:12)
    at next (C:\Users\yosef\OneDrive\Desktop\NTI\Ecommerce Backend\node_modules\router\index.js:291:5)
    at cors (C:\Users\yosef\OneDrive\Desktop\NTI\Ecommerce Backend\node_modules\cors\lib\index.js:188:7)
    at C:\Users\yosef\OneDrive\Desktop\NTI\Ecommerce Backend\node_modules\cors\lib\index.js:224:17
    at origin (C:\Users\yosef\OneDrive\Desktop\NTI\Ecommerce Backend\middlewares\cors.middleware.js:8:11)
    at C:\Users\yosef\OneDrive\Desktop\NTI\Ecommerce Backend\node_modules\cors\lib\index.js:219:13
16-05-2026 22:04:31 |ERROR| Error | GET | /uploads/1778872457977-a.png : can't find /uploads/1778872457977-a.png 
Error: can't find /uploads/1778872457977-a.png
    at C:\Users\yosef\OneDrive\Desktop\NTI\Ecommerce Backend\server.js:29:7
    at Layer.handleRequest (C:\Users\yosef\OneDrive\Desktop\NTI\Ecommerce Backend\node_modules\router\lib\layer.js:152:17)
    at trimPrefix (C:\Users\yosef\OneDrive\Desktop\NTI\Ecommerce Backend\node_modules\router\index.js:342:13)
    at C:\Users\yosef\OneDrive\Desktop\NTI\Ecommerce Backend\node_modules\router\index.js:297:9
    at processParams (C:\Users\yosef\OneDrive\Desktop\NTI\Ecommerce Backend\node_modules\router\index.js:582:12)
    at next (C:\Users\yosef\OneDrive\Desktop\NTI\Ecommerce Backend\node_modules\router\index.js:291:5)
    at cors (C:\Users\yosef\OneDrive\Desktop\NTI\Ecommerce Backend\node_modules\cors\lib\index.js:188:7)
    at C:\Users\yosef\OneDrive\Desktop\NTI\Ecommerce Backend\node_modules\cors\lib\index.js:224:17
    at origin (C:\Users\yosef\OneDrive\Desktop\NTI\Ecommerce Backend\middlewares\cors.middleware.js:8:11)
    at C:\Users\yosef\OneDrive\Desktop\NTI\Ecommerce Backend\node_modules\cors\lib\index.js:219:13
16-05-2026 22:04:31 |ERROR| Error | GET | /uploads/1778872430510-a.png : can't find /uploads/1778872430510-a.png 
Error: can't find /uploads/1778872430510-a.png
    at C:\Users\yosef\OneDrive\Desktop\NTI\Ecommerce Backend\server.js:29:7
    at Layer.handleRequest (C:\Users\yosef\OneDrive\Desktop\NTI\Ecommerce Backend\node_modules\router\lib\layer.js:152:17)
    at trimPrefix (C:\Users\yosef\OneDrive\Desktop\NTI\Ecommerce Backend\node_modules\router\index.js:342:13)
    at C:\Users\yosef\OneDrive\Desktop\NTI\Ecommerce Backend\node_modules\router\index.js:297:9
    at processParams (C:\Users\yosef\OneDrive\Desktop\NTI\Ecommerce Backend\node_modules\router\index.js:582:12)
    at next (C:\Users\yosef\OneDrive\Desktop\NTI\Ecommerce Backend\node_modules\router\index.js:291:5)
    at cors (C:\Users\yosef\OneDrive\Desktop\NTI\Ecommerce Backend\node_modules\cors\lib\index.js:188:7)
    at C:\Users\yosef\OneDrive\Desktop\NTI\Ecommerce Backend\node_modules\cors\lib\index.js:224:17
    at origin (C:\Users\yosef\OneDrive\Desktop\NTI\Ecommerce Backend\middlewares\cors.middleware.js:8:11)
    at C:\Users\yosef\OneDrive\Desktop\NTI\Ecommerce Backend\node_modules\cors\lib\index.js:219:13
16-05-2026 22:06:39 |INFO| Cart listed! 
16-05-2026 22:06:39 |INFO| Reviews are listed! 
16-05-2026 22:06:39 |INFO| Products listed! 
16-05-2026 22:06:39 |ERROR| Error | GET | /uploads/1778872514763-a.png : can't find /uploads/1778872514763-a.png 
Error: can't find /uploads/1778872514763-a.png
    at C:\Users\yosef\OneDrive\Desktop\NTI\Ecommerce Backend\server.js:29:7
    at Layer.handleRequest (C:\Users\yosef\OneDrive\Desktop\NTI\Ecommerce Backend\node_modules\router\lib\layer.js:152:17)
    at trimPrefix (C:\Users\yosef\OneDrive\Desktop\NTI\Ecommerce Backend\node_modules\router\index.js:342:13)
    at C:\Users\yosef\OneDrive\Desktop\NTI\Ecommerce Backend\node_modules\router\index.js:297:9
    at processParams (C:\Users\yosef\OneDrive\Desktop\NTI\Ecommerce Backend\node_modules\router\index.js:582:12)
    at next (C:\Users\yosef\OneDrive\Desktop\NTI\Ecommerce Backend\node_modules\router\index.js:291:5)
    at cors (C:\Users\yosef\OneDrive\Desktop\NTI\Ecommerce Backend\node_modules\cors\lib\index.js:188:7)
    at C:\Users\yosef\OneDrive\Desktop\NTI\Ecommerce Backend\node_modules\cors\lib\index.js:224:17
    at origin (C:\Users\yosef\OneDrive\Desktop\NTI\Ecommerce Backend\middlewares\cors.middleware.js:8:11)
    at C:\Users\yosef\OneDrive\Desktop\NTI\Ecommerce Backend\node_modules\cors\lib\index.js:219:13
16-05-2026 22:06:39 |ERROR| Error | GET | /uploads/1778872483665-a.png : can't find /uploads/1778872483665-a.png 
Error: can't find /uploads/1778872483665-a.png
    at C:\Users\yosef\OneDrive\Desktop\NTI\Ecommerce Backend\server.js:29:7
    at Layer.handleRequest (C:\Users\yosef\OneDrive\Desktop\NTI\Ecommerce Backend\node_modules\router\lib\layer.js:152:17)
    at trimPrefix (C:\Users\yosef\OneDrive\Desktop\NTI\Ecommerce Backend\node_modules\router\index.js:342:13)
    at C:\Users\yosef\OneDrive\Desktop\NTI\Ecommerce Backend\node_modules\router\index.js:297:9
    at processParams (C:\Users\yosef\OneDrive\Desktop\NTI\Ecommerce Backend\node_modules\router\index.js:582:12)
    at next (C:\Users\yosef\OneDrive\Desktop\NTI\Ecommerce Backend\node_modules\router\index.js:291:5)
    at cors (C:\Users\yosef\OneDrive\Desktop\NTI\Ecommerce Backend\node_modules\cors\lib\index.js:188:7)
    at C:\Users\yosef\OneDrive\Desktop\NTI\Ecommerce Backend\node_modules\cors\lib\index.js:224:17
    at origin (C:\Users\yosef\OneDrive\Desktop\NTI\Ecommerce Backend\middlewares\cors.middleware.js:8:11)
    at C:\Users\yosef\OneDrive\Desktop\NTI\Ecommerce Backend\node_modules\cors\lib\index.js:219:13
16-05-2026 22:06:39 |ERROR| Error | GET | /uploads/1778872457977-a.png : can't find /uploads/1778872457977-a.png 
Error: can't find /uploads/1778872457977-a.png
    at C:\Users\yosef\OneDrive\Desktop\NTI\Ecommerce Backend\server.js:29:7
    at Layer.handleRequest (C:\Users\yosef\OneDrive\Desktop\NTI\Ecommerce Backend\node_modules\router\lib\layer.js:152:17)
    at trimPrefix (C:\Users\yosef\OneDrive\Desktop\NTI\Ecommerce Backend\node_modules\router\index.js:342:13)
    at C:\Users\yosef\OneDrive\Desktop\NTI\Ecommerce Backend\node_modules\router\index.js:297:9
    at processParams (C:\Users\yosef\OneDrive\Desktop\NTI\Ecommerce Backend\node_modules\router\index.js:582:12)
    at next (C:\Users\yosef\OneDrive\Desktop\NTI\Ecommerce Backend\node_modules\router\index.js:291:5)
    at cors (C:\Users\yosef\OneDrive\Desktop\NTI\Ecommerce Backend\node_modules\cors\lib\index.js:188:7)
    at C:\Users\yosef\OneDrive\Desktop\NTI\Ecommerce Backend\node_modules\cors\lib\index.js:224:17
    at origin (C:\Users\yosef\OneDrive\Desktop\NTI\Ecommerce Backend\middlewares\cors.middleware.js:8:11)
    at C:\Users\yosef\OneDrive\Desktop\NTI\Ecommerce Backend\node_modules\cors\lib\index.js:219:13
16-05-2026 22:06:39 |ERROR| Error | GET | /uploads/1778872430510-a.png : can't find /uploads/1778872430510-a.png 
Error: can't find /uploads/1778872430510-a.png
    at C:\Users\yosef\OneDrive\Desktop\NTI\Ecommerce Backend\server.js:29:7
    at Layer.handleRequest (C:\Users\yosef\OneDrive\Desktop\NTI\Ecommerce Backend\node_modules\router\lib\layer.js:152:17)
    at trimPrefix (C:\Users\yosef\OneDrive\Desktop\NTI\Ecommerce Backend\node_modules\router\index.js:342:13)
    at C:\Users\yosef\OneDrive\Desktop\NTI\Ecommerce Backend\node_modules\router\index.js:297:9
    at processParams (C:\Users\yosef\OneDrive\Desktop\NTI\Ecommerce Backend\node_modules\router\index.js:582:12)
    at next (C:\Users\yosef\OneDrive\Desktop\NTI\Ecommerce Backend\node_modules\router\index.js:291:5)
    at cors (C:\Users\yosef\OneDrive\Desktop\NTI\Ecommerce Backend\node_modules\cors\lib\index.js:188:7)
    at C:\Users\yosef\OneDrive\Desktop\NTI\Ecommerce Backend\node_modules\cors\lib\index.js:224:17
    at origin (C:\Users\yosef\OneDrive\Desktop\NTI\Ecommerce Backend\middlewares\cors.middleware.js:8:11)
    at C:\Users\yosef\OneDrive\Desktop\NTI\Ecommerce Backend\node_modules\cors\lib\index.js:219:13
16-05-2026 22:06:44 |INFO| Product listed! 
16-05-2026 22:06:46 |INFO| Cart updated! 
16-05-2026 22:06:46 |INFO| Cart updated! 
16-05-2026 22:06:46 |INFO| Cart updated! 
16-05-2026 22:06:46 |INFO| Cart updated! 
16-05-2026 22:06:47 |INFO| Reviews are listed! 
16-05-2026 22:06:47 |INFO| Products listed! 
16-05-2026 22:06:47 |ERROR| Error | GET | /uploads/1778872514763-a.png : can't find /uploads/1778872514763-a.png 
Error: can't find /uploads/1778872514763-a.png
    at C:\Users\yosef\OneDrive\Desktop\NTI\Ecommerce Backend\server.js:29:7
    at Layer.handleRequest (C:\Users\yosef\OneDrive\Desktop\NTI\Ecommerce Backend\node_modules\router\lib\layer.js:152:17)
    at trimPrefix (C:\Users\yosef\OneDrive\Desktop\NTI\Ecommerce Backend\node_modules\router\index.js:342:13)
    at C:\Users\yosef\OneDrive\Desktop\NTI\Ecommerce Backend\node_modules\router\index.js:297:9
    at processParams (C:\Users\yosef\OneDrive\Desktop\NTI\Ecommerce Backend\node_modules\router\index.js:582:12)
    at next (C:\Users\yosef\OneDrive\Desktop\NTI\Ecommerce Backend\node_modules\router\index.js:291:5)
    at cors (C:\Users\yosef\OneDrive\Desktop\NTI\Ecommerce Backend\node_modules\cors\lib\index.js:188:7)
    at C:\Users\yosef\OneDrive\Desktop\NTI\Ecommerce Backend\node_modules\cors\lib\index.js:224:17
    at origin (C:\Users\yosef\OneDrive\Desktop\NTI\Ecommerce Backend\middlewares\cors.middleware.js:8:11)
    at C:\Users\yosef\OneDrive\Desktop\NTI\Ecommerce Backend\node_modules\cors\lib\index.js:219:13
16-05-2026 22:06:47 |ERROR| Error | GET | /uploads/1778872483665-a.png : can't find /uploads/1778872483665-a.png 
Error: can't find /uploads/1778872483665-a.png
    at C:\Users\yosef\OneDrive\Desktop\NTI\Ecommerce Backend\server.js:29:7
    at Layer.handleRequest (C:\Users\yosef\OneDrive\Desktop\NTI\Ecommerce Backend\node_modules\router\lib\layer.js:152:17)
    at trimPrefix (C:\Users\yosef\OneDrive\Desktop\NTI\Ecommerce Backend\node_modules\router\index.js:342:13)
    at C:\Users\yosef\OneDrive\Desktop\NTI\Ecommerce Backend\node_modules\router\index.js:297:9
    at processParams (C:\Users\yosef\OneDrive\Desktop\NTI\Ecommerce Backend\node_modules\router\index.js:582:12)
    at next (C:\Users\yosef\OneDrive\Desktop\NTI\Ecommerce Backend\node_modules\router\index.js:291:5)
    at cors (C:\Users\yosef\OneDrive\Desktop\NTI\Ecommerce Backend\node_modules\cors\lib\index.js:188:7)
    at C:\Users\yosef\OneDrive\Desktop\NTI\Ecommerce Backend\node_modules\cors\lib\index.js:224:17
    at origin (C:\Users\yosef\OneDrive\Desktop\NTI\Ecommerce Backend\middlewares\cors.middleware.js:8:11)
    at C:\Users\yosef\OneDrive\Desktop\NTI\Ecommerce Backend\node_modules\cors\lib\index.js:219:13
16-05-2026 22:06:47 |ERROR| Error | GET | /uploads/1778872457977-a.png : can't find /uploads/1778872457977-a.png 
Error: can't find /uploads/1778872457977-a.png
    at C:\Users\yosef\OneDrive\Desktop\NTI\Ecommerce Backend\server.js:29:7
    at Layer.handleRequest (C:\Users\yosef\OneDrive\Desktop\NTI\Ecommerce Backend\node_modules\router\lib\layer.js:152:17)
    at trimPrefix (C:\Users\yosef\OneDrive\Desktop\NTI\Ecommerce Backend\node_modules\router\index.js:342:13)
    at C:\Users\yosef\OneDrive\Desktop\NTI\Ecommerce Backend\node_modules\router\index.js:297:9
    at processParams (C:\Users\yosef\OneDrive\Desktop\NTI\Ecommerce Backend\node_modules\router\index.js:582:12)
    at next (C:\Users\yosef\OneDrive\Desktop\NTI\Ecommerce Backend\node_modules\router\index.js:291:5)
    at cors (C:\Users\yosef\OneDrive\Desktop\NTI\Ecommerce Backend\node_modules\cors\lib\index.js:188:7)
    at C:\Users\yosef\OneDrive\Desktop\NTI\Ecommerce Backend\node_modules\cors\lib\index.js:224:17
    at origin (C:\Users\yosef\OneDrive\Desktop\NTI\Ecommerce Backend\middlewares\cors.middleware.js:8:11)
    at C:\Users\yosef\OneDrive\Desktop\NTI\Ecommerce Backend\node_modules\cors\lib\index.js:219:13
16-05-2026 22:06:47 |ERROR| Error | GET | /uploads/1778872430510-a.png : can't find /uploads/1778872430510-a.png 
Error: can't find /uploads/1778872430510-a.png
    at C:\Users\yosef\OneDrive\Desktop\NTI\Ecommerce Backend\server.js:29:7
    at Layer.handleRequest (C:\Users\yosef\OneDrive\Desktop\NTI\Ecommerce Backend\node_modules\router\lib\layer.js:152:17)
    at trimPrefix (C:\Users\yosef\OneDrive\Desktop\NTI\Ecommerce Backend\node_modules\router\index.js:342:13)
    at C:\Users\yosef\OneDrive\Desktop\NTI\Ecommerce Backend\node_modules\router\index.js:297:9
    at processParams (C:\Users\yosef\OneDrive\Desktop\NTI\Ecommerce Backend\node_modules\router\index.js:582:12)
    at next (C:\Users\yosef\OneDrive\Desktop\NTI\Ecommerce Backend\node_modules\router\index.js:291:5)
    at cors (C:\Users\yosef\OneDrive\Desktop\NTI\Ecommerce Backend\node_modules\cors\lib\index.js:188:7)
    at C:\Users\yosef\OneDrive\Desktop\NTI\Ecommerce Backend\node_modules\cors\lib\index.js:224:17
    at origin (C:\Users\yosef\OneDrive\Desktop\NTI\Ecommerce Backend\middlewares\cors.middleware.js:8:11)
    at C:\Users\yosef\OneDrive\Desktop\NTI\Ecommerce Backend\node_modules\cors\lib\index.js:219:13
16-05-2026 22:06:49 |INFO| Cart listed! 
16-05-2026 22:07:04 |INFO| Category listed! 
16-05-2026 22:07:04 |INFO| Products listed! 
16-05-2026 22:07:04 |INFO| subCategory listed! 
16-05-2026 22:07:21 |INFO| Product updated successfully! 
16-05-2026 22:07:21 |INFO| Products listed! 
16-05-2026 22:07:24 |INFO| Product deleted successfully! 
16-05-2026 22:07:24 |INFO| Products listed! 
16-05-2026 22:07:30 |INFO| Reviews are listed! 
16-05-2026 22:07:30 |INFO| Products listed! 
16-05-2026 22:07:30 |INFO| change of price product 8 is now 450 not 1400 
16-05-2026 22:07:30 |INFO| Cart listed! 
16-05-2026 22:07:30 |ERROR| Error | GET | /uploads/1778872483665-a.png : can't find /uploads/1778872483665-a.png 
Error: can't find /uploads/1778872483665-a.png
    at C:\Users\yosef\OneDrive\Desktop\NTI\Ecommerce Backend\server.js:29:7
    at Layer.handleRequest (C:\Users\yosef\OneDrive\Desktop\NTI\Ecommerce Backend\node_modules\router\lib\layer.js:152:17)
    at trimPrefix (C:\Users\yosef\OneDrive\Desktop\NTI\Ecommerce Backend\node_modules\router\index.js:342:13)
    at C:\Users\yosef\OneDrive\Desktop\NTI\Ecommerce Backend\node_modules\router\index.js:297:9
    at processParams (C:\Users\yosef\OneDrive\Desktop\NTI\Ecommerce Backend\node_modules\router\index.js:582:12)
    at next (C:\Users\yosef\OneDrive\Desktop\NTI\Ecommerce Backend\node_modules\router\index.js:291:5)
    at cors (C:\Users\yosef\OneDrive\Desktop\NTI\Ecommerce Backend\node_modules\cors\lib\index.js:188:7)
    at C:\Users\yosef\OneDrive\Desktop\NTI\Ecommerce Backend\node_modules\cors\lib\index.js:224:17
    at origin (C:\Users\yosef\OneDrive\Desktop\NTI\Ecommerce Backend\middlewares\cors.middleware.js:8:11)
    at C:\Users\yosef\OneDrive\Desktop\NTI\Ecommerce Backend\node_modules\cors\lib\index.js:219:13
16-05-2026 22:07:30 |ERROR| Error | GET | /uploads/1778872457977-a.png : can't find /uploads/1778872457977-a.png 
Error: can't find /uploads/1778872457977-a.png
    at C:\Users\yosef\OneDrive\Desktop\NTI\Ecommerce Backend\server.js:29:7
    at Layer.handleRequest (C:\Users\yosef\OneDrive\Desktop\NTI\Ecommerce Backend\node_modules\router\lib\layer.js:152:17)
    at trimPrefix (C:\Users\yosef\OneDrive\Desktop\NTI\Ecommerce Backend\node_modules\router\index.js:342:13)
    at C:\Users\yosef\OneDrive\Desktop\NTI\Ecommerce Backend\node_modules\router\index.js:297:9
    at processParams (C:\Users\yosef\OneDrive\Desktop\NTI\Ecommerce Backend\node_modules\router\index.js:582:12)
    at next (C:\Users\yosef\OneDrive\Desktop\NTI\Ecommerce Backend\node_modules\router\index.js:291:5)
    at cors (C:\Users\yosef\OneDrive\Desktop\NTI\Ecommerce Backend\node_modules\cors\lib\index.js:188:7)
    at C:\Users\yosef\OneDrive\Desktop\NTI\Ecommerce Backend\node_modules\cors\lib\index.js:224:17
    at origin (C:\Users\yosef\OneDrive\Desktop\NTI\Ecommerce Backend\middlewares\cors.middleware.js:8:11)
    at C:\Users\yosef\OneDrive\Desktop\NTI\Ecommerce Backend\node_modules\cors\lib\index.js:219:13
16-05-2026 22:07:30 |ERROR| Error | GET | /uploads/1778872430510-a.png : can't find /uploads/1778872430510-a.png 
Error: can't find /uploads/1778872430510-a.png
    at C:\Users\yosef\OneDrive\Desktop\NTI\Ecommerce Backend\server.js:29:7
    at Layer.handleRequest (C:\Users\yosef\OneDrive\Desktop\NTI\Ecommerce Backend\node_modules\router\lib\layer.js:152:17)
    at trimPrefix (C:\Users\yosef\OneDrive\Desktop\NTI\Ecommerce Backend\node_modules\router\index.js:342:13)
    at C:\Users\yosef\OneDrive\Desktop\NTI\Ecommerce Backend\node_modules\router\index.js:297:9
    at processParams (C:\Users\yosef\OneDrive\Desktop\NTI\Ecommerce Backend\node_modules\router\index.js:582:12)
    at next (C:\Users\yosef\OneDrive\Desktop\NTI\Ecommerce Backend\node_modules\router\index.js:291:5)
    at cors (C:\Users\yosef\OneDrive\Desktop\NTI\Ecommerce Backend\node_modules\cors\lib\index.js:188:7)
    at C:\Users\yosef\OneDrive\Desktop\NTI\Ecommerce Backend\node_modules\cors\lib\index.js:224:17
    at origin (C:\Users\yosef\OneDrive\Desktop\NTI\Ecommerce Backend\middlewares\cors.middleware.js:8:11)
    at C:\Users\yosef\OneDrive\Desktop\NTI\Ecommerce Backend\node_modules\cors\lib\index.js:219:13
16-05-2026 22:07:30 |ERROR| Error | GET | /uploads/1778872392281-a.png : can't find /uploads/1778872392281-a.png 
Error: can't find /uploads/1778872392281-a.png
    at C:\Users\yosef\OneDrive\Desktop\NTI\Ecommerce Backend\server.js:29:7
    at Layer.handleRequest (C:\Users\yosef\OneDrive\Desktop\NTI\Ecommerce Backend\node_modules\router\lib\layer.js:152:17)
    at trimPrefix (C:\Users\yosef\OneDrive\Desktop\NTI\Ecommerce Backend\node_modules\router\index.js:342:13)
    at C:\Users\yosef\OneDrive\Desktop\NTI\Ecommerce Backend\node_modules\router\index.js:297:9
    at processParams (C:\Users\yosef\OneDrive\Desktop\NTI\Ecommerce Backend\node_modules\router\index.js:582:12)
    at next (C:\Users\yosef\OneDrive\Desktop\NTI\Ecommerce Backend\node_modules\router\index.js:291:5)
    at cors (C:\Users\yosef\OneDrive\Desktop\NTI\Ecommerce Backend\node_modules\cors\lib\index.js:188:7)
    at C:\Users\yosef\OneDrive\Desktop\NTI\Ecommerce Backend\node_modules\cors\lib\index.js:224:17
    at origin (C:\Users\yosef\OneDrive\Desktop\NTI\Ecommerce Backend\middlewares\cors.middleware.js:8:11)
    at C:\Users\yosef\OneDrive\Desktop\NTI\Ecommerce Backend\node_modules\cors\lib\index.js:219:13
16-05-2026 22:07:31 |INFO| change of price product 8 is now 450 not 1400 
16-05-2026 22:07:31 |INFO| Cart listed! 
16-05-2026 22:07:54 |INFO| change of price product 8 is now 450 not 1400 
16-05-2026 22:07:54 |INFO| Cart listed! 
16-05-2026 22:08:10 |ERROR| Error | POST | /api/v1/order : Not enough stock for undefined 
Error: Not enough stock for undefined
    at C:\Users\yosef\OneDrive\Desktop\NTI\Ecommerce Backend\controller\order.controller.js:23:5
    at process.processTicksAndRejections (node:internal/process/task_queues:104:5)
16-05-2026 22:08:11 |ERROR| Error | POST | /api/v1/order : Not enough stock for undefined 
Error: Not enough stock for undefined
    at C:\Users\yosef\OneDrive\Desktop\NTI\Ecommerce Backend\controller\order.controller.js:23:5
    at process.processTicksAndRejections (node:internal/process/task_queues:104:5)
16-05-2026 22:08:11 |ERROR| Error | POST | /api/v1/order : Not enough stock for undefined 
Error: Not enough stock for undefined
    at C:\Users\yosef\OneDrive\Desktop\NTI\Ecommerce Backend\controller\order.controller.js:23:5
    at process.processTicksAndRejections (node:internal/process/task_queues:104:5)
16-05-2026 22:08:12 |ERROR| Error | POST | /api/v1/order : Not enough stock for undefined 
Error: Not enough stock for undefined
    at C:\Users\yosef\OneDrive\Desktop\NTI\Ecommerce Backend\controller\order.controller.js:23:5
    at process.processTicksAndRejections (node:internal/process/task_queues:104:5)
16-05-2026 22:08:17 |INFO| change of price product 8 is now 450 not 1400 
16-05-2026 22:08:17 |INFO| Cart listed! 
16-05-2026 22:08:51 |INFO| change of price product 8 is now 450 not 1400 
16-05-2026 22:08:51 |INFO| Cart listed! 
16-05-2026 22:08:51 |INFO| change of price product 8 is now 450 not 1400 
16-05-2026 22:08:51 |INFO| Cart listed! 
16-05-2026 22:08:52 |INFO| change of price product 8 is now 450 not 1400 
16-05-2026 22:08:52 |INFO| Cart listed! 
16-05-2026 22:08:52 |INFO| change of price product 8 is now 450 not 1400 
16-05-2026 22:08:52 |INFO| Cart listed! 
16-05-2026 22:08:52 |INFO| change of price product 8 is now 450 not 1400 
16-05-2026 22:08:52 |INFO| Cart listed! 
16-05-2026 22:08:52 |INFO| change of price product 8 is now 450 not 1400 
16-05-2026 22:08:52 |INFO| Cart listed! 
16-05-2026 22:08:53 |INFO| change of price product 8 is now 450 not 1400 
16-05-2026 22:08:53 |INFO| Cart listed! 
16-05-2026 22:08:53 |INFO| change of price product 8 is now 450 not 1400 
16-05-2026 22:08:53 |INFO| Cart listed! 
16-05-2026 22:08:53 |INFO| change of price product 8 is now 450 not 1400 
16-05-2026 22:08:53 |INFO| Cart listed! 
16-05-2026 22:08:53 |INFO| change of price product 8 is now 450 not 1400 
16-05-2026 22:08:53 |INFO| Cart listed! 
16-05-2026 22:08:53 |INFO| change of price product 8 is now 450 not 1400 
16-05-2026 22:08:53 |INFO| Cart listed! 
16-05-2026 22:08:53 |INFO| change of price product 8 is now 450 not 1400 
16-05-2026 22:08:53 |INFO| Cart listed! 
16-05-2026 22:08:55 |INFO| Reviews are listed! 
16-05-2026 22:08:55 |INFO| Products listed! 
16-05-2026 22:08:55 |ERROR| Error | GET | /uploads/1778872514763-a.png : can't find /uploads/1778872514763-a.png 
Error: can't find /uploads/1778872514763-a.png
    at C:\Users\yosef\OneDrive\Desktop\NTI\Ecommerce Backend\server.js:29:7
    at Layer.handleRequest (C:\Users\yosef\OneDrive\Desktop\NTI\Ecommerce Backend\node_modules\router\lib\layer.js:152:17)
    at trimPrefix (C:\Users\yosef\OneDrive\Desktop\NTI\Ecommerce Backend\node_modules\router\index.js:342:13)
    at C:\Users\yosef\OneDrive\Desktop\NTI\Ecommerce Backend\node_modules\router\index.js:297:9
    at processParams (C:\Users\yosef\OneDrive\Desktop\NTI\Ecommerce Backend\node_modules\router\index.js:582:12)
    at next (C:\Users\yosef\OneDrive\Desktop\NTI\Ecommerce Backend\node_modules\router\index.js:291:5)
    at cors (C:\Users\yosef\OneDrive\Desktop\NTI\Ecommerce Backend\node_modules\cors\lib\index.js:188:7)
    at C:\Users\yosef\OneDrive\Desktop\NTI\Ecommerce Backend\node_modules\cors\lib\index.js:224:17
    at origin (C:\Users\yosef\OneDrive\Desktop\NTI\Ecommerce Backend\middlewares\cors.middleware.js:8:11)
    at C:\Users\yosef\OneDrive\Desktop\NTI\Ecommerce Backend\node_modules\cors\lib\index.js:219:13
16-05-2026 22:08:55 |ERROR| Error | GET | /uploads/1778872483665-a.png : can't find /uploads/1778872483665-a.png 
Error: can't find /uploads/1778872483665-a.png
    at C:\Users\yosef\OneDrive\Desktop\NTI\Ecommerce Backend\server.js:29:7
    at Layer.handleRequest (C:\Users\yosef\OneDrive\Desktop\NTI\Ecommerce Backend\node_modules\router\lib\layer.js:152:17)
    at trimPrefix (C:\Users\yosef\OneDrive\Desktop\NTI\Ecommerce Backend\node_modules\router\index.js:342:13)
    at C:\Users\yosef\OneDrive\Desktop\NTI\Ecommerce Backend\node_modules\router\index.js:297:9
    at processParams (C:\Users\yosef\OneDrive\Desktop\NTI\Ecommerce Backend\node_modules\router\index.js:582:12)
    at next (C:\Users\yosef\OneDrive\Desktop\NTI\Ecommerce Backend\node_modules\router\index.js:291:5)
    at cors (C:\Users\yosef\OneDrive\Desktop\NTI\Ecommerce Backend\node_modules\cors\lib\index.js:188:7)
    at C:\Users\yosef\OneDrive\Desktop\NTI\Ecommerce Backend\node_modules\cors\lib\index.js:224:17
    at origin (C:\Users\yosef\OneDrive\Desktop\NTI\Ecommerce Backend\middlewares\cors.middleware.js:8:11)
    at C:\Users\yosef\OneDrive\Desktop\NTI\Ecommerce Backend\node_modules\cors\lib\index.js:219:13
16-05-2026 22:08:55 |ERROR| Error | GET | /uploads/1778872457977-a.png : can't find /uploads/1778872457977-a.png 
Error: can't find /uploads/1778872457977-a.png
    at C:\Users\yosef\OneDrive\Desktop\NTI\Ecommerce Backend\server.js:29:7
    at Layer.handleRequest (C:\Users\yosef\OneDrive\Desktop\NTI\Ecommerce Backend\node_modules\router\lib\layer.js:152:17)
    at trimPrefix (C:\Users\yosef\OneDrive\Desktop\NTI\Ecommerce Backend\node_modules\router\index.js:342:13)
    at C:\Users\yosef\OneDrive\Desktop\NTI\Ecommerce Backend\node_modules\router\index.js:297:9
    at processParams (C:\Users\yosef\OneDrive\Desktop\NTI\Ecommerce Backend\node_modules\router\index.js:582:12)
    at next (C:\Users\yosef\OneDrive\Desktop\NTI\Ecommerce Backend\node_modules\router\index.js:291:5)
    at cors (C:\Users\yosef\OneDrive\Desktop\NTI\Ecommerce Backend\node_modules\cors\lib\index.js:188:7)
    at C:\Users\yosef\OneDrive\Desktop\NTI\Ecommerce Backend\node_modules\cors\lib\index.js:224:17
    at origin (C:\Users\yosef\OneDrive\Desktop\NTI\Ecommerce Backend\middlewares\cors.middleware.js:8:11)
    at C:\Users\yosef\OneDrive\Desktop\NTI\Ecommerce Backend\node_modules\cors\lib\index.js:219:13
16-05-2026 22:08:55 |ERROR| Error | GET | /uploads/1778872430510-a.png : can't find /uploads/1778872430510-a.png 
Error: can't find /uploads/1778872430510-a.png
    at C:\Users\yosef\OneDrive\Desktop\NTI\Ecommerce Backend\server.js:29:7
    at Layer.handleRequest (C:\Users\yosef\OneDrive\Desktop\NTI\Ecommerce Backend\node_modules\router\lib\layer.js:152:17)
    at trimPrefix (C:\Users\yosef\OneDrive\Desktop\NTI\Ecommerce Backend\node_modules\router\index.js:342:13)
    at C:\Users\yosef\OneDrive\Desktop\NTI\Ecommerce Backend\node_modules\router\index.js:297:9
    at processParams (C:\Users\yosef\OneDrive\Desktop\NTI\Ecommerce Backend\node_modules\router\index.js:582:12)
    at next (C:\Users\yosef\OneDrive\Desktop\NTI\Ecommerce Backend\node_modules\router\index.js:291:5)
    at cors (C:\Users\yosef\OneDrive\Desktop\NTI\Ecommerce Backend\node_modules\cors\lib\index.js:188:7)
    at C:\Users\yosef\OneDrive\Desktop\NTI\Ecommerce Backend\node_modules\cors\lib\index.js:224:17
    at origin (C:\Users\yosef\OneDrive\Desktop\NTI\Ecommerce Backend\middlewares\cors.middleware.js:8:11)
    at C:\Users\yosef\OneDrive\Desktop\NTI\Ecommerce Backend\node_modules\cors\lib\index.js:219:13
16-05-2026 22:08:56 |INFO| change of price product 8 is now 450 not 1400 
16-05-2026 22:08:56 |INFO| Cart listed! 
16-05-2026 22:08:57 |INFO| change of price product 8 is now 450 not 1400 
16-05-2026 22:08:57 |INFO| Cart listed! 
16-05-2026 22:08:57 |INFO| change of price product 8 is now 450 not 1400 
16-05-2026 22:08:57 |INFO| Cart listed! 
16-05-2026 22:08:57 |INFO| change of price product 8 is now 450 not 1400 
16-05-2026 22:08:57 |INFO| Cart listed! 
16-05-2026 22:08:57 |INFO| change of price product 8 is now 450 not 1400 
16-05-2026 22:08:57 |INFO| Cart listed! 
16-05-2026 22:08:58 |INFO| change of price product 8 is now 450 not 1400 
16-05-2026 22:08:58 |INFO| Cart listed! 
16-05-2026 22:08:58 |INFO| change of price product 8 is now 450 not 1400 
16-05-2026 22:08:58 |INFO| Cart listed! 
16-05-2026 22:08:58 |INFO| change of price product 8 is now 450 not 1400 
16-05-2026 22:08:58 |INFO| Cart listed! 
16-05-2026 22:08:58 |INFO| change of price product 8 is now 450 not 1400 
16-05-2026 22:08:58 |INFO| Cart listed! 
16-05-2026 22:09:00 |INFO| Reviews are listed! 
16-05-2026 22:09:00 |INFO| Products listed! 
16-05-2026 22:09:00 |ERROR| Error | GET | /uploads/1778872514763-a.png : can't find /uploads/1778872514763-a.png 
Error: can't find /uploads/1778872514763-a.png
    at C:\Users\yosef\OneDrive\Desktop\NTI\Ecommerce Backend\server.js:29:7
    at Layer.handleRequest (C:\Users\yosef\OneDrive\Desktop\NTI\Ecommerce Backend\node_modules\router\lib\layer.js:152:17)
    at trimPrefix (C:\Users\yosef\OneDrive\Desktop\NTI\Ecommerce Backend\node_modules\router\index.js:342:13)
    at C:\Users\yosef\OneDrive\Desktop\NTI\Ecommerce Backend\node_modules\router\index.js:297:9
    at processParams (C:\Users\yosef\OneDrive\Desktop\NTI\Ecommerce Backend\node_modules\router\index.js:582:12)
    at next (C:\Users\yosef\OneDrive\Desktop\NTI\Ecommerce Backend\node_modules\router\index.js:291:5)
    at cors (C:\Users\yosef\OneDrive\Desktop\NTI\Ecommerce Backend\node_modules\cors\lib\index.js:188:7)
    at C:\Users\yosef\OneDrive\Desktop\NTI\Ecommerce Backend\node_modules\cors\lib\index.js:224:17
    at origin (C:\Users\yosef\OneDrive\Desktop\NTI\Ecommerce Backend\middlewares\cors.middleware.js:8:11)
    at C:\Users\yosef\OneDrive\Desktop\NTI\Ecommerce Backend\node_modules\cors\lib\index.js:219:13
16-05-2026 22:09:00 |ERROR| Error | GET | /uploads/1778872483665-a.png : can't find /uploads/1778872483665-a.png 
Error: can't find /uploads/1778872483665-a.png
    at C:\Users\yosef\OneDrive\Desktop\NTI\Ecommerce Backend\server.js:29:7
    at Layer.handleRequest (C:\Users\yosef\OneDrive\Desktop\NTI\Ecommerce Backend\node_modules\router\lib\layer.js:152:17)
    at trimPrefix (C:\Users\yosef\OneDrive\Desktop\NTI\Ecommerce Backend\node_modules\router\index.js:342:13)
    at C:\Users\yosef\OneDrive\Desktop\NTI\Ecommerce Backend\node_modules\router\index.js:297:9
    at processParams (C:\Users\yosef\OneDrive\Desktop\NTI\Ecommerce Backend\node_modules\router\index.js:582:12)
    at next (C:\Users\yosef\OneDrive\Desktop\NTI\Ecommerce Backend\node_modules\router\index.js:291:5)
    at cors (C:\Users\yosef\OneDrive\Desktop\NTI\Ecommerce Backend\node_modules\cors\lib\index.js:188:7)
    at C:\Users\yosef\OneDrive\Desktop\NTI\Ecommerce Backend\node_modules\cors\lib\index.js:224:17
    at origin (C:\Users\yosef\OneDrive\Desktop\NTI\Ecommerce Backend\middlewares\cors.middleware.js:8:11)
    at C:\Users\yosef\OneDrive\Desktop\NTI\Ecommerce Backend\node_modules\cors\lib\index.js:219:13
16-05-2026 22:09:00 |ERROR| Error | GET | /uploads/1778872457977-a.png : can't find /uploads/1778872457977-a.png 
Error: can't find /uploads/1778872457977-a.png
    at C:\Users\yosef\OneDrive\Desktop\NTI\Ecommerce Backend\server.js:29:7
    at Layer.handleRequest (C:\Users\yosef\OneDrive\Desktop\NTI\Ecommerce Backend\node_modules\router\lib\layer.js:152:17)
    at trimPrefix (C:\Users\yosef\OneDrive\Desktop\NTI\Ecommerce Backend\node_modules\router\index.js:342:13)
    at C:\Users\yosef\OneDrive\Desktop\NTI\Ecommerce Backend\node_modules\router\index.js:297:9
    at processParams (C:\Users\yosef\OneDrive\Desktop\NTI\Ecommerce Backend\node_modules\router\index.js:582:12)
    at next (C:\Users\yosef\OneDrive\Desktop\NTI\Ecommerce Backend\node_modules\router\index.js:291:5)
    at cors (C:\Users\yosef\OneDrive\Desktop\NTI\Ecommerce Backend\node_modules\cors\lib\index.js:188:7)
    at C:\Users\yosef\OneDrive\Desktop\NTI\Ecommerce Backend\node_modules\cors\lib\index.js:224:17
    at origin (C:\Users\yosef\OneDrive\Desktop\NTI\Ecommerce Backend\middlewares\cors.middleware.js:8:11)
    at C:\Users\yosef\OneDrive\Desktop\NTI\Ecommerce Backend\node_modules\cors\lib\index.js:219:13
16-05-2026 22:09:00 |ERROR| Error | GET | /uploads/1778872430510-a.png : can't find /uploads/1778872430510-a.png 
Error: can't find /uploads/1778872430510-a.png
    at C:\Users\yosef\OneDrive\Desktop\NTI\Ecommerce Backend\server.js:29:7
    at Layer.handleRequest (C:\Users\yosef\OneDrive\Desktop\NTI\Ecommerce Backend\node_modules\router\lib\layer.js:152:17)
    at trimPrefix (C:\Users\yosef\OneDrive\Desktop\NTI\Ecommerce Backend\node_modules\router\index.js:342:13)
    at C:\Users\yosef\OneDrive\Desktop\NTI\Ecommerce Backend\node_modules\router\index.js:297:9
    at processParams (C:\Users\yosef\OneDrive\Desktop\NTI\Ecommerce Backend\node_modules\router\index.js:582:12)
    at next (C:\Users\yosef\OneDrive\Desktop\NTI\Ecommerce Backend\node_modules\router\index.js:291:5)
    at cors (C:\Users\yosef\OneDrive\Desktop\NTI\Ecommerce Backend\node_modules\cors\lib\index.js:188:7)
    at C:\Users\yosef\OneDrive\Desktop\NTI\Ecommerce Backend\node_modules\cors\lib\index.js:224:17
    at origin (C:\Users\yosef\OneDrive\Desktop\NTI\Ecommerce Backend\middlewares\cors.middleware.js:8:11)
    at C:\Users\yosef\OneDrive\Desktop\NTI\Ecommerce Backend\node_modules\cors\lib\index.js:219:13
16-05-2026 22:09:01 |INFO| Reviews are listed! 
16-05-2026 22:09:01 |INFO| change of price product 8 is now 450 not 1400 
16-05-2026 22:09:01 |INFO| Products listed! 
16-05-2026 22:09:01 |INFO| Cart listed! 
16-05-2026 22:09:01 |ERROR| Error | GET | /uploads/1778872483665-a.png : can't find /uploads/1778872483665-a.png 
Error: can't find /uploads/1778872483665-a.png
    at C:\Users\yosef\OneDrive\Desktop\NTI\Ecommerce Backend\server.js:29:7
    at Layer.handleRequest (C:\Users\yosef\OneDrive\Desktop\NTI\Ecommerce Backend\node_modules\router\lib\layer.js:152:17)
    at trimPrefix (C:\Users\yosef\OneDrive\Desktop\NTI\Ecommerce Backend\node_modules\router\index.js:342:13)
    at C:\Users\yosef\OneDrive\Desktop\NTI\Ecommerce Backend\node_modules\router\index.js:297:9
    at processParams (C:\Users\yosef\OneDrive\Desktop\NTI\Ecommerce Backend\node_modules\router\index.js:582:12)
    at next (C:\Users\yosef\OneDrive\Desktop\NTI\Ecommerce Backend\node_modules\router\index.js:291:5)
    at cors (C:\Users\yosef\OneDrive\Desktop\NTI\Ecommerce Backend\node_modules\cors\lib\index.js:188:7)
    at C:\Users\yosef\OneDrive\Desktop\NTI\Ecommerce Backend\node_modules\cors\lib\index.js:224:17
    at origin (C:\Users\yosef\OneDrive\Desktop\NTI\Ecommerce Backend\middlewares\cors.middleware.js:8:11)
    at C:\Users\yosef\OneDrive\Desktop\NTI\Ecommerce Backend\node_modules\cors\lib\index.js:219:13
16-05-2026 22:09:01 |ERROR| Error | GET | /uploads/1778872514763-a.png : can't find /uploads/1778872514763-a.png 
Error: can't find /uploads/1778872514763-a.png
    at C:\Users\yosef\OneDrive\Desktop\NTI\Ecommerce Backend\server.js:29:7
    at Layer.handleRequest (C:\Users\yosef\OneDrive\Desktop\NTI\Ecommerce Backend\node_modules\router\lib\layer.js:152:17)
    at trimPrefix (C:\Users\yosef\OneDrive\Desktop\NTI\Ecommerce Backend\node_modules\router\index.js:342:13)
    at C:\Users\yosef\OneDrive\Desktop\NTI\Ecommerce Backend\node_modules\router\index.js:297:9
    at processParams (C:\Users\yosef\OneDrive\Desktop\NTI\Ecommerce Backend\node_modules\router\index.js:582:12)
    at next (C:\Users\yosef\OneDrive\Desktop\NTI\Ecommerce Backend\node_modules\router\index.js:291:5)
    at cors (C:\Users\yosef\OneDrive\Desktop\NTI\Ecommerce Backend\node_modules\cors\lib\index.js:188:7)
    at C:\Users\yosef\OneDrive\Desktop\NTI\Ecommerce Backend\node_modules\cors\lib\index.js:224:17
    at origin (C:\Users\yosef\OneDrive\Desktop\NTI\Ecommerce Backend\middlewares\cors.middleware.js:8:11)
    at C:\Users\yosef\OneDrive\Desktop\NTI\Ecommerce Backend\node_modules\cors\lib\index.js:219:13
16-05-2026 22:09:01 |ERROR| Error | GET | /uploads/1778872457977-a.png : can't find /uploads/1778872457977-a.png 
Error: can't find /uploads/1778872457977-a.png
    at C:\Users\yosef\OneDrive\Desktop\NTI\Ecommerce Backend\server.js:29:7
    at Layer.handleRequest (C:\Users\yosef\OneDrive\Desktop\NTI\Ecommerce Backend\node_modules\router\lib\layer.js:152:17)
    at trimPrefix (C:\Users\yosef\OneDrive\Desktop\NTI\Ecommerce Backend\node_modules\router\index.js:342:13)
    at C:\Users\yosef\OneDrive\Desktop\NTI\Ecommerce Backend\node_modules\router\index.js:297:9
    at processParams (C:\Users\yosef\OneDrive\Desktop\NTI\Ecommerce Backend\node_modules\router\index.js:582:12)
    at next (C:\Users\yosef\OneDrive\Desktop\NTI\Ecommerce Backend\node_modules\router\index.js:291:5)
    at cors (C:\Users\yosef\OneDrive\Desktop\NTI\Ecommerce Backend\node_modules\cors\lib\index.js:188:7)
    at C:\Users\yosef\OneDrive\Desktop\NTI\Ecommerce Backend\node_modules\cors\lib\index.js:224:17
    at origin (C:\Users\yosef\OneDrive\Desktop\NTI\Ecommerce Backend\middlewares\cors.middleware.js:8:11)
    at C:\Users\yosef\OneDrive\Desktop\NTI\Ecommerce Backend\node_modules\cors\lib\index.js:219:13
16-05-2026 22:09:01 |ERROR| Error | GET | /uploads/1778872430510-a.png : can't find /uploads/1778872430510-a.png 
Error: can't find /uploads/1778872430510-a.png
    at C:\Users\yosef\OneDrive\Desktop\NTI\Ecommerce Backend\server.js:29:7
    at Layer.handleRequest (C:\Users\yosef\OneDrive\Desktop\NTI\Ecommerce Backend\node_modules\router\lib\layer.js:152:17)
    at trimPrefix (C:\Users\yosef\OneDrive\Desktop\NTI\Ecommerce Backend\node_modules\router\index.js:342:13)
    at C:\Users\yosef\OneDrive\Desktop\NTI\Ecommerce Backend\node_modules\router\index.js:297:9
    at processParams (C:\Users\yosef\OneDrive\Desktop\NTI\Ecommerce Backend\node_modules\router\index.js:582:12)
    at next (C:\Users\yosef\OneDrive\Desktop\NTI\Ecommerce Backend\node_modules\router\index.js:291:5)
    at cors (C:\Users\yosef\OneDrive\Desktop\NTI\Ecommerce Backend\node_modules\cors\lib\index.js:188:7)
    at C:\Users\yosef\OneDrive\Desktop\NTI\Ecommerce Backend\node_modules\cors\lib\index.js:224:17
    at origin (C:\Users\yosef\OneDrive\Desktop\NTI\Ecommerce Backend\middlewares\cors.middleware.js:8:11)
    at C:\Users\yosef\OneDrive\Desktop\NTI\Ecommerce Backend\node_modules\cors\lib\index.js:219:13
16-05-2026 22:09:02 |INFO| Reviews are listed! 
16-05-2026 22:09:02 |INFO| Products listed! 
16-05-2026 22:09:02 |INFO| change of price product 8 is now 450 not 1400 
16-05-2026 22:09:02 |INFO| Cart listed! 
16-05-2026 22:09:02 |ERROR| Error | GET | /uploads/1778872514763-a.png : can't find /uploads/1778872514763-a.png 
Error: can't find /uploads/1778872514763-a.png
    at C:\Users\yosef\OneDrive\Desktop\NTI\Ecommerce Backend\server.js:29:7
    at Layer.handleRequest (C:\Users\yosef\OneDrive\Desktop\NTI\Ecommerce Backend\node_modules\router\lib\layer.js:152:17)
    at trimPrefix (C:\Users\yosef\OneDrive\Desktop\NTI\Ecommerce Backend\node_modules\router\index.js:342:13)
    at C:\Users\yosef\OneDrive\Desktop\NTI\Ecommerce Backend\node_modules\router\index.js:297:9
    at processParams (C:\Users\yosef\OneDrive\Desktop\NTI\Ecommerce Backend\node_modules\router\index.js:582:12)
    at next (C:\Users\yosef\OneDrive\Desktop\NTI\Ecommerce Backend\node_modules\router\index.js:291:5)
    at cors (C:\Users\yosef\OneDrive\Desktop\NTI\Ecommerce Backend\node_modules\cors\lib\index.js:188:7)
    at C:\Users\yosef\OneDrive\Desktop\NTI\Ecommerce Backend\node_modules\cors\lib\index.js:224:17
    at origin (C:\Users\yosef\OneDrive\Desktop\NTI\Ecommerce Backend\middlewares\cors.middleware.js:8:11)
    at C:\Users\yosef\OneDrive\Desktop\NTI\Ecommerce Backend\node_modules\cors\lib\index.js:219:13
16-05-2026 22:09:02 |ERROR| Error | GET | /uploads/1778872483665-a.png : can't find /uploads/1778872483665-a.png 
Error: can't find /uploads/1778872483665-a.png
    at C:\Users\yosef\OneDrive\Desktop\NTI\Ecommerce Backend\server.js:29:7
    at Layer.handleRequest (C:\Users\yosef\OneDrive\Desktop\NTI\Ecommerce Backend\node_modules\router\lib\layer.js:152:17)
    at trimPrefix (C:\Users\yosef\OneDrive\Desktop\NTI\Ecommerce Backend\node_modules\router\index.js:342:13)
    at C:\Users\yosef\OneDrive\Desktop\NTI\Ecommerce Backend\node_modules\router\index.js:297:9
    at processParams (C:\Users\yosef\OneDrive\Desktop\NTI\Ecommerce Backend\node_modules\router\index.js:582:12)
    at next (C:\Users\yosef\OneDrive\Desktop\NTI\Ecommerce Backend\node_modules\router\index.js:291:5)
    at cors (C:\Users\yosef\OneDrive\Desktop\NTI\Ecommerce Backend\node_modules\cors\lib\index.js:188:7)
    at C:\Users\yosef\OneDrive\Desktop\NTI\Ecommerce Backend\node_modules\cors\lib\index.js:224:17
    at origin (C:\Users\yosef\OneDrive\Desktop\NTI\Ecommerce Backend\middlewares\cors.middleware.js:8:11)
    at C:\Users\yosef\OneDrive\Desktop\NTI\Ecommerce Backend\node_modules\cors\lib\index.js:219:13
16-05-2026 22:09:02 |ERROR| Error | GET | /uploads/1778872457977-a.png : can't find /uploads/1778872457977-a.png 
Error: can't find /uploads/1778872457977-a.png
    at C:\Users\yosef\OneDrive\Desktop\NTI\Ecommerce Backend\server.js:29:7
    at Layer.handleRequest (C:\Users\yosef\OneDrive\Desktop\NTI\Ecommerce Backend\node_modules\router\lib\layer.js:152:17)
    at trimPrefix (C:\Users\yosef\OneDrive\Desktop\NTI\Ecommerce Backend\node_modules\router\index.js:342:13)
    at C:\Users\yosef\OneDrive\Desktop\NTI\Ecommerce Backend\node_modules\router\index.js:297:9
    at processParams (C:\Users\yosef\OneDrive\Desktop\NTI\Ecommerce Backend\node_modules\router\index.js:582:12)
    at next (C:\Users\yosef\OneDrive\Desktop\NTI\Ecommerce Backend\node_modules\router\index.js:291:5)
    at cors (C:\Users\yosef\OneDrive\Desktop\NTI\Ecommerce Backend\node_modules\cors\lib\index.js:188:7)
    at C:\Users\yosef\OneDrive\Desktop\NTI\Ecommerce Backend\node_modules\cors\lib\index.js:224:17
    at origin (C:\Users\yosef\OneDrive\Desktop\NTI\Ecommerce Backend\middlewares\cors.middleware.js:8:11)
    at C:\Users\yosef\OneDrive\Desktop\NTI\Ecommerce Backend\node_modules\cors\lib\index.js:219:13
16-05-2026 22:09:02 |ERROR| Error | GET | /uploads/1778872430510-a.png : can't find /uploads/1778872430510-a.png 
Error: can't find /uploads/1778872430510-a.png
    at C:\Users\yosef\OneDrive\Desktop\NTI\Ecommerce Backend\server.js:29:7
    at Layer.handleRequest (C:\Users\yosef\OneDrive\Desktop\NTI\Ecommerce Backend\node_modules\router\lib\layer.js:152:17)
    at trimPrefix (C:\Users\yosef\OneDrive\Desktop\NTI\Ecommerce Backend\node_modules\router\index.js:342:13)
    at C:\Users\yosef\OneDrive\Desktop\NTI\Ecommerce Backend\node_modules\router\index.js:297:9
    at processParams (C:\Users\yosef\OneDrive\Desktop\NTI\Ecommerce Backend\node_modules\router\index.js:582:12)
    at next (C:\Users\yosef\OneDrive\Desktop\NTI\Ecommerce Backend\node_modules\router\index.js:291:5)
    at cors (C:\Users\yosef\OneDrive\Desktop\NTI\Ecommerce Backend\node_modules\cors\lib\index.js:188:7)
    at C:\Users\yosef\OneDrive\Desktop\NTI\Ecommerce Backend\node_modules\cors\lib\index.js:224:17
    at origin (C:\Users\yosef\OneDrive\Desktop\NTI\Ecommerce Backend\middlewares\cors.middleware.js:8:11)
    at C:\Users\yosef\OneDrive\Desktop\NTI\Ecommerce Backend\node_modules\cors\lib\index.js:219:13
16-05-2026 22:09:06 |INFO| change of price product 8 is now 450 not 1400 
16-05-2026 22:09:06 |INFO| Cart listed! 
16-05-2026 22:09:08 |INFO| Cart Item is removed! 
16-05-2026 22:09:10 |INFO| Reviews are listed! 
16-05-2026 22:09:10 |INFO| Products listed! 
16-05-2026 22:09:10 |ERROR| Error | GET | /uploads/1778872514763-a.png : can't find /uploads/1778872514763-a.png 
Error: can't find /uploads/1778872514763-a.png
    at C:\Users\yosef\OneDrive\Desktop\NTI\Ecommerce Backend\server.js:29:7
    at Layer.handleRequest (C:\Users\yosef\OneDrive\Desktop\NTI\Ecommerce Backend\node_modules\router\lib\layer.js:152:17)
    at trimPrefix (C:\Users\yosef\OneDrive\Desktop\NTI\Ecommerce Backend\node_modules\router\index.js:342:13)
    at C:\Users\yosef\OneDrive\Desktop\NTI\Ecommerce Backend\node_modules\router\index.js:297:9
    at processParams (C:\Users\yosef\OneDrive\Desktop\NTI\Ecommerce Backend\node_modules\router\index.js:582:12)
    at next (C:\Users\yosef\OneDrive\Desktop\NTI\Ecommerce Backend\node_modules\router\index.js:291:5)
    at cors (C:\Users\yosef\OneDrive\Desktop\NTI\Ecommerce Backend\node_modules\cors\lib\index.js:188:7)
    at C:\Users\yosef\OneDrive\Desktop\NTI\Ecommerce Backend\node_modules\cors\lib\index.js:224:17
    at origin (C:\Users\yosef\OneDrive\Desktop\NTI\Ecommerce Backend\middlewares\cors.middleware.js:8:11)
    at C:\Users\yosef\OneDrive\Desktop\NTI\Ecommerce Backend\node_modules\cors\lib\index.js:219:13
16-05-2026 22:09:10 |ERROR| Error | GET | /uploads/1778872483665-a.png : can't find /uploads/1778872483665-a.png 
Error: can't find /uploads/1778872483665-a.png
    at C:\Users\yosef\OneDrive\Desktop\NTI\Ecommerce Backend\server.js:29:7
    at Layer.handleRequest (C:\Users\yosef\OneDrive\Desktop\NTI\Ecommerce Backend\node_modules\router\lib\layer.js:152:17)
    at trimPrefix (C:\Users\yosef\OneDrive\Desktop\NTI\Ecommerce Backend\node_modules\router\index.js:342:13)
    at C:\Users\yosef\OneDrive\Desktop\NTI\Ecommerce Backend\node_modules\router\index.js:297:9
    at processParams (C:\Users\yosef\OneDrive\Desktop\NTI\Ecommerce Backend\node_modules\router\index.js:582:12)
    at next (C:\Users\yosef\OneDrive\Desktop\NTI\Ecommerce Backend\node_modules\router\index.js:291:5)
    at cors (C:\Users\yosef\OneDrive\Desktop\NTI\Ecommerce Backend\node_modules\cors\lib\index.js:188:7)
    at C:\Users\yosef\OneDrive\Desktop\NTI\Ecommerce Backend\node_modules\cors\lib\index.js:224:17
    at origin (C:\Users\yosef\OneDrive\Desktop\NTI\Ecommerce Backend\middlewares\cors.middleware.js:8:11)
    at C:\Users\yosef\OneDrive\Desktop\NTI\Ecommerce Backend\node_modules\cors\lib\index.js:219:13
16-05-2026 22:09:10 |ERROR| Error | GET | /uploads/1778872457977-a.png : can't find /uploads/1778872457977-a.png 
Error: can't find /uploads/1778872457977-a.png
    at C:\Users\yosef\OneDrive\Desktop\NTI\Ecommerce Backend\server.js:29:7
    at Layer.handleRequest (C:\Users\yosef\OneDrive\Desktop\NTI\Ecommerce Backend\node_modules\router\lib\layer.js:152:17)
    at trimPrefix (C:\Users\yosef\OneDrive\Desktop\NTI\Ecommerce Backend\node_modules\router\index.js:342:13)
    at C:\Users\yosef\OneDrive\Desktop\NTI\Ecommerce Backend\node_modules\router\index.js:297:9
    at processParams (C:\Users\yosef\OneDrive\Desktop\NTI\Ecommerce Backend\node_modules\router\index.js:582:12)
    at next (C:\Users\yosef\OneDrive\Desktop\NTI\Ecommerce Backend\node_modules\router\index.js:291:5)
    at cors (C:\Users\yosef\OneDrive\Desktop\NTI\Ecommerce Backend\node_modules\cors\lib\index.js:188:7)
    at C:\Users\yosef\OneDrive\Desktop\NTI\Ecommerce Backend\node_modules\cors\lib\index.js:224:17
    at origin (C:\Users\yosef\OneDrive\Desktop\NTI\Ecommerce Backend\middlewares\cors.middleware.js:8:11)
    at C:\Users\yosef\OneDrive\Desktop\NTI\Ecommerce Backend\node_modules\cors\lib\index.js:219:13
16-05-2026 22:09:10 |ERROR| Error | GET | /uploads/1778872430510-a.png : can't find /uploads/1778872430510-a.png 
Error: can't find /uploads/1778872430510-a.png
    at C:\Users\yosef\OneDrive\Desktop\NTI\Ecommerce Backend\server.js:29:7
    at Layer.handleRequest (C:\Users\yosef\OneDrive\Desktop\NTI\Ecommerce Backend\node_modules\router\lib\layer.js:152:17)
    at trimPrefix (C:\Users\yosef\OneDrive\Desktop\NTI\Ecommerce Backend\node_modules\router\index.js:342:13)
    at C:\Users\yosef\OneDrive\Desktop\NTI\Ecommerce Backend\node_modules\router\index.js:297:9
    at processParams (C:\Users\yosef\OneDrive\Desktop\NTI\Ecommerce Backend\node_modules\router\index.js:582:12)
    at next (C:\Users\yosef\OneDrive\Desktop\NTI\Ecommerce Backend\node_modules\router\index.js:291:5)
    at cors (C:\Users\yosef\OneDrive\Desktop\NTI\Ecommerce Backend\node_modules\cors\lib\index.js:188:7)
    at C:\Users\yosef\OneDrive\Desktop\NTI\Ecommerce Backend\node_modules\cors\lib\index.js:224:17
    at origin (C:\Users\yosef\OneDrive\Desktop\NTI\Ecommerce Backend\middlewares\cors.middleware.js:8:11)
    at C:\Users\yosef\OneDrive\Desktop\NTI\Ecommerce Backend\node_modules\cors\lib\index.js:219:13
16-05-2026 22:09:12 |INFO| Product listed! 
16-05-2026 22:09:34 |INFO| Cart listed! 
16-05-2026 22:09:34 |INFO| Product listed! 
16-05-2026 22:09:36 |INFO| Cart updated! 
16-05-2026 22:09:37 |INFO| Cart updated! 
16-05-2026 22:09:37 |INFO| Cart updated! 
16-05-2026 22:09:38 |INFO| Cart listed! 
16-05-2026 22:09:40 |INFO| Cart Item is updated! 
16-05-2026 22:09:40 |INFO| Cart Item is updated! 
16-05-2026 22:09:40 |INFO| Cart Item is updated! 
16-05-2026 22:09:57 |INFO| Category listed! 
16-05-2026 22:09:57 |INFO| subCategory listed! 
16-05-2026 22:09:57 |INFO| Products listed! 
16-05-2026 22:10:14 |INFO| Product updated successfully! 
16-05-2026 22:10:14 |INFO| Products listed! 
16-05-2026 22:10:18 |INFO| Product deleted successfully! 
16-05-2026 22:10:18 |INFO| Products listed! 
16-05-2026 22:10:24 |INFO| Reviews are listed! 
16-05-2026 22:10:24 |INFO| change of price product 8 is now 410 not 450 
16-05-2026 22:10:24 |INFO| Products listed! 
16-05-2026 22:10:24 |INFO| Cart listed! 
16-05-2026 22:10:24 |ERROR| Error | GET | /uploads/1778872483665-a.png : can't find /uploads/1778872483665-a.png 
Error: can't find /uploads/1778872483665-a.png
    at C:\Users\yosef\OneDrive\Desktop\NTI\Ecommerce Backend\server.js:29:7
    at Layer.handleRequest (C:\Users\yosef\OneDrive\Desktop\NTI\Ecommerce Backend\node_modules\router\lib\layer.js:152:17)
    at trimPrefix (C:\Users\yosef\OneDrive\Desktop\NTI\Ecommerce Backend\node_modules\router\index.js:342:13)
    at C:\Users\yosef\OneDrive\Desktop\NTI\Ecommerce Backend\node_modules\router\index.js:297:9
    at processParams (C:\Users\yosef\OneDrive\Desktop\NTI\Ecommerce Backend\node_modules\router\index.js:582:12)
    at next (C:\Users\yosef\OneDrive\Desktop\NTI\Ecommerce Backend\node_modules\router\index.js:291:5)
    at cors (C:\Users\yosef\OneDrive\Desktop\NTI\Ecommerce Backend\node_modules\cors\lib\index.js:188:7)
    at C:\Users\yosef\OneDrive\Desktop\NTI\Ecommerce Backend\node_modules\cors\lib\index.js:224:17
    at origin (C:\Users\yosef\OneDrive\Desktop\NTI\Ecommerce Backend\middlewares\cors.middleware.js:8:11)
    at C:\Users\yosef\OneDrive\Desktop\NTI\Ecommerce Backend\node_modules\cors\lib\index.js:219:13
16-05-2026 22:10:24 |ERROR| Error | GET | /uploads/1778872457977-a.png : can't find /uploads/1778872457977-a.png 
Error: can't find /uploads/1778872457977-a.png
    at C:\Users\yosef\OneDrive\Desktop\NTI\Ecommerce Backend\server.js:29:7
    at Layer.handleRequest (C:\Users\yosef\OneDrive\Desktop\NTI\Ecommerce Backend\node_modules\router\lib\layer.js:152:17)
    at trimPrefix (C:\Users\yosef\OneDrive\Desktop\NTI\Ecommerce Backend\node_modules\router\index.js:342:13)
    at C:\Users\yosef\OneDrive\Desktop\NTI\Ecommerce Backend\node_modules\router\index.js:297:9
    at processParams (C:\Users\yosef\OneDrive\Desktop\NTI\Ecommerce Backend\node_modules\router\index.js:582:12)
    at next (C:\Users\yosef\OneDrive\Desktop\NTI\Ecommerce Backend\node_modules\router\index.js:291:5)
    at cors (C:\Users\yosef\OneDrive\Desktop\NTI\Ecommerce Backend\node_modules\cors\lib\index.js:188:7)
    at C:\Users\yosef\OneDrive\Desktop\NTI\Ecommerce Backend\node_modules\cors\lib\index.js:224:17
    at origin (C:\Users\yosef\OneDrive\Desktop\NTI\Ecommerce Backend\middlewares\cors.middleware.js:8:11)
    at C:\Users\yosef\OneDrive\Desktop\NTI\Ecommerce Backend\node_modules\cors\lib\index.js:219:13
16-05-2026 22:10:24 |ERROR| Error | GET | /uploads/1778872430510-a.png : can't find /uploads/1778872430510-a.png 
Error: can't find /uploads/1778872430510-a.png
    at C:\Users\yosef\OneDrive\Desktop\NTI\Ecommerce Backend\server.js:29:7
    at Layer.handleRequest (C:\Users\yosef\OneDrive\Desktop\NTI\Ecommerce Backend\node_modules\router\lib\layer.js:152:17)
    at trimPrefix (C:\Users\yosef\OneDrive\Desktop\NTI\Ecommerce Backend\node_modules\router\index.js:342:13)
    at C:\Users\yosef\OneDrive\Desktop\NTI\Ecommerce Backend\node_modules\router\index.js:297:9
    at processParams (C:\Users\yosef\OneDrive\Desktop\NTI\Ecommerce Backend\node_modules\router\index.js:582:12)
    at next (C:\Users\yosef\OneDrive\Desktop\NTI\Ecommerce Backend\node_modules\router\index.js:291:5)
    at cors (C:\Users\yosef\OneDrive\Desktop\NTI\Ecommerce Backend\node_modules\cors\lib\index.js:188:7)
    at C:\Users\yosef\OneDrive\Desktop\NTI\Ecommerce Backend\node_modules\cors\lib\index.js:224:17
    at origin (C:\Users\yosef\OneDrive\Desktop\NTI\Ecommerce Backend\middlewares\cors.middleware.js:8:11)
    at C:\Users\yosef\OneDrive\Desktop\NTI\Ecommerce Backend\node_modules\cors\lib\index.js:219:13
16-05-2026 22:10:24 |ERROR| Error | GET | /uploads/1778872392281-a.png : can't find /uploads/1778872392281-a.png 
Error: can't find /uploads/1778872392281-a.png
    at C:\Users\yosef\OneDrive\Desktop\NTI\Ecommerce Backend\server.js:29:7
    at Layer.handleRequest (C:\Users\yosef\OneDrive\Desktop\NTI\Ecommerce Backend\node_modules\router\lib\layer.js:152:17)
    at trimPrefix (C:\Users\yosef\OneDrive\Desktop\NTI\Ecommerce Backend\node_modules\router\index.js:342:13)
    at C:\Users\yosef\OneDrive\Desktop\NTI\Ecommerce Backend\node_modules\router\index.js:297:9
    at processParams (C:\Users\yosef\OneDrive\Desktop\NTI\Ecommerce Backend\node_modules\router\index.js:582:12)
    at next (C:\Users\yosef\OneDrive\Desktop\NTI\Ecommerce Backend\node_modules\router\index.js:291:5)
    at cors (C:\Users\yosef\OneDrive\Desktop\NTI\Ecommerce Backend\node_modules\cors\lib\index.js:188:7)
    at C:\Users\yosef\OneDrive\Desktop\NTI\Ecommerce Backend\node_modules\cors\lib\index.js:224:17
    at origin (C:\Users\yosef\OneDrive\Desktop\NTI\Ecommerce Backend\middlewares\cors.middleware.js:8:11)
    at C:\Users\yosef\OneDrive\Desktop\NTI\Ecommerce Backend\node_modules\cors\lib\index.js:219:13
16-05-2026 22:10:25 |INFO| change of price product 8 is now 410 not 450 
16-05-2026 22:10:25 |INFO| Cart listed! 
16-05-2026 22:10:44 |INFO| Reviews are listed! 
16-05-2026 22:10:44 |INFO| Products listed! 
16-05-2026 22:10:44 |ERROR| Error | GET | /uploads/1778872483665-a.png : can't find /uploads/1778872483665-a.png 
Error: can't find /uploads/1778872483665-a.png
    at C:\Users\yosef\OneDrive\Desktop\NTI\Ecommerce Backend\server.js:29:7
    at Layer.handleRequest (C:\Users\yosef\OneDrive\Desktop\NTI\Ecommerce Backend\node_modules\router\lib\layer.js:152:17)
    at trimPrefix (C:\Users\yosef\OneDrive\Desktop\NTI\Ecommerce Backend\node_modules\router\index.js:342:13)
    at C:\Users\yosef\OneDrive\Desktop\NTI\Ecommerce Backend\node_modules\router\index.js:297:9
    at processParams (C:\Users\yosef\OneDrive\Desktop\NTI\Ecommerce Backend\node_modules\router\index.js:582:12)
    at next (C:\Users\yosef\OneDrive\Desktop\NTI\Ecommerce Backend\node_modules\router\index.js:291:5)
    at cors (C:\Users\yosef\OneDrive\Desktop\NTI\Ecommerce Backend\node_modules\cors\lib\index.js:188:7)
    at C:\Users\yosef\OneDrive\Desktop\NTI\Ecommerce Backend\node_modules\cors\lib\index.js:224:17
    at origin (C:\Users\yosef\OneDrive\Desktop\NTI\Ecommerce Backend\middlewares\cors.middleware.js:8:11)
    at C:\Users\yosef\OneDrive\Desktop\NTI\Ecommerce Backend\node_modules\cors\lib\index.js:219:13
16-05-2026 22:10:44 |ERROR| Error | GET | /uploads/1778872457977-a.png : can't find /uploads/1778872457977-a.png 
Error: can't find /uploads/1778872457977-a.png
    at C:\Users\yosef\OneDrive\Desktop\NTI\Ecommerce Backend\server.js:29:7
    at Layer.handleRequest (C:\Users\yosef\OneDrive\Desktop\NTI\Ecommerce Backend\node_modules\router\lib\layer.js:152:17)
    at trimPrefix (C:\Users\yosef\OneDrive\Desktop\NTI\Ecommerce Backend\node_modules\router\index.js:342:13)
    at C:\Users\yosef\OneDrive\Desktop\NTI\Ecommerce Backend\node_modules\router\index.js:297:9
    at processParams (C:\Users\yosef\OneDrive\Desktop\NTI\Ecommerce Backend\node_modules\router\index.js:582:12)
    at next (C:\Users\yosef\OneDrive\Desktop\NTI\Ecommerce Backend\node_modules\router\index.js:291:5)
    at cors (C:\Users\yosef\OneDrive\Desktop\NTI\Ecommerce Backend\node_modules\cors\lib\index.js:188:7)
    at C:\Users\yosef\OneDrive\Desktop\NTI\Ecommerce Backend\node_modules\cors\lib\index.js:224:17
    at origin (C:\Users\yosef\OneDrive\Desktop\NTI\Ecommerce Backend\middlewares\cors.middleware.js:8:11)
    at C:\Users\yosef\OneDrive\Desktop\NTI\Ecommerce Backend\node_modules\cors\lib\index.js:219:13
16-05-2026 22:10:44 |ERROR| Error | GET | /uploads/1778872430510-a.png : can't find /uploads/1778872430510-a.png 
Error: can't find /uploads/1778872430510-a.png
    at C:\Users\yosef\OneDrive\Desktop\NTI\Ecommerce Backend\server.js:29:7
    at Layer.handleRequest (C:\Users\yosef\OneDrive\Desktop\NTI\Ecommerce Backend\node_modules\router\lib\layer.js:152:17)
    at trimPrefix (C:\Users\yosef\OneDrive\Desktop\NTI\Ecommerce Backend\node_modules\router\index.js:342:13)
    at C:\Users\yosef\OneDrive\Desktop\NTI\Ecommerce Backend\node_modules\router\index.js:297:9
    at processParams (C:\Users\yosef\OneDrive\Desktop\NTI\Ecommerce Backend\node_modules\router\index.js:582:12)
    at next (C:\Users\yosef\OneDrive\Desktop\NTI\Ecommerce Backend\node_modules\router\index.js:291:5)
    at cors (C:\Users\yosef\OneDrive\Desktop\NTI\Ecommerce Backend\node_modules\cors\lib\index.js:188:7)
    at C:\Users\yosef\OneDrive\Desktop\NTI\Ecommerce Backend\node_modules\cors\lib\index.js:224:17
    at origin (C:\Users\yosef\OneDrive\Desktop\NTI\Ecommerce Backend\middlewares\cors.middleware.js:8:11)
    at C:\Users\yosef\OneDrive\Desktop\NTI\Ecommerce Backend\node_modules\cors\lib\index.js:219:13
16-05-2026 22:10:44 |ERROR| Error | GET | /uploads/1778872392281-a.png : can't find /uploads/1778872392281-a.png 
Error: can't find /uploads/1778872392281-a.png
    at C:\Users\yosef\OneDrive\Desktop\NTI\Ecommerce Backend\server.js:29:7
    at Layer.handleRequest (C:\Users\yosef\OneDrive\Desktop\NTI\Ecommerce Backend\node_modules\router\lib\layer.js:152:17)
    at trimPrefix (C:\Users\yosef\OneDrive\Desktop\NTI\Ecommerce Backend\node_modules\router\index.js:342:13)
    at C:\Users\yosef\OneDrive\Desktop\NTI\Ecommerce Backend\node_modules\router\index.js:297:9
    at processParams (C:\Users\yosef\OneDrive\Desktop\NTI\Ecommerce Backend\node_modules\router\index.js:582:12)
    at next (C:\Users\yosef\OneDrive\Desktop\NTI\Ecommerce Backend\node_modules\router\index.js:291:5)
    at cors (C:\Users\yosef\OneDrive\Desktop\NTI\Ecommerce Backend\node_modules\cors\lib\index.js:188:7)
    at C:\Users\yosef\OneDrive\Desktop\NTI\Ecommerce Backend\node_modules\cors\lib\index.js:224:17
    at origin (C:\Users\yosef\OneDrive\Desktop\NTI\Ecommerce Backend\middlewares\cors.middleware.js:8:11)
    at C:\Users\yosef\OneDrive\Desktop\NTI\Ecommerce Backend\node_modules\cors\lib\index.js:219:13
16-05-2026 22:10:50 |INFO| Category listed! 
16-05-2026 22:10:50 |INFO| Products listed! 
16-05-2026 22:10:50 |INFO| change of price product 8 is now 410 not 450 
16-05-2026 22:10:50 |INFO| Cart listed! 
16-05-2026 22:10:53 |INFO| change of price product 8 is now 410 not 450 
16-05-2026 22:10:53 |INFO| Cart listed! 
16-05-2026 22:10:56 |INFO| change of price product 8 is now 410 not 450 
16-05-2026 22:10:56 |INFO| Cart listed! 
16-05-2026 22:11:08 |INFO| Order is placed! 
16-05-2026 22:11:08 |INFO| Cart listed! 
16-05-2026 22:11:10 |INFO| Orders is listed! 
16-05-2026 22:11:28 |INFO| Reviews are listed! 
16-05-2026 22:11:28 |INFO| Products listed! 
16-05-2026 22:11:28 |ERROR| Error | GET | /uploads/1778872483665-a.png : can't find /uploads/1778872483665-a.png 
Error: can't find /uploads/1778872483665-a.png
    at C:\Users\yosef\OneDrive\Desktop\NTI\Ecommerce Backend\server.js:29:7
    at Layer.handleRequest (C:\Users\yosef\OneDrive\Desktop\NTI\Ecommerce Backend\node_modules\router\lib\layer.js:152:17)
    at trimPrefix (C:\Users\yosef\OneDrive\Desktop\NTI\Ecommerce Backend\node_modules\router\index.js:342:13)
    at C:\Users\yosef\OneDrive\Desktop\NTI\Ecommerce Backend\node_modules\router\index.js:297:9
    at processParams (C:\Users\yosef\OneDrive\Desktop\NTI\Ecommerce Backend\node_modules\router\index.js:582:12)
    at next (C:\Users\yosef\OneDrive\Desktop\NTI\Ecommerce Backend\node_modules\router\index.js:291:5)
    at cors (C:\Users\yosef\OneDrive\Desktop\NTI\Ecommerce Backend\node_modules\cors\lib\index.js:188:7)
    at C:\Users\yosef\OneDrive\Desktop\NTI\Ecommerce Backend\node_modules\cors\lib\index.js:224:17
    at origin (C:\Users\yosef\OneDrive\Desktop\NTI\Ecommerce Backend\middlewares\cors.middleware.js:8:11)
    at C:\Users\yosef\OneDrive\Desktop\NTI\Ecommerce Backend\node_modules\cors\lib\index.js:219:13
16-05-2026 22:11:28 |ERROR| Error | GET | /uploads/1778872457977-a.png : can't find /uploads/1778872457977-a.png 
Error: can't find /uploads/1778872457977-a.png
    at C:\Users\yosef\OneDrive\Desktop\NTI\Ecommerce Backend\server.js:29:7
    at Layer.handleRequest (C:\Users\yosef\OneDrive\Desktop\NTI\Ecommerce Backend\node_modules\router\lib\layer.js:152:17)
    at trimPrefix (C:\Users\yosef\OneDrive\Desktop\NTI\Ecommerce Backend\node_modules\router\index.js:342:13)
    at C:\Users\yosef\OneDrive\Desktop\NTI\Ecommerce Backend\node_modules\router\index.js:297:9
    at processParams (C:\Users\yosef\OneDrive\Desktop\NTI\Ecommerce Backend\node_modules\router\index.js:582:12)
    at next (C:\Users\yosef\OneDrive\Desktop\NTI\Ecommerce Backend\node_modules\router\index.js:291:5)
    at cors (C:\Users\yosef\OneDrive\Desktop\NTI\Ecommerce Backend\node_modules\cors\lib\index.js:188:7)
    at C:\Users\yosef\OneDrive\Desktop\NTI\Ecommerce Backend\node_modules\cors\lib\index.js:224:17
    at origin (C:\Users\yosef\OneDrive\Desktop\NTI\Ecommerce Backend\middlewares\cors.middleware.js:8:11)
    at C:\Users\yosef\OneDrive\Desktop\NTI\Ecommerce Backend\node_modules\cors\lib\index.js:219:13
16-05-2026 22:11:28 |ERROR| Error | GET | /uploads/1778872430510-a.png : can't find /uploads/1778872430510-a.png 
Error: can't find /uploads/1778872430510-a.png
    at C:\Users\yosef\OneDrive\Desktop\NTI\Ecommerce Backend\server.js:29:7
    at Layer.handleRequest (C:\Users\yosef\OneDrive\Desktop\NTI\Ecommerce Backend\node_modules\router\lib\layer.js:152:17)
    at trimPrefix (C:\Users\yosef\OneDrive\Desktop\NTI\Ecommerce Backend\node_modules\router\index.js:342:13)
    at C:\Users\yosef\OneDrive\Desktop\NTI\Ecommerce Backend\node_modules\router\index.js:297:9
    at processParams (C:\Users\yosef\OneDrive\Desktop\NTI\Ecommerce Backend\node_modules\router\index.js:582:12)
    at next (C:\Users\yosef\OneDrive\Desktop\NTI\Ecommerce Backend\node_modules\router\index.js:291:5)
    at cors (C:\Users\yosef\OneDrive\Desktop\NTI\Ecommerce Backend\node_modules\cors\lib\index.js:188:7)
    at C:\Users\yosef\OneDrive\Desktop\NTI\Ecommerce Backend\node_modules\cors\lib\index.js:224:17
    at origin (C:\Users\yosef\OneDrive\Desktop\NTI\Ecommerce Backend\middlewares\cors.middleware.js:8:11)
    at C:\Users\yosef\OneDrive\Desktop\NTI\Ecommerce Backend\node_modules\cors\lib\index.js:219:13
16-05-2026 22:11:28 |ERROR| Error | GET | /uploads/1778872392281-a.png : can't find /uploads/1778872392281-a.png 
Error: can't find /uploads/1778872392281-a.png
    at C:\Users\yosef\OneDrive\Desktop\NTI\Ecommerce Backend\server.js:29:7
    at Layer.handleRequest (C:\Users\yosef\OneDrive\Desktop\NTI\Ecommerce Backend\node_modules\router\lib\layer.js:152:17)
    at trimPrefix (C:\Users\yosef\OneDrive\Desktop\NTI\Ecommerce Backend\node_modules\router\index.js:342:13)
    at C:\Users\yosef\OneDrive\Desktop\NTI\Ecommerce Backend\node_modules\router\index.js:297:9
    at processParams (C:\Users\yosef\OneDrive\Desktop\NTI\Ecommerce Backend\node_modules\router\index.js:582:12)
    at next (C:\Users\yosef\OneDrive\Desktop\NTI\Ecommerce Backend\node_modules\router\index.js:291:5)
    at cors (C:\Users\yosef\OneDrive\Desktop\NTI\Ecommerce Backend\node_modules\cors\lib\index.js:188:7)
    at C:\Users\yosef\OneDrive\Desktop\NTI\Ecommerce Backend\node_modules\cors\lib\index.js:224:17
    at origin (C:\Users\yosef\OneDrive\Desktop\NTI\Ecommerce Backend\middlewares\cors.middleware.js:8:11)
    at C:\Users\yosef\OneDrive\Desktop\NTI\Ecommerce Backend\node_modules\cors\lib\index.js:219:13
16-05-2026 22:11:29 |INFO| Orders is listed! 
16-05-2026 22:11:32 |INFO| Reviews are listed! 
16-05-2026 22:11:32 |INFO| Products listed! 
16-05-2026 22:11:32 |ERROR| Error | GET | /uploads/1778872483665-a.png : can't find /uploads/1778872483665-a.png 
Error: can't find /uploads/1778872483665-a.png
    at C:\Users\yosef\OneDrive\Desktop\NTI\Ecommerce Backend\server.js:29:7
    at Layer.handleRequest (C:\Users\yosef\OneDrive\Desktop\NTI\Ecommerce Backend\node_modules\router\lib\layer.js:152:17)
    at trimPrefix (C:\Users\yosef\OneDrive\Desktop\NTI\Ecommerce Backend\node_modules\router\index.js:342:13)
    at C:\Users\yosef\OneDrive\Desktop\NTI\Ecommerce Backend\node_modules\router\index.js:297:9
    at processParams (C:\Users\yosef\OneDrive\Desktop\NTI\Ecommerce Backend\node_modules\router\index.js:582:12)
    at next (C:\Users\yosef\OneDrive\Desktop\NTI\Ecommerce Backend\node_modules\router\index.js:291:5)
    at cors (C:\Users\yosef\OneDrive\Desktop\NTI\Ecommerce Backend\node_modules\cors\lib\index.js:188:7)
    at C:\Users\yosef\OneDrive\Desktop\NTI\Ecommerce Backend\node_modules\cors\lib\index.js:224:17
    at origin (C:\Users\yosef\OneDrive\Desktop\NTI\Ecommerce Backend\middlewares\cors.middleware.js:8:11)
    at C:\Users\yosef\OneDrive\Desktop\NTI\Ecommerce Backend\node_modules\cors\lib\index.js:219:13
16-05-2026 22:11:32 |ERROR| Error | GET | /uploads/1778872457977-a.png : can't find /uploads/1778872457977-a.png 
Error: can't find /uploads/1778872457977-a.png
    at C:\Users\yosef\OneDrive\Desktop\NTI\Ecommerce Backend\server.js:29:7
    at Layer.handleRequest (C:\Users\yosef\OneDrive\Desktop\NTI\Ecommerce Backend\node_modules\router\lib\layer.js:152:17)
    at trimPrefix (C:\Users\yosef\OneDrive\Desktop\NTI\Ecommerce Backend\node_modules\router\index.js:342:13)
    at C:\Users\yosef\OneDrive\Desktop\NTI\Ecommerce Backend\node_modules\router\index.js:297:9
    at processParams (C:\Users\yosef\OneDrive\Desktop\NTI\Ecommerce Backend\node_modules\router\index.js:582:12)
    at next (C:\Users\yosef\OneDrive\Desktop\NTI\Ecommerce Backend\node_modules\router\index.js:291:5)
    at cors (C:\Users\yosef\OneDrive\Desktop\NTI\Ecommerce Backend\node_modules\cors\lib\index.js:188:7)
    at C:\Users\yosef\OneDrive\Desktop\NTI\Ecommerce Backend\node_modules\cors\lib\index.js:224:17
    at origin (C:\Users\yosef\OneDrive\Desktop\NTI\Ecommerce Backend\middlewares\cors.middleware.js:8:11)
    at C:\Users\yosef\OneDrive\Desktop\NTI\Ecommerce Backend\node_modules\cors\lib\index.js:219:13
16-05-2026 22:11:32 |ERROR| Error | GET | /uploads/1778872430510-a.png : can't find /uploads/1778872430510-a.png 
Error: can't find /uploads/1778872430510-a.png
    at C:\Users\yosef\OneDrive\Desktop\NTI\Ecommerce Backend\server.js:29:7
    at Layer.handleRequest (C:\Users\yosef\OneDrive\Desktop\NTI\Ecommerce Backend\node_modules\router\lib\layer.js:152:17)
    at trimPrefix (C:\Users\yosef\OneDrive\Desktop\NTI\Ecommerce Backend\node_modules\router\index.js:342:13)
    at C:\Users\yosef\OneDrive\Desktop\NTI\Ecommerce Backend\node_modules\router\index.js:297:9
    at processParams (C:\Users\yosef\OneDrive\Desktop\NTI\Ecommerce Backend\node_modules\router\index.js:582:12)
    at next (C:\Users\yosef\OneDrive\Desktop\NTI\Ecommerce Backend\node_modules\router\index.js:291:5)
    at cors (C:\Users\yosef\OneDrive\Desktop\NTI\Ecommerce Backend\node_modules\cors\lib\index.js:188:7)
    at C:\Users\yosef\OneDrive\Desktop\NTI\Ecommerce Backend\node_modules\cors\lib\index.js:224:17
    at origin (C:\Users\yosef\OneDrive\Desktop\NTI\Ecommerce Backend\middlewares\cors.middleware.js:8:11)
    at C:\Users\yosef\OneDrive\Desktop\NTI\Ecommerce Backend\node_modules\cors\lib\index.js:219:13
16-05-2026 22:11:32 |ERROR| Error | GET | /uploads/1778872392281-a.png : can't find /uploads/1778872392281-a.png 
Error: can't find /uploads/1778872392281-a.png
    at C:\Users\yosef\OneDrive\Desktop\NTI\Ecommerce Backend\server.js:29:7
    at Layer.handleRequest (C:\Users\yosef\OneDrive\Desktop\NTI\Ecommerce Backend\node_modules\router\lib\layer.js:152:17)
    at trimPrefix (C:\Users\yosef\OneDrive\Desktop\NTI\Ecommerce Backend\node_modules\router\index.js:342:13)
    at C:\Users\yosef\OneDrive\Desktop\NTI\Ecommerce Backend\node_modules\router\index.js:297:9
    at processParams (C:\Users\yosef\OneDrive\Desktop\NTI\Ecommerce Backend\node_modules\router\index.js:582:12)
    at next (C:\Users\yosef\OneDrive\Desktop\NTI\Ecommerce Backend\node_modules\router\index.js:291:5)
    at cors (C:\Users\yosef\OneDrive\Desktop\NTI\Ecommerce Backend\node_modules\cors\lib\index.js:188:7)
    at C:\Users\yosef\OneDrive\Desktop\NTI\Ecommerce Backend\node_modules\cors\lib\index.js:224:17
    at origin (C:\Users\yosef\OneDrive\Desktop\NTI\Ecommerce Backend\middlewares\cors.middleware.js:8:11)
    at C:\Users\yosef\OneDrive\Desktop\NTI\Ecommerce Backend\node_modules\cors\lib\index.js:219:13
16-05-2026 22:28:01 |INFO| Cart listed! 
16-05-2026 22:28:01 |INFO| Reviews are listed! 
16-05-2026 22:28:01 |INFO| Products listed! 
16-05-2026 22:28:01 |ERROR| Error | GET | /uploads/1778872483665-a.png : can't find /uploads/1778872483665-a.png 
Error: can't find /uploads/1778872483665-a.png
    at C:\Users\yosef\OneDrive\Desktop\NTI\Ecommerce Backend\server.js:29:7
    at Layer.handleRequest (C:\Users\yosef\OneDrive\Desktop\NTI\Ecommerce Backend\node_modules\router\lib\layer.js:152:17)
    at trimPrefix (C:\Users\yosef\OneDrive\Desktop\NTI\Ecommerce Backend\node_modules\router\index.js:342:13)
    at C:\Users\yosef\OneDrive\Desktop\NTI\Ecommerce Backend\node_modules\router\index.js:297:9
    at processParams (C:\Users\yosef\OneDrive\Desktop\NTI\Ecommerce Backend\node_modules\router\index.js:582:12)
    at next (C:\Users\yosef\OneDrive\Desktop\NTI\Ecommerce Backend\node_modules\router\index.js:291:5)
    at cors (C:\Users\yosef\OneDrive\Desktop\NTI\Ecommerce Backend\node_modules\cors\lib\index.js:188:7)
    at C:\Users\yosef\OneDrive\Desktop\NTI\Ecommerce Backend\node_modules\cors\lib\index.js:224:17
    at origin (C:\Users\yosef\OneDrive\Desktop\NTI\Ecommerce Backend\middlewares\cors.middleware.js:8:11)
    at C:\Users\yosef\OneDrive\Desktop\NTI\Ecommerce Backend\node_modules\cors\lib\index.js:219:13
16-05-2026 22:28:01 |ERROR| Error | GET | /uploads/1778872457977-a.png : can't find /uploads/1778872457977-a.png 
Error: can't find /uploads/1778872457977-a.png
    at C:\Users\yosef\OneDrive\Desktop\NTI\Ecommerce Backend\server.js:29:7
    at Layer.handleRequest (C:\Users\yosef\OneDrive\Desktop\NTI\Ecommerce Backend\node_modules\router\lib\layer.js:152:17)
    at trimPrefix (C:\Users\yosef\OneDrive\Desktop\NTI\Ecommerce Backend\node_modules\router\index.js:342:13)
    at C:\Users\yosef\OneDrive\Desktop\NTI\Ecommerce Backend\node_modules\router\index.js:297:9
    at processParams (C:\Users\yosef\OneDrive\Desktop\NTI\Ecommerce Backend\node_modules\router\index.js:582:12)
    at next (C:\Users\yosef\OneDrive\Desktop\NTI\Ecommerce Backend\node_modules\router\index.js:291:5)
    at cors (C:\Users\yosef\OneDrive\Desktop\NTI\Ecommerce Backend\node_modules\cors\lib\index.js:188:7)
    at C:\Users\yosef\OneDrive\Desktop\NTI\Ecommerce Backend\node_modules\cors\lib\index.js:224:17
    at origin (C:\Users\yosef\OneDrive\Desktop\NTI\Ecommerce Backend\middlewares\cors.middleware.js:8:11)
    at C:\Users\yosef\OneDrive\Desktop\NTI\Ecommerce Backend\node_modules\cors\lib\index.js:219:13
16-05-2026 22:28:01 |ERROR| Error | GET | /uploads/1778872430510-a.png : can't find /uploads/1778872430510-a.png 
Error: can't find /uploads/1778872430510-a.png
    at C:\Users\yosef\OneDrive\Desktop\NTI\Ecommerce Backend\server.js:29:7
    at Layer.handleRequest (C:\Users\yosef\OneDrive\Desktop\NTI\Ecommerce Backend\node_modules\router\lib\layer.js:152:17)
    at trimPrefix (C:\Users\yosef\OneDrive\Desktop\NTI\Ecommerce Backend\node_modules\router\index.js:342:13)
    at C:\Users\yosef\OneDrive\Desktop\NTI\Ecommerce Backend\node_modules\router\index.js:297:9
    at processParams (C:\Users\yosef\OneDrive\Desktop\NTI\Ecommerce Backend\node_modules\router\index.js:582:12)
    at next (C:\Users\yosef\OneDrive\Desktop\NTI\Ecommerce Backend\node_modules\router\index.js:291:5)
    at cors (C:\Users\yosef\OneDrive\Desktop\NTI\Ecommerce Backend\node_modules\cors\lib\index.js:188:7)
    at C:\Users\yosef\OneDrive\Desktop\NTI\Ecommerce Backend\node_modules\cors\lib\index.js:224:17
    at origin (C:\Users\yosef\OneDrive\Desktop\NTI\Ecommerce Backend\middlewares\cors.middleware.js:8:11)
    at C:\Users\yosef\OneDrive\Desktop\NTI\Ecommerce Backend\node_modules\cors\lib\index.js:219:13
16-05-2026 22:28:01 |ERROR| Error | GET | /uploads/1778872392281-a.png : can't find /uploads/1778872392281-a.png 
Error: can't find /uploads/1778872392281-a.png
    at C:\Users\yosef\OneDrive\Desktop\NTI\Ecommerce Backend\server.js:29:7
    at Layer.handleRequest (C:\Users\yosef\OneDrive\Desktop\NTI\Ecommerce Backend\node_modules\router\lib\layer.js:152:17)
    at trimPrefix (C:\Users\yosef\OneDrive\Desktop\NTI\Ecommerce Backend\node_modules\router\index.js:342:13)
    at C:\Users\yosef\OneDrive\Desktop\NTI\Ecommerce Backend\node_modules\router\index.js:297:9
    at processParams (C:\Users\yosef\OneDrive\Desktop\NTI\Ecommerce Backend\node_modules\router\index.js:582:12)
    at next (C:\Users\yosef\OneDrive\Desktop\NTI\Ecommerce Backend\node_modules\router\index.js:291:5)
    at cors (C:\Users\yosef\OneDrive\Desktop\NTI\Ecommerce Backend\node_modules\cors\lib\index.js:188:7)
    at C:\Users\yosef\OneDrive\Desktop\NTI\Ecommerce Backend\node_modules\cors\lib\index.js:224:17
    at origin (C:\Users\yosef\OneDrive\Desktop\NTI\Ecommerce Backend\middlewares\cors.middleware.js:8:11)
    at C:\Users\yosef\OneDrive\Desktop\NTI\Ecommerce Backend\node_modules\cors\lib\index.js:219:13
16-05-2026 22:28:05 |INFO| Product listed! 
16-05-2026 22:28:06 |INFO| Cart updated! 
16-05-2026 22:28:06 |INFO| Cart updated! 
16-05-2026 22:28:06 |INFO| Cart updated! 
16-05-2026 22:28:08 |INFO| Cart listed! 
16-05-2026 22:28:10 |INFO| Cart Item is updated! 
16-05-2026 22:28:11 |INFO| Cart Item is updated! 
16-05-2026 22:28:25 |INFO| Category listed! 
16-05-2026 22:28:25 |INFO| Products listed! 
16-05-2026 22:28:25 |INFO| subCategory listed! 
16-05-2026 22:28:39 |INFO| Product updated successfully! 
16-05-2026 22:28:39 |INFO| Products listed! 
16-05-2026 22:28:46 |INFO| change of price PROCUT 9 is now 560 not 1200 
16-05-2026 22:28:46 |INFO| Reviews are listed! 
16-05-2026 22:28:46 |INFO| Cart listed! 
16-05-2026 22:28:46 |INFO| Products listed! 
16-05-2026 22:28:46 |ERROR| Error | GET | /uploads/1778872483665-a.png : can't find /uploads/1778872483665-a.png 
Error: can't find /uploads/1778872483665-a.png
    at C:\Users\yosef\OneDrive\Desktop\NTI\Ecommerce Backend\server.js:29:7
    at Layer.handleRequest (C:\Users\yosef\OneDrive\Desktop\NTI\Ecommerce Backend\node_modules\router\lib\layer.js:152:17)
    at trimPrefix (C:\Users\yosef\OneDrive\Desktop\NTI\Ecommerce Backend\node_modules\router\index.js:342:13)
    at C:\Users\yosef\OneDrive\Desktop\NTI\Ecommerce Backend\node_modules\router\index.js:297:9
    at processParams (C:\Users\yosef\OneDrive\Desktop\NTI\Ecommerce Backend\node_modules\router\index.js:582:12)
    at next (C:\Users\yosef\OneDrive\Desktop\NTI\Ecommerce Backend\node_modules\router\index.js:291:5)
    at cors (C:\Users\yosef\OneDrive\Desktop\NTI\Ecommerce Backend\node_modules\cors\lib\index.js:188:7)
    at C:\Users\yosef\OneDrive\Desktop\NTI\Ecommerce Backend\node_modules\cors\lib\index.js:224:17
    at origin (C:\Users\yosef\OneDrive\Desktop\NTI\Ecommerce Backend\middlewares\cors.middleware.js:8:11)
    at C:\Users\yosef\OneDrive\Desktop\NTI\Ecommerce Backend\node_modules\cors\lib\index.js:219:13
16-05-2026 22:28:46 |ERROR| Error | GET | /uploads/1778872457977-a.png : can't find /uploads/1778872457977-a.png 
Error: can't find /uploads/1778872457977-a.png
    at C:\Users\yosef\OneDrive\Desktop\NTI\Ecommerce Backend\server.js:29:7
    at Layer.handleRequest (C:\Users\yosef\OneDrive\Desktop\NTI\Ecommerce Backend\node_modules\router\lib\layer.js:152:17)
    at trimPrefix (C:\Users\yosef\OneDrive\Desktop\NTI\Ecommerce Backend\node_modules\router\index.js:342:13)
    at C:\Users\yosef\OneDrive\Desktop\NTI\Ecommerce Backend\node_modules\router\index.js:297:9
    at processParams (C:\Users\yosef\OneDrive\Desktop\NTI\Ecommerce Backend\node_modules\router\index.js:582:12)
    at next (C:\Users\yosef\OneDrive\Desktop\NTI\Ecommerce Backend\node_modules\router\index.js:291:5)
    at cors (C:\Users\yosef\OneDrive\Desktop\NTI\Ecommerce Backend\node_modules\cors\lib\index.js:188:7)
    at C:\Users\yosef\OneDrive\Desktop\NTI\Ecommerce Backend\node_modules\cors\lib\index.js:224:17
    at origin (C:\Users\yosef\OneDrive\Desktop\NTI\Ecommerce Backend\middlewares\cors.middleware.js:8:11)
    at C:\Users\yosef\OneDrive\Desktop\NTI\Ecommerce Backend\node_modules\cors\lib\index.js:219:13
16-05-2026 22:28:46 |ERROR| Error | GET | /uploads/1778872430510-a.png : can't find /uploads/1778872430510-a.png 
Error: can't find /uploads/1778872430510-a.png
    at C:\Users\yosef\OneDrive\Desktop\NTI\Ecommerce Backend\server.js:29:7
    at Layer.handleRequest (C:\Users\yosef\OneDrive\Desktop\NTI\Ecommerce Backend\node_modules\router\lib\layer.js:152:17)
    at trimPrefix (C:\Users\yosef\OneDrive\Desktop\NTI\Ecommerce Backend\node_modules\router\index.js:342:13)
    at C:\Users\yosef\OneDrive\Desktop\NTI\Ecommerce Backend\node_modules\router\index.js:297:9
    at processParams (C:\Users\yosef\OneDrive\Desktop\NTI\Ecommerce Backend\node_modules\router\index.js:582:12)
    at next (C:\Users\yosef\OneDrive\Desktop\NTI\Ecommerce Backend\node_modules\router\index.js:291:5)
    at cors (C:\Users\yosef\OneDrive\Desktop\NTI\Ecommerce Backend\node_modules\cors\lib\index.js:188:7)
    at C:\Users\yosef\OneDrive\Desktop\NTI\Ecommerce Backend\node_modules\cors\lib\index.js:224:17
    at origin (C:\Users\yosef\OneDrive\Desktop\NTI\Ecommerce Backend\middlewares\cors.middleware.js:8:11)
    at C:\Users\yosef\OneDrive\Desktop\NTI\Ecommerce Backend\node_modules\cors\lib\index.js:219:13
16-05-2026 22:28:46 |ERROR| Error | GET | /uploads/1778872392281-a.png : can't find /uploads/1778872392281-a.png 
Error: can't find /uploads/1778872392281-a.png
    at C:\Users\yosef\OneDrive\Desktop\NTI\Ecommerce Backend\server.js:29:7
    at Layer.handleRequest (C:\Users\yosef\OneDrive\Desktop\NTI\Ecommerce Backend\node_modules\router\lib\layer.js:152:17)
    at trimPrefix (C:\Users\yosef\OneDrive\Desktop\NTI\Ecommerce Backend\node_modules\router\index.js:342:13)
    at C:\Users\yosef\OneDrive\Desktop\NTI\Ecommerce Backend\node_modules\router\index.js:297:9
    at processParams (C:\Users\yosef\OneDrive\Desktop\NTI\Ecommerce Backend\node_modules\router\index.js:582:12)
    at next (C:\Users\yosef\OneDrive\Desktop\NTI\Ecommerce Backend\node_modules\router\index.js:291:5)
    at cors (C:\Users\yosef\OneDrive\Desktop\NTI\Ecommerce Backend\node_modules\cors\lib\index.js:188:7)
    at C:\Users\yosef\OneDrive\Desktop\NTI\Ecommerce Backend\node_modules\cors\lib\index.js:224:17
    at origin (C:\Users\yosef\OneDrive\Desktop\NTI\Ecommerce Backend\middlewares\cors.middleware.js:8:11)
    at C:\Users\yosef\OneDrive\Desktop\NTI\Ecommerce Backend\node_modules\cors\lib\index.js:219:13
16-05-2026 22:28:47 |INFO| change of price PROCUT 9 is now 560 not 1200 
16-05-2026 22:28:47 |INFO| Cart listed! 
16-05-2026 22:28:52 |INFO| Cart Item is updated! 
16-05-2026 22:28:52 |INFO| Cart Item is updated! 
16-05-2026 22:28:54 |INFO| Cart Item is updated! 
16-05-2026 22:29:01 |INFO| Category listed! 
16-05-2026 22:29:01 |INFO| Products listed! 
16-05-2026 22:29:01 |INFO| subCategory listed! 
16-05-2026 22:29:05 |INFO| Product deleted successfully! 
16-05-2026 22:29:05 |INFO| Products listed! 
16-05-2026 22:29:10 |INFO| Products listed! 
16-05-2026 22:29:10 |INFO| change of price PROCUT 9 is now 560 not 1200 
16-05-2026 22:29:10 |INFO| Reviews are listed! 
16-05-2026 22:29:10 |INFO| Cart listed! 
16-05-2026 22:29:10 |ERROR| Error | GET | /uploads/1778872457977-a.png : can't find /uploads/1778872457977-a.png 
Error: can't find /uploads/1778872457977-a.png
    at C:\Users\yosef\OneDrive\Desktop\NTI\Ecommerce Backend\server.js:29:7
    at Layer.handleRequest (C:\Users\yosef\OneDrive\Desktop\NTI\Ecommerce Backend\node_modules\router\lib\layer.js:152:17)
    at trimPrefix (C:\Users\yosef\OneDrive\Desktop\NTI\Ecommerce Backend\node_modules\router\index.js:342:13)
    at C:\Users\yosef\OneDrive\Desktop\NTI\Ecommerce Backend\node_modules\router\index.js:297:9
    at processParams (C:\Users\yosef\OneDrive\Desktop\NTI\Ecommerce Backend\node_modules\router\index.js:582:12)
    at next (C:\Users\yosef\OneDrive\Desktop\NTI\Ecommerce Backend\node_modules\router\index.js:291:5)
    at cors (C:\Users\yosef\OneDrive\Desktop\NTI\Ecommerce Backend\node_modules\cors\lib\index.js:188:7)
    at C:\Users\yosef\OneDrive\Desktop\NTI\Ecommerce Backend\node_modules\cors\lib\index.js:224:17
    at origin (C:\Users\yosef\OneDrive\Desktop\NTI\Ecommerce Backend\middlewares\cors.middleware.js:8:11)
    at C:\Users\yosef\OneDrive\Desktop\NTI\Ecommerce Backend\node_modules\cors\lib\index.js:219:13
16-05-2026 22:29:10 |ERROR| Error | GET | /uploads/1778872430510-a.png : can't find /uploads/1778872430510-a.png 
Error: can't find /uploads/1778872430510-a.png
    at C:\Users\yosef\OneDrive\Desktop\NTI\Ecommerce Backend\server.js:29:7
    at Layer.handleRequest (C:\Users\yosef\OneDrive\Desktop\NTI\Ecommerce Backend\node_modules\router\lib\layer.js:152:17)
    at trimPrefix (C:\Users\yosef\OneDrive\Desktop\NTI\Ecommerce Backend\node_modules\router\index.js:342:13)
    at C:\Users\yosef\OneDrive\Desktop\NTI\Ecommerce Backend\node_modules\router\index.js:297:9
    at processParams (C:\Users\yosef\OneDrive\Desktop\NTI\Ecommerce Backend\node_modules\router\index.js:582:12)
    at next (C:\Users\yosef\OneDrive\Desktop\NTI\Ecommerce Backend\node_modules\router\index.js:291:5)
    at cors (C:\Users\yosef\OneDrive\Desktop\NTI\Ecommerce Backend\node_modules\cors\lib\index.js:188:7)
    at C:\Users\yosef\OneDrive\Desktop\NTI\Ecommerce Backend\node_modules\cors\lib\index.js:224:17
    at origin (C:\Users\yosef\OneDrive\Desktop\NTI\Ecommerce Backend\middlewares\cors.middleware.js:8:11)
    at C:\Users\yosef\OneDrive\Desktop\NTI\Ecommerce Backend\node_modules\cors\lib\index.js:219:13
16-05-2026 22:29:10 |ERROR| Error | GET | /uploads/1778872392281-a.png : can't find /uploads/1778872392281-a.png 
Error: can't find /uploads/1778872392281-a.png
    at C:\Users\yosef\OneDrive\Desktop\NTI\Ecommerce Backend\server.js:29:7
    at Layer.handleRequest (C:\Users\yosef\OneDrive\Desktop\NTI\Ecommerce Backend\node_modules\router\lib\layer.js:152:17)
    at trimPrefix (C:\Users\yosef\OneDrive\Desktop\NTI\Ecommerce Backend\node_modules\router\index.js:342:13)
    at C:\Users\yosef\OneDrive\Desktop\NTI\Ecommerce Backend\node_modules\router\index.js:297:9
    at processParams (C:\Users\yosef\OneDrive\Desktop\NTI\Ecommerce Backend\node_modules\router\index.js:582:12)
    at next (C:\Users\yosef\OneDrive\Desktop\NTI\Ecommerce Backend\node_modules\router\index.js:291:5)
    at cors (C:\Users\yosef\OneDrive\Desktop\NTI\Ecommerce Backend\node_modules\cors\lib\index.js:188:7)
    at C:\Users\yosef\OneDrive\Desktop\NTI\Ecommerce Backend\node_modules\cors\lib\index.js:224:17
    at origin (C:\Users\yosef\OneDrive\Desktop\NTI\Ecommerce Backend\middlewares\cors.middleware.js:8:11)
    at C:\Users\yosef\OneDrive\Desktop\NTI\Ecommerce Backend\node_modules\cors\lib\index.js:219:13
16-05-2026 22:29:10 |ERROR| Error | GET | /uploads/1778872286694-a.png : can't find /uploads/1778872286694-a.png 
Error: can't find /uploads/1778872286694-a.png
    at C:\Users\yosef\OneDrive\Desktop\NTI\Ecommerce Backend\server.js:29:7
    at Layer.handleRequest (C:\Users\yosef\OneDrive\Desktop\NTI\Ecommerce Backend\node_modules\router\lib\layer.js:152:17)
    at trimPrefix (C:\Users\yosef\OneDrive\Desktop\NTI\Ecommerce Backend\node_modules\router\index.js:342:13)
    at C:\Users\yosef\OneDrive\Desktop\NTI\Ecommerce Backend\node_modules\router\index.js:297:9
    at processParams (C:\Users\yosef\OneDrive\Desktop\NTI\Ecommerce Backend\node_modules\router\index.js:582:12)
    at next (C:\Users\yosef\OneDrive\Desktop\NTI\Ecommerce Backend\node_modules\router\index.js:291:5)
    at cors (C:\Users\yosef\OneDrive\Desktop\NTI\Ecommerce Backend\node_modules\cors\lib\index.js:188:7)
    at C:\Users\yosef\OneDrive\Desktop\NTI\Ecommerce Backend\node_modules\cors\lib\index.js:224:17
    at origin (C:\Users\yosef\OneDrive\Desktop\NTI\Ecommerce Backend\middlewares\cors.middleware.js:8:11)
    at C:\Users\yosef\OneDrive\Desktop\NTI\Ecommerce Backend\node_modules\cors\lib\index.js:219:13
16-05-2026 22:29:12 |INFO| Cart listed! 
16-05-2026 22:29:13 |INFO| Cart listed! 
16-05-2026 22:29:13 |INFO| Cart listed! 
16-05-2026 22:29:18 |INFO| Reviews are listed! 
16-05-2026 22:29:18 |INFO| Products listed! 
16-05-2026 22:29:18 |ERROR| Error | GET | /uploads/1778872457977-a.png : can't find /uploads/1778872457977-a.png 
Error: can't find /uploads/1778872457977-a.png
    at C:\Users\yosef\OneDrive\Desktop\NTI\Ecommerce Backend\server.js:29:7
    at Layer.handleRequest (C:\Users\yosef\OneDrive\Desktop\NTI\Ecommerce Backend\node_modules\router\lib\layer.js:152:17)
    at trimPrefix (C:\Users\yosef\OneDrive\Desktop\NTI\Ecommerce Backend\node_modules\router\index.js:342:13)
    at C:\Users\yosef\OneDrive\Desktop\NTI\Ecommerce Backend\node_modules\router\index.js:297:9
    at processParams (C:\Users\yosef\OneDrive\Desktop\NTI\Ecommerce Backend\node_modules\router\index.js:582:12)
    at next (C:\Users\yosef\OneDrive\Desktop\NTI\Ecommerce Backend\node_modules\router\index.js:291:5)
    at cors (C:\Users\yosef\OneDrive\Desktop\NTI\Ecommerce Backend\node_modules\cors\lib\index.js:188:7)
    at C:\Users\yosef\OneDrive\Desktop\NTI\Ecommerce Backend\node_modules\cors\lib\index.js:224:17
    at origin (C:\Users\yosef\OneDrive\Desktop\NTI\Ecommerce Backend\middlewares\cors.middleware.js:8:11)
    at C:\Users\yosef\OneDrive\Desktop\NTI\Ecommerce Backend\node_modules\cors\lib\index.js:219:13
16-05-2026 22:29:18 |ERROR| Error | GET | /uploads/1778872430510-a.png : can't find /uploads/1778872430510-a.png 
Error: can't find /uploads/1778872430510-a.png
    at C:\Users\yosef\OneDrive\Desktop\NTI\Ecommerce Backend\server.js:29:7
    at Layer.handleRequest (C:\Users\yosef\OneDrive\Desktop\NTI\Ecommerce Backend\node_modules\router\lib\layer.js:152:17)
    at trimPrefix (C:\Users\yosef\OneDrive\Desktop\NTI\Ecommerce Backend\node_modules\router\index.js:342:13)
    at C:\Users\yosef\OneDrive\Desktop\NTI\Ecommerce Backend\node_modules\router\index.js:297:9
    at processParams (C:\Users\yosef\OneDrive\Desktop\NTI\Ecommerce Backend\node_modules\router\index.js:582:12)
    at next (C:\Users\yosef\OneDrive\Desktop\NTI\Ecommerce Backend\node_modules\router\index.js:291:5)
    at cors (C:\Users\yosef\OneDrive\Desktop\NTI\Ecommerce Backend\node_modules\cors\lib\index.js:188:7)
    at C:\Users\yosef\OneDrive\Desktop\NTI\Ecommerce Backend\node_modules\cors\lib\index.js:224:17
    at origin (C:\Users\yosef\OneDrive\Desktop\NTI\Ecommerce Backend\middlewares\cors.middleware.js:8:11)
    at C:\Users\yosef\OneDrive\Desktop\NTI\Ecommerce Backend\node_modules\cors\lib\index.js:219:13
16-05-2026 22:29:18 |ERROR| Error | GET | /uploads/1778872392281-a.png : can't find /uploads/1778872392281-a.png 
Error: can't find /uploads/1778872392281-a.png
    at C:\Users\yosef\OneDrive\Desktop\NTI\Ecommerce Backend\server.js:29:7
    at Layer.handleRequest (C:\Users\yosef\OneDrive\Desktop\NTI\Ecommerce Backend\node_modules\router\lib\layer.js:152:17)
    at trimPrefix (C:\Users\yosef\OneDrive\Desktop\NTI\Ecommerce Backend\node_modules\router\index.js:342:13)
    at C:\Users\yosef\OneDrive\Desktop\NTI\Ecommerce Backend\node_modules\router\index.js:297:9
    at processParams (C:\Users\yosef\OneDrive\Desktop\NTI\Ecommerce Backend\node_modules\router\index.js:582:12)
    at next (C:\Users\yosef\OneDrive\Desktop\NTI\Ecommerce Backend\node_modules\router\index.js:291:5)
    at cors (C:\Users\yosef\OneDrive\Desktop\NTI\Ecommerce Backend\node_modules\cors\lib\index.js:188:7)
    at C:\Users\yosef\OneDrive\Desktop\NTI\Ecommerce Backend\node_modules\cors\lib\index.js:224:17
    at origin (C:\Users\yosef\OneDrive\Desktop\NTI\Ecommerce Backend\middlewares\cors.middleware.js:8:11)
    at C:\Users\yosef\OneDrive\Desktop\NTI\Ecommerce Backend\node_modules\cors\lib\index.js:219:13
16-05-2026 22:29:18 |ERROR| Error | GET | /uploads/1778872286694-a.png : can't find /uploads/1778872286694-a.png 
Error: can't find /uploads/1778872286694-a.png
    at C:\Users\yosef\OneDrive\Desktop\NTI\Ecommerce Backend\server.js:29:7
    at Layer.handleRequest (C:\Users\yosef\OneDrive\Desktop\NTI\Ecommerce Backend\node_modules\router\lib\layer.js:152:17)
    at trimPrefix (C:\Users\yosef\OneDrive\Desktop\NTI\Ecommerce Backend\node_modules\router\index.js:342:13)
    at C:\Users\yosef\OneDrive\Desktop\NTI\Ecommerce Backend\node_modules\router\index.js:297:9
    at processParams (C:\Users\yosef\OneDrive\Desktop\NTI\Ecommerce Backend\node_modules\router\index.js:582:12)
    at next (C:\Users\yosef\OneDrive\Desktop\NTI\Ecommerce Backend\node_modules\router\index.js:291:5)
    at cors (C:\Users\yosef\OneDrive\Desktop\NTI\Ecommerce Backend\node_modules\cors\lib\index.js:188:7)
    at C:\Users\yosef\OneDrive\Desktop\NTI\Ecommerce Backend\node_modules\cors\lib\index.js:224:17
    at origin (C:\Users\yosef\OneDrive\Desktop\NTI\Ecommerce Backend\middlewares\cors.middleware.js:8:11)
    at C:\Users\yosef\OneDrive\Desktop\NTI\Ecommerce Backend\node_modules\cors\lib\index.js:219:13
16-05-2026 22:29:40 |INFO| Category listed! 
16-05-2026 22:29:40 |INFO| Products listed! 
16-05-2026 22:29:40 |INFO| subCategory listed! 
16-05-2026 22:29:51 |INFO| Orders is listed! 
16-05-2026 22:29:57 |INFO| Order status updated! 
16-05-2026 22:30:07 |INFO| Order status updated! 
16-05-2026 22:30:15 |INFO| Order status updated! 
16-05-2026 22:30:22 |INFO| Cart listed! 
16-05-2026 22:30:22 |INFO| Reviews are listed! 
16-05-2026 22:30:22 |INFO| Products listed! 
16-05-2026 22:30:22 |ERROR| Error | GET | /uploads/1778872457977-a.png : can't find /uploads/1778872457977-a.png 
Error: can't find /uploads/1778872457977-a.png
    at C:\Users\yosef\OneDrive\Desktop\NTI\Ecommerce Backend\server.js:29:7
    at Layer.handleRequest (C:\Users\yosef\OneDrive\Desktop\NTI\Ecommerce Backend\node_modules\router\lib\layer.js:152:17)
    at trimPrefix (C:\Users\yosef\OneDrive\Desktop\NTI\Ecommerce Backend\node_modules\router\index.js:342:13)
    at C:\Users\yosef\OneDrive\Desktop\NTI\Ecommerce Backend\node_modules\router\index.js:297:9
    at processParams (C:\Users\yosef\OneDrive\Desktop\NTI\Ecommerce Backend\node_modules\router\index.js:582:12)
    at next (C:\Users\yosef\OneDrive\Desktop\NTI\Ecommerce Backend\node_modules\router\index.js:291:5)
    at cors (C:\Users\yosef\OneDrive\Desktop\NTI\Ecommerce Backend\node_modules\cors\lib\index.js:188:7)
    at C:\Users\yosef\OneDrive\Desktop\NTI\Ecommerce Backend\node_modules\cors\lib\index.js:224:17
    at origin (C:\Users\yosef\OneDrive\Desktop\NTI\Ecommerce Backend\middlewares\cors.middleware.js:8:11)
    at C:\Users\yosef\OneDrive\Desktop\NTI\Ecommerce Backend\node_modules\cors\lib\index.js:219:13
16-05-2026 22:30:22 |ERROR| Error | GET | /uploads/1778872430510-a.png : can't find /uploads/1778872430510-a.png 
Error: can't find /uploads/1778872430510-a.png
    at C:\Users\yosef\OneDrive\Desktop\NTI\Ecommerce Backend\server.js:29:7
    at Layer.handleRequest (C:\Users\yosef\OneDrive\Desktop\NTI\Ecommerce Backend\node_modules\router\lib\layer.js:152:17)
    at trimPrefix (C:\Users\yosef\OneDrive\Desktop\NTI\Ecommerce Backend\node_modules\router\index.js:342:13)
    at C:\Users\yosef\OneDrive\Desktop\NTI\Ecommerce Backend\node_modules\router\index.js:297:9
    at processParams (C:\Users\yosef\OneDrive\Desktop\NTI\Ecommerce Backend\node_modules\router\index.js:582:12)
    at next (C:\Users\yosef\OneDrive\Desktop\NTI\Ecommerce Backend\node_modules\router\index.js:291:5)
    at cors (C:\Users\yosef\OneDrive\Desktop\NTI\Ecommerce Backend\node_modules\cors\lib\index.js:188:7)
    at C:\Users\yosef\OneDrive\Desktop\NTI\Ecommerce Backend\node_modules\cors\lib\index.js:224:17
    at origin (C:\Users\yosef\OneDrive\Desktop\NTI\Ecommerce Backend\middlewares\cors.middleware.js:8:11)
    at C:\Users\yosef\OneDrive\Desktop\NTI\Ecommerce Backend\node_modules\cors\lib\index.js:219:13
16-05-2026 22:30:22 |ERROR| Error | GET | /uploads/1778872392281-a.png : can't find /uploads/1778872392281-a.png 
Error: can't find /uploads/1778872392281-a.png
    at C:\Users\yosef\OneDrive\Desktop\NTI\Ecommerce Backend\server.js:29:7
    at Layer.handleRequest (C:\Users\yosef\OneDrive\Desktop\NTI\Ecommerce Backend\node_modules\router\lib\layer.js:152:17)
    at trimPrefix (C:\Users\yosef\OneDrive\Desktop\NTI\Ecommerce Backend\node_modules\router\index.js:342:13)
    at C:\Users\yosef\OneDrive\Desktop\NTI\Ecommerce Backend\node_modules\router\index.js:297:9
    at processParams (C:\Users\yosef\OneDrive\Desktop\NTI\Ecommerce Backend\node_modules\router\index.js:582:12)
    at next (C:\Users\yosef\OneDrive\Desktop\NTI\Ecommerce Backend\node_modules\router\index.js:291:5)
    at cors (C:\Users\yosef\OneDrive\Desktop\NTI\Ecommerce Backend\node_modules\cors\lib\index.js:188:7)
    at C:\Users\yosef\OneDrive\Desktop\NTI\Ecommerce Backend\node_modules\cors\lib\index.js:224:17
    at origin (C:\Users\yosef\OneDrive\Desktop\NTI\Ecommerce Backend\middlewares\cors.middleware.js:8:11)
    at C:\Users\yosef\OneDrive\Desktop\NTI\Ecommerce Backend\node_modules\cors\lib\index.js:219:13
16-05-2026 22:30:22 |ERROR| Error | GET | /uploads/1778872286694-a.png : can't find /uploads/1778872286694-a.png 
Error: can't find /uploads/1778872286694-a.png
    at C:\Users\yosef\OneDrive\Desktop\NTI\Ecommerce Backend\server.js:29:7
    at Layer.handleRequest (C:\Users\yosef\OneDrive\Desktop\NTI\Ecommerce Backend\node_modules\router\lib\layer.js:152:17)
    at trimPrefix (C:\Users\yosef\OneDrive\Desktop\NTI\Ecommerce Backend\node_modules\router\index.js:342:13)
    at C:\Users\yosef\OneDrive\Desktop\NTI\Ecommerce Backend\node_modules\router\index.js:297:9
    at processParams (C:\Users\yosef\OneDrive\Desktop\NTI\Ecommerce Backend\node_modules\router\index.js:582:12)
    at next (C:\Users\yosef\OneDrive\Desktop\NTI\Ecommerce Backend\node_modules\router\index.js:291:5)
    at cors (C:\Users\yosef\OneDrive\Desktop\NTI\Ecommerce Backend\node_modules\cors\lib\index.js:188:7)
    at C:\Users\yosef\OneDrive\Desktop\NTI\Ecommerce Backend\node_modules\cors\lib\index.js:224:17
    at origin (C:\Users\yosef\OneDrive\Desktop\NTI\Ecommerce Backend\middlewares\cors.middleware.js:8:11)
    at C:\Users\yosef\OneDrive\Desktop\NTI\Ecommerce Backend\node_modules\cors\lib\index.js:219:13
16-05-2026 22:30:25 |INFO| Orders is listed! 
16-05-2026 22:30:28 |INFO| Cart listed! 
16-05-2026 22:30:28 |INFO| Orders is listed! 
16-05-2026 22:30:32 |INFO| Cart listed! 
16-05-2026 22:30:32 |INFO| Orders is listed! 
16-05-2026 22:32:31 |INFO| Orders is listed! 
16-05-2026 22:32:35 |INFO| Order status updated! 
16-05-2026 22:32:44 |INFO| Order status updated! 
16-05-2026 22:32:49 |INFO| Cart listed! 
16-05-2026 22:32:49 |INFO| Reviews are listed! 
16-05-2026 22:32:49 |INFO| Products listed! 
16-05-2026 22:32:49 |ERROR| Error | GET | /uploads/1778872457977-a.png : can't find /uploads/1778872457977-a.png 
Error: can't find /uploads/1778872457977-a.png
    at C:\Users\yosef\OneDrive\Desktop\NTI\Ecommerce Backend\server.js:29:7
    at Layer.handleRequest (C:\Users\yosef\OneDrive\Desktop\NTI\Ecommerce Backend\node_modules\router\lib\layer.js:152:17)
    at trimPrefix (C:\Users\yosef\OneDrive\Desktop\NTI\Ecommerce Backend\node_modules\router\index.js:342:13)
    at C:\Users\yosef\OneDrive\Desktop\NTI\Ecommerce Backend\node_modules\router\index.js:297:9
    at processParams (C:\Users\yosef\OneDrive\Desktop\NTI\Ecommerce Backend\node_modules\router\index.js:582:12)
    at next (C:\Users\yosef\OneDrive\Desktop\NTI\Ecommerce Backend\node_modules\router\index.js:291:5)
    at cors (C:\Users\yosef\OneDrive\Desktop\NTI\Ecommerce Backend\node_modules\cors\lib\index.js:188:7)
    at C:\Users\yosef\OneDrive\Desktop\NTI\Ecommerce Backend\node_modules\cors\lib\index.js:224:17
    at origin (C:\Users\yosef\OneDrive\Desktop\NTI\Ecommerce Backend\middlewares\cors.middleware.js:8:11)
    at C:\Users\yosef\OneDrive\Desktop\NTI\Ecommerce Backend\node_modules\cors\lib\index.js:219:13
16-05-2026 22:32:49 |ERROR| Error | GET | /uploads/1778872430510-a.png : can't find /uploads/1778872430510-a.png 
Error: can't find /uploads/1778872430510-a.png
    at C:\Users\yosef\OneDrive\Desktop\NTI\Ecommerce Backend\server.js:29:7
    at Layer.handleRequest (C:\Users\yosef\OneDrive\Desktop\NTI\Ecommerce Backend\node_modules\router\lib\layer.js:152:17)
    at trimPrefix (C:\Users\yosef\OneDrive\Desktop\NTI\Ecommerce Backend\node_modules\router\index.js:342:13)
    at C:\Users\yosef\OneDrive\Desktop\NTI\Ecommerce Backend\node_modules\router\index.js:297:9
    at processParams (C:\Users\yosef\OneDrive\Desktop\NTI\Ecommerce Backend\node_modules\router\index.js:582:12)
    at next (C:\Users\yosef\OneDrive\Desktop\NTI\Ecommerce Backend\node_modules\router\index.js:291:5)
    at cors (C:\Users\yosef\OneDrive\Desktop\NTI\Ecommerce Backend\node_modules\cors\lib\index.js:188:7)
    at C:\Users\yosef\OneDrive\Desktop\NTI\Ecommerce Backend\node_modules\cors\lib\index.js:224:17
    at origin (C:\Users\yosef\OneDrive\Desktop\NTI\Ecommerce Backend\middlewares\cors.middleware.js:8:11)
    at C:\Users\yosef\OneDrive\Desktop\NTI\Ecommerce Backend\node_modules\cors\lib\index.js:219:13
16-05-2026 22:32:49 |ERROR| Error | GET | /uploads/1778872392281-a.png : can't find /uploads/1778872392281-a.png 
Error: can't find /uploads/1778872392281-a.png
    at C:\Users\yosef\OneDrive\Desktop\NTI\Ecommerce Backend\server.js:29:7
    at Layer.handleRequest (C:\Users\yosef\OneDrive\Desktop\NTI\Ecommerce Backend\node_modules\router\lib\layer.js:152:17)
    at trimPrefix (C:\Users\yosef\OneDrive\Desktop\NTI\Ecommerce Backend\node_modules\router\index.js:342:13)
    at C:\Users\yosef\OneDrive\Desktop\NTI\Ecommerce Backend\node_modules\router\index.js:297:9
    at processParams (C:\Users\yosef\OneDrive\Desktop\NTI\Ecommerce Backend\node_modules\router\index.js:582:12)
    at next (C:\Users\yosef\OneDrive\Desktop\NTI\Ecommerce Backend\node_modules\router\index.js:291:5)
    at cors (C:\Users\yosef\OneDrive\Desktop\NTI\Ecommerce Backend\node_modules\cors\lib\index.js:188:7)
    at C:\Users\yosef\OneDrive\Desktop\NTI\Ecommerce Backend\node_modules\cors\lib\index.js:224:17
    at origin (C:\Users\yosef\OneDrive\Desktop\NTI\Ecommerce Backend\middlewares\cors.middleware.js:8:11)
    at C:\Users\yosef\OneDrive\Desktop\NTI\Ecommerce Backend\node_modules\cors\lib\index.js:219:13
16-05-2026 22:32:49 |ERROR| Error | GET | /uploads/1778872286694-a.png : can't find /uploads/1778872286694-a.png 
Error: can't find /uploads/1778872286694-a.png
    at C:\Users\yosef\OneDrive\Desktop\NTI\Ecommerce Backend\server.js:29:7
    at Layer.handleRequest (C:\Users\yosef\OneDrive\Desktop\NTI\Ecommerce Backend\node_modules\router\lib\layer.js:152:17)
    at trimPrefix (C:\Users\yosef\OneDrive\Desktop\NTI\Ecommerce Backend\node_modules\router\index.js:342:13)
    at C:\Users\yosef\OneDrive\Desktop\NTI\Ecommerce Backend\node_modules\router\index.js:297:9
    at processParams (C:\Users\yosef\OneDrive\Desktop\NTI\Ecommerce Backend\node_modules\router\index.js:582:12)
    at next (C:\Users\yosef\OneDrive\Desktop\NTI\Ecommerce Backend\node_modules\router\index.js:291:5)
    at cors (C:\Users\yosef\OneDrive\Desktop\NTI\Ecommerce Backend\node_modules\cors\lib\index.js:188:7)
    at C:\Users\yosef\OneDrive\Desktop\NTI\Ecommerce Backend\node_modules\cors\lib\index.js:224:17
    at origin (C:\Users\yosef\OneDrive\Desktop\NTI\Ecommerce Backend\middlewares\cors.middleware.js:8:11)
    at C:\Users\yosef\OneDrive\Desktop\NTI\Ecommerce Backend\node_modules\cors\lib\index.js:219:13
16-05-2026 22:32:51 |INFO| Orders is listed! 
16-05-2026 22:33:06 |INFO| Orders is listed! 
16-05-2026 22:33:09 |INFO| Order status updated! 
16-05-2026 22:33:22 |ERROR| Error | PATCH | /api/v1/order/updateStatus/6a08c14ca81209b9bfb09b1e : Cannot move order from pending to shipped 
Error: Cannot move order from pending to shipped
    at C:\Users\yosef\OneDrive\Desktop\NTI\Ecommerce Backend\controller\order.controller.js:210:4
    at process.processTicksAndRejections (node:internal/process/task_queues:104:5)
16-05-2026 22:33:38 |INFO| Cart listed! 
16-05-2026 22:33:38 |INFO| Reviews are listed! 
16-05-2026 22:33:38 |INFO| Products listed! 
16-05-2026 22:33:38 |ERROR| Error | GET | /uploads/1778872457977-a.png : can't find /uploads/1778872457977-a.png 
Error: can't find /uploads/1778872457977-a.png
    at C:\Users\yosef\OneDrive\Desktop\NTI\Ecommerce Backend\server.js:29:7
    at Layer.handleRequest (C:\Users\yosef\OneDrive\Desktop\NTI\Ecommerce Backend\node_modules\router\lib\layer.js:152:17)
    at trimPrefix (C:\Users\yosef\OneDrive\Desktop\NTI\Ecommerce Backend\node_modules\router\index.js:342:13)
    at C:\Users\yosef\OneDrive\Desktop\NTI\Ecommerce Backend\node_modules\router\index.js:297:9
    at processParams (C:\Users\yosef\OneDrive\Desktop\NTI\Ecommerce Backend\node_modules\router\index.js:582:12)
    at next (C:\Users\yosef\OneDrive\Desktop\NTI\Ecommerce Backend\node_modules\router\index.js:291:5)
    at cors (C:\Users\yosef\OneDrive\Desktop\NTI\Ecommerce Backend\node_modules\cors\lib\index.js:188:7)
    at C:\Users\yosef\OneDrive\Desktop\NTI\Ecommerce Backend\node_modules\cors\lib\index.js:224:17
    at origin (C:\Users\yosef\OneDrive\Desktop\NTI\Ecommerce Backend\middlewares\cors.middleware.js:8:11)
    at C:\Users\yosef\OneDrive\Desktop\NTI\Ecommerce Backend\node_modules\cors\lib\index.js:219:13
16-05-2026 22:33:38 |ERROR| Error | GET | /uploads/1778872430510-a.png : can't find /uploads/1778872430510-a.png 
Error: can't find /uploads/1778872430510-a.png
    at C:\Users\yosef\OneDrive\Desktop\NTI\Ecommerce Backend\server.js:29:7
    at Layer.handleRequest (C:\Users\yosef\OneDrive\Desktop\NTI\Ecommerce Backend\node_modules\router\lib\layer.js:152:17)
    at trimPrefix (C:\Users\yosef\OneDrive\Desktop\NTI\Ecommerce Backend\node_modules\router\index.js:342:13)
    at C:\Users\yosef\OneDrive\Desktop\NTI\Ecommerce Backend\node_modules\router\index.js:297:9
    at processParams (C:\Users\yosef\OneDrive\Desktop\NTI\Ecommerce Backend\node_modules\router\index.js:582:12)
    at next (C:\Users\yosef\OneDrive\Desktop\NTI\Ecommerce Backend\node_modules\router\index.js:291:5)
    at cors (C:\Users\yosef\OneDrive\Desktop\NTI\Ecommerce Backend\node_modules\cors\lib\index.js:188:7)
    at C:\Users\yosef\OneDrive\Desktop\NTI\Ecommerce Backend\node_modules\cors\lib\index.js:224:17
    at origin (C:\Users\yosef\OneDrive\Desktop\NTI\Ecommerce Backend\middlewares\cors.middleware.js:8:11)
    at C:\Users\yosef\OneDrive\Desktop\NTI\Ecommerce Backend\node_modules\cors\lib\index.js:219:13
16-05-2026 22:33:38 |ERROR| Error | GET | /uploads/1778872392281-a.png : can't find /uploads/1778872392281-a.png 
Error: can't find /uploads/1778872392281-a.png
    at C:\Users\yosef\OneDrive\Desktop\NTI\Ecommerce Backend\server.js:29:7
    at Layer.handleRequest (C:\Users\yosef\OneDrive\Desktop\NTI\Ecommerce Backend\node_modules\router\lib\layer.js:152:17)
    at trimPrefix (C:\Users\yosef\OneDrive\Desktop\NTI\Ecommerce Backend\node_modules\router\index.js:342:13)
    at C:\Users\yosef\OneDrive\Desktop\NTI\Ecommerce Backend\node_modules\router\index.js:297:9
    at processParams (C:\Users\yosef\OneDrive\Desktop\NTI\Ecommerce Backend\node_modules\router\index.js:582:12)
    at next (C:\Users\yosef\OneDrive\Desktop\NTI\Ecommerce Backend\node_modules\router\index.js:291:5)
    at cors (C:\Users\yosef\OneDrive\Desktop\NTI\Ecommerce Backend\node_modules\cors\lib\index.js:188:7)
    at C:\Users\yosef\OneDrive\Desktop\NTI\Ecommerce Backend\node_modules\cors\lib\index.js:224:17
    at origin (C:\Users\yosef\OneDrive\Desktop\NTI\Ecommerce Backend\middlewares\cors.middleware.js:8:11)
    at C:\Users\yosef\OneDrive\Desktop\NTI\Ecommerce Backend\node_modules\cors\lib\index.js:219:13
16-05-2026 22:33:38 |ERROR| Error | GET | /uploads/1778872286694-a.png : can't find /uploads/1778872286694-a.png 
Error: can't find /uploads/1778872286694-a.png
    at C:\Users\yosef\OneDrive\Desktop\NTI\Ecommerce Backend\server.js:29:7
    at Layer.handleRequest (C:\Users\yosef\OneDrive\Desktop\NTI\Ecommerce Backend\node_modules\router\lib\layer.js:152:17)
    at trimPrefix (C:\Users\yosef\OneDrive\Desktop\NTI\Ecommerce Backend\node_modules\router\index.js:342:13)
    at C:\Users\yosef\OneDrive\Desktop\NTI\Ecommerce Backend\node_modules\router\index.js:297:9
    at processParams (C:\Users\yosef\OneDrive\Desktop\NTI\Ecommerce Backend\node_modules\router\index.js:582:12)
    at next (C:\Users\yosef\OneDrive\Desktop\NTI\Ecommerce Backend\node_modules\router\index.js:291:5)
    at cors (C:\Users\yosef\OneDrive\Desktop\NTI\Ecommerce Backend\node_modules\cors\lib\index.js:188:7)
    at C:\Users\yosef\OneDrive\Desktop\NTI\Ecommerce Backend\node_modules\cors\lib\index.js:224:17
    at origin (C:\Users\yosef\OneDrive\Desktop\NTI\Ecommerce Backend\middlewares\cors.middleware.js:8:11)
    at C:\Users\yosef\OneDrive\Desktop\NTI\Ecommerce Backend\node_modules\cors\lib\index.js:219:13
16-05-2026 22:33:39 |INFO| Orders is listed! 
16-05-2026 22:33:58 |INFO| user requested a refund! 
16-05-2026 22:34:09 |INFO| Cart listed! 
16-05-2026 22:34:09 |INFO| Orders is listed! 
16-05-2026 22:34:37 |INFO| Orders is listed! 
16-05-2026 22:34:44 |ERROR| Error | PATCH | /api/v1/order/updateStatus/6a08bfbaa81209b9bfb09b19 : Cannot move order from received to cancelledByAdmin 
Error: Cannot move order from received to cancelledByAdmin
    at C:\Users\yosef\OneDrive\Desktop\NTI\Ecommerce Backend\controller\order.controller.js:210:4
    at process.processTicksAndRejections (node:internal/process/task_queues:104:5)
16-05-2026 22:34:48 |ERROR| Error | PATCH | /api/v1/order/updateStatus/6a08bfbaa81209b9bfb09b19 : Cannot move order from received to refused 
Error: Cannot move order from received to refused
    at C:\Users\yosef\OneDrive\Desktop\NTI\Ecommerce Backend\controller\order.controller.js:210:4
    at process.processTicksAndRejections (node:internal/process/task_queues:104:5)
16-05-2026 22:34:52 |ERROR| Error | PATCH | /api/v1/order/updateStatus/6a08bfbaa81209b9bfb09b19 : Cannot move order from received to received 
Error: Cannot move order from received to received
    at C:\Users\yosef\OneDrive\Desktop\NTI\Ecommerce Backend\controller\order.controller.js:210:4
    at process.processTicksAndRejections (node:internal/process/task_queues:104:5)
16-05-2026 22:35:01 |INFO| Order update request refund status! 
16-05-2026 22:35:09 |INFO| Orders is listed! 
16-05-2026 22:35:21 |INFO| Order status updated! 
16-05-2026 22:35:28 |INFO| Cart listed! 
16-05-2026 22:35:28 |INFO| Reviews are listed! 
16-05-2026 22:35:28 |INFO| Products listed! 
16-05-2026 22:35:28 |ERROR| Error | GET | /uploads/1778872457977-a.png : can't find /uploads/1778872457977-a.png 
Error: can't find /uploads/1778872457977-a.png
    at C:\Users\yosef\OneDrive\Desktop\NTI\Ecommerce Backend\server.js:29:7
    at Layer.handleRequest (C:\Users\yosef\OneDrive\Desktop\NTI\Ecommerce Backend\node_modules\router\lib\layer.js:152:17)
    at trimPrefix (C:\Users\yosef\OneDrive\Desktop\NTI\Ecommerce Backend\node_modules\router\index.js:342:13)
    at C:\Users\yosef\OneDrive\Desktop\NTI\Ecommerce Backend\node_modules\router\index.js:297:9
    at processParams (C:\Users\yosef\OneDrive\Desktop\NTI\Ecommerce Backend\node_modules\router\index.js:582:12)
    at next (C:\Users\yosef\OneDrive\Desktop\NTI\Ecommerce Backend\node_modules\router\index.js:291:5)
    at cors (C:\Users\yosef\OneDrive\Desktop\NTI\Ecommerce Backend\node_modules\cors\lib\index.js:188:7)
    at C:\Users\yosef\OneDrive\Desktop\NTI\Ecommerce Backend\node_modules\cors\lib\index.js:224:17
    at origin (C:\Users\yosef\OneDrive\Desktop\NTI\Ecommerce Backend\middlewares\cors.middleware.js:8:11)
    at C:\Users\yosef\OneDrive\Desktop\NTI\Ecommerce Backend\node_modules\cors\lib\index.js:219:13
16-05-2026 22:35:28 |ERROR| Error | GET | /uploads/1778872430510-a.png : can't find /uploads/1778872430510-a.png 
Error: can't find /uploads/1778872430510-a.png
    at C:\Users\yosef\OneDrive\Desktop\NTI\Ecommerce Backend\server.js:29:7
    at Layer.handleRequest (C:\Users\yosef\OneDrive\Desktop\NTI\Ecommerce Backend\node_modules\router\lib\layer.js:152:17)
    at trimPrefix (C:\Users\yosef\OneDrive\Desktop\NTI\Ecommerce Backend\node_modules\router\index.js:342:13)
    at C:\Users\yosef\OneDrive\Desktop\NTI\Ecommerce Backend\node_modules\router\index.js:297:9
    at processParams (C:\Users\yosef\OneDrive\Desktop\NTI\Ecommerce Backend\node_modules\router\index.js:582:12)
    at next (C:\Users\yosef\OneDrive\Desktop\NTI\Ecommerce Backend\node_modules\router\index.js:291:5)
    at cors (C:\Users\yosef\OneDrive\Desktop\NTI\Ecommerce Backend\node_modules\cors\lib\index.js:188:7)
    at C:\Users\yosef\OneDrive\Desktop\NTI\Ecommerce Backend\node_modules\cors\lib\index.js:224:17
    at origin (C:\Users\yosef\OneDrive\Desktop\NTI\Ecommerce Backend\middlewares\cors.middleware.js:8:11)
    at C:\Users\yosef\OneDrive\Desktop\NTI\Ecommerce Backend\node_modules\cors\lib\index.js:219:13
16-05-2026 22:35:28 |ERROR| Error | GET | /uploads/1778872392281-a.png : can't find /uploads/1778872392281-a.png 
Error: can't find /uploads/1778872392281-a.png
    at C:\Users\yosef\OneDrive\Desktop\NTI\Ecommerce Backend\server.js:29:7
    at Layer.handleRequest (C:\Users\yosef\OneDrive\Desktop\NTI\Ecommerce Backend\node_modules\router\lib\layer.js:152:17)
    at trimPrefix (C:\Users\yosef\OneDrive\Desktop\NTI\Ecommerce Backend\node_modules\router\index.js:342:13)
    at C:\Users\yosef\OneDrive\Desktop\NTI\Ecommerce Backend\node_modules\router\index.js:297:9
    at processParams (C:\Users\yosef\OneDrive\Desktop\NTI\Ecommerce Backend\node_modules\router\index.js:582:12)
    at next (C:\Users\yosef\OneDrive\Desktop\NTI\Ecommerce Backend\node_modules\router\index.js:291:5)
    at cors (C:\Users\yosef\OneDrive\Desktop\NTI\Ecommerce Backend\node_modules\cors\lib\index.js:188:7)
    at C:\Users\yosef\OneDrive\Desktop\NTI\Ecommerce Backend\node_modules\cors\lib\index.js:224:17
    at origin (C:\Users\yosef\OneDrive\Desktop\NTI\Ecommerce Backend\middlewares\cors.middleware.js:8:11)
    at C:\Users\yosef\OneDrive\Desktop\NTI\Ecommerce Backend\node_modules\cors\lib\index.js:219:13
16-05-2026 22:35:28 |ERROR| Error | GET | /uploads/1778872286694-a.png : can't find /uploads/1778872286694-a.png 
Error: can't find /uploads/1778872286694-a.png
    at C:\Users\yosef\OneDrive\Desktop\NTI\Ecommerce Backend\server.js:29:7
    at Layer.handleRequest (C:\Users\yosef\OneDrive\Desktop\NTI\Ecommerce Backend\node_modules\router\lib\layer.js:152:17)
    at trimPrefix (C:\Users\yosef\OneDrive\Desktop\NTI\Ecommerce Backend\node_modules\router\index.js:342:13)
    at C:\Users\yosef\OneDrive\Desktop\NTI\Ecommerce Backend\node_modules\router\index.js:297:9
    at processParams (C:\Users\yosef\OneDrive\Desktop\NTI\Ecommerce Backend\node_modules\router\index.js:582:12)
    at next (C:\Users\yosef\OneDrive\Desktop\NTI\Ecommerce Backend\node_modules\router\index.js:291:5)
    at cors (C:\Users\yosef\OneDrive\Desktop\NTI\Ecommerce Backend\node_modules\cors\lib\index.js:188:7)
    at C:\Users\yosef\OneDrive\Desktop\NTI\Ecommerce Backend\node_modules\cors\lib\index.js:224:17
    at origin (C:\Users\yosef\OneDrive\Desktop\NTI\Ecommerce Backend\middlewares\cors.middleware.js:8:11)
    at C:\Users\yosef\OneDrive\Desktop\NTI\Ecommerce Backend\node_modules\cors\lib\index.js:219:13
16-05-2026 22:35:30 |INFO| Cart listed! 
16-05-2026 22:35:31 |INFO| Cart listed! 
16-05-2026 22:35:31 |INFO| Category listed! 
16-05-2026 22:35:31 |INFO| Products listed! 
16-05-2026 22:35:33 |INFO| Orders is listed! 
16-05-2026 22:36:21 |INFO| order is cancelled by user! 
16-05-2026 22:36:23 |INFO| Cart listed! 
16-05-2026 22:36:23 |INFO| Orders is listed! 
16-05-2026 22:39:34 |INFO| Cart listed! 
16-05-2026 22:39:34 |INFO| Orders is listed! 
16-05-2026 22:39:34 |INFO| Cart listed! 
16-05-2026 22:39:35 |INFO| Reviews are listed! 
16-05-2026 22:39:35 |INFO| Products listed! 
16-05-2026 22:39:35 |ERROR| Error | GET | /uploads/1778872483665-a.png : can't find /uploads/1778872483665-a.png 
Error: can't find /uploads/1778872483665-a.png
    at C:\Users\yosef\OneDrive\Desktop\NTI\Ecommerce Backend\server.js:29:7
    at Layer.handleRequest (C:\Users\yosef\OneDrive\Desktop\NTI\Ecommerce Backend\node_modules\router\lib\layer.js:152:17)
    at trimPrefix (C:\Users\yosef\OneDrive\Desktop\NTI\Ecommerce Backend\node_modules\router\index.js:342:13)
    at C:\Users\yosef\OneDrive\Desktop\NTI\Ecommerce Backend\node_modules\router\index.js:297:9
    at processParams (C:\Users\yosef\OneDrive\Desktop\NTI\Ecommerce Backend\node_modules\router\index.js:582:12)
    at next (C:\Users\yosef\OneDrive\Desktop\NTI\Ecommerce Backend\node_modules\router\index.js:291:5)
    at cors (C:\Users\yosef\OneDrive\Desktop\NTI\Ecommerce Backend\node_modules\cors\lib\index.js:188:7)
    at C:\Users\yosef\OneDrive\Desktop\NTI\Ecommerce Backend\node_modules\cors\lib\index.js:224:17
    at origin (C:\Users\yosef\OneDrive\Desktop\NTI\Ecommerce Backend\middlewares\cors.middleware.js:8:11)
    at C:\Users\yosef\OneDrive\Desktop\NTI\Ecommerce Backend\node_modules\cors\lib\index.js:219:13
16-05-2026 22:39:35 |ERROR| Error | GET | /uploads/1778872457977-a.png : can't find /uploads/1778872457977-a.png 
Error: can't find /uploads/1778872457977-a.png
    at C:\Users\yosef\OneDrive\Desktop\NTI\Ecommerce Backend\server.js:29:7
    at Layer.handleRequest (C:\Users\yosef\OneDrive\Desktop\NTI\Ecommerce Backend\node_modules\router\lib\layer.js:152:17)
    at trimPrefix (C:\Users\yosef\OneDrive\Desktop\NTI\Ecommerce Backend\node_modules\router\index.js:342:13)
    at C:\Users\yosef\OneDrive\Desktop\NTI\Ecommerce Backend\node_modules\router\index.js:297:9
    at processParams (C:\Users\yosef\OneDrive\Desktop\NTI\Ecommerce Backend\node_modules\router\index.js:582:12)
    at next (C:\Users\yosef\OneDrive\Desktop\NTI\Ecommerce Backend\node_modules\router\index.js:291:5)
    at cors (C:\Users\yosef\OneDrive\Desktop\NTI\Ecommerce Backend\node_modules\cors\lib\index.js:188:7)
    at C:\Users\yosef\OneDrive\Desktop\NTI\Ecommerce Backend\node_modules\cors\lib\index.js:224:17
    at origin (C:\Users\yosef\OneDrive\Desktop\NTI\Ecommerce Backend\middlewares\cors.middleware.js:8:11)
    at C:\Users\yosef\OneDrive\Desktop\NTI\Ecommerce Backend\node_modules\cors\lib\index.js:219:13
16-05-2026 22:39:35 |ERROR| Error | GET | /uploads/1778872430510-a.png : can't find /uploads/1778872430510-a.png 
Error: can't find /uploads/1778872430510-a.png
    at C:\Users\yosef\OneDrive\Desktop\NTI\Ecommerce Backend\server.js:29:7
    at Layer.handleRequest (C:\Users\yosef\OneDrive\Desktop\NTI\Ecommerce Backend\node_modules\router\lib\layer.js:152:17)
    at trimPrefix (C:\Users\yosef\OneDrive\Desktop\NTI\Ecommerce Backend\node_modules\router\index.js:342:13)
    at C:\Users\yosef\OneDrive\Desktop\NTI\Ecommerce Backend\node_modules\router\index.js:297:9
    at processParams (C:\Users\yosef\OneDrive\Desktop\NTI\Ecommerce Backend\node_modules\router\index.js:582:12)
    at next (C:\Users\yosef\OneDrive\Desktop\NTI\Ecommerce Backend\node_modules\router\index.js:291:5)
    at cors (C:\Users\yosef\OneDrive\Desktop\NTI\Ecommerce Backend\node_modules\cors\lib\index.js:188:7)
    at C:\Users\yosef\OneDrive\Desktop\NTI\Ecommerce Backend\node_modules\cors\lib\index.js:224:17
    at origin (C:\Users\yosef\OneDrive\Desktop\NTI\Ecommerce Backend\middlewares\cors.middleware.js:8:11)
    at C:\Users\yosef\OneDrive\Desktop\NTI\Ecommerce Backend\node_modules\cors\lib\index.js:219:13
16-05-2026 22:39:35 |ERROR| Error | GET | /uploads/1778872392281-a.png : can't find /uploads/1778872392281-a.png 
Error: can't find /uploads/1778872392281-a.png
    at C:\Users\yosef\OneDrive\Desktop\NTI\Ecommerce Backend\server.js:29:7
    at Layer.handleRequest (C:\Users\yosef\OneDrive\Desktop\NTI\Ecommerce Backend\node_modules\router\lib\layer.js:152:17)
    at trimPrefix (C:\Users\yosef\OneDrive\Desktop\NTI\Ecommerce Backend\node_modules\router\index.js:342:13)
    at C:\Users\yosef\OneDrive\Desktop\NTI\Ecommerce Backend\node_modules\router\index.js:297:9
    at processParams (C:\Users\yosef\OneDrive\Desktop\NTI\Ecommerce Backend\node_modules\router\index.js:582:12)
    at next (C:\Users\yosef\OneDrive\Desktop\NTI\Ecommerce Backend\node_modules\router\index.js:291:5)
    at cors (C:\Users\yosef\OneDrive\Desktop\NTI\Ecommerce Backend\node_modules\cors\lib\index.js:188:7)
    at C:\Users\yosef\OneDrive\Desktop\NTI\Ecommerce Backend\node_modules\cors\lib\index.js:224:17
    at origin (C:\Users\yosef\OneDrive\Desktop\NTI\Ecommerce Backend\middlewares\cors.middleware.js:8:11)
    at C:\Users\yosef\OneDrive\Desktop\NTI\Ecommerce Backend\node_modules\cors\lib\index.js:219:13
16-05-2026 22:39:40 |INFO| Cart listed! 
16-05-2026 22:39:40 |INFO| Orders is listed! 
16-05-2026 22:39:40 |INFO| Reviews are listed! 
16-05-2026 22:39:40 |INFO| Products listed! 
16-05-2026 22:39:40 |INFO| Cart listed! 
16-05-2026 22:39:40 |ERROR| Error | GET | /uploads/1778872483665-a.png : can't find /uploads/1778872483665-a.png 
Error: can't find /uploads/1778872483665-a.png
    at C:\Users\yosef\OneDrive\Desktop\NTI\Ecommerce Backend\server.js:29:7
    at Layer.handleRequest (C:\Users\yosef\OneDrive\Desktop\NTI\Ecommerce Backend\node_modules\router\lib\layer.js:152:17)
    at trimPrefix (C:\Users\yosef\OneDrive\Desktop\NTI\Ecommerce Backend\node_modules\router\index.js:342:13)
    at C:\Users\yosef\OneDrive\Desktop\NTI\Ecommerce Backend\node_modules\router\index.js:297:9
    at processParams (C:\Users\yosef\OneDrive\Desktop\NTI\Ecommerce Backend\node_modules\router\index.js:582:12)
    at next (C:\Users\yosef\OneDrive\Desktop\NTI\Ecommerce Backend\node_modules\router\index.js:291:5)
    at cors (C:\Users\yosef\OneDrive\Desktop\NTI\Ecommerce Backend\node_modules\cors\lib\index.js:188:7)
    at C:\Users\yosef\OneDrive\Desktop\NTI\Ecommerce Backend\node_modules\cors\lib\index.js:224:17
    at origin (C:\Users\yosef\OneDrive\Desktop\NTI\Ecommerce Backend\middlewares\cors.middleware.js:8:11)
    at C:\Users\yosef\OneDrive\Desktop\NTI\Ecommerce Backend\node_modules\cors\lib\index.js:219:13
16-05-2026 22:39:40 |ERROR| Error | GET | /uploads/1778872457977-a.png : can't find /uploads/1778872457977-a.png 
Error: can't find /uploads/1778872457977-a.png
    at C:\Users\yosef\OneDrive\Desktop\NTI\Ecommerce Backend\server.js:29:7
    at Layer.handleRequest (C:\Users\yosef\OneDrive\Desktop\NTI\Ecommerce Backend\node_modules\router\lib\layer.js:152:17)
    at trimPrefix (C:\Users\yosef\OneDrive\Desktop\NTI\Ecommerce Backend\node_modules\router\index.js:342:13)
    at C:\Users\yosef\OneDrive\Desktop\NTI\Ecommerce Backend\node_modules\router\index.js:297:9
    at processParams (C:\Users\yosef\OneDrive\Desktop\NTI\Ecommerce Backend\node_modules\router\index.js:582:12)
    at next (C:\Users\yosef\OneDrive\Desktop\NTI\Ecommerce Backend\node_modules\router\index.js:291:5)
    at cors (C:\Users\yosef\OneDrive\Desktop\NTI\Ecommerce Backend\node_modules\cors\lib\index.js:188:7)
    at C:\Users\yosef\OneDrive\Desktop\NTI\Ecommerce Backend\node_modules\cors\lib\index.js:224:17
    at origin (C:\Users\yosef\OneDrive\Desktop\NTI\Ecommerce Backend\middlewares\cors.middleware.js:8:11)
    at C:\Users\yosef\OneDrive\Desktop\NTI\Ecommerce Backend\node_modules\cors\lib\index.js:219:13
16-05-2026 22:39:40 |ERROR| Error | GET | /uploads/1778872430510-a.png : can't find /uploads/1778872430510-a.png 
Error: can't find /uploads/1778872430510-a.png
    at C:\Users\yosef\OneDrive\Desktop\NTI\Ecommerce Backend\server.js:29:7
    at Layer.handleRequest (C:\Users\yosef\OneDrive\Desktop\NTI\Ecommerce Backend\node_modules\router\lib\layer.js:152:17)
    at trimPrefix (C:\Users\yosef\OneDrive\Desktop\NTI\Ecommerce Backend\node_modules\router\index.js:342:13)
    at C:\Users\yosef\OneDrive\Desktop\NTI\Ecommerce Backend\node_modules\router\index.js:297:9
    at processParams (C:\Users\yosef\OneDrive\Desktop\NTI\Ecommerce Backend\node_modules\router\index.js:582:12)
    at next (C:\Users\yosef\OneDrive\Desktop\NTI\Ecommerce Backend\node_modules\router\index.js:291:5)
    at cors (C:\Users\yosef\OneDrive\Desktop\NTI\Ecommerce Backend\node_modules\cors\lib\index.js:188:7)
    at C:\Users\yosef\OneDrive\Desktop\NTI\Ecommerce Backend\node_modules\cors\lib\index.js:224:17
    at origin (C:\Users\yosef\OneDrive\Desktop\NTI\Ecommerce Backend\middlewares\cors.middleware.js:8:11)
    at C:\Users\yosef\OneDrive\Desktop\NTI\Ecommerce Backend\node_modules\cors\lib\index.js:219:13
16-05-2026 22:39:40 |ERROR| Error | GET | /uploads/1778872392281-a.png : can't find /uploads/1778872392281-a.png 
Error: can't find /uploads/1778872392281-a.png
    at C:\Users\yosef\OneDrive\Desktop\NTI\Ecommerce Backend\server.js:29:7
    at Layer.handleRequest (C:\Users\yosef\OneDrive\Desktop\NTI\Ecommerce Backend\node_modules\router\lib\layer.js:152:17)
    at trimPrefix (C:\Users\yosef\OneDrive\Desktop\NTI\Ecommerce Backend\node_modules\router\index.js:342:13)
    at C:\Users\yosef\OneDrive\Desktop\NTI\Ecommerce Backend\node_modules\router\index.js:297:9
    at processParams (C:\Users\yosef\OneDrive\Desktop\NTI\Ecommerce Backend\node_modules\router\index.js:582:12)
    at next (C:\Users\yosef\OneDrive\Desktop\NTI\Ecommerce Backend\node_modules\router\index.js:291:5)
    at cors (C:\Users\yosef\OneDrive\Desktop\NTI\Ecommerce Backend\node_modules\cors\lib\index.js:188:7)
    at C:\Users\yosef\OneDrive\Desktop\NTI\Ecommerce Backend\node_modules\cors\lib\index.js:224:17
    at origin (C:\Users\yosef\OneDrive\Desktop\NTI\Ecommerce Backend\middlewares\cors.middleware.js:8:11)
    at C:\Users\yosef\OneDrive\Desktop\NTI\Ecommerce Backend\node_modules\cors\lib\index.js:219:13
16-05-2026 22:42:20 |INFO| Cart listed! 
16-05-2026 22:42:20 |INFO| Orders is listed! 
16-05-2026 22:42:22 |INFO| Reviews are listed! 
16-05-2026 22:42:22 |INFO| Products listed! 
16-05-2026 22:42:22 |ERROR| Error | GET | /uploads/1778872483665-a.png : can't find /uploads/1778872483665-a.png 
Error: can't find /uploads/1778872483665-a.png
    at C:\Users\yosef\OneDrive\Desktop\NTI\Ecommerce Backend\server.js:29:7
    at Layer.handleRequest (C:\Users\yosef\OneDrive\Desktop\NTI\Ecommerce Backend\node_modules\router\lib\layer.js:152:17)
    at trimPrefix (C:\Users\yosef\OneDrive\Desktop\NTI\Ecommerce Backend\node_modules\router\index.js:342:13)
    at C:\Users\yosef\OneDrive\Desktop\NTI\Ecommerce Backend\node_modules\router\index.js:297:9
    at processParams (C:\Users\yosef\OneDrive\Desktop\NTI\Ecommerce Backend\node_modules\router\index.js:582:12)
    at next (C:\Users\yosef\OneDrive\Desktop\NTI\Ecommerce Backend\node_modules\router\index.js:291:5)
    at cors (C:\Users\yosef\OneDrive\Desktop\NTI\Ecommerce Backend\node_modules\cors\lib\index.js:188:7)
    at C:\Users\yosef\OneDrive\Desktop\NTI\Ecommerce Backend\node_modules\cors\lib\index.js:224:17
    at origin (C:\Users\yosef\OneDrive\Desktop\NTI\Ecommerce Backend\middlewares\cors.middleware.js:8:11)
    at C:\Users\yosef\OneDrive\Desktop\NTI\Ecommerce Backend\node_modules\cors\lib\index.js:219:13
16-05-2026 22:42:22 |ERROR| Error | GET | /uploads/1778872457977-a.png : can't find /uploads/1778872457977-a.png 
Error: can't find /uploads/1778872457977-a.png
    at C:\Users\yosef\OneDrive\Desktop\NTI\Ecommerce Backend\server.js:29:7
    at Layer.handleRequest (C:\Users\yosef\OneDrive\Desktop\NTI\Ecommerce Backend\node_modules\router\lib\layer.js:152:17)
    at trimPrefix (C:\Users\yosef\OneDrive\Desktop\NTI\Ecommerce Backend\node_modules\router\index.js:342:13)
    at C:\Users\yosef\OneDrive\Desktop\NTI\Ecommerce Backend\node_modules\router\index.js:297:9
    at processParams (C:\Users\yosef\OneDrive\Desktop\NTI\Ecommerce Backend\node_modules\router\index.js:582:12)
    at next (C:\Users\yosef\OneDrive\Desktop\NTI\Ecommerce Backend\node_modules\router\index.js:291:5)
    at cors (C:\Users\yosef\OneDrive\Desktop\NTI\Ecommerce Backend\node_modules\cors\lib\index.js:188:7)
    at C:\Users\yosef\OneDrive\Desktop\NTI\Ecommerce Backend\node_modules\cors\lib\index.js:224:17
    at origin (C:\Users\yosef\OneDrive\Desktop\NTI\Ecommerce Backend\middlewares\cors.middleware.js:8:11)
    at C:\Users\yosef\OneDrive\Desktop\NTI\Ecommerce Backend\node_modules\cors\lib\index.js:219:13
16-05-2026 22:42:22 |ERROR| Error | GET | /uploads/1778872430510-a.png : can't find /uploads/1778872430510-a.png 
Error: can't find /uploads/1778872430510-a.png
    at C:\Users\yosef\OneDrive\Desktop\NTI\Ecommerce Backend\server.js:29:7
    at Layer.handleRequest (C:\Users\yosef\OneDrive\Desktop\NTI\Ecommerce Backend\node_modules\router\lib\layer.js:152:17)
    at trimPrefix (C:\Users\yosef\OneDrive\Desktop\NTI\Ecommerce Backend\node_modules\router\index.js:342:13)
    at C:\Users\yosef\OneDrive\Desktop\NTI\Ecommerce Backend\node_modules\router\index.js:297:9
    at processParams (C:\Users\yosef\OneDrive\Desktop\NTI\Ecommerce Backend\node_modules\router\index.js:582:12)
    at next (C:\Users\yosef\OneDrive\Desktop\NTI\Ecommerce Backend\node_modules\router\index.js:291:5)
    at cors (C:\Users\yosef\OneDrive\Desktop\NTI\Ecommerce Backend\node_modules\cors\lib\index.js:188:7)
    at C:\Users\yosef\OneDrive\Desktop\NTI\Ecommerce Backend\node_modules\cors\lib\index.js:224:17
    at origin (C:\Users\yosef\OneDrive\Desktop\NTI\Ecommerce Backend\middlewares\cors.middleware.js:8:11)
    at C:\Users\yosef\OneDrive\Desktop\NTI\Ecommerce Backend\node_modules\cors\lib\index.js:219:13
16-05-2026 22:42:22 |ERROR| Error | GET | /uploads/1778872392281-a.png : can't find /uploads/1778872392281-a.png 
Error: can't find /uploads/1778872392281-a.png
    at C:\Users\yosef\OneDrive\Desktop\NTI\Ecommerce Backend\server.js:29:7
    at Layer.handleRequest (C:\Users\yosef\OneDrive\Desktop\NTI\Ecommerce Backend\node_modules\router\lib\layer.js:152:17)
    at trimPrefix (C:\Users\yosef\OneDrive\Desktop\NTI\Ecommerce Backend\node_modules\router\index.js:342:13)
    at C:\Users\yosef\OneDrive\Desktop\NTI\Ecommerce Backend\node_modules\router\index.js:297:9
    at processParams (C:\Users\yosef\OneDrive\Desktop\NTI\Ecommerce Backend\node_modules\router\index.js:582:12)
    at next (C:\Users\yosef\OneDrive\Desktop\NTI\Ecommerce Backend\node_modules\router\index.js:291:5)
    at cors (C:\Users\yosef\OneDrive\Desktop\NTI\Ecommerce Backend\node_modules\cors\lib\index.js:188:7)
    at C:\Users\yosef\OneDrive\Desktop\NTI\Ecommerce Backend\node_modules\cors\lib\index.js:224:17
    at origin (C:\Users\yosef\OneDrive\Desktop\NTI\Ecommerce Backend\middlewares\cors.middleware.js:8:11)
    at C:\Users\yosef\OneDrive\Desktop\NTI\Ecommerce Backend\node_modules\cors\lib\index.js:219:13
16-05-2026 22:42:51 |ERROR| Error | GET | /uploads/1778872483665-a.png : can't find /uploads/1778872483665-a.png 
Error: can't find /uploads/1778872483665-a.png
    at C:\Users\yosef\OneDrive\Desktop\NTI\Ecommerce Backend\server.js:29:7
    at Layer.handleRequest (C:\Users\yosef\OneDrive\Desktop\NTI\Ecommerce Backend\node_modules\router\lib\layer.js:152:17)
    at trimPrefix (C:\Users\yosef\OneDrive\Desktop\NTI\Ecommerce Backend\node_modules\router\index.js:342:13)
    at C:\Users\yosef\OneDrive\Desktop\NTI\Ecommerce Backend\node_modules\router\index.js:297:9
    at processParams (C:\Users\yosef\OneDrive\Desktop\NTI\Ecommerce Backend\node_modules\router\index.js:582:12)
    at next (C:\Users\yosef\OneDrive\Desktop\NTI\Ecommerce Backend\node_modules\router\index.js:291:5)
    at cors (C:\Users\yosef\OneDrive\Desktop\NTI\Ecommerce Backend\node_modules\cors\lib\index.js:188:7)
    at C:\Users\yosef\OneDrive\Desktop\NTI\Ecommerce Backend\node_modules\cors\lib\index.js:224:17
    at origin (C:\Users\yosef\OneDrive\Desktop\NTI\Ecommerce Backend\middlewares\cors.middleware.js:8:11)
    at C:\Users\yosef\OneDrive\Desktop\NTI\Ecommerce Backend\node_modules\cors\lib\index.js:219:13
16-05-2026 22:42:51 |ERROR| Error | GET | /uploads/1778872457977-a.png : can't find /uploads/1778872457977-a.png 
Error: can't find /uploads/1778872457977-a.png
    at C:\Users\yosef\OneDrive\Desktop\NTI\Ecommerce Backend\server.js:29:7
    at Layer.handleRequest (C:\Users\yosef\OneDrive\Desktop\NTI\Ecommerce Backend\node_modules\router\lib\layer.js:152:17)
    at trimPrefix (C:\Users\yosef\OneDrive\Desktop\NTI\Ecommerce Backend\node_modules\router\index.js:342:13)
    at C:\Users\yosef\OneDrive\Desktop\NTI\Ecommerce Backend\node_modules\router\index.js:297:9
    at processParams (C:\Users\yosef\OneDrive\Desktop\NTI\Ecommerce Backend\node_modules\router\index.js:582:12)
    at next (C:\Users\yosef\OneDrive\Desktop\NTI\Ecommerce Backend\node_modules\router\index.js:291:5)
    at cors (C:\Users\yosef\OneDrive\Desktop\NTI\Ecommerce Backend\node_modules\cors\lib\index.js:188:7)
    at C:\Users\yosef\OneDrive\Desktop\NTI\Ecommerce Backend\node_modules\cors\lib\index.js:224:17
    at origin (C:\Users\yosef\OneDrive\Desktop\NTI\Ecommerce Backend\middlewares\cors.middleware.js:8:11)
    at C:\Users\yosef\OneDrive\Desktop\NTI\Ecommerce Backend\node_modules\cors\lib\index.js:219:13
16-05-2026 22:42:51 |ERROR| Error | GET | /uploads/1778872430510-a.png : can't find /uploads/1778872430510-a.png 
Error: can't find /uploads/1778872430510-a.png
    at C:\Users\yosef\OneDrive\Desktop\NTI\Ecommerce Backend\server.js:29:7
    at Layer.handleRequest (C:\Users\yosef\OneDrive\Desktop\NTI\Ecommerce Backend\node_modules\router\lib\layer.js:152:17)
    at trimPrefix (C:\Users\yosef\OneDrive\Desktop\NTI\Ecommerce Backend\node_modules\router\index.js:342:13)
    at C:\Users\yosef\OneDrive\Desktop\NTI\Ecommerce Backend\node_modules\router\index.js:297:9
    at processParams (C:\Users\yosef\OneDrive\Desktop\NTI\Ecommerce Backend\node_modules\router\index.js:582:12)
    at next (C:\Users\yosef\OneDrive\Desktop\NTI\Ecommerce Backend\node_modules\router\index.js:291:5)
    at cors (C:\Users\yosef\OneDrive\Desktop\NTI\Ecommerce Backend\node_modules\cors\lib\index.js:188:7)
    at C:\Users\yosef\OneDrive\Desktop\NTI\Ecommerce Backend\node_modules\cors\lib\index.js:224:17
    at origin (C:\Users\yosef\OneDrive\Desktop\NTI\Ecommerce Backend\middlewares\cors.middleware.js:8:11)
    at C:\Users\yosef\OneDrive\Desktop\NTI\Ecommerce Backend\node_modules\cors\lib\index.js:219:13
16-05-2026 22:42:51 |ERROR| Error | GET | /uploads/1778872483665-a.png : can't find /uploads/1778872483665-a.png 
Error: can't find /uploads/1778872483665-a.png
    at C:\Users\yosef\OneDrive\Desktop\NTI\Ecommerce Backend\server.js:29:7
    at Layer.handleRequest (C:\Users\yosef\OneDrive\Desktop\NTI\Ecommerce Backend\node_modules\router\lib\layer.js:152:17)
    at trimPrefix (C:\Users\yosef\OneDrive\Desktop\NTI\Ecommerce Backend\node_modules\router\index.js:342:13)
    at C:\Users\yosef\OneDrive\Desktop\NTI\Ecommerce Backend\node_modules\router\index.js:297:9
    at processParams (C:\Users\yosef\OneDrive\Desktop\NTI\Ecommerce Backend\node_modules\router\index.js:582:12)
    at next (C:\Users\yosef\OneDrive\Desktop\NTI\Ecommerce Backend\node_modules\router\index.js:291:5)
    at cors (C:\Users\yosef\OneDrive\Desktop\NTI\Ecommerce Backend\node_modules\cors\lib\index.js:188:7)
    at C:\Users\yosef\OneDrive\Desktop\NTI\Ecommerce Backend\node_modules\cors\lib\index.js:224:17
    at origin (C:\Users\yosef\OneDrive\Desktop\NTI\Ecommerce Backend\middlewares\cors.middleware.js:8:11)
    at C:\Users\yosef\OneDrive\Desktop\NTI\Ecommerce Backend\node_modules\cors\lib\index.js:219:13
16-05-2026 22:42:51 |ERROR| Error | GET | /uploads/1778872392281-a.png : can't find /uploads/1778872392281-a.png 
Error: can't find /uploads/1778872392281-a.png
    at C:\Users\yosef\OneDrive\Desktop\NTI\Ecommerce Backend\server.js:29:7
    at Layer.handleRequest (C:\Users\yosef\OneDrive\Desktop\NTI\Ecommerce Backend\node_modules\router\lib\layer.js:152:17)
    at trimPrefix (C:\Users\yosef\OneDrive\Desktop\NTI\Ecommerce Backend\node_modules\router\index.js:342:13)
    at C:\Users\yosef\OneDrive\Desktop\NTI\Ecommerce Backend\node_modules\router\index.js:297:9
    at processParams (C:\Users\yosef\OneDrive\Desktop\NTI\Ecommerce Backend\node_modules\router\index.js:582:12)
    at next (C:\Users\yosef\OneDrive\Desktop\NTI\Ecommerce Backend\node_modules\router\index.js:291:5)
    at cors (C:\Users\yosef\OneDrive\Desktop\NTI\Ecommerce Backend\node_modules\cors\lib\index.js:188:7)
    at C:\Users\yosef\OneDrive\Desktop\NTI\Ecommerce Backend\node_modules\cors\lib\index.js:224:17
    at origin (C:\Users\yosef\OneDrive\Desktop\NTI\Ecommerce Backend\middlewares\cors.middleware.js:8:11)
    at C:\Users\yosef\OneDrive\Desktop\NTI\Ecommerce Backend\node_modules\cors\lib\index.js:219:13
16-05-2026 22:42:51 |ERROR| Error | GET | /uploads/1778872457977-a.png : can't find /uploads/1778872457977-a.png 
Error: can't find /uploads/1778872457977-a.png
    at C:\Users\yosef\OneDrive\Desktop\NTI\Ecommerce Backend\server.js:29:7
    at Layer.handleRequest (C:\Users\yosef\OneDrive\Desktop\NTI\Ecommerce Backend\node_modules\router\lib\layer.js:152:17)
    at trimPrefix (C:\Users\yosef\OneDrive\Desktop\NTI\Ecommerce Backend\node_modules\router\index.js:342:13)
    at C:\Users\yosef\OneDrive\Desktop\NTI\Ecommerce Backend\node_modules\router\index.js:297:9
    at processParams (C:\Users\yosef\OneDrive\Desktop\NTI\Ecommerce Backend\node_modules\router\index.js:582:12)
    at next (C:\Users\yosef\OneDrive\Desktop\NTI\Ecommerce Backend\node_modules\router\index.js:291:5)
    at cors (C:\Users\yosef\OneDrive\Desktop\NTI\Ecommerce Backend\node_modules\cors\lib\index.js:188:7)
    at C:\Users\yosef\OneDrive\Desktop\NTI\Ecommerce Backend\node_modules\cors\lib\index.js:224:17
    at origin (C:\Users\yosef\OneDrive\Desktop\NTI\Ecommerce Backend\middlewares\cors.middleware.js:8:11)
    at C:\Users\yosef\OneDrive\Desktop\NTI\Ecommerce Backend\node_modules\cors\lib\index.js:219:13
16-05-2026 22:42:51 |ERROR| Error | GET | /uploads/1778872430510-a.png : can't find /uploads/1778872430510-a.png 
Error: can't find /uploads/1778872430510-a.png
    at C:\Users\yosef\OneDrive\Desktop\NTI\Ecommerce Backend\server.js:29:7
    at Layer.handleRequest (C:\Users\yosef\OneDrive\Desktop\NTI\Ecommerce Backend\node_modules\router\lib\layer.js:152:17)
    at trimPrefix (C:\Users\yosef\OneDrive\Desktop\NTI\Ecommerce Backend\node_modules\router\index.js:342:13)
    at C:\Users\yosef\OneDrive\Desktop\NTI\Ecommerce Backend\node_modules\router\index.js:297:9
    at processParams (C:\Users\yosef\OneDrive\Desktop\NTI\Ecommerce Backend\node_modules\router\index.js:582:12)
    at next (C:\Users\yosef\OneDrive\Desktop\NTI\Ecommerce Backend\node_modules\router\index.js:291:5)
    at cors (C:\Users\yosef\OneDrive\Desktop\NTI\Ecommerce Backend\node_modules\cors\lib\index.js:188:7)
    at C:\Users\yosef\OneDrive\Desktop\NTI\Ecommerce Backend\node_modules\cors\lib\index.js:224:17
    at origin (C:\Users\yosef\OneDrive\Desktop\NTI\Ecommerce Backend\middlewares\cors.middleware.js:8:11)
    at C:\Users\yosef\OneDrive\Desktop\NTI\Ecommerce Backend\node_modules\cors\lib\index.js:219:13
16-05-2026 22:42:51 |ERROR| Error | GET | /uploads/1778872392281-a.png : can't find /uploads/1778872392281-a.png 
Error: can't find /uploads/1778872392281-a.png
    at C:\Users\yosef\OneDrive\Desktop\NTI\Ecommerce Backend\server.js:29:7
    at Layer.handleRequest (C:\Users\yosef\OneDrive\Desktop\NTI\Ecommerce Backend\node_modules\router\lib\layer.js:152:17)
    at trimPrefix (C:\Users\yosef\OneDrive\Desktop\NTI\Ecommerce Backend\node_modules\router\index.js:342:13)
    at C:\Users\yosef\OneDrive\Desktop\NTI\Ecommerce Backend\node_modules\router\index.js:297:9
    at processParams (C:\Users\yosef\OneDrive\Desktop\NTI\Ecommerce Backend\node_modules\router\index.js:582:12)
    at next (C:\Users\yosef\OneDrive\Desktop\NTI\Ecommerce Backend\node_modules\router\index.js:291:5)
    at cors (C:\Users\yosef\OneDrive\Desktop\NTI\Ecommerce Backend\node_modules\cors\lib\index.js:188:7)
    at C:\Users\yosef\OneDrive\Desktop\NTI\Ecommerce Backend\node_modules\cors\lib\index.js:224:17
    at origin (C:\Users\yosef\OneDrive\Desktop\NTI\Ecommerce Backend\middlewares\cors.middleware.js:8:11)
    at C:\Users\yosef\OneDrive\Desktop\NTI\Ecommerce Backend\node_modules\cors\lib\index.js:219:13
16-05-2026 22:43:14 |INFO| Cart listed! 
16-05-2026 22:43:14 |INFO| Reviews are listed! 
16-05-2026 22:43:14 |INFO| Products listed! 
16-05-2026 22:43:14 |ERROR| Error | GET | /uploads/1778872483665-a.png : can't find /uploads/1778872483665-a.png 
Error: can't find /uploads/1778872483665-a.png
    at C:\Users\yosef\OneDrive\Desktop\NTI\Ecommerce Backend\server.js:29:7
    at Layer.handleRequest (C:\Users\yosef\OneDrive\Desktop\NTI\Ecommerce Backend\node_modules\router\lib\layer.js:152:17)
    at trimPrefix (C:\Users\yosef\OneDrive\Desktop\NTI\Ecommerce Backend\node_modules\router\index.js:342:13)
    at C:\Users\yosef\OneDrive\Desktop\NTI\Ecommerce Backend\node_modules\router\index.js:297:9
    at processParams (C:\Users\yosef\OneDrive\Desktop\NTI\Ecommerce Backend\node_modules\router\index.js:582:12)
    at next (C:\Users\yosef\OneDrive\Desktop\NTI\Ecommerce Backend\node_modules\router\index.js:291:5)
    at cors (C:\Users\yosef\OneDrive\Desktop\NTI\Ecommerce Backend\node_modules\cors\lib\index.js:188:7)
    at C:\Users\yosef\OneDrive\Desktop\NTI\Ecommerce Backend\node_modules\cors\lib\index.js:224:17
    at origin (C:\Users\yosef\OneDrive\Desktop\NTI\Ecommerce Backend\middlewares\cors.middleware.js:8:11)
    at C:\Users\yosef\OneDrive\Desktop\NTI\Ecommerce Backend\node_modules\cors\lib\index.js:219:13
16-05-2026 22:43:14 |ERROR| Error | GET | /uploads/1778872457977-a.png : can't find /uploads/1778872457977-a.png 
Error: can't find /uploads/1778872457977-a.png
    at C:\Users\yosef\OneDrive\Desktop\NTI\Ecommerce Backend\server.js:29:7
    at Layer.handleRequest (C:\Users\yosef\OneDrive\Desktop\NTI\Ecommerce Backend\node_modules\router\lib\layer.js:152:17)
    at trimPrefix (C:\Users\yosef\OneDrive\Desktop\NTI\Ecommerce Backend\node_modules\router\index.js:342:13)
    at C:\Users\yosef\OneDrive\Desktop\NTI\Ecommerce Backend\node_modules\router\index.js:297:9
    at processParams (C:\Users\yosef\OneDrive\Desktop\NTI\Ecommerce Backend\node_modules\router\index.js:582:12)
    at next (C:\Users\yosef\OneDrive\Desktop\NTI\Ecommerce Backend\node_modules\router\index.js:291:5)
    at cors (C:\Users\yosef\OneDrive\Desktop\NTI\Ecommerce Backend\node_modules\cors\lib\index.js:188:7)
    at C:\Users\yosef\OneDrive\Desktop\NTI\Ecommerce Backend\node_modules\cors\lib\index.js:224:17
    at origin (C:\Users\yosef\OneDrive\Desktop\NTI\Ecommerce Backend\middlewares\cors.middleware.js:8:11)
    at C:\Users\yosef\OneDrive\Desktop\NTI\Ecommerce Backend\node_modules\cors\lib\index.js:219:13
16-05-2026 22:43:14 |ERROR| Error | GET | /uploads/1778872430510-a.png : can't find /uploads/1778872430510-a.png 
Error: can't find /uploads/1778872430510-a.png
    at C:\Users\yosef\OneDrive\Desktop\NTI\Ecommerce Backend\server.js:29:7
    at Layer.handleRequest (C:\Users\yosef\OneDrive\Desktop\NTI\Ecommerce Backend\node_modules\router\lib\layer.js:152:17)
    at trimPrefix (C:\Users\yosef\OneDrive\Desktop\NTI\Ecommerce Backend\node_modules\router\index.js:342:13)
    at C:\Users\yosef\OneDrive\Desktop\NTI\Ecommerce Backend\node_modules\router\index.js:297:9
    at processParams (C:\Users\yosef\OneDrive\Desktop\NTI\Ecommerce Backend\node_modules\router\index.js:582:12)
    at next (C:\Users\yosef\OneDrive\Desktop\NTI\Ecommerce Backend\node_modules\router\index.js:291:5)
    at cors (C:\Users\yosef\OneDrive\Desktop\NTI\Ecommerce Backend\node_modules\cors\lib\index.js:188:7)
    at C:\Users\yosef\OneDrive\Desktop\NTI\Ecommerce Backend\node_modules\cors\lib\index.js:224:17
    at origin (C:\Users\yosef\OneDrive\Desktop\NTI\Ecommerce Backend\middlewares\cors.middleware.js:8:11)
    at C:\Users\yosef\OneDrive\Desktop\NTI\Ecommerce Backend\node_modules\cors\lib\index.js:219:13
16-05-2026 22:43:14 |ERROR| Error | GET | /uploads/1778872392281-a.png : can't find /uploads/1778872392281-a.png 
Error: can't find /uploads/1778872392281-a.png
    at C:\Users\yosef\OneDrive\Desktop\NTI\Ecommerce Backend\server.js:29:7
    at Layer.handleRequest (C:\Users\yosef\OneDrive\Desktop\NTI\Ecommerce Backend\node_modules\router\lib\layer.js:152:17)
    at trimPrefix (C:\Users\yosef\OneDrive\Desktop\NTI\Ecommerce Backend\node_modules\router\index.js:342:13)
    at C:\Users\yosef\OneDrive\Desktop\NTI\Ecommerce Backend\node_modules\router\index.js:297:9
    at processParams (C:\Users\yosef\OneDrive\Desktop\NTI\Ecommerce Backend\node_modules\router\index.js:582:12)
    at next (C:\Users\yosef\OneDrive\Desktop\NTI\Ecommerce Backend\node_modules\router\index.js:291:5)
    at cors (C:\Users\yosef\OneDrive\Desktop\NTI\Ecommerce Backend\node_modules\cors\lib\index.js:188:7)
    at C:\Users\yosef\OneDrive\Desktop\NTI\Ecommerce Backend\node_modules\cors\lib\index.js:224:17
    at origin (C:\Users\yosef\OneDrive\Desktop\NTI\Ecommerce Backend\middlewares\cors.middleware.js:8:11)
    at C:\Users\yosef\OneDrive\Desktop\NTI\Ecommerce Backend\node_modules\cors\lib\index.js:219:13
16-05-2026 22:43:29 |INFO| Category listed! 
16-05-2026 22:43:29 |INFO| Cart listed! 
16-05-2026 22:43:29 |INFO| Products listed! 
16-05-2026 22:43:42 |INFO| Cart listed! 
16-05-2026 22:43:42 |INFO| Category listed! 
16-05-2026 22:43:42 |INFO| Products listed! 
16-05-2026 22:43:42 |INFO| Cart listed! 
16-05-2026 22:43:43 |INFO| Reviews are listed! 
16-05-2026 22:43:43 |INFO| Products listed! 
16-05-2026 22:43:43 |ERROR| Error | GET | /uploads/1778872483665-a.png : can't find /uploads/1778872483665-a.png 
Error: can't find /uploads/1778872483665-a.png
    at C:\Users\yosef\OneDrive\Desktop\NTI\Ecommerce Backend\server.js:29:7
    at Layer.handleRequest (C:\Users\yosef\OneDrive\Desktop\NTI\Ecommerce Backend\node_modules\router\lib\layer.js:152:17)
    at trimPrefix (C:\Users\yosef\OneDrive\Desktop\NTI\Ecommerce Backend\node_modules\router\index.js:342:13)
    at C:\Users\yosef\OneDrive\Desktop\NTI\Ecommerce Backend\node_modules\router\index.js:297:9
    at processParams (C:\Users\yosef\OneDrive\Desktop\NTI\Ecommerce Backend\node_modules\router\index.js:582:12)
    at next (C:\Users\yosef\OneDrive\Desktop\NTI\Ecommerce Backend\node_modules\router\index.js:291:5)
    at cors (C:\Users\yosef\OneDrive\Desktop\NTI\Ecommerce Backend\node_modules\cors\lib\index.js:188:7)
    at C:\Users\yosef\OneDrive\Desktop\NTI\Ecommerce Backend\node_modules\cors\lib\index.js:224:17
    at origin (C:\Users\yosef\OneDrive\Desktop\NTI\Ecommerce Backend\middlewares\cors.middleware.js:8:11)
    at C:\Users\yosef\OneDrive\Desktop\NTI\Ecommerce Backend\node_modules\cors\lib\index.js:219:13
16-05-2026 22:43:43 |ERROR| Error | GET | /uploads/1778872457977-a.png : can't find /uploads/1778872457977-a.png 
Error: can't find /uploads/1778872457977-a.png
    at C:\Users\yosef\OneDrive\Desktop\NTI\Ecommerce Backend\server.js:29:7
    at Layer.handleRequest (C:\Users\yosef\OneDrive\Desktop\NTI\Ecommerce Backend\node_modules\router\lib\layer.js:152:17)
    at trimPrefix (C:\Users\yosef\OneDrive\Desktop\NTI\Ecommerce Backend\node_modules\router\index.js:342:13)
    at C:\Users\yosef\OneDrive\Desktop\NTI\Ecommerce Backend\node_modules\router\index.js:297:9
    at processParams (C:\Users\yosef\OneDrive\Desktop\NTI\Ecommerce Backend\node_modules\router\index.js:582:12)
    at next (C:\Users\yosef\OneDrive\Desktop\NTI\Ecommerce Backend\node_modules\router\index.js:291:5)
    at cors (C:\Users\yosef\OneDrive\Desktop\NTI\Ecommerce Backend\node_modules\cors\lib\index.js:188:7)
    at C:\Users\yosef\OneDrive\Desktop\NTI\Ecommerce Backend\node_modules\cors\lib\index.js:224:17
    at origin (C:\Users\yosef\OneDrive\Desktop\NTI\Ecommerce Backend\middlewares\cors.middleware.js:8:11)
    at C:\Users\yosef\OneDrive\Desktop\NTI\Ecommerce Backend\node_modules\cors\lib\index.js:219:13
16-05-2026 22:43:43 |ERROR| Error | GET | /uploads/1778872430510-a.png : can't find /uploads/1778872430510-a.png 
Error: can't find /uploads/1778872430510-a.png
    at C:\Users\yosef\OneDrive\Desktop\NTI\Ecommerce Backend\server.js:29:7
    at Layer.handleRequest (C:\Users\yosef\OneDrive\Desktop\NTI\Ecommerce Backend\node_modules\router\lib\layer.js:152:17)
    at trimPrefix (C:\Users\yosef\OneDrive\Desktop\NTI\Ecommerce Backend\node_modules\router\index.js:342:13)
    at C:\Users\yosef\OneDrive\Desktop\NTI\Ecommerce Backend\node_modules\router\index.js:297:9
    at processParams (C:\Users\yosef\OneDrive\Desktop\NTI\Ecommerce Backend\node_modules\router\index.js:582:12)
    at next (C:\Users\yosef\OneDrive\Desktop\NTI\Ecommerce Backend\node_modules\router\index.js:291:5)
    at cors (C:\Users\yosef\OneDrive\Desktop\NTI\Ecommerce Backend\node_modules\cors\lib\index.js:188:7)
    at C:\Users\yosef\OneDrive\Desktop\NTI\Ecommerce Backend\node_modules\cors\lib\index.js:224:17
    at origin (C:\Users\yosef\OneDrive\Desktop\NTI\Ecommerce Backend\middlewares\cors.middleware.js:8:11)
    at C:\Users\yosef\OneDrive\Desktop\NTI\Ecommerce Backend\node_modules\cors\lib\index.js:219:13
16-05-2026 22:43:43 |ERROR| Error | GET | /uploads/1778872392281-a.png : can't find /uploads/1778872392281-a.png 
Error: can't find /uploads/1778872392281-a.png
    at C:\Users\yosef\OneDrive\Desktop\NTI\Ecommerce Backend\server.js:29:7
    at Layer.handleRequest (C:\Users\yosef\OneDrive\Desktop\NTI\Ecommerce Backend\node_modules\router\lib\layer.js:152:17)
    at trimPrefix (C:\Users\yosef\OneDrive\Desktop\NTI\Ecommerce Backend\node_modules\router\index.js:342:13)
    at C:\Users\yosef\OneDrive\Desktop\NTI\Ecommerce Backend\node_modules\router\index.js:297:9
    at processParams (C:\Users\yosef\OneDrive\Desktop\NTI\Ecommerce Backend\node_modules\router\index.js:582:12)
    at next (C:\Users\yosef\OneDrive\Desktop\NTI\Ecommerce Backend\node_modules\router\index.js:291:5)
    at cors (C:\Users\yosef\OneDrive\Desktop\NTI\Ecommerce Backend\node_modules\cors\lib\index.js:188:7)
    at C:\Users\yosef\OneDrive\Desktop\NTI\Ecommerce Backend\node_modules\cors\lib\index.js:224:17
    at origin (C:\Users\yosef\OneDrive\Desktop\NTI\Ecommerce Backend\middlewares\cors.middleware.js:8:11)
    at C:\Users\yosef\OneDrive\Desktop\NTI\Ecommerce Backend\node_modules\cors\lib\index.js:219:13
16-05-2026 22:44:01 |INFO| Cart listed! 
16-05-2026 22:44:01 |INFO| Reviews are listed! 
16-05-2026 22:44:01 |INFO| Products listed! 
16-05-2026 22:44:01 |ERROR| Error | GET | /uploads/1778872483665-a.png : can't find /uploads/1778872483665-a.png 
Error: can't find /uploads/1778872483665-a.png
    at C:\Users\yosef\OneDrive\Desktop\NTI\Ecommerce Backend\server.js:29:7
    at Layer.handleRequest (C:\Users\yosef\OneDrive\Desktop\NTI\Ecommerce Backend\node_modules\router\lib\layer.js:152:17)
    at trimPrefix (C:\Users\yosef\OneDrive\Desktop\NTI\Ecommerce Backend\node_modules\router\index.js:342:13)
    at C:\Users\yosef\OneDrive\Desktop\NTI\Ecommerce Backend\node_modules\router\index.js:297:9
    at processParams (C:\Users\yosef\OneDrive\Desktop\NTI\Ecommerce Backend\node_modules\router\index.js:582:12)
    at next (C:\Users\yosef\OneDrive\Desktop\NTI\Ecommerce Backend\node_modules\router\index.js:291:5)
    at cors (C:\Users\yosef\OneDrive\Desktop\NTI\Ecommerce Backend\node_modules\cors\lib\index.js:188:7)
    at C:\Users\yosef\OneDrive\Desktop\NTI\Ecommerce Backend\node_modules\cors\lib\index.js:224:17
    at origin (C:\Users\yosef\OneDrive\Desktop\NTI\Ecommerce Backend\middlewares\cors.middleware.js:8:11)
    at C:\Users\yosef\OneDrive\Desktop\NTI\Ecommerce Backend\node_modules\cors\lib\index.js:219:13
16-05-2026 22:44:01 |ERROR| Error | GET | /uploads/1778872457977-a.png : can't find /uploads/1778872457977-a.png 
Error: can't find /uploads/1778872457977-a.png
    at C:\Users\yosef\OneDrive\Desktop\NTI\Ecommerce Backend\server.js:29:7
    at Layer.handleRequest (C:\Users\yosef\OneDrive\Desktop\NTI\Ecommerce Backend\node_modules\router\lib\layer.js:152:17)
    at trimPrefix (C:\Users\yosef\OneDrive\Desktop\NTI\Ecommerce Backend\node_modules\router\index.js:342:13)
    at C:\Users\yosef\OneDrive\Desktop\NTI\Ecommerce Backend\node_modules\router\index.js:297:9
    at processParams (C:\Users\yosef\OneDrive\Desktop\NTI\Ecommerce Backend\node_modules\router\index.js:582:12)
    at next (C:\Users\yosef\OneDrive\Desktop\NTI\Ecommerce Backend\node_modules\router\index.js:291:5)
    at cors (C:\Users\yosef\OneDrive\Desktop\NTI\Ecommerce Backend\node_modules\cors\lib\index.js:188:7)
    at C:\Users\yosef\OneDrive\Desktop\NTI\Ecommerce Backend\node_modules\cors\lib\index.js:224:17
    at origin (C:\Users\yosef\OneDrive\Desktop\NTI\Ecommerce Backend\middlewares\cors.middleware.js:8:11)
    at C:\Users\yosef\OneDrive\Desktop\NTI\Ecommerce Backend\node_modules\cors\lib\index.js:219:13
16-05-2026 22:44:01 |ERROR| Error | GET | /uploads/1778872392281-a.png : can't find /uploads/1778872392281-a.png 
Error: can't find /uploads/1778872392281-a.png
    at C:\Users\yosef\OneDrive\Desktop\NTI\Ecommerce Backend\server.js:29:7
    at Layer.handleRequest (C:\Users\yosef\OneDrive\Desktop\NTI\Ecommerce Backend\node_modules\router\lib\layer.js:152:17)
    at trimPrefix (C:\Users\yosef\OneDrive\Desktop\NTI\Ecommerce Backend\node_modules\router\index.js:342:13)
    at C:\Users\yosef\OneDrive\Desktop\NTI\Ecommerce Backend\node_modules\router\index.js:297:9
    at processParams (C:\Users\yosef\OneDrive\Desktop\NTI\Ecommerce Backend\node_modules\router\index.js:582:12)
    at next (C:\Users\yosef\OneDrive\Desktop\NTI\Ecommerce Backend\node_modules\router\index.js:291:5)
    at cors (C:\Users\yosef\OneDrive\Desktop\NTI\Ecommerce Backend\node_modules\cors\lib\index.js:188:7)
    at C:\Users\yosef\OneDrive\Desktop\NTI\Ecommerce Backend\node_modules\cors\lib\index.js:224:17
    at origin (C:\Users\yosef\OneDrive\Desktop\NTI\Ecommerce Backend\middlewares\cors.middleware.js:8:11)
    at C:\Users\yosef\OneDrive\Desktop\NTI\Ecommerce Backend\node_modules\cors\lib\index.js:219:13
16-05-2026 22:44:01 |ERROR| Error | GET | /uploads/1778872430510-a.png : can't find /uploads/1778872430510-a.png 
Error: can't find /uploads/1778872430510-a.png
    at C:\Users\yosef\OneDrive\Desktop\NTI\Ecommerce Backend\server.js:29:7
    at Layer.handleRequest (C:\Users\yosef\OneDrive\Desktop\NTI\Ecommerce Backend\node_modules\router\lib\layer.js:152:17)
    at trimPrefix (C:\Users\yosef\OneDrive\Desktop\NTI\Ecommerce Backend\node_modules\router\index.js:342:13)
    at C:\Users\yosef\OneDrive\Desktop\NTI\Ecommerce Backend\node_modules\router\index.js:297:9
    at processParams (C:\Users\yosef\OneDrive\Desktop\NTI\Ecommerce Backend\node_modules\router\index.js:582:12)
    at next (C:\Users\yosef\OneDrive\Desktop\NTI\Ecommerce Backend\node_modules\router\index.js:291:5)
    at cors (C:\Users\yosef\OneDrive\Desktop\NTI\Ecommerce Backend\node_modules\cors\lib\index.js:188:7)
    at C:\Users\yosef\OneDrive\Desktop\NTI\Ecommerce Backend\node_modules\cors\lib\index.js:224:17
    at origin (C:\Users\yosef\OneDrive\Desktop\NTI\Ecommerce Backend\middlewares\cors.middleware.js:8:11)
    at C:\Users\yosef\OneDrive\Desktop\NTI\Ecommerce Backend\node_modules\cors\lib\index.js:219:13
16-05-2026 22:44:03 |INFO| Product listed! 
16-05-2026 22:44:06 |INFO| Reviews are listed! 
16-05-2026 22:44:06 |INFO| Products listed! 
16-05-2026 22:44:06 |ERROR| Error | GET | /uploads/1778872430510-a.png : can't find /uploads/1778872430510-a.png 
Error: can't find /uploads/1778872430510-a.png
    at C:\Users\yosef\OneDrive\Desktop\NTI\Ecommerce Backend\server.js:29:7
    at Layer.handleRequest (C:\Users\yosef\OneDrive\Desktop\NTI\Ecommerce Backend\node_modules\router\lib\layer.js:152:17)
    at trimPrefix (C:\Users\yosef\OneDrive\Desktop\NTI\Ecommerce Backend\node_modules\router\index.js:342:13)
    at C:\Users\yosef\OneDrive\Desktop\NTI\Ecommerce Backend\node_modules\router\index.js:297:9
    at processParams (C:\Users\yosef\OneDrive\Desktop\NTI\Ecommerce Backend\node_modules\router\index.js:582:12)
    at next (C:\Users\yosef\OneDrive\Desktop\NTI\Ecommerce Backend\node_modules\router\index.js:291:5)
    at cors (C:\Users\yosef\OneDrive\Desktop\NTI\Ecommerce Backend\node_modules\cors\lib\index.js:188:7)
    at C:\Users\yosef\OneDrive\Desktop\NTI\Ecommerce Backend\node_modules\cors\lib\index.js:224:17
    at origin (C:\Users\yosef\OneDrive\Desktop\NTI\Ecommerce Backend\middlewares\cors.middleware.js:8:11)
    at C:\Users\yosef\OneDrive\Desktop\NTI\Ecommerce Backend\node_modules\cors\lib\index.js:219:13
16-05-2026 22:44:07 |ERROR| Error | GET | /uploads/1778872483665-a.png : can't find /uploads/1778872483665-a.png 
Error: can't find /uploads/1778872483665-a.png
    at C:\Users\yosef\OneDrive\Desktop\NTI\Ecommerce Backend\server.js:29:7
    at Layer.handleRequest (C:\Users\yosef\OneDrive\Desktop\NTI\Ecommerce Backend\node_modules\router\lib\layer.js:152:17)
    at trimPrefix (C:\Users\yosef\OneDrive\Desktop\NTI\Ecommerce Backend\node_modules\router\index.js:342:13)
    at C:\Users\yosef\OneDrive\Desktop\NTI\Ecommerce Backend\node_modules\router\index.js:297:9
    at processParams (C:\Users\yosef\OneDrive\Desktop\NTI\Ecommerce Backend\node_modules\router\index.js:582:12)
    at next (C:\Users\yosef\OneDrive\Desktop\NTI\Ecommerce Backend\node_modules\router\index.js:291:5)
    at cors (C:\Users\yosef\OneDrive\Desktop\NTI\Ecommerce Backend\node_modules\cors\lib\index.js:188:7)
    at C:\Users\yosef\OneDrive\Desktop\NTI\Ecommerce Backend\node_modules\cors\lib\index.js:224:17
    at origin (C:\Users\yosef\OneDrive\Desktop\NTI\Ecommerce Backend\middlewares\cors.middleware.js:8:11)
    at C:\Users\yosef\OneDrive\Desktop\NTI\Ecommerce Backend\node_modules\cors\lib\index.js:219:13
16-05-2026 22:44:07 |ERROR| Error | GET | /uploads/1778872457977-a.png : can't find /uploads/1778872457977-a.png 
Error: can't find /uploads/1778872457977-a.png
    at C:\Users\yosef\OneDrive\Desktop\NTI\Ecommerce Backend\server.js:29:7
    at Layer.handleRequest (C:\Users\yosef\OneDrive\Desktop\NTI\Ecommerce Backend\node_modules\router\lib\layer.js:152:17)
    at trimPrefix (C:\Users\yosef\OneDrive\Desktop\NTI\Ecommerce Backend\node_modules\router\index.js:342:13)
    at C:\Users\yosef\OneDrive\Desktop\NTI\Ecommerce Backend\node_modules\router\index.js:297:9
    at processParams (C:\Users\yosef\OneDrive\Desktop\NTI\Ecommerce Backend\node_modules\router\index.js:582:12)
    at next (C:\Users\yosef\OneDrive\Desktop\NTI\Ecommerce Backend\node_modules\router\index.js:291:5)
    at cors (C:\Users\yosef\OneDrive\Desktop\NTI\Ecommerce Backend\node_modules\cors\lib\index.js:188:7)
    at C:\Users\yosef\OneDrive\Desktop\NTI\Ecommerce Backend\node_modules\cors\lib\index.js:224:17
    at origin (C:\Users\yosef\OneDrive\Desktop\NTI\Ecommerce Backend\middlewares\cors.middleware.js:8:11)
    at C:\Users\yosef\OneDrive\Desktop\NTI\Ecommerce Backend\node_modules\cors\lib\index.js:219:13
16-05-2026 22:44:07 |ERROR| Error | GET | /uploads/1778872392281-a.png : can't find /uploads/1778872392281-a.png 
Error: can't find /uploads/1778872392281-a.png
    at C:\Users\yosef\OneDrive\Desktop\NTI\Ecommerce Backend\server.js:29:7
    at Layer.handleRequest (C:\Users\yosef\OneDrive\Desktop\NTI\Ecommerce Backend\node_modules\router\lib\layer.js:152:17)
    at trimPrefix (C:\Users\yosef\OneDrive\Desktop\NTI\Ecommerce Backend\node_modules\router\index.js:342:13)
    at C:\Users\yosef\OneDrive\Desktop\NTI\Ecommerce Backend\node_modules\router\index.js:297:9
    at processParams (C:\Users\yosef\OneDrive\Desktop\NTI\Ecommerce Backend\node_modules\router\index.js:582:12)
    at next (C:\Users\yosef\OneDrive\Desktop\NTI\Ecommerce Backend\node_modules\router\index.js:291:5)
    at cors (C:\Users\yosef\OneDrive\Desktop\NTI\Ecommerce Backend\node_modules\cors\lib\index.js:188:7)
    at C:\Users\yosef\OneDrive\Desktop\NTI\Ecommerce Backend\node_modules\cors\lib\index.js:224:17
    at origin (C:\Users\yosef\OneDrive\Desktop\NTI\Ecommerce Backend\middlewares\cors.middleware.js:8:11)
    at C:\Users\yosef\OneDrive\Desktop\NTI\Ecommerce Backend\node_modules\cors\lib\index.js:219:13
16-05-2026 22:44:34 |INFO| Category listed! 
16-05-2026 22:44:34 |INFO| Products listed! 
16-05-2026 22:44:34 |INFO| subCategory listed! 
16-05-2026 22:44:37 |INFO| Orders is listed! 
16-05-2026 22:44:39 |INFO| Category listed! 
16-05-2026 22:44:39 |INFO| Products listed! 
16-05-2026 22:44:39 |INFO| subCategory listed! 
16-05-2026 22:44:42 |INFO| Category listed! 
16-05-2026 22:44:42 |INFO| Products listed! 
16-05-2026 22:44:42 |INFO| subCategory listed! 
16-05-2026 22:45:09 |INFO| Product updated successfully! 
16-05-2026 22:45:09 |INFO| Products listed! 
16-05-2026 22:45:28 |INFO| Product deleted successfully! 
16-05-2026 22:45:28 |INFO| Products listed! 
16-05-2026 22:45:31 |INFO| Category listed! 
16-05-2026 22:45:31 |INFO| Products listed! 
16-05-2026 22:45:31 |INFO| subCategory listed! 
16-05-2026 22:45:41 |INFO| Orders is listed! 
16-05-2026 22:45:44 |INFO| Category listed! 
16-05-2026 22:45:44 |INFO| subCategory listed! 
16-05-2026 22:45:45 |INFO| Category listed! 
16-05-2026 22:45:46 |INFO| Category listed! 
16-05-2026 22:45:46 |INFO| subCategory listed! 
16-05-2026 22:45:48 |INFO| users listed! 
16-05-2026 22:45:49 |INFO| Reviews are listed for admin! 
16-05-2026 22:46:00 |INFO| Cart listed! 
16-05-2026 22:46:00 |INFO| Reviews are listed! 
16-05-2026 22:46:00 |INFO| Products listed! 
16-05-2026 22:46:19 |INFO| Cart listed! 
16-05-2026 22:46:19 |INFO| Products listed! 
16-05-2026 22:46:19 |INFO| Category listed! 
16-05-2026 22:46:28 |INFO| Reviews are listed! 
16-05-2026 22:46:28 |INFO| Products listed! 
16-05-2026 22:46:29 |INFO| Category listed! 
16-05-2026 22:46:29 |INFO| Cart listed! 
16-05-2026 22:46:29 |INFO| Products listed! 
16-05-2026 22:46:37 |INFO| Reviews are listed! 
16-05-2026 22:46:37 |INFO| Products listed! 
16-05-2026 22:46:54 |INFO| Cart listed! 
16-05-2026 22:46:54 |INFO| Reviews are listed! 
16-05-2026 22:46:54 |INFO| Products listed! 
16-05-2026 22:47:41 |INFO| Category listed! 
16-05-2026 22:47:41 |INFO| Cart listed! 
16-05-2026 22:47:41 |INFO| Products listed! 
16-05-2026 22:47:44 |INFO| Reviews are listed! 
16-05-2026 22:47:44 |INFO| Products listed! 
16-05-2026 22:47:57 |INFO| Orders is listed! 
16-05-2026 22:49:14 |INFO| Cart listed! 
16-05-2026 22:49:14 |INFO| Orders is listed! 
16-05-2026 22:49:40 |INFO| Reviews are listed! 
16-05-2026 22:49:40 |INFO| Products listed! 
16-05-2026 22:50:01 |INFO| Category listed! 
16-05-2026 22:50:01 |INFO| Cart listed! 
16-05-2026 22:50:01 |INFO| Products listed! 
16-05-2026 22:50:11 |INFO| Cart listed! 
16-05-2026 22:50:13 |INFO| Cart listed! 
16-05-2026 22:50:13 |INFO| Category listed! 
16-05-2026 22:50:13 |INFO| Products listed! 
16-05-2026 22:50:14 |INFO| Orders is listed! 
16-05-2026 22:50:55 |INFO| Category listed! 
16-05-2026 22:50:55 |INFO| Products listed! 
16-05-2026 22:50:55 |INFO| subCategory listed! 
16-05-2026 22:51:00 |INFO| Orders is listed! 
16-05-2026 22:51:08 |ERROR| Error | PATCH | /api/v1/order/updateStatus/6a08c14ca81209b9bfb09b1e : Cannot move order from cancelledByUser to pending 
Error: Cannot move order from cancelledByUser to pending
    at C:\Users\yosef\OneDrive\Desktop\NTI\Ecommerce Backend\controller\order.controller.js:210:4
    at process.processTicksAndRejections (node:internal/process/task_queues:104:5)
16-05-2026 22:51:13 |INFO| Category listed! 
16-05-2026 22:51:15 |INFO| Category listed! 
16-05-2026 22:51:15 |INFO| subCategory listed! 
16-05-2026 22:51:17 |INFO| users listed! 
16-05-2026 22:51:19 |INFO| Reviews are listed for admin! 
16-05-2026 22:51:43 |INFO| Reviews are listed! 
16-05-2026 22:51:43 |INFO| Products listed! 
16-05-2026 22:51:58 |INFO| Category listed! 
16-05-2026 22:51:58 |INFO| Products listed! 
16-05-2026 22:52:02 |INFO| Reviews are listed! 
16-05-2026 22:52:02 |INFO| Products listed! 
16-05-2026 22:52:07 |INFO| Reviews are listed! 
16-05-2026 22:52:07 |INFO| Products listed! 
16-05-2026 23:39:17 |INFO| Reviews are listed! 
16-05-2026 23:39:17 |INFO| Products listed! 
16-05-2026 23:39:31 |INFO| Reviews are listed! 
16-05-2026 23:39:31 |INFO| Cart listed! 
16-05-2026 23:39:31 |INFO| Products listed! 
16-05-2026 23:39:33 |INFO| Orders is listed! 
16-05-2026 23:39:40 |INFO| Cart listed! 
16-05-2026 23:39:40 |INFO| Orders is listed! 
16-05-2026 23:39:43 |INFO| Cart listed! 
16-05-2026 23:39:43 |INFO| Orders is listed! 
16-05-2026 23:40:01 |INFO| Cart listed! 
16-05-2026 23:40:01 |INFO| Orders is listed! 
16-05-2026 23:40:21 |INFO| Cart listed! 
16-05-2026 23:40:21 |INFO| Orders is listed! 
16-05-2026 23:40:32 |INFO| Cart listed! 
16-05-2026 23:40:32 |INFO| Orders is listed! 
16-05-2026 23:40:47 |INFO| Cart listed! 
16-05-2026 23:40:47 |INFO| Orders is listed! 
16-05-2026 23:40:56 |INFO| Cart listed! 
16-05-2026 23:40:56 |INFO| Orders is listed! 
16-05-2026 23:40:59 |INFO| Cart listed! 
16-05-2026 23:40:59 |INFO| Orders is listed! 
16-05-2026 23:41:29 |INFO| Cart listed! 
16-05-2026 23:41:29 |INFO| Orders is listed! 
16-05-2026 23:41:35 |INFO| Cart listed! 
16-05-2026 23:41:35 |INFO| Orders is listed! 
16-05-2026 23:41:47 |INFO| Cart listed! 
16-05-2026 23:41:47 |INFO| Orders is listed! 
16-05-2026 23:41:48 |INFO| Cart listed! 
16-05-2026 23:41:48 |INFO| Orders is listed! 
16-05-2026 23:41:49 |INFO| Cart listed! 
16-05-2026 23:41:49 |INFO| Orders is listed! 
16-05-2026 23:41:49 |INFO| Cart listed! 
16-05-2026 23:41:49 |INFO| Orders is listed! 
16-05-2026 23:41:49 |INFO| Cart listed! 
16-05-2026 23:41:49 |INFO| Orders is listed! 
16-05-2026 23:41:49 |INFO| Cart listed! 
16-05-2026 23:41:49 |INFO| Orders is listed! 
16-05-2026 23:41:50 |INFO| Cart listed! 
16-05-2026 23:41:50 |INFO| Orders is listed! 
16-05-2026 23:41:50 |INFO| Cart listed! 
16-05-2026 23:41:50 |INFO| Orders is listed! 
16-05-2026 23:41:50 |INFO| Cart listed! 
16-05-2026 23:41:50 |INFO| Orders is listed! 
16-05-2026 23:41:53 |INFO| Reviews are listed! 
16-05-2026 23:41:53 |INFO| Products listed! 
16-05-2026 23:41:57 |INFO| Category listed! 
16-05-2026 23:41:57 |INFO| Cart listed! 
16-05-2026 23:41:57 |INFO| Products listed! 
16-05-2026 23:41:59 |INFO| Reviews are listed! 
16-05-2026 23:41:59 |INFO| Products listed! 
18-05-2026 09:25:56 |INFO| Cart listed! 
18-05-2026 09:25:56 |INFO| Reviews are listed! 
18-05-2026 09:25:56 |INFO| Products listed! 
18-05-2026 09:26:04 |INFO| Category listed! 
18-05-2026 09:26:04 |INFO| Cart listed! 
18-05-2026 09:26:04 |INFO| Products listed! 
18-05-2026 09:26:19 |INFO| Reviews are listed! 
18-05-2026 09:26:19 |INFO| Products listed! 
18-05-2026 09:26:25 |INFO| Category listed! 
18-05-2026 09:26:25 |INFO| Cart listed! 
18-05-2026 09:26:25 |INFO| Products listed! 
18-05-2026 09:26:57 |INFO| Reviews are listed! 
18-05-2026 09:26:57 |INFO| Products listed! 
20-05-2026 23:26:53 |INFO| Reviews are listed! 
20-05-2026 23:26:53 |INFO| Products listed! 
20-05-2026 23:26:59 |INFO| Product listed! 
20-05-2026 23:27:18 |INFO| Cart merged! 
20-05-2026 23:27:18 |INFO| Reviews are listed! 
20-05-2026 23:27:18 |INFO| Products listed! 
20-05-2026 23:27:18 |INFO| Cart listed! 
20-05-2026 23:27:19 |INFO| Cart listed! 
20-05-2026 23:27:21 |INFO| Cart Item is updated! 
20-05-2026 23:27:21 |INFO| Cart Item is updated! 
20-05-2026 23:27:21 |INFO| Cart Item is updated! 
20-05-2026 23:27:22 |INFO| Cart listed! 
20-05-2026 23:27:40 |INFO| Order is placed! 
20-05-2026 23:27:40 |INFO| Cart listed! 
20-05-2026 23:27:42 |INFO| Orders is listed! 
20-05-2026 23:28:16 |INFO| Review is sent! 
20-05-2026 23:28:22 |INFO| Reviews are listed! 
20-05-2026 23:28:22 |INFO| Products listed! 
20-05-2026 23:28:25 |INFO| Cart listed! 
20-05-2026 23:28:25 |INFO| Category listed! 
20-05-2026 23:28:25 |INFO| Products listed! 
20-05-2026 23:28:27 |INFO| Products listed! 
20-05-2026 23:28:32 |INFO| Products listed! 
20-05-2026 23:28:35 |INFO| Products listed! 
20-05-2026 23:28:37 |INFO| Products listed! 
20-05-2026 23:28:40 |INFO| Product listed! 
20-05-2026 23:28:45 |INFO| Category listed! 
20-05-2026 23:28:45 |INFO| Cart listed! 
20-05-2026 23:28:45 |INFO| Products listed! 
20-05-2026 23:28:48 |INFO| Reviews are listed! 
20-05-2026 23:28:48 |INFO| Products listed! 
20-05-2026 23:29:07 |INFO| Category listed! 
20-05-2026 23:29:07 |INFO| Products listed! 
20-05-2026 23:29:07 |INFO| subCategory listed! 
20-05-2026 23:29:17 |INFO| Orders is listed! 
20-05-2026 23:29:24 |INFO| Order status updated! 
20-05-2026 23:29:28 |INFO| Order status updated! 
20-05-2026 23:33:59 |INFO| Orders is listed! 
20-05-2026 23:34:02 |INFO| Orders is listed! 
20-05-2026 23:34:07 |INFO| Orders is listed! 
20-05-2026 23:34:08 |INFO| Orders is listed! 
20-05-2026 23:36:09 |INFO| Orders is listed! 
20-05-2026 23:37:31 |INFO| Orders is listed! 
20-05-2026 23:37:58 |INFO| Orders is listed! 
20-05-2026 23:38:05 |INFO| Orders is listed! 
20-05-2026 23:38:09 |INFO| Orders is listed! 
20-05-2026 23:40:08 |INFO| Orders is listed! 
20-05-2026 23:40:10 |INFO| Orders is listed! 
20-05-2026 23:40:11 |INFO| Orders is listed! 
20-05-2026 23:40:12 |INFO| Orders is listed! 
20-05-2026 23:40:12 |INFO| Orders is listed! 
20-05-2026 23:40:20 |INFO| Orders is listed! 
20-05-2026 23:40:33 |INFO| Order status updated! 
20-05-2026 23:40:35 |INFO| Orders is listed! 
20-05-2026 23:41:58 |INFO| Orders is listed! 
20-05-2026 23:42:39 |INFO| Orders is listed! 
20-05-2026 23:42:50 |INFO| Orders is listed! 
20-05-2026 23:43:00 |INFO| Orders is listed! 
20-05-2026 23:43:01 |INFO| Orders is listed! 
20-05-2026 23:43:07 |INFO| Order status updated! 
20-05-2026 23:44:07 |INFO| Orders is listed! 
20-05-2026 23:44:10 |INFO| Orders is listed! 
20-05-2026 23:44:13 |INFO| Orders is listed! 
20-05-2026 23:44:17 |INFO| Order status updated! 
20-05-2026 23:44:20 |INFO| Order status updated! 
20-05-2026 23:44:35 |INFO| Orders is listed! 
20-05-2026 23:44:55 |INFO| Orders is listed! 
20-05-2026 23:45:02 |INFO| Orders is listed! 
20-05-2026 23:45:09 |INFO| Orders is listed! 
20-05-2026 23:45:22 |INFO| Orders is listed! 
20-05-2026 23:45:26 |INFO| Orders is listed! 
20-05-2026 23:45:27 |INFO| Category listed! 
20-05-2026 23:45:27 |INFO| Products listed! 
20-05-2026 23:45:27 |INFO| subCategory listed! 
20-05-2026 23:45:51 |INFO| Category listed! 
20-05-2026 23:45:51 |INFO| Products listed! 
20-05-2026 23:45:51 |INFO| subCategory listed! 
20-05-2026 23:46:00 |INFO| Orders is listed! 
20-05-2026 23:46:05 |ERROR| Error | PATCH | /api/v1/order/updateStatus/6a08c14ca81209b9bfb09b1e : Cannot move order from cancelledByUser to preparing 
Error: Cannot move order from cancelledByUser to preparing
    at C:\Users\yosef\OneDrive\Desktop\NTI\Ecommerce Backend\controller\order.controller.js:210:4
    at process.processTicksAndRejections (node:internal/process/task_queues:104:5)
20-05-2026 23:46:08 |INFO| Category listed! 
20-05-2026 23:46:10 |INFO| Category listed! 
20-05-2026 23:46:10 |INFO| subCategory listed! 
20-05-2026 23:46:11 |INFO| Category listed! 
20-05-2026 23:46:16 |INFO| Category listed! 
20-05-2026 23:46:19 |INFO| subCategory listed! 
20-05-2026 23:46:19 |INFO| Category listed! 
20-05-2026 23:46:23 |INFO| subCategory updated successfully! 
20-05-2026 23:46:23 |INFO| Category listed! 
20-05-2026 23:46:23 |INFO| subCategory listed! 
20-05-2026 23:46:26 |INFO| users listed! 
20-05-2026 23:46:31 |INFO| users listed! 
20-05-2026 23:46:33 |INFO| Reviews are listed for admin! 
20-05-2026 23:46:37 |INFO| Reviews status have changed! 
20-05-2026 23:46:37 |INFO| Reviews are listed for admin! 
20-05-2026 23:46:42 |INFO| Reviews are listed for admin! 
20-05-2026 23:46:45 |INFO| users listed! 
20-05-2026 23:47:47 |INFO| users listed! 
20-05-2026 23:47:47 |INFO| users listed! 
20-05-2026 23:47:49 |INFO| users listed! 
20-05-2026 23:47:53 |INFO| users listed! 
20-05-2026 23:48:02 |INFO| users listed! 
20-05-2026 23:48:04 |INFO| users listed! 
20-05-2026 23:48:06 |INFO| users listed! 
20-05-2026 23:48:07 |INFO| users listed! 
20-05-2026 23:48:08 |INFO| users listed! 
20-05-2026 23:48:09 |INFO| users listed! 
20-05-2026 23:48:12 |INFO| users listed! 
20-05-2026 23:48:19 |INFO| users listed! 
20-05-2026 23:50:35 |INFO| users listed! 
20-05-2026 23:50:36 |INFO| users listed! 
20-05-2026 23:50:38 |INFO| users listed! 
20-05-2026 23:50:43 |INFO| users listed! 
20-05-2026 23:50:46 |INFO| users listed! 
20-05-2026 23:50:52 |INFO| Category listed! 
20-05-2026 23:50:53 |INFO| Products listed! 
20-05-2026 23:50:53 |INFO| subCategory listed! 
20-05-2026 23:50:54 |INFO| Orders is listed! 
20-05-2026 23:50:55 |INFO| Category listed! 
20-05-2026 23:51:49 |INFO| Orders is listed! 
20-05-2026 23:51:50 |INFO| Orders is listed! 
20-05-2026 23:51:54 |ERROR| Error | PATCH | /api/v1/order/updateStatus/6a08be43a81209b9bfb09b11 : Cannot move order from received to cancelledByAdmin 
Error: Cannot move order from received to cancelledByAdmin
    at C:\Users\yosef\OneDrive\Desktop\NTI\Ecommerce Backend\controller\order.controller.js:210:4
    at process.processTicksAndRejections (node:internal/process/task_queues:104:5)
20-05-2026 23:51:59 |INFO| Orders is listed! 
20-05-2026 23:52:01 |INFO| Category listed! 
20-05-2026 23:52:01 |INFO| Products listed! 
20-05-2026 23:52:01 |INFO| subCategory listed! 
20-05-2026 23:52:12 |INFO| Category listed! 
20-05-2026 23:52:12 |INFO| Products listed! 
20-05-2026 23:52:12 |INFO| subCategory listed! 
20-05-2026 23:53:36 |INFO| Category listed! 
20-05-2026 23:53:36 |INFO| Products listed! 
20-05-2026 23:53:36 |INFO| subCategory listed! 
20-05-2026 23:53:37 |INFO| Orders is listed! 
20-05-2026 23:53:38 |INFO| Category listed! 
20-05-2026 23:53:38 |INFO| subCategory listed! 
20-05-2026 23:53:41 |INFO| Category listed! 
20-05-2026 23:53:41 |INFO| subCategory listed! 
20-05-2026 23:53:53 |INFO| Category listed! 
20-05-2026 23:53:59 |INFO| Category listed! 
20-05-2026 23:53:59 |INFO| Products listed! 
20-05-2026 23:53:59 |INFO| subCategory listed! 
20-05-2026 23:55:52 |INFO| Category listed! 
20-05-2026 23:55:52 |INFO| Products listed! 
20-05-2026 23:55:52 |INFO| subCategory listed! 
20-05-2026 23:56:12 |INFO| Category listed! 
20-05-2026 23:56:12 |INFO| Products listed! 
20-05-2026 23:56:12 |INFO| subCategory listed! 
21-05-2026 00:02:38 |INFO| Category listed! 
21-05-2026 00:02:38 |INFO| subCategory listed! 
21-05-2026 00:02:38 |INFO| Products listed! 
21-05-2026 00:08:04 |INFO| Category listed! 
21-05-2026 00:08:04 |INFO| Products listed! 
21-05-2026 00:08:04 |INFO| subCategory listed! 
21-05-2026 00:09:02 |INFO| Category listed! 
21-05-2026 00:09:02 |INFO| Products listed! 
21-05-2026 00:09:02 |INFO| subCategory listed! 
21-05-2026 00:09:41 |INFO| Category listed! 
21-05-2026 00:09:41 |INFO| Products listed! 
21-05-2026 00:09:41 |INFO| subCategory listed! 
21-05-2026 00:10:37 |INFO| Products listed! 
21-05-2026 00:10:37 |INFO| subCategory listed! 
21-05-2026 00:10:37 |INFO| Category listed! 
21-05-2026 00:12:23 |INFO| Category listed! 
21-05-2026 00:12:23 |INFO| Products listed! 
21-05-2026 00:12:23 |INFO| subCategory listed! 
21-05-2026 00:13:36 |INFO| Cart listed! 
21-05-2026 00:13:36 |INFO| Products listed! 
21-05-2026 00:13:36 |INFO| Reviews are listed! 
21-05-2026 00:13:52 |INFO| Category listed! 
21-05-2026 00:13:52 |INFO| Cart listed! 
21-05-2026 00:13:52 |INFO| Products listed! 
21-05-2026 00:13:56 |INFO| Reviews are listed! 
21-05-2026 00:13:56 |INFO| Products listed! 
21-05-2026 00:16:28 |INFO| Cart listed! 
21-05-2026 00:16:28 |INFO| Reviews are listed! 
21-05-2026 00:16:28 |INFO| Products listed! 
21-05-2026 00:16:30 |INFO| Orders is listed! 
21-05-2026 00:16:38 |INFO| Cart listed! 
21-05-2026 00:16:38 |INFO| Reviews are listed! 
21-05-2026 00:16:38 |INFO| Products listed! 
21-05-2026 00:22:13 |INFO| Cart listed! 
21-05-2026 00:22:13 |INFO| Reviews are listed! 
21-05-2026 00:22:13 |INFO| Products listed! 
21-05-2026 00:22:15 |INFO| Cart listed! 
21-05-2026 00:22:15 |INFO| Reviews are listed! 
21-05-2026 00:22:15 |INFO| Products listed! 
21-05-2026 00:22:57 |INFO| Cart listed! 
21-05-2026 00:22:57 |INFO| Reviews are listed! 
21-05-2026 00:22:57 |INFO| Products listed! 
21-05-2026 00:23:30 |INFO| Cart listed! 
21-05-2026 00:23:30 |INFO| Products listed! 
21-05-2026 00:23:30 |INFO| Reviews are listed! 
21-05-2026 00:24:46 |INFO| Cart listed! 
21-05-2026 00:24:46 |INFO| Reviews are listed! 
21-05-2026 00:24:46 |INFO| Products listed! 
21-05-2026 00:27:50 |INFO| Cart listed! 
21-05-2026 00:27:50 |INFO| Reviews are listed! 
21-05-2026 00:27:50 |INFO| Products listed! 
21-05-2026 00:28:05 |INFO| Category listed! 
21-05-2026 00:28:05 |INFO| Cart listed! 
21-05-2026 00:28:05 |INFO| Products listed! 
21-05-2026 00:28:08 |INFO| Products listed! 
21-05-2026 00:28:08 |INFO| Reviews are listed! 
21-05-2026 00:28:22 |INFO| Products listed! 
21-05-2026 00:28:22 |INFO| Reviews are listed! 
21-05-2026 00:28:23 |INFO| Category listed! 
21-05-2026 00:28:23 |INFO| Products listed! 
21-05-2026 00:28:26 |INFO| Reviews are listed! 
21-05-2026 00:28:26 |INFO| Products listed! 
21-05-2026 00:28:32 |INFO| Reviews are listed! 
21-05-2026 00:28:32 |INFO| Products listed! 
21-05-2026 00:28:36 |INFO| Reviews are listed! 
21-05-2026 00:28:36 |INFO| Products listed! 
21-05-2026 00:28:39 |INFO| Category listed! 
21-05-2026 00:28:39 |INFO| Products listed! 
21-05-2026 00:28:40 |INFO| Products listed! 
21-05-2026 00:28:43 |INFO| Products listed! 
21-05-2026 00:34:22 |INFO| Reviews are listed! 
21-05-2026 00:34:22 |INFO| Products listed! 
21-05-2026 00:34:40 |INFO| Reviews are listed! 
21-05-2026 00:34:40 |INFO| Products listed! 
21-05-2026 00:36:49 |INFO| Reviews are listed! 
21-05-2026 00:36:49 |INFO| Products listed! 
21-05-2026 00:39:23 |INFO| Product listed! 
21-05-2026 00:39:26 |INFO| Products listed! 
21-05-2026 00:39:26 |INFO| Reviews are listed! 
21-05-2026 00:44:42 |INFO| Reviews are listed! 
21-05-2026 00:44:42 |INFO| Products listed! 
21-05-2026 00:45:09 |INFO| Category listed! 
21-05-2026 00:45:09 |INFO| Products listed! 
21-05-2026 00:45:12 |INFO| Reviews are listed! 
21-05-2026 00:45:12 |INFO| Products listed! 
21-05-2026 00:45:50 |INFO| Reviews are listed! 
21-05-2026 00:45:50 |INFO| Products listed! 
21-05-2026 00:45:52 |INFO| Category listed! 
21-05-2026 00:45:52 |INFO| Products listed! 
21-05-2026 00:45:53 |INFO| Reviews are listed! 
21-05-2026 00:45:53 |INFO| Products listed! 
21-05-2026 00:46:02 |INFO| Reviews are listed! 
21-05-2026 00:46:02 |INFO| Products listed! 
21-05-2026 00:46:03 |INFO| Reviews are listed! 
21-05-2026 00:46:03 |INFO| Products listed! 
21-05-2026 00:46:33 |INFO| Reviews are listed! 
21-05-2026 00:46:33 |INFO| Products listed! 
21-05-2026 00:49:44 |INFO| Reviews are listed! 
21-05-2026 00:49:44 |INFO| Products listed! 
21-05-2026 00:50:51 |INFO| Products listed! 
21-05-2026 00:50:51 |INFO| Reviews are listed! 
21-05-2026 00:51:00 |INFO| Reviews are listed! 
21-05-2026 00:51:00 |INFO| Products listed! 
21-05-2026 00:56:13 |INFO| Reviews are listed! 
21-05-2026 00:56:13 |INFO| Products listed! 
21-05-2026 00:56:27 |INFO| Reviews are listed! 
21-05-2026 00:56:27 |INFO| Products listed! 
21-05-2026 00:57:12 |INFO| Reviews are listed! 
21-05-2026 00:57:12 |INFO| Products listed! 
21-05-2026 00:59:34 |INFO| Reviews are listed! 
21-05-2026 00:59:34 |INFO| Products listed! 
21-05-2026 00:59:36 |INFO| Category listed! 
21-05-2026 00:59:36 |INFO| Products listed! 
21-05-2026 00:59:39 |INFO| Products listed! 
21-05-2026 00:59:43 |INFO| Products listed! 
21-05-2026 00:59:47 |INFO| Products listed! 
21-05-2026 00:59:47 |INFO| Reviews are listed! 
21-05-2026 00:59:51 |INFO| Category listed! 
21-05-2026 00:59:51 |INFO| Products listed! 
21-05-2026 00:59:59 |INFO| Cart listed! 
21-05-2026 00:59:59 |INFO| Reviews are listed! 
21-05-2026 00:59:59 |INFO| Products listed! 
21-05-2026 01:00:04 |INFO| Orders is listed! 
21-05-2026 01:00:23 |INFO| Category listed! 
21-05-2026 01:00:23 |INFO| Products listed! 
21-05-2026 01:00:32 |INFO| Reviews are listed for admin! 
21-05-2026 01:00:33 |INFO| users listed! 
21-05-2026 01:00:34 |INFO| Category listed! 
21-05-2026 01:00:34 |INFO| subCategory listed! 
21-05-2026 01:00:36 |INFO| Category listed! 
21-05-2026 01:00:38 |INFO| Orders is listed! 
21-05-2026 01:00:39 |INFO| Category listed! 
21-05-2026 01:00:39 |INFO| Products listed! 
21-05-2026 01:00:39 |INFO| subCategory listed! 
21-05-2026 01:00:41 |INFO| Category listed! 
21-05-2026 01:00:42 |INFO| Category listed! 
21-05-2026 01:00:42 |INFO| subCategory listed! 
21-05-2026 01:00:44 |INFO| Category listed! 
21-05-2026 01:00:50 |INFO| Orders is listed! 
21-05-2026 01:00:52 |INFO| Category listed! 
21-05-2026 01:00:52 |INFO| subCategory listed! 
21-05-2026 01:00:52 |INFO| Products listed! 
21-05-2026 01:01:00 |INFO| Product updated successfully! 
21-05-2026 01:01:00 |INFO| Products listed! 
21-05-2026 01:01:11 |INFO| Cart listed! 
21-05-2026 01:01:11 |INFO| Reviews are listed! 
21-05-2026 01:01:11 |INFO| Products listed! 
21-05-2026 01:01:13 |INFO| Cart listed! 
21-05-2026 01:01:13 |INFO| Category listed! 
21-05-2026 01:01:13 |INFO| Products listed! 
21-05-2026 01:02:00 |INFO| Category listed! 
21-05-2026 01:02:00 |INFO| subCategory listed! 
21-05-2026 01:02:20 |INFO| Reviews are listed for admin! 
21-05-2026 01:17:31 |INFO| Reviews are listed! 
21-05-2026 01:17:31 |INFO| Products listed! 
21-05-2026 01:18:58 |INFO| Reviews are listed! 
21-05-2026 01:18:58 |INFO| Products listed! 
21-05-2026 01:18:58 |INFO| Reviews are listed! 
21-05-2026 01:18:58 |INFO| Products listed! 
21-05-2026 01:19:11 |INFO| Reviews are listed! 
21-05-2026 01:19:11 |INFO| Products listed! 
21-05-2026 01:20:00 |INFO| Reviews are listed! 
21-05-2026 01:20:00 |INFO| Products listed! 
21-05-2026 01:20:00 |INFO| Reviews are listed! 
21-05-2026 01:20:00 |INFO| Products listed! 
21-05-2026 01:20:08 |INFO| Reviews are listed! 
21-05-2026 01:20:08 |INFO| Products listed! 
21-05-2026 01:20:16 |INFO| Reviews are listed! 
21-05-2026 01:20:16 |INFO| Products listed! 
21-05-2026 01:20:16 |INFO| Reviews are listed! 
21-05-2026 01:20:16 |INFO| Products listed! 
21-05-2026 01:20:18 |INFO| Reviews are listed! 
21-05-2026 01:20:18 |INFO| Products listed! 
21-05-2026 01:20:30 |INFO| Reviews are listed! 
21-05-2026 01:20:30 |INFO| Products listed! 
21-05-2026 01:21:12 |INFO| Reviews are listed! 
21-05-2026 01:21:12 |INFO| Products listed! 
21-05-2026 01:21:13 |INFO| Reviews are listed! 
21-05-2026 01:21:13 |INFO| Products listed! 
21-05-2026 01:21:22 |INFO| Reviews are listed! 
21-05-2026 01:21:22 |INFO| Products listed! 
21-05-2026 01:21:28 |INFO| Reviews are listed! 
21-05-2026 01:21:28 |INFO| Products listed! 
21-05-2026 01:21:35 |INFO| Reviews are listed! 
21-05-2026 01:21:35 |INFO| Products listed! 
21-05-2026 01:21:47 |INFO| Category listed! 
21-05-2026 01:21:47 |INFO| Products listed! 
21-05-2026 01:22:48 |INFO| Category listed! 
21-05-2026 01:22:48 |INFO| Products listed! 
21-05-2026 01:23:33 |INFO| Category listed! 
21-05-2026 01:23:33 |INFO| Products listed! 
21-05-2026 01:23:44 |INFO| Category listed! 
21-05-2026 01:23:44 |INFO| Products listed! 
21-05-2026 01:23:50 |INFO| Products listed! 
21-05-2026 01:23:54 |INFO| Products listed! 
21-05-2026 01:24:01 |INFO| Products listed! 
21-05-2026 01:24:14 |INFO| Products listed! 
21-05-2026 01:24:19 |INFO| Reviews are listed! 
21-05-2026 01:24:19 |INFO| Products listed! 
21-05-2026 01:24:34 |INFO| Category listed! 
21-05-2026 01:24:34 |INFO| Products listed! 
21-05-2026 01:24:38 |INFO| Reviews are listed! 
21-05-2026 01:24:38 |INFO| Products listed! 
21-05-2026 01:24:46 |INFO| Cart listed! 
21-05-2026 01:24:46 |INFO| Reviews are listed! 
21-05-2026 01:24:46 |INFO| Products listed! 
21-05-2026 01:24:48 |INFO| Orders is listed! 
21-05-2026 01:25:24 |INFO| Category listed! 
21-05-2026 01:25:24 |INFO| Products listed! 
21-05-2026 01:25:24 |INFO| subCategory listed! 
21-05-2026 01:25:26 |INFO| Orders is listed! 
21-05-2026 01:25:27 |INFO| Category listed! 
21-05-2026 01:25:28 |INFO| Orders is listed! 
21-05-2026 01:25:29 |INFO| Category listed! 
21-05-2026 01:25:29 |INFO| Products listed! 
21-05-2026 01:25:29 |INFO| subCategory listed! 
21-05-2026 01:26:42 |INFO| Cart listed! 
21-05-2026 01:26:42 |INFO| Reviews are listed! 
21-05-2026 01:26:42 |INFO| Products listed! 
21-05-2026 01:26:43 |INFO| Orders is listed! 
21-05-2026 01:26:51 |INFO| Products listed! 
21-05-2026 01:26:51 |INFO| Reviews are listed! 
21-05-2026 01:26:56 |INFO| Reviews are listed! 
21-05-2026 01:26:56 |INFO| Cart listed! 
21-05-2026 01:26:56 |INFO| Products listed! 
21-05-2026 01:43:58 |INFO| Category listed! 
21-05-2026 01:43:58 |INFO| Products listed! 
21-05-2026 01:43:58 |INFO| subCategory listed! 
21-05-2026 01:43:58 |INFO| Products listed! 
21-05-2026 01:43:59 |INFO| Orders is listed! 
21-05-2026 01:44:00 |INFO| Products listed! 
21-05-2026 01:44:00 |INFO| Category listed! 
21-05-2026 01:44:00 |INFO| Products listed! 
21-05-2026 01:44:00 |INFO| subCategory listed! 
21-05-2026 01:44:21 |INFO| Orders is listed! 
21-05-2026 01:44:22 |INFO| Category listed! 
21-05-2026 01:44:23 |INFO| Category listed! 
21-05-2026 01:44:23 |INFO| subCategory listed! 
21-05-2026 01:44:24 |INFO| users listed! 
21-05-2026 01:44:25 |INFO| Reviews are listed for admin! 
21-05-2026 01:48:11 |INFO| Reviews are listed for admin! 
21-05-2026 01:48:46 |INFO| Cart listed! 
21-05-2026 01:48:46 |INFO| Reviews are listed! 
21-05-2026 01:48:46 |INFO| Products listed! 
21-05-2026 01:48:48 |INFO| Cart listed! 
21-05-2026 01:48:50 |INFO| Orders is listed! 
21-05-2026 01:49:03 |ERROR| Error | POST | /api/v1/testimonial : E11000 duplicate key error collection: eCommerece.testimonials index: user_1 dup key: { user: ObjectId('6a046608933209a2df1c0bbf') } 
MongoServerError: E11000 duplicate key error collection: eCommerece.testimonials index: user_1 dup key: { user: ObjectId('6a046608933209a2df1c0bbf') }
    at InsertOneOperation.handleOk (C:\Users\yosef\OneDrive\Desktop\NTI\Ecommerce Backend\node_modules\mongodb\lib\operations\insert.js:51:19)
    at executeOperationWithRetries (C:\Users\yosef\OneDrive\Desktop\NTI\Ecommerce Backend\node_modules\mongodb\lib\operations\execute_operation.js:194:34)
    at process.processTicksAndRejections (node:internal/process/task_queues:104:5)
    at async executeOperation (C:\Users\yosef\OneDrive\Desktop\NTI\Ecommerce Backend\node_modules\mongodb\lib\operations\execute_operation.js:83:16)
    at async Collection.insertOne (C:\Users\yosef\OneDrive\Desktop\NTI\Ecommerce Backend\node_modules\mongodb\lib\collection.js:154:16)
    at async model.$__save (C:\Users\yosef\OneDrive\Desktop\NTI\Ecommerce Backend\node_modules\mongoose\lib\model.js:428:16)
    at async model.save (C:\Users\yosef\OneDrive\Desktop\NTI\Ecommerce Backend\node_modules\mongoose\lib\model.js:667:5)
    at async model.create (C:\Users\yosef\OneDrive\Desktop\NTI\Ecommerce Backend\node_modules\mongoose\lib\model.js:2747:5)
    at async C:\Users\yosef\OneDrive\Desktop\NTI\Ecommerce Backend\controller\testimonial.controller.js:13:19
21-05-2026 01:49:03 |ERROR| Error | POST | /api/v1/testimonial : E11000 duplicate key error collection: eCommerece.testimonials index: user_1 dup key: { user: ObjectId('6a046608933209a2df1c0bbf') } 
MongoServerError: E11000 duplicate key error collection: eCommerece.testimonials index: user_1 dup key: { user: ObjectId('6a046608933209a2df1c0bbf') }
    at InsertOneOperation.handleOk (C:\Users\yosef\OneDrive\Desktop\NTI\Ecommerce Backend\node_modules\mongodb\lib\operations\insert.js:51:19)
    at executeOperationWithRetries (C:\Users\yosef\OneDrive\Desktop\NTI\Ecommerce Backend\node_modules\mongodb\lib\operations\execute_operation.js:194:34)
    at process.processTicksAndRejections (node:internal/process/task_queues:104:5)
    at async executeOperation (C:\Users\yosef\OneDrive\Desktop\NTI\Ecommerce Backend\node_modules\mongodb\lib\operations\execute_operation.js:83:16)
    at async Collection.insertOne (C:\Users\yosef\OneDrive\Desktop\NTI\Ecommerce Backend\node_modules\mongodb\lib\collection.js:154:16)
    at async model.$__save (C:\Users\yosef\OneDrive\Desktop\NTI\Ecommerce Backend\node_modules\mongoose\lib\model.js:428:16)
    at async model.save (C:\Users\yosef\OneDrive\Desktop\NTI\Ecommerce Backend\node_modules\mongoose\lib\model.js:667:5)
    at async model.create (C:\Users\yosef\OneDrive\Desktop\NTI\Ecommerce Backend\node_modules\mongoose\lib\model.js:2747:5)
    at async C:\Users\yosef\OneDrive\Desktop\NTI\Ecommerce Backend\controller\testimonial.controller.js:13:19
21-05-2026 01:49:04 |ERROR| Error | POST | /api/v1/testimonial : E11000 duplicate key error collection: eCommerece.testimonials index: user_1 dup key: { user: ObjectId('6a046608933209a2df1c0bbf') } 
MongoServerError: E11000 duplicate key error collection: eCommerece.testimonials index: user_1 dup key: { user: ObjectId('6a046608933209a2df1c0bbf') }
    at InsertOneOperation.handleOk (C:\Users\yosef\OneDrive\Desktop\NTI\Ecommerce Backend\node_modules\mongodb\lib\operations\insert.js:51:19)
    at executeOperationWithRetries (C:\Users\yosef\OneDrive\Desktop\NTI\Ecommerce Backend\node_modules\mongodb\lib\operations\execute_operation.js:194:34)
    at process.processTicksAndRejections (node:internal/process/task_queues:104:5)
    at async executeOperation (C:\Users\yosef\OneDrive\Desktop\NTI\Ecommerce Backend\node_modules\mongodb\lib\operations\execute_operation.js:83:16)
    at async Collection.insertOne (C:\Users\yosef\OneDrive\Desktop\NTI\Ecommerce Backend\node_modules\mongodb\lib\collection.js:154:16)
    at async model.$__save (C:\Users\yosef\OneDrive\Desktop\NTI\Ecommerce Backend\node_modules\mongoose\lib\model.js:428:16)
    at async model.save (C:\Users\yosef\OneDrive\Desktop\NTI\Ecommerce Backend\node_modules\mongoose\lib\model.js:667:5)
    at async model.create (C:\Users\yosef\OneDrive\Desktop\NTI\Ecommerce Backend\node_modules\mongoose\lib\model.js:2747:5)
    at async C:\Users\yosef\OneDrive\Desktop\NTI\Ecommerce Backend\controller\testimonial.controller.js:13:19
21-05-2026 01:49:05 |ERROR| Error | POST | /api/v1/testimonial : E11000 duplicate key error collection: eCommerece.testimonials index: user_1 dup key: { user: ObjectId('6a046608933209a2df1c0bbf') } 
MongoServerError: E11000 duplicate key error collection: eCommerece.testimonials index: user_1 dup key: { user: ObjectId('6a046608933209a2df1c0bbf') }
    at InsertOneOperation.handleOk (C:\Users\yosef\OneDrive\Desktop\NTI\Ecommerce Backend\node_modules\mongodb\lib\operations\insert.js:51:19)
    at executeOperationWithRetries (C:\Users\yosef\OneDrive\Desktop\NTI\Ecommerce Backend\node_modules\mongodb\lib\operations\execute_operation.js:194:34)
    at process.processTicksAndRejections (node:internal/process/task_queues:104:5)
    at async executeOperation (C:\Users\yosef\OneDrive\Desktop\NTI\Ecommerce Backend\node_modules\mongodb\lib\operations\execute_operation.js:83:16)
    at async Collection.insertOne (C:\Users\yosef\OneDrive\Desktop\NTI\Ecommerce Backend\node_modules\mongodb\lib\collection.js:154:16)
    at async model.$__save (C:\Users\yosef\OneDrive\Desktop\NTI\Ecommerce Backend\node_modules\mongoose\lib\model.js:428:16)
    at async model.save (C:\Users\yosef\OneDrive\Desktop\NTI\Ecommerce Backend\node_modules\mongoose\lib\model.js:667:5)
    at async model.create (C:\Users\yosef\OneDrive\Desktop\NTI\Ecommerce Backend\node_modules\mongoose\lib\model.js:2747:5)
    at async C:\Users\yosef\OneDrive\Desktop\NTI\Ecommerce Backend\controller\testimonial.controller.js:13:19
21-05-2026 01:49:17 |ERROR| Error | POST | /api/v1/testimonial : E11000 duplicate key error collection: eCommerece.testimonials index: user_1 dup key: { user: ObjectId('6a046608933209a2df1c0bbf') } 
MongoServerError: E11000 duplicate key error collection: eCommerece.testimonials index: user_1 dup key: { user: ObjectId('6a046608933209a2df1c0bbf') }
    at InsertOneOperation.handleOk (C:\Users\yosef\OneDrive\Desktop\NTI\Ecommerce Backend\node_modules\mongodb\lib\operations\insert.js:51:19)
    at executeOperationWithRetries (C:\Users\yosef\OneDrive\Desktop\NTI\Ecommerce Backend\node_modules\mongodb\lib\operations\execute_operation.js:194:34)
    at process.processTicksAndRejections (node:internal/process/task_queues:104:5)
    at async executeOperation (C:\Users\yosef\OneDrive\Desktop\NTI\Ecommerce Backend\node_modules\mongodb\lib\operations\execute_operation.js:83:16)
    at async Collection.insertOne (C:\Users\yosef\OneDrive\Desktop\NTI\Ecommerce Backend\node_modules\mongodb\lib\collection.js:154:16)
    at async model.$__save (C:\Users\yosef\OneDrive\Desktop\NTI\Ecommerce Backend\node_modules\mongoose\lib\model.js:428:16)
    at async model.save (C:\Users\yosef\OneDrive\Desktop\NTI\Ecommerce Backend\node_modules\mongoose\lib\model.js:667:5)
    at async model.create (C:\Users\yosef\OneDrive\Desktop\NTI\Ecommerce Backend\node_modules\mongoose\lib\model.js:2747:5)
    at async C:\Users\yosef\OneDrive\Desktop\NTI\Ecommerce Backend\controller\testimonial.controller.js:13:19
21-05-2026 01:49:17 |ERROR| Error | POST | /api/v1/testimonial : E11000 duplicate key error collection: eCommerece.testimonials index: user_1 dup key: { user: ObjectId('6a046608933209a2df1c0bbf') } 
MongoServerError: E11000 duplicate key error collection: eCommerece.testimonials index: user_1 dup key: { user: ObjectId('6a046608933209a2df1c0bbf') }
    at InsertOneOperation.handleOk (C:\Users\yosef\OneDrive\Desktop\NTI\Ecommerce Backend\node_modules\mongodb\lib\operations\insert.js:51:19)
    at executeOperationWithRetries (C:\Users\yosef\OneDrive\Desktop\NTI\Ecommerce Backend\node_modules\mongodb\lib\operations\execute_operation.js:194:34)
    at process.processTicksAndRejections (node:internal/process/task_queues:104:5)
    at async executeOperation (C:\Users\yosef\OneDrive\Desktop\NTI\Ecommerce Backend\node_modules\mongodb\lib\operations\execute_operation.js:83:16)
    at async Collection.insertOne (C:\Users\yosef\OneDrive\Desktop\NTI\Ecommerce Backend\node_modules\mongodb\lib\collection.js:154:16)
    at async model.$__save (C:\Users\yosef\OneDrive\Desktop\NTI\Ecommerce Backend\node_modules\mongoose\lib\model.js:428:16)
    at async model.save (C:\Users\yosef\OneDrive\Desktop\NTI\Ecommerce Backend\node_modules\mongoose\lib\model.js:667:5)
    at async model.create (C:\Users\yosef\OneDrive\Desktop\NTI\Ecommerce Backend\node_modules\mongoose\lib\model.js:2747:5)
    at async C:\Users\yosef\OneDrive\Desktop\NTI\Ecommerce Backend\controller\testimonial.controller.js:13:19
21-05-2026 01:49:17 |ERROR| Error | POST | /api/v1/testimonial : E11000 duplicate key error collection: eCommerece.testimonials index: user_1 dup key: { user: ObjectId('6a046608933209a2df1c0bbf') } 
MongoServerError: E11000 duplicate key error collection: eCommerece.testimonials index: user_1 dup key: { user: ObjectId('6a046608933209a2df1c0bbf') }
    at InsertOneOperation.handleOk (C:\Users\yosef\OneDrive\Desktop\NTI\Ecommerce Backend\node_modules\mongodb\lib\operations\insert.js:51:19)
    at executeOperationWithRetries (C:\Users\yosef\OneDrive\Desktop\NTI\Ecommerce Backend\node_modules\mongodb\lib\operations\execute_operation.js:194:34)
    at process.processTicksAndRejections (node:internal/process/task_queues:104:5)
    at async executeOperation (C:\Users\yosef\OneDrive\Desktop\NTI\Ecommerce Backend\node_modules\mongodb\lib\operations\execute_operation.js:83:16)
    at async Collection.insertOne (C:\Users\yosef\OneDrive\Desktop\NTI\Ecommerce Backend\node_modules\mongodb\lib\collection.js:154:16)
    at async model.$__save (C:\Users\yosef\OneDrive\Desktop\NTI\Ecommerce Backend\node_modules\mongoose\lib\model.js:428:16)
    at async model.save (C:\Users\yosef\OneDrive\Desktop\NTI\Ecommerce Backend\node_modules\mongoose\lib\model.js:667:5)
    at async model.create (C:\Users\yosef\OneDrive\Desktop\NTI\Ecommerce Backend\node_modules\mongoose\lib\model.js:2747:5)
    at async C:\Users\yosef\OneDrive\Desktop\NTI\Ecommerce Backend\controller\testimonial.controller.js:13:19
21-05-2026 01:49:19 |INFO| Cart listed! 
21-05-2026 01:49:19 |INFO| Orders is listed! 
21-05-2026 01:49:29 |ERROR| Error | POST | /api/v1/testimonial : E11000 duplicate key error collection: eCommerece.testimonials index: user_1 dup key: { user: ObjectId('6a046608933209a2df1c0bbf') } 
MongoServerError: E11000 duplicate key error collection: eCommerece.testimonials index: user_1 dup key: { user: ObjectId('6a046608933209a2df1c0bbf') }
    at InsertOneOperation.handleOk (C:\Users\yosef\OneDrive\Desktop\NTI\Ecommerce Backend\node_modules\mongodb\lib\operations\insert.js:51:19)
    at executeOperationWithRetries (C:\Users\yosef\OneDrive\Desktop\NTI\Ecommerce Backend\node_modules\mongodb\lib\operations\execute_operation.js:194:34)
    at process.processTicksAndRejections (node:internal/process/task_queues:104:5)
    at async executeOperation (C:\Users\yosef\OneDrive\Desktop\NTI\Ecommerce Backend\node_modules\mongodb\lib\operations\execute_operation.js:83:16)
    at async Collection.insertOne (C:\Users\yosef\OneDrive\Desktop\NTI\Ecommerce Backend\node_modules\mongodb\lib\collection.js:154:16)
    at async model.$__save (C:\Users\yosef\OneDrive\Desktop\NTI\Ecommerce Backend\node_modules\mongoose\lib\model.js:428:16)
    at async model.save (C:\Users\yosef\OneDrive\Desktop\NTI\Ecommerce Backend\node_modules\mongoose\lib\model.js:667:5)
    at async model.create (C:\Users\yosef\OneDrive\Desktop\NTI\Ecommerce Backend\node_modules\mongoose\lib\model.js:2747:5)
    at async C:\Users\yosef\OneDrive\Desktop\NTI\Ecommerce Backend\controller\testimonial.controller.js:13:19
21-05-2026 01:49:29 |ERROR| Error | POST | /api/v1/testimonial : E11000 duplicate key error collection: eCommerece.testimonials index: user_1 dup key: { user: ObjectId('6a046608933209a2df1c0bbf') } 
MongoServerError: E11000 duplicate key error collection: eCommerece.testimonials index: user_1 dup key: { user: ObjectId('6a046608933209a2df1c0bbf') }
    at InsertOneOperation.handleOk (C:\Users\yosef\OneDrive\Desktop\NTI\Ecommerce Backend\node_modules\mongodb\lib\operations\insert.js:51:19)
    at executeOperationWithRetries (C:\Users\yosef\OneDrive\Desktop\NTI\Ecommerce Backend\node_modules\mongodb\lib\operations\execute_operation.js:194:34)
    at process.processTicksAndRejections (node:internal/process/task_queues:104:5)
    at async executeOperation (C:\Users\yosef\OneDrive\Desktop\NTI\Ecommerce Backend\node_modules\mongodb\lib\operations\execute_operation.js:83:16)
    at async Collection.insertOne (C:\Users\yosef\OneDrive\Desktop\NTI\Ecommerce Backend\node_modules\mongodb\lib\collection.js:154:16)
    at async model.$__save (C:\Users\yosef\OneDrive\Desktop\NTI\Ecommerce Backend\node_modules\mongoose\lib\model.js:428:16)
    at async model.save (C:\Users\yosef\OneDrive\Desktop\NTI\Ecommerce Backend\node_modules\mongoose\lib\model.js:667:5)
    at async model.create (C:\Users\yosef\OneDrive\Desktop\NTI\Ecommerce Backend\node_modules\mongoose\lib\model.js:2747:5)
    at async C:\Users\yosef\OneDrive\Desktop\NTI\Ecommerce Backend\controller\testimonial.controller.js:13:19
21-05-2026 01:49:29 |ERROR| Error | POST | /api/v1/testimonial : E11000 duplicate key error collection: eCommerece.testimonials index: user_1 dup key: { user: ObjectId('6a046608933209a2df1c0bbf') } 
MongoServerError: E11000 duplicate key error collection: eCommerece.testimonials index: user_1 dup key: { user: ObjectId('6a046608933209a2df1c0bbf') }
    at InsertOneOperation.handleOk (C:\Users\yosef\OneDrive\Desktop\NTI\Ecommerce Backend\node_modules\mongodb\lib\operations\insert.js:51:19)
    at executeOperationWithRetries (C:\Users\yosef\OneDrive\Desktop\NTI\Ecommerce Backend\node_modules\mongodb\lib\operations\execute_operation.js:194:34)
    at process.processTicksAndRejections (node:internal/process/task_queues:104:5)
    at async executeOperation (C:\Users\yosef\OneDrive\Desktop\NTI\Ecommerce Backend\node_modules\mongodb\lib\operations\execute_operation.js:83:16)
    at async Collection.insertOne (C:\Users\yosef\OneDrive\Desktop\NTI\Ecommerce Backend\node_modules\mongodb\lib\collection.js:154:16)
    at async model.$__save (C:\Users\yosef\OneDrive\Desktop\NTI\Ecommerce Backend\node_modules\mongoose\lib\model.js:428:16)
    at async model.save (C:\Users\yosef\OneDrive\Desktop\NTI\Ecommerce Backend\node_modules\mongoose\lib\model.js:667:5)
    at async model.create (C:\Users\yosef\OneDrive\Desktop\NTI\Ecommerce Backend\node_modules\mongoose\lib\model.js:2747:5)
    at async C:\Users\yosef\OneDrive\Desktop\NTI\Ecommerce Backend\controller\testimonial.controller.js:13:19
21-05-2026 01:49:41 |INFO| users listed! 
21-05-2026 01:49:51 |INFO| Reviews are listed! 
21-05-2026 01:49:51 |INFO| Products listed! 
21-05-2026 01:49:53 |INFO| Orders is listed! 
21-05-2026 01:50:02 |INFO| Review is sent! 
21-05-2026 01:50:15 |INFO| Cart listed! 
21-05-2026 01:50:15 |INFO| Reviews are listed! 
21-05-2026 01:50:15 |INFO| Products listed! 
21-05-2026 01:50:21 |INFO| Reviews are listed for admin! 
21-05-2026 01:50:30 |INFO| Reviews are listed for admin! 
21-05-2026 01:51:15 |INFO| Category listed! 
21-05-2026 01:51:15 |INFO| Products listed! 
21-05-2026 01:51:15 |INFO| subCategory listed! 
21-05-2026 01:51:15 |INFO| Products listed! 
21-05-2026 01:51:17 |INFO| Category listed! 
21-05-2026 01:51:17 |INFO| Products listed! 
21-05-2026 01:51:17 |INFO| Products listed! 
21-05-2026 01:51:17 |INFO| subCategory listed! 
21-05-2026 01:59:57 |INFO| Category listed! 
21-05-2026 01:59:57 |INFO| Products listed! 
21-05-2026 01:59:57 |INFO| subCategory listed! 
21-05-2026 01:59:57 |INFO| Products listed! 
21-05-2026 02:00:02 |INFO| Category listed! 
21-05-2026 02:00:02 |INFO| Products listed! 
21-05-2026 02:00:02 |INFO| subCategory listed! 
21-05-2026 02:00:02 |INFO| Products listed! 
21-05-2026 02:00:28 |ERROR| Error | PATCH | /api/v1/product/6a0770f6f5de2887974c09e3 : can't find /api/v1/product/6a0770f6f5de2887974c09e3 
Error: can't find /api/v1/product/6a0770f6f5de2887974c09e3
    at C:\Users\yosef\OneDrive\Desktop\NTI\Ecommerce Backend\server.js:29:7
    at Layer.handleRequest (C:\Users\yosef\OneDrive\Desktop\NTI\Ecommerce Backend\node_modules\router\lib\layer.js:152:17)
    at trimPrefix (C:\Users\yosef\OneDrive\Desktop\NTI\Ecommerce Backend\node_modules\router\index.js:342:13)
    at C:\Users\yosef\OneDrive\Desktop\NTI\Ecommerce Backend\node_modules\router\index.js:297:9
    at processParams (C:\Users\yosef\OneDrive\Desktop\NTI\Ecommerce Backend\node_modules\router\index.js:582:12)
    at next (C:\Users\yosef\OneDrive\Desktop\NTI\Ecommerce Backend\node_modules\router\index.js:291:5)
    at C:\Users\yosef\OneDrive\Desktop\NTI\Ecommerce Backend\node_modules\router\index.js:688:15
    at next (C:\Users\yosef\OneDrive\Desktop\NTI\Ecommerce Backend\node_modules\router\index.js:276:14)
    at router.handle (C:\Users\yosef\OneDrive\Desktop\NTI\Ecommerce Backend\node_modules\router\index.js:186:3)
    at router (C:\Users\yosef\OneDrive\Desktop\NTI\Ecommerce Backend\node_modules\router\index.js:60:12)
21-05-2026 02:00:34 |INFO| Category listed! 
21-05-2026 02:00:34 |INFO| Products listed! 
21-05-2026 02:00:34 |INFO| Products listed! 
21-05-2026 02:00:34 |INFO| subCategory listed! 
21-05-2026 02:00:40 |ERROR| Error | PATCH | /api/v1/product/6a0770f6f5de2887974c09e3 : can't find /api/v1/product/6a0770f6f5de2887974c09e3 
Error: can't find /api/v1/product/6a0770f6f5de2887974c09e3
    at C:\Users\yosef\OneDrive\Desktop\NTI\Ecommerce Backend\server.js:29:7
    at Layer.handleRequest (C:\Users\yosef\OneDrive\Desktop\NTI\Ecommerce Backend\node_modules\router\lib\layer.js:152:17)
    at trimPrefix (C:\Users\yosef\OneDrive\Desktop\NTI\Ecommerce Backend\node_modules\router\index.js:342:13)
    at C:\Users\yosef\OneDrive\Desktop\NTI\Ecommerce Backend\node_modules\router\index.js:297:9
    at processParams (C:\Users\yosef\OneDrive\Desktop\NTI\Ecommerce Backend\node_modules\router\index.js:582:12)
    at next (C:\Users\yosef\OneDrive\Desktop\NTI\Ecommerce Backend\node_modules\router\index.js:291:5)
    at C:\Users\yosef\OneDrive\Desktop\NTI\Ecommerce Backend\node_modules\router\index.js:688:15
    at next (C:\Users\yosef\OneDrive\Desktop\NTI\Ecommerce Backend\node_modules\router\index.js:276:14)
    at router.handle (C:\Users\yosef\OneDrive\Desktop\NTI\Ecommerce Backend\node_modules\router\index.js:186:3)
    at router (C:\Users\yosef\OneDrive\Desktop\NTI\Ecommerce Backend\node_modules\router\index.js:60:12)
21-05-2026 02:02:10 |INFO| Category listed! 
21-05-2026 02:02:10 |INFO| Products listed! 
21-05-2026 02:02:10 |INFO| Products listed! 
21-05-2026 02:02:10 |INFO| subCategory listed! 
21-05-2026 02:02:30 |INFO| Category listed! 
21-05-2026 02:02:30 |INFO| Products listed! 
21-05-2026 02:02:30 |INFO| Products listed! 
21-05-2026 02:02:30 |INFO| subCategory listed! 
21-05-2026 02:03:19 |INFO| Category listed! 
21-05-2026 02:03:19 |INFO| Products listed! 
21-05-2026 02:03:19 |INFO| subCategory listed! 
21-05-2026 02:03:19 |INFO| Products listed! 
21-05-2026 02:03:23 |INFO| Product restored successfully! 
21-05-2026 02:03:23 |INFO| Products listed! 
21-05-2026 02:03:23 |INFO| Products listed! 
21-05-2026 02:03:30 |INFO| Category listed! 
21-05-2026 02:03:30 |INFO| Products listed! 
21-05-2026 02:03:30 |INFO| subCategory listed! 
21-05-2026 02:03:30 |INFO| Products listed! 
21-05-2026 02:03:32 |INFO| Orders is listed! 
21-05-2026 02:03:33 |INFO| Category listed! 
21-05-2026 02:03:34 |INFO| subCategory listed! 
21-05-2026 02:03:34 |INFO| Category listed! 
21-05-2026 02:03:35 |INFO| users listed! 
21-05-2026 02:03:37 |INFO| Reviews are listed for admin! 
21-05-2026 02:03:39 |INFO| Reviews are listed for admin! 
21-05-2026 02:03:43 |INFO| Products listed! 
21-05-2026 02:03:43 |INFO| Category listed! 
21-05-2026 02:03:43 |INFO| Products listed! 
21-05-2026 02:03:43 |INFO| subCategory listed! 
21-05-2026 02:03:50 |INFO| Product updated successfully! 
21-05-2026 02:03:50 |INFO| Products listed! 
21-05-2026 02:03:53 |INFO| Product deleted successfully! 
21-05-2026 02:03:53 |INFO| Products listed! 
21-05-2026 02:03:53 |INFO| Products listed! 
21-05-2026 02:03:56 |INFO| Category listed! 
21-05-2026 02:03:56 |INFO| Products listed! 
21-05-2026 02:03:56 |INFO| Products listed! 
21-05-2026 02:03:56 |INFO| subCategory listed! 
21-05-2026 02:04:01 |INFO| Product restored successfully! 
21-05-2026 02:04:01 |INFO| Products listed! 
21-05-2026 02:04:01 |INFO| Products listed! 
21-05-2026 02:04:04 |INFO| Product restored successfully! 
21-05-2026 02:04:04 |INFO| Products listed! 
21-05-2026 02:04:04 |INFO| Products listed! 
21-05-2026 02:04:06 |INFO| Product restored successfully! 
21-05-2026 02:04:06 |INFO| Products listed! 
21-05-2026 02:04:06 |INFO| Products listed! 
21-05-2026 02:04:08 |INFO| Product restored successfully! 
21-05-2026 02:04:08 |INFO| Products listed! 
21-05-2026 02:04:08 |INFO| Products listed! 
21-05-2026 02:04:11 |INFO| Products listed! 
21-05-2026 02:04:11 |INFO| Category listed! 
21-05-2026 02:04:11 |INFO| Products listed! 
21-05-2026 02:04:11 |INFO| subCategory listed! 
21-05-2026 02:04:15 |INFO| Products listed! 
21-05-2026 02:04:17 |INFO| Products listed! 
21-05-2026 02:04:17 |INFO| Category listed! 
21-05-2026 02:04:17 |INFO| Products listed! 
21-05-2026 02:04:17 |INFO| subCategory listed! 
21-05-2026 02:04:20 |INFO| Orders is listed! 
21-05-2026 02:04:25 |ERROR| Error | PATCH | /api/v1/order/updateStatus/6a08c14ca81209b9bfb09b1e : Cannot move order from cancelledByUser to pending 
Error: Cannot move order from cancelledByUser to pending
    at C:\Users\yosef\OneDrive\Desktop\NTI\Ecommerce Backend\controller\order.controller.js:210:4
    at process.processTicksAndRejections (node:internal/process/task_queues:104:5)
21-05-2026 02:04:30 |INFO| Category listed! 
21-05-2026 02:04:31 |INFO| Category listed! 
21-05-2026 02:04:31 |INFO| subCategory listed! 
21-05-2026 16:22:20 |INFO| users created! 
21-05-2026 16:22:20 |ERROR| Error | POST | /api/v1/auth/signup : E11000 duplicate key error collection: eCommerece.users index: mobile_1 dup key: { mobile: "01006979642" } 
MongoServerError: E11000 duplicate key error collection: eCommerece.users index: mobile_1 dup key: { mobile: "01006979642" }
    at InsertOneOperation.handleOk (C:\Users\yosef\OneDrive\Desktop\NTI\Ecommerce Backend\node_modules\mongodb\lib\operations\insert.js:51:19)
    at executeOperationWithRetries (C:\Users\yosef\OneDrive\Desktop\NTI\Ecommerce Backend\node_modules\mongodb\lib\operations\execute_operation.js:194:34)
    at process.processTicksAndRejections (node:internal/process/task_queues:104:5)
    at async executeOperation (C:\Users\yosef\OneDrive\Desktop\NTI\Ecommerce Backend\node_modules\mongodb\lib\operations\execute_operation.js:83:16)
    at async Collection.insertOne (C:\Users\yosef\OneDrive\Desktop\NTI\Ecommerce Backend\node_modules\mongodb\lib\collection.js:154:16)
    at async model.$__save (C:\Users\yosef\OneDrive\Desktop\NTI\Ecommerce Backend\node_modules\mongoose\lib\model.js:428:16)
    at async model.save (C:\Users\yosef\OneDrive\Desktop\NTI\Ecommerce Backend\node_modules\mongoose\lib\model.js:667:5)
    at async model.create (C:\Users\yosef\OneDrive\Desktop\NTI\Ecommerce Backend\node_modules\mongoose\lib\model.js:2747:5)
    at async C:\Users\yosef\OneDrive\Desktop\NTI\Ecommerce Backend\controller\auth.controller.js:29:18
21-05-2026 16:22:42 |INFO| users created! 
21-05-2026 16:22:42 |ERROR| Error | POST | /api/v1/auth/signup : E11000 duplicate key error collection: eCommerece.users index: mobile_1 dup key: { mobile: "01006979642" } 
MongoServerError: E11000 duplicate key error collection: eCommerece.users index: mobile_1 dup key: { mobile: "01006979642" }
    at InsertOneOperation.handleOk (C:\Users\yosef\OneDrive\Desktop\NTI\Ecommerce Backend\node_modules\mongodb\lib\operations\insert.js:51:19)
    at executeOperationWithRetries (C:\Users\yosef\OneDrive\Desktop\NTI\Ecommerce Backend\node_modules\mongodb\lib\operations\execute_operation.js:194:34)
    at process.processTicksAndRejections (node:internal/process/task_queues:104:5)
    at async executeOperation (C:\Users\yosef\OneDrive\Desktop\NTI\Ecommerce Backend\node_modules\mongodb\lib\operations\execute_operation.js:83:16)
    at async Collection.insertOne (C:\Users\yosef\OneDrive\Desktop\NTI\Ecommerce Backend\node_modules\mongodb\lib\collection.js:154:16)
    at async model.$__save (C:\Users\yosef\OneDrive\Desktop\NTI\Ecommerce Backend\node_modules\mongoose\lib\model.js:428:16)
    at async model.save (C:\Users\yosef\OneDrive\Desktop\NTI\Ecommerce Backend\node_modules\mongoose\lib\model.js:667:5)
    at async model.create (C:\Users\yosef\OneDrive\Desktop\NTI\Ecommerce Backend\node_modules\mongoose\lib\model.js:2747:5)
    at async C:\Users\yosef\OneDrive\Desktop\NTI\Ecommerce Backend\controller\auth.controller.js:29:18
21-05-2026 16:22:44 |ERROR| Error | GET | /api/v1/auth/signup : can't find /api/v1/auth/signup 
Error: can't find /api/v1/auth/signup
    at C:\Users\yosef\OneDrive\Desktop\NTI\Ecommerce Backend\server.js:29:7
    at Layer.handleRequest (C:\Users\yosef\OneDrive\Desktop\NTI\Ecommerce Backend\node_modules\router\lib\layer.js:152:17)
    at trimPrefix (C:\Users\yosef\OneDrive\Desktop\NTI\Ecommerce Backend\node_modules\router\index.js:342:13)
    at C:\Users\yosef\OneDrive\Desktop\NTI\Ecommerce Backend\node_modules\router\index.js:297:9
    at processParams (C:\Users\yosef\OneDrive\Desktop\NTI\Ecommerce Backend\node_modules\router\index.js:582:12)
    at next (C:\Users\yosef\OneDrive\Desktop\NTI\Ecommerce Backend\node_modules\router\index.js:291:5)
    at C:\Users\yosef\OneDrive\Desktop\NTI\Ecommerce Backend\node_modules\router\index.js:688:15
    at next (C:\Users\yosef\OneDrive\Desktop\NTI\Ecommerce Backend\node_modules\router\index.js:276:14)
    at router.handle (C:\Users\yosef\OneDrive\Desktop\NTI\Ecommerce Backend\node_modules\router\index.js:186:3)
    at router (C:\Users\yosef\OneDrive\Desktop\NTI\Ecommerce Backend\node_modules\router\index.js:60:12)
21-05-2026 16:22:45 |ERROR| Error | GET | /favicon.ico : can't find /favicon.ico 
Error: can't find /favicon.ico
    at C:\Users\yosef\OneDrive\Desktop\NTI\Ecommerce Backend\server.js:29:7
    at Layer.handleRequest (C:\Users\yosef\OneDrive\Desktop\NTI\Ecommerce Backend\node_modules\router\lib\layer.js:152:17)
    at trimPrefix (C:\Users\yosef\OneDrive\Desktop\NTI\Ecommerce Backend\node_modules\router\index.js:342:13)
    at C:\Users\yosef\OneDrive\Desktop\NTI\Ecommerce Backend\node_modules\router\index.js:297:9
    at processParams (C:\Users\yosef\OneDrive\Desktop\NTI\Ecommerce Backend\node_modules\router\index.js:582:12)
    at next (C:\Users\yosef\OneDrive\Desktop\NTI\Ecommerce Backend\node_modules\router\index.js:291:5)
    at cors (C:\Users\yosef\OneDrive\Desktop\NTI\Ecommerce Backend\node_modules\cors\lib\index.js:188:7)
    at C:\Users\yosef\OneDrive\Desktop\NTI\Ecommerce Backend\node_modules\cors\lib\index.js:224:17
    at origin (C:\Users\yosef\OneDrive\Desktop\NTI\Ecommerce Backend\middlewares\cors.middleware.js:8:11)
    at C:\Users\yosef\OneDrive\Desktop\NTI\Ecommerce Backend\node_modules\cors\lib\index.js:219:13
21-05-2026 16:23:28 |INFO| users created! 
21-05-2026 16:23:29 |ERROR| Error | POST | /api/v1/auth/signup : E11000 duplicate key error collection: eCommerece.users index: mobile_1 dup key: { mobile: "01006979642" } 
MongoServerError: E11000 duplicate key error collection: eCommerece.users index: mobile_1 dup key: { mobile: "01006979642" }
    at InsertOneOperation.handleOk (C:\Users\yosef\OneDrive\Desktop\NTI\Ecommerce Backend\node_modules\mongodb\lib\operations\insert.js:51:19)
    at executeOperationWithRetries (C:\Users\yosef\OneDrive\Desktop\NTI\Ecommerce Backend\node_modules\mongodb\lib\operations\execute_operation.js:194:34)
    at process.processTicksAndRejections (node:internal/process/task_queues:104:5)
    at async executeOperation (C:\Users\yosef\OneDrive\Desktop\NTI\Ecommerce Backend\node_modules\mongodb\lib\operations\execute_operation.js:83:16)
    at async Collection.insertOne (C:\Users\yosef\OneDrive\Desktop\NTI\Ecommerce Backend\node_modules\mongodb\lib\collection.js:154:16)
    at async model.$__save (C:\Users\yosef\OneDrive\Desktop\NTI\Ecommerce Backend\node_modules\mongoose\lib\model.js:428:16)
    at async model.save (C:\Users\yosef\OneDrive\Desktop\NTI\Ecommerce Backend\node_modules\mongoose\lib\model.js:667:5)
    at async model.create (C:\Users\yosef\OneDrive\Desktop\NTI\Ecommerce Backend\node_modules\mongoose\lib\model.js:2747:5)
    at async C:\Users\yosef\OneDrive\Desktop\NTI\Ecommerce Backend\controller\auth.controller.js:29:18
21-05-2026 16:23:36 |ERROR| Error | GET | /api/v1/auth/signup : can't find /api/v1/auth/signup 
Error: can't find /api/v1/auth/signup
    at C:\Users\yosef\OneDrive\Desktop\NTI\Ecommerce Backend\server.js:29:7
    at Layer.handleRequest (C:\Users\yosef\OneDrive\Desktop\NTI\Ecommerce Backend\node_modules\router\lib\layer.js:152:17)
    at trimPrefix (C:\Users\yosef\OneDrive\Desktop\NTI\Ecommerce Backend\node_modules\router\index.js:342:13)
    at C:\Users\yosef\OneDrive\Desktop\NTI\Ecommerce Backend\node_modules\router\index.js:297:9
    at processParams (C:\Users\yosef\OneDrive\Desktop\NTI\Ecommerce Backend\node_modules\router\index.js:582:12)
    at next (C:\Users\yosef\OneDrive\Desktop\NTI\Ecommerce Backend\node_modules\router\index.js:291:5)
    at C:\Users\yosef\OneDrive\Desktop\NTI\Ecommerce Backend\node_modules\router\index.js:688:15
    at next (C:\Users\yosef\OneDrive\Desktop\NTI\Ecommerce Backend\node_modules\router\index.js:276:14)
    at router.handle (C:\Users\yosef\OneDrive\Desktop\NTI\Ecommerce Backend\node_modules\router\index.js:186:3)
    at router (C:\Users\yosef\OneDrive\Desktop\NTI\Ecommerce Backend\node_modules\router\index.js:60:12)
21-05-2026 16:28:14 |INFO| users created! 
21-05-2026 16:28:14 |ERROR| Error | POST | /api/v1/auth/signup : E11000 duplicate key error collection: eCommerece.users index: mobile_1 dup key: { mobile: "01006979642" } 
MongoServerError: E11000 duplicate key error collection: eCommerece.users index: mobile_1 dup key: { mobile: "01006979642" }
    at InsertOneOperation.handleOk (C:\Users\yosef\OneDrive\Desktop\NTI\Ecommerce Backend\node_modules\mongodb\lib\operations\insert.js:51:19)
    at executeOperationWithRetries (C:\Users\yosef\OneDrive\Desktop\NTI\Ecommerce Backend\node_modules\mongodb\lib\operations\execute_operation.js:194:34)
    at process.processTicksAndRejections (node:internal/process/task_queues:104:5)
    at async executeOperation (C:\Users\yosef\OneDrive\Desktop\NTI\Ecommerce Backend\node_modules\mongodb\lib\operations\execute_operation.js:83:16)
    at async Collection.insertOne (C:\Users\yosef\OneDrive\Desktop\NTI\Ecommerce Backend\node_modules\mongodb\lib\collection.js:154:16)
    at async model.$__save (C:\Users\yosef\OneDrive\Desktop\NTI\Ecommerce Backend\node_modules\mongoose\lib\model.js:428:16)
    at async model.save (C:\Users\yosef\OneDrive\Desktop\NTI\Ecommerce Backend\node_modules\mongoose\lib\model.js:667:5)
    at async model.create (C:\Users\yosef\OneDrive\Desktop\NTI\Ecommerce Backend\node_modules\mongoose\lib\model.js:2747:5)
    at async C:\Users\yosef\OneDrive\Desktop\NTI\Ecommerce Backend\controller\auth.controller.js:29:18
21-05-2026 16:28:25 |INFO| users created! 
21-05-2026 16:28:25 |ERROR| Error | POST | /api/v1/auth/signup : E11000 duplicate key error collection: eCommerece.users index: email_1 dup key: { email: "mohamed@gmail.com" } 
MongoServerError: E11000 duplicate key error collection: eCommerece.users index: email_1 dup key: { email: "mohamed@gmail.com" }
    at InsertOneOperation.handleOk (C:\Users\yosef\OneDrive\Desktop\NTI\Ecommerce Backend\node_modules\mongodb\lib\operations\insert.js:51:19)
    at executeOperationWithRetries (C:\Users\yosef\OneDrive\Desktop\NTI\Ecommerce Backend\node_modules\mongodb\lib\operations\execute_operation.js:194:34)
    at process.processTicksAndRejections (node:internal/process/task_queues:104:5)
    at async executeOperation (C:\Users\yosef\OneDrive\Desktop\NTI\Ecommerce Backend\node_modules\mongodb\lib\operations\execute_operation.js:83:16)
    at async Collection.insertOne (C:\Users\yosef\OneDrive\Desktop\NTI\Ecommerce Backend\node_modules\mongodb\lib\collection.js:154:16)
    at async model.$__save (C:\Users\yosef\OneDrive\Desktop\NTI\Ecommerce Backend\node_modules\mongoose\lib\model.js:428:16)
    at async model.save (C:\Users\yosef\OneDrive\Desktop\NTI\Ecommerce Backend\node_modules\mongoose\lib\model.js:667:5)
    at async model.create (C:\Users\yosef\OneDrive\Desktop\NTI\Ecommerce Backend\node_modules\mongoose\lib\model.js:2747:5)
    at async C:\Users\yosef\OneDrive\Desktop\NTI\Ecommerce Backend\controller\auth.controller.js:29:18
21-05-2026 16:28:31 |INFO| users created! 
21-05-2026 16:28:31 |INFO| Reviews are listed! 
21-05-2026 16:28:31 |INFO| Products listed! 
21-05-2026 16:29:04 |INFO| Products listed! 
21-05-2026 16:29:04 |INFO| Reviews are listed! 
21-05-2026 16:29:37 |INFO| users created! 
21-05-2026 16:29:37 |ERROR| Error | POST | /api/v1/auth/signup : E11000 duplicate key error collection: eCommerece.users index: mobile_1 dup key: { mobile: "01006979642" } 
MongoServerError: E11000 duplicate key error collection: eCommerece.users index: mobile_1 dup key: { mobile: "01006979642" }
    at InsertOneOperation.handleOk (C:\Users\yosef\OneDrive\Desktop\NTI\Ecommerce Backend\node_modules\mongodb\lib\operations\insert.js:51:19)
    at executeOperationWithRetries (C:\Users\yosef\OneDrive\Desktop\NTI\Ecommerce Backend\node_modules\mongodb\lib\operations\execute_operation.js:194:34)
    at process.processTicksAndRejections (node:internal/process/task_queues:104:5)
    at async executeOperation (C:\Users\yosef\OneDrive\Desktop\NTI\Ecommerce Backend\node_modules\mongodb\lib\operations\execute_operation.js:83:16)
    at async Collection.insertOne (C:\Users\yosef\OneDrive\Desktop\NTI\Ecommerce Backend\node_modules\mongodb\lib\collection.js:154:16)
    at async model.$__save (C:\Users\yosef\OneDrive\Desktop\NTI\Ecommerce Backend\node_modules\mongoose\lib\model.js:428:16)
    at async model.save (C:\Users\yosef\OneDrive\Desktop\NTI\Ecommerce Backend\node_modules\mongoose\lib\model.js:667:5)
    at async model.create (C:\Users\yosef\OneDrive\Desktop\NTI\Ecommerce Backend\node_modules\mongoose\lib\model.js:2747:5)
    at async C:\Users\yosef\OneDrive\Desktop\NTI\Ecommerce Backend\controller\auth.controller.js:29:18
21-05-2026 16:29:44 |INFO| users created! 
21-05-2026 16:29:44 |ERROR| Error | POST | /api/v1/auth/signup : E11000 duplicate key error collection: eCommerece.users index: email_1 dup key: { email: "mohamed@gmail.com" } 
MongoServerError: E11000 duplicate key error collection: eCommerece.users index: email_1 dup key: { email: "mohamed@gmail.com" }
    at InsertOneOperation.handleOk (C:\Users\yosef\OneDrive\Desktop\NTI\Ecommerce Backend\node_modules\mongodb\lib\operations\insert.js:51:19)
    at executeOperationWithRetries (C:\Users\yosef\OneDrive\Desktop\NTI\Ecommerce Backend\node_modules\mongodb\lib\operations\execute_operation.js:194:34)
    at process.processTicksAndRejections (node:internal/process/task_queues:104:5)
    at async executeOperation (C:\Users\yosef\OneDrive\Desktop\NTI\Ecommerce Backend\node_modules\mongodb\lib\operations\execute_operation.js:83:16)
    at async Collection.insertOne (C:\Users\yosef\OneDrive\Desktop\NTI\Ecommerce Backend\node_modules\mongodb\lib\collection.js:154:16)
    at async model.$__save (C:\Users\yosef\OneDrive\Desktop\NTI\Ecommerce Backend\node_modules\mongoose\lib\model.js:428:16)
    at async model.save (C:\Users\yosef\OneDrive\Desktop\NTI\Ecommerce Backend\node_modules\mongoose\lib\model.js:667:5)
    at async model.create (C:\Users\yosef\OneDrive\Desktop\NTI\Ecommerce Backend\node_modules\mongoose\lib\model.js:2747:5)
    at async C:\Users\yosef\OneDrive\Desktop\NTI\Ecommerce Backend\controller\auth.controller.js:29:18
21-05-2026 16:29:50 |INFO| users created! 
21-05-2026 16:29:50 |INFO| Reviews are listed! 
21-05-2026 16:29:50 |INFO| Products listed! 
21-05-2026 16:29:54 |INFO| Orders is listed! 
21-05-2026 16:30:00 |ERROR| Error | POST | /api/v1/auth/login : Invalid mobile or Password! 
Error: Invalid mobile or Password!
    at C:\Users\yosef\OneDrive\Desktop\NTI\Ecommerce Backend\controller\auth.controller.js:22:7
    at process.processTicksAndRejections (node:internal/process/task_queues:104:5)
21-05-2026 16:30:06 |ERROR| Error | GET | /api/v1/auth/login : can't find /api/v1/auth/login 
Error: can't find /api/v1/auth/login
    at C:\Users\yosef\OneDrive\Desktop\NTI\Ecommerce Backend\server.js:29:7
    at Layer.handleRequest (C:\Users\yosef\OneDrive\Desktop\NTI\Ecommerce Backend\node_modules\router\lib\layer.js:152:17)
    at trimPrefix (C:\Users\yosef\OneDrive\Desktop\NTI\Ecommerce Backend\node_modules\router\index.js:342:13)
    at C:\Users\yosef\OneDrive\Desktop\NTI\Ecommerce Backend\node_modules\router\index.js:297:9
    at processParams (C:\Users\yosef\OneDrive\Desktop\NTI\Ecommerce Backend\node_modules\router\index.js:582:12)
    at next (C:\Users\yosef\OneDrive\Desktop\NTI\Ecommerce Backend\node_modules\router\index.js:291:5)
    at C:\Users\yosef\OneDrive\Desktop\NTI\Ecommerce Backend\node_modules\router\index.js:688:15
    at next (C:\Users\yosef\OneDrive\Desktop\NTI\Ecommerce Backend\node_modules\router\index.js:276:14)
    at router.handle (C:\Users\yosef\OneDrive\Desktop\NTI\Ecommerce Backend\node_modules\router\index.js:186:3)
    at router (C:\Users\yosef\OneDrive\Desktop\NTI\Ecommerce Backend\node_modules\router\index.js:60:12)
21-05-2026 16:31:26 |ERROR| Error | POST | /api/v1/auth/login : Invalid mobile or Password! 
Error: Invalid mobile or Password!
    at C:\Users\yosef\OneDrive\Desktop\NTI\Ecommerce Backend\controller\auth.controller.js:22:7
    at process.processTicksAndRejections (node:internal/process/task_queues:104:5)
21-05-2026 16:31:32 |ERROR| Error | POST | /api/v1/auth/login : Invalid mobile or Password! 
Error: Invalid mobile or Password!
    at C:\Users\yosef\OneDrive\Desktop\NTI\Ecommerce Backend\controller\auth.controller.js:22:7
    at process.processTicksAndRejections (node:internal/process/task_queues:104:5)
21-05-2026 16:31:36 |ERROR| Error | POST | /api/v1/auth/login : Invalid mobile or Password! 
Error: Invalid mobile or Password!
    at C:\Users\yosef\OneDrive\Desktop\NTI\Ecommerce Backend\controller\auth.controller.js:22:7
21-05-2026 16:31:43 |INFO| Reviews are listed! 
21-05-2026 16:31:43 |INFO| Products listed! 
21-05-2026 16:31:43 |INFO| Cart listed! 
21-05-2026 16:31:55 |INFO| Cart listed! 
21-05-2026 16:31:55 |INFO| Reviews are listed! 
21-05-2026 16:31:55 |INFO| Products listed! 
21-05-2026 16:31:58 |INFO| Cart listed! 
21-05-2026 16:31:58 |INFO| Category listed! 
21-05-2026 16:31:58 |INFO| Products listed! 
21-05-2026 16:32:01 |INFO| Products listed! 
21-05-2026 16:32:02 |INFO| Products listed! 
21-05-2026 16:32:04 |INFO| Products listed! 
21-05-2026 16:32:07 |INFO| Products listed! 
21-05-2026 16:32:10 |INFO| Products listed! 
21-05-2026 16:32:13 |INFO| Products listed! 
21-05-2026 16:32:15 |INFO| Product listed! 
21-05-2026 16:32:32 |INFO| Category listed! 
21-05-2026 16:32:32 |INFO| Cart listed! 
21-05-2026 16:32:32 |INFO| Products listed! 
21-05-2026 16:32:36 |INFO| Products listed! 
21-05-2026 16:32:42 |INFO| Product listed! 
21-05-2026 16:32:59 |INFO| Category listed! 
21-05-2026 16:32:59 |INFO| Cart listed! 
21-05-2026 16:32:59 |INFO| Products listed! 
21-05-2026 16:33:03 |INFO| Products listed! 
21-05-2026 16:33:06 |INFO| Products listed! 
21-05-2026 16:33:11 |INFO| Products listed! 
21-05-2026 16:33:16 |INFO| Products listed! 
21-05-2026 16:33:23 |INFO| Products listed! 
21-05-2026 16:33:25 |INFO| Products listed! 
21-05-2026 16:33:29 |INFO| Products listed! 
21-05-2026 16:33:30 |INFO| Products listed! 
21-05-2026 16:33:35 |INFO| Products listed! 
21-05-2026 16:33:37 |INFO| Products listed! 
21-05-2026 16:33:38 |INFO| Products listed! 
21-05-2026 16:33:41 |INFO| Products listed! 
21-05-2026 16:33:45 |INFO| Products listed! 
21-05-2026 16:33:48 |INFO| Products listed! 
21-05-2026 16:33:50 |INFO| Products listed! 
21-05-2026 16:33:52 |INFO| Products listed! 
21-05-2026 16:34:00 |INFO| Products listed! 
21-05-2026 16:34:05 |INFO| Cart listed! 
21-05-2026 16:34:05 |INFO| Reviews are listed! 
21-05-2026 16:34:05 |INFO| Products listed! 
21-05-2026 16:34:10 |INFO| Cart listed! 
21-05-2026 16:34:10 |INFO| Reviews are listed! 
21-05-2026 16:34:10 |INFO| Products listed! 
21-05-2026 16:34:26 |INFO| Cart listed! 
21-05-2026 16:34:26 |INFO| Reviews are listed! 
21-05-2026 16:34:26 |INFO| Products listed! 
21-05-2026 16:34:30 |INFO| Product listed! 
21-05-2026 16:34:32 |INFO| Reviews are listed! 
21-05-2026 16:34:32 |INFO| Products listed! 
21-05-2026 16:34:33 |ERROR| Error | POST | /api/v1/cart : Not enough stock available! 
Error: Not enough stock available!
    at C:\Users\yosef\OneDrive\Desktop\NTI\Ecommerce Backend\controller\cart.controller.js:21:15
    at process.processTicksAndRejections (node:internal/process/task_queues:104:5)
21-05-2026 16:34:34 |ERROR| Error | POST | /api/v1/cart : Not enough stock available! 
Error: Not enough stock available!
    at C:\Users\yosef\OneDrive\Desktop\NTI\Ecommerce Backend\controller\cart.controller.js:21:15
    at process.processTicksAndRejections (node:internal/process/task_queues:104:5)
21-05-2026 16:34:36 |ERROR| Error | POST | /api/v1/cart : Not enough stock available! 
Error: Not enough stock available!
    at C:\Users\yosef\OneDrive\Desktop\NTI\Ecommerce Backend\controller\cart.controller.js:21:15
    at process.processTicksAndRejections (node:internal/process/task_queues:104:5)
21-05-2026 16:34:36 |ERROR| Error | POST | /api/v1/cart : Not enough stock available! 
Error: Not enough stock available!
    at C:\Users\yosef\OneDrive\Desktop\NTI\Ecommerce Backend\controller\cart.controller.js:21:15
    at process.processTicksAndRejections (node:internal/process/task_queues:104:5)
21-05-2026 16:34:37 |ERROR| Error | POST | /api/v1/cart : Not enough stock available! 
Error: Not enough stock available!
    at C:\Users\yosef\OneDrive\Desktop\NTI\Ecommerce Backend\controller\cart.controller.js:21:15
    at process.processTicksAndRejections (node:internal/process/task_queues:104:5)
21-05-2026 16:34:38 |ERROR| Error | POST | /api/v1/cart : Not enough stock available! 
Error: Not enough stock available!
    at C:\Users\yosef\OneDrive\Desktop\NTI\Ecommerce Backend\controller\cart.controller.js:21:15
    at process.processTicksAndRejections (node:internal/process/task_queues:104:5)
21-05-2026 16:34:39 |ERROR| Error | POST | /api/v1/cart : Not enough stock available! 
Error: Not enough stock available!
    at C:\Users\yosef\OneDrive\Desktop\NTI\Ecommerce Backend\controller\cart.controller.js:21:15
    at process.processTicksAndRejections (node:internal/process/task_queues:104:5)
21-05-2026 16:34:39 |ERROR| Error | POST | /api/v1/cart : Not enough stock available! 
Error: Not enough stock available!
    at C:\Users\yosef\OneDrive\Desktop\NTI\Ecommerce Backend\controller\cart.controller.js:21:15
    at process.processTicksAndRejections (node:internal/process/task_queues:104:5)
21-05-2026 16:34:39 |ERROR| Error | POST | /api/v1/cart : Not enough stock available! 
Error: Not enough stock available!
    at C:\Users\yosef\OneDrive\Desktop\NTI\Ecommerce Backend\controller\cart.controller.js:21:15
    at process.processTicksAndRejections (node:internal/process/task_queues:104:5)
21-05-2026 16:34:41 |INFO| Product listed! 
21-05-2026 16:34:43 |INFO| Reviews are listed! 
21-05-2026 16:34:43 |INFO| Products listed! 
21-05-2026 16:34:45 |INFO| Cart updated! 
21-05-2026 16:34:48 |INFO| Cart updated! 
21-05-2026 16:34:54 |INFO| Category listed! 
21-05-2026 16:34:54 |INFO| Products listed! 
21-05-2026 16:34:54 |INFO| Cart listed! 
21-05-2026 16:35:00 |INFO| Reviews are listed! 
21-05-2026 16:35:00 |INFO| Products listed! 
21-05-2026 16:35:07 |INFO| Category listed! 
21-05-2026 16:35:07 |INFO| Products listed! 
21-05-2026 16:35:07 |INFO| Cart listed! 
21-05-2026 16:35:10 |INFO| Products listed! 
21-05-2026 16:35:10 |INFO| Reviews are listed! 
21-05-2026 16:35:30 |INFO| Category listed! 
21-05-2026 16:35:30 |INFO| Products listed! 
21-05-2026 16:35:30 |INFO| Cart listed! 
21-05-2026 16:35:49 |INFO| Cart listed! 
21-05-2026 16:35:50 |INFO| Cart Item is updated! 
21-05-2026 16:35:50 |ERROR| Error | PATCH | /api/v1/cart : Not enough stock available! 
Error: Not enough stock available!
    at C:\Users\yosef\OneDrive\Desktop\NTI\Ecommerce Backend\controller\cart.controller.js:151:15
    at process.processTicksAndRejections (node:internal/process/task_queues:104:5)
21-05-2026 16:35:51 |ERROR| Error | PATCH | /api/v1/cart : Not enough stock available! 
Error: Not enough stock available!
    at C:\Users\yosef\OneDrive\Desktop\NTI\Ecommerce Backend\controller\cart.controller.js:151:15
    at process.processTicksAndRejections (node:internal/process/task_queues:104:5)
21-05-2026 16:35:51 |ERROR| Error | PATCH | /api/v1/cart : Not enough stock available! 
Error: Not enough stock available!
    at C:\Users\yosef\OneDrive\Desktop\NTI\Ecommerce Backend\controller\cart.controller.js:151:15
    at process.processTicksAndRejections (node:internal/process/task_queues:104:5)
21-05-2026 16:35:51 |ERROR| Error | PATCH | /api/v1/cart : Not enough stock available! 
Error: Not enough stock available!
    at C:\Users\yosef\OneDrive\Desktop\NTI\Ecommerce Backend\controller\cart.controller.js:151:15
    at process.processTicksAndRejections (node:internal/process/task_queues:104:5)
21-05-2026 16:35:52 |ERROR| Error | PATCH | /api/v1/cart : Not enough stock available! 
Error: Not enough stock available!
    at C:\Users\yosef\OneDrive\Desktop\NTI\Ecommerce Backend\controller\cart.controller.js:151:15
    at process.processTicksAndRejections (node:internal/process/task_queues:104:5)
21-05-2026 16:35:53 |INFO| Cart listed! 
21-05-2026 16:36:03 |INFO| Order is placed! 
21-05-2026 16:36:03 |INFO| Cart listed! 
21-05-2026 16:36:05 |INFO| Orders is listed! 
21-05-2026 16:36:18 |INFO| user requested a refund! 
21-05-2026 16:36:25 |INFO| user requested a refund! 
21-05-2026 16:36:31 |INFO| order is cancelled by user! 
21-05-2026 16:36:52 |ERROR| Error | GET | /api/v1/cart : Access denied! 
Error: Access denied!
    at C:\Users\yosef\OneDrive\Desktop\NTI\Ecommerce Backend\middlewares\role.middleware.js:6:16
    at Layer.handleRequest (C:\Users\yosef\OneDrive\Desktop\NTI\Ecommerce Backend\node_modules\router\lib\layer.js:152:17)
    at next (C:\Users\yosef\OneDrive\Desktop\NTI\Ecommerce Backend\node_modules\router\lib\route.js:157:13)
    at exports.authanticate (C:\Users\yosef\OneDrive\Desktop\NTI\Ecommerce Backend\middlewares\auth.middleware.js:17:2)
    at process.processTicksAndRejections (node:internal/process/task_queues:104:5)
21-05-2026 16:36:52 |INFO| Products listed! 
21-05-2026 16:36:52 |INFO| Reviews are listed! 
21-05-2026 16:36:53 |ERROR| Error | GET | /api/v1/cart : Access denied! 
Error: Access denied!
    at C:\Users\yosef\OneDrive\Desktop\NTI\Ecommerce Backend\middlewares\role.middleware.js:6:16
    at Layer.handleRequest (C:\Users\yosef\OneDrive\Desktop\NTI\Ecommerce Backend\node_modules\router\lib\layer.js:152:17)
    at next (C:\Users\yosef\OneDrive\Desktop\NTI\Ecommerce Backend\node_modules\router\lib\route.js:157:13)
    at exports.authanticate (C:\Users\yosef\OneDrive\Desktop\NTI\Ecommerce Backend\middlewares\auth.middleware.js:17:2)
    at process.processTicksAndRejections (node:internal/process/task_queues:104:5)
21-05-2026 16:37:13 |INFO| Products listed! 
21-05-2026 16:37:14 |INFO| Category listed! 
21-05-2026 16:37:14 |INFO| subCategory listed! 
21-05-2026 16:37:14 |INFO| Products listed! 
21-05-2026 16:37:23 |INFO| Product deleted successfully! 
21-05-2026 16:37:23 |INFO| Products listed! 
21-05-2026 16:37:23 |INFO| Products listed! 
21-05-2026 16:37:53 |INFO| Product created! 
21-05-2026 16:37:53 |INFO| Products listed! 
21-05-2026 16:38:01 |INFO| Orders is listed! 
21-05-2026 16:38:11 |INFO| Order update request refund status! 
21-05-2026 16:38:16 |INFO| Order update request refund status! 
21-05-2026 16:38:32 |INFO| Orders is listed! 
21-05-2026 16:38:38 |INFO| Orders is listed! 
21-05-2026 16:38:49 |INFO| Orders is listed! 
21-05-2026 16:38:54 |ERROR| Error | PATCH | /api/v1/order/updateStatus/6a08be6ea81209b9bfb09b14 : Cannot move order from received to cancelledByAdmin 
Error: Cannot move order from received to cancelledByAdmin
    at C:\Users\yosef\OneDrive\Desktop\NTI\Ecommerce Backend\controller\order.controller.js:210:4
    at process.processTicksAndRejections (node:internal/process/task_queues:104:5)
21-05-2026 16:38:59 |INFO| Category listed! 
21-05-2026 16:39:06 |INFO| Category listed! 
21-05-2026 16:39:08 |INFO| Category listed! 
21-05-2026 16:39:08 |INFO| subCategory listed! 
21-05-2026 16:39:14 |INFO| Category listed! 
21-05-2026 16:39:17 |INFO| Category listed! 
21-05-2026 16:39:18 |INFO| Category listed! 
21-05-2026 16:39:18 |INFO| subCategory listed! 
21-05-2026 16:39:23 |INFO| subCategory listed! 
21-05-2026 16:39:23 |INFO| Category listed! 
21-05-2026 16:39:25 |INFO| users listed! 
21-05-2026 16:39:28 |INFO| Reviews are listed for admin! 
21-05-2026 16:39:51 |INFO| Cart listed! 
21-05-2026 16:39:51 |INFO| Reviews are listed! 
21-05-2026 16:39:51 |INFO| Products listed! 
21-05-2026 16:39:52 |INFO| Orders is listed! 
21-05-2026 16:40:07 |INFO| user requested a refund! 
21-05-2026 16:40:30 |INFO| Orders is listed! 
21-05-2026 16:40:33 |INFO| Order update request refund status! 
21-05-2026 16:40:47 |INFO| Cart listed! 
21-05-2026 16:40:47 |INFO| Reviews are listed! 
21-05-2026 16:40:47 |INFO| Products listed! 
21-05-2026 16:41:17 |INFO| Category listed! 
21-05-2026 16:41:17 |INFO| Cart listed! 
21-05-2026 16:41:17 |INFO| Products listed! 
21-05-2026 16:41:20 |INFO| Products listed! 
21-05-2026 16:41:21 |INFO| Products listed! 
21-05-2026 16:41:22 |INFO| Products listed! 
21-05-2026 16:41:31 |INFO| Products listed! 
21-05-2026 16:41:32 |INFO| Products listed! 
21-05-2026 16:41:33 |INFO| Products listed! 
21-05-2026 16:41:35 |INFO| Reviews are listed! 
21-05-2026 16:41:35 |INFO| Products listed! 
21-05-2026 16:41:51 |INFO| Category listed! 
21-05-2026 16:41:53 |INFO| Category listed! 
21-05-2026 16:41:53 |INFO| subCategory listed! 
21-05-2026 16:41:54 |INFO| Category listed! 
21-05-2026 16:41:55 |INFO| Category listed! 
21-05-2026 16:41:55 |INFO| subCategory listed! 
21-05-2026 16:41:56 |INFO| Category listed! 
21-05-2026 16:41:57 |INFO| Category listed! 
21-05-2026 16:41:57 |INFO| subCategory listed! 
21-05-2026 16:42:01 |INFO| Category listed! 
21-05-2026 16:42:01 |INFO| Products listed! 
21-05-2026 16:42:01 |INFO| Products listed! 
21-05-2026 16:42:01 |INFO| subCategory listed! 
21-05-2026 16:42:16 |INFO| Product deleted successfully! 
21-05-2026 16:42:16 |INFO| Products listed! 
21-05-2026 16:42:16 |INFO| Products listed! 
21-05-2026 16:42:21 |INFO| Cart listed! 
21-05-2026 16:42:21 |INFO| Reviews are listed! 
21-05-2026 16:42:21 |INFO| Products listed! 
21-05-2026 16:42:30 |INFO| Category listed! 
21-05-2026 16:42:30 |INFO| Cart listed! 
21-05-2026 16:42:30 |INFO| Products listed! 
21-05-2026 16:49:38 |ERROR| Error | GET | /api/v1/cart : Access denied! 
Error: Access denied!
    at C:\Users\yosef\OneDrive\Desktop\NTI\Ecommerce Backend\middlewares\role.middleware.js:6:16
    at Layer.handleRequest (C:\Users\yosef\OneDrive\Desktop\NTI\Ecommerce Backend\node_modules\router\lib\layer.js:152:17)
    at next (C:\Users\yosef\OneDrive\Desktop\NTI\Ecommerce Backend\node_modules\router\lib\route.js:157:13)
    at exports.authanticate (C:\Users\yosef\OneDrive\Desktop\NTI\Ecommerce Backend\middlewares\auth.middleware.js:17:2)
    at process.processTicksAndRejections (node:internal/process/task_queues:104:5)
21-05-2026 16:49:38 |INFO| Cart listed! 
21-05-2026 16:49:38 |INFO| Category listed! 
21-05-2026 16:49:38 |INFO| Cart listed! 
21-05-2026 16:49:38 |INFO| Products listed! 
21-05-2026 16:50:02 |ERROR| Error | GET | /api/v1/cart : Access denied! 
Error: Access denied!
    at C:\Users\yosef\OneDrive\Desktop\NTI\Ecommerce Backend\middlewares\role.middleware.js:6:16
    at Layer.handleRequest (C:\Users\yosef\OneDrive\Desktop\NTI\Ecommerce Backend\node_modules\router\lib\layer.js:152:17)
    at next (C:\Users\yosef\OneDrive\Desktop\NTI\Ecommerce Backend\node_modules\router\lib\route.js:157:13)
    at exports.authanticate (C:\Users\yosef\OneDrive\Desktop\NTI\Ecommerce Backend\middlewares\auth.middleware.js:17:2)
    at process.processTicksAndRejections (node:internal/process/task_queues:104:5)
21-05-2026 16:50:09 |INFO| Orders is listed! 
21-05-2026 16:50:10 |INFO| Category listed! 
21-05-2026 16:50:12 |INFO| Products listed! 
21-05-2026 16:50:12 |INFO| subCategory listed! 
21-05-2026 16:50:15 |INFO| subCategory listed! 
21-05-2026 16:50:15 |INFO| Products listed! 
21-05-2026 16:50:23 |INFO| Category listed! 
21-05-2026 16:50:23 |INFO| subCategory listed! 
21-05-2026 16:50:25 |INFO| Products listed! 
21-05-2026 16:50:29 |INFO| Orders is listed! 
21-05-2026 16:50:30 |INFO| Category listed! 
21-05-2026 16:50:30 |INFO| Products listed! 
21-05-2026 16:50:30 |INFO| subCategory listed! 
21-05-2026 16:50:30 |INFO| Products listed! 
21-05-2026 16:50:41 |INFO| Product deleted successfully! 
21-05-2026 16:50:41 |INFO| Products listed! 
21-05-2026 16:50:41 |INFO| Products listed! 
21-05-2026 16:50:43 |INFO| Product deleted successfully! 
21-05-2026 16:50:43 |INFO| Products listed! 
21-05-2026 16:50:43 |INFO| Products listed! 
21-05-2026 16:50:46 |INFO| Category listed! 
21-05-2026 16:50:48 |INFO| Products listed! 
21-05-2026 16:50:48 |INFO| subCategory listed! 
21-05-2026 16:50:50 |INFO| Category listed! 
21-05-2026 16:50:50 |INFO| subCategory listed! 
21-05-2026 16:50:51 |INFO| Products listed! 
21-05-2026 16:50:52 |INFO| Category listed! 
21-05-2026 16:50:52 |INFO| subCategory listed! 
21-05-2026 16:50:54 |INFO| Category listed! 
21-05-2026 16:50:55 |INFO| subCategory listed! 
21-05-2026 16:50:55 |INFO| Products listed! 
21-05-2026 16:50:56 |INFO| Category listed! 
21-05-2026 16:50:58 |INFO| Category listed! 
21-05-2026 16:50:58 |INFO| Products listed! 
21-05-2026 16:50:58 |INFO| subCategory listed! 
21-05-2026 16:50:58 |INFO| Products listed! 
21-05-2026 16:51:03 |INFO| Product restored successfully! 
21-05-2026 16:51:03 |INFO| Products listed! 
21-05-2026 16:51:03 |INFO| Products listed! 
21-05-2026 16:51:14 |INFO| Category listed! 
21-05-2026 16:51:14 |INFO| Products listed! 
21-05-2026 16:51:14 |INFO| Products listed! 
21-05-2026 16:51:14 |INFO| subCategory listed! 
21-05-2026 16:51:23 |INFO| Category listed! 
21-05-2026 16:51:23 |INFO| Products listed! 
21-05-2026 16:51:23 |INFO| Products listed! 
21-05-2026 16:51:23 |INFO| subCategory listed! 
21-05-2026 16:51:27 |INFO| Orders is listed! 
21-05-2026 16:51:33 |INFO| Orders is listed! 
21-05-2026 16:51:40 |INFO| Reviews are listed! 
21-05-2026 16:51:40 |INFO| Products listed! 
21-05-2026 16:51:44 |INFO| Category listed! 
21-05-2026 16:51:44 |INFO| Products listed! 
21-05-2026 16:51:46 |INFO| Products listed! 
21-05-2026 16:51:48 |INFO| Cart updated! 
21-05-2026 16:51:48 |INFO| Cart updated! 
21-05-2026 16:51:49 |INFO| Cart updated! 
21-05-2026 16:51:49 |INFO| Cart updated! 
21-05-2026 16:51:49 |INFO| Cart updated! 
21-05-2026 16:51:49 |INFO| Cart updated! 
21-05-2026 16:51:50 |INFO| Cart listed! 
21-05-2026 16:51:52 |INFO| Cart listed! 
21-05-2026 16:52:05 |INFO| Order is placed! 
21-05-2026 16:52:05 |INFO| Cart listed! 
21-05-2026 16:52:07 |INFO| Orders is listed! 
21-05-2026 16:52:18 |INFO| Cart listed! 
21-05-2026 16:52:18 |INFO| Products listed! 
21-05-2026 16:52:18 |INFO| Reviews are listed! 
21-05-2026 16:52:25 |INFO| Orders is listed! 
21-05-2026 16:52:29 |INFO| Order status updated! 
21-05-2026 16:52:32 |INFO| Order status updated! 
21-05-2026 16:52:34 |INFO| Order status updated! 
21-05-2026 16:52:45 |INFO| Cart listed! 
21-05-2026 16:52:45 |INFO| Reviews are listed! 
21-05-2026 16:52:45 |INFO| Products listed! 
21-05-2026 16:52:46 |INFO| Orders is listed! 
21-05-2026 16:52:52 |INFO| user requested a refund! 
21-05-2026 16:52:58 |INFO| Cart listed! 
21-05-2026 16:52:58 |INFO| Reviews are listed! 
21-05-2026 16:52:58 |INFO| Products listed! 
21-05-2026 16:53:06 |INFO| Reviews are listed for admin! 
21-05-2026 16:53:07 |INFO| users listed! 
21-05-2026 16:53:08 |INFO| Category listed! 
21-05-2026 16:53:08 |INFO| subCategory listed! 
21-05-2026 16:53:09 |INFO| Category listed! 
21-05-2026 16:53:10 |INFO| Orders is listed! 
21-05-2026 16:53:16 |INFO| Order update request refund status! 
21-05-2026 16:53:18 |INFO| Category listed! 
21-05-2026 16:53:18 |INFO| Products listed! 
21-05-2026 16:53:18 |INFO| subCategory listed! 
21-05-2026 16:53:18 |INFO| Products listed! 
21-05-2026 16:53:38 |INFO| Category listed! 
21-05-2026 16:53:38 |INFO| Products listed! 
21-05-2026 16:53:38 |INFO| Products listed! 
21-05-2026 16:53:38 |INFO| subCategory listed! 
21-05-2026 16:53:45 |INFO| Category listed! 
21-05-2026 16:53:45 |INFO| Products listed! 
21-05-2026 16:53:45 |INFO| Products listed! 
21-05-2026 16:53:45 |INFO| subCategory listed! 
21-05-2026 16:53:52 |INFO| Category listed! 
21-05-2026 16:53:52 |INFO| Products listed! 
21-05-2026 16:53:52 |INFO| Reviews are listed! 
21-05-2026 16:53:52 |INFO| Products listed! 
21-05-2026 16:53:53 |INFO| Category listed! 
21-05-2026 16:53:53 |INFO| Products listed! 
21-05-2026 16:53:55 |INFO| Products listed! 
21-05-2026 16:53:55 |INFO| Reviews are listed! 
21-05-2026 16:54:04 |INFO| Category listed! 
21-05-2026 16:54:04 |INFO| Products listed! 
21-05-2026 16:54:07 |INFO| Products listed! 
21-05-2026 16:54:26 |INFO| Cart merged! 
21-05-2026 16:54:26 |INFO| Products listed! 
21-05-2026 16:54:26 |INFO| Cart listed! 
21-05-2026 16:54:26 |INFO| Reviews are listed! 
21-05-2026 16:54:29 |INFO| Cart listed! 
21-05-2026 16:54:31 |INFO| Cart Item is removed! 
21-05-2026 16:54:33 |INFO| Reviews are listed! 
21-05-2026 16:54:33 |INFO| Products listed! 
21-05-2026 16:54:37 |INFO| Category listed! 
21-05-2026 16:54:37 |INFO| Products listed! 
21-05-2026 16:54:59 |INFO| Cart merged! 
21-05-2026 16:54:59 |INFO| Cart listed! 
21-05-2026 16:54:59 |INFO| Reviews are listed! 
21-05-2026 16:54:59 |INFO| Products listed! 
21-05-2026 16:55:01 |INFO| Cart listed! 
21-05-2026 16:55:02 |INFO| Cart listed! 
21-05-2026 16:55:02 |INFO| Category listed! 
21-05-2026 16:55:02 |INFO| Products listed! 
21-05-2026 16:55:06 |INFO| Cart updated! 
21-05-2026 16:55:06 |ERROR| Error | POST | /api/v1/cart : Not enough stock available! 
Error: Not enough stock available!
    at C:\Users\yosef\OneDrive\Desktop\NTI\Ecommerce Backend\controller\cart.controller.js:38:16
    at process.processTicksAndRejections (node:internal/process/task_queues:104:5)
21-05-2026 16:55:07 |ERROR| Error | POST | /api/v1/cart : Not enough stock available! 
Error: Not enough stock available!
    at C:\Users\yosef\OneDrive\Desktop\NTI\Ecommerce Backend\controller\cart.controller.js:38:16
    at process.processTicksAndRejections (node:internal/process/task_queues:104:5)
21-05-2026 16:55:08 |INFO| Cart updated! 
21-05-2026 16:55:08 |INFO| Cart updated! 
21-05-2026 16:55:09 |ERROR| Error | POST | /api/v1/cart : Not enough stock available! 
Error: Not enough stock available!
    at C:\Users\yosef\OneDrive\Desktop\NTI\Ecommerce Backend\controller\cart.controller.js:38:16
    at process.processTicksAndRejections (node:internal/process/task_queues:104:5)
21-05-2026 16:55:10 |INFO| Cart listed! 
21-05-2026 16:55:12 |ERROR| Error | PATCH | /api/v1/cart : Not enough stock available! 
Error: Not enough stock available!
    at C:\Users\yosef\OneDrive\Desktop\NTI\Ecommerce Backend\controller\cart.controller.js:151:15
    at process.processTicksAndRejections (node:internal/process/task_queues:104:5)
21-05-2026 16:55:13 |ERROR| Error | PATCH | /api/v1/cart : Not enough stock available! 
Error: Not enough stock available!
    at C:\Users\yosef\OneDrive\Desktop\NTI\Ecommerce Backend\controller\cart.controller.js:151:15
    at process.processTicksAndRejections (node:internal/process/task_queues:104:5)
21-05-2026 16:55:14 |ERROR| Error | PATCH | /api/v1/cart : Not enough stock available! 
Error: Not enough stock available!
    at C:\Users\yosef\OneDrive\Desktop\NTI\Ecommerce Backend\controller\cart.controller.js:151:15
    at process.processTicksAndRejections (node:internal/process/task_queues:104:5)
21-05-2026 16:55:14 |ERROR| Error | PATCH | /api/v1/cart : Not enough stock available! 
Error: Not enough stock available!
    at C:\Users\yosef\OneDrive\Desktop\NTI\Ecommerce Backend\controller\cart.controller.js:151:15
    at process.processTicksAndRejections (node:internal/process/task_queues:104:5)
21-05-2026 16:55:14 |ERROR| Error | PATCH | /api/v1/cart : Not enough stock available! 
Error: Not enough stock available!
    at C:\Users\yosef\OneDrive\Desktop\NTI\Ecommerce Backend\controller\cart.controller.js:151:15
    at process.processTicksAndRejections (node:internal/process/task_queues:104:5)
21-05-2026 16:55:16 |INFO| Orders is listed! 
21-05-2026 16:55:19 |INFO| Category listed! 
21-05-2026 16:55:19 |INFO| Products listed! 
21-05-2026 16:55:38 |INFO| Cart merged! 
21-05-2026 16:55:38 |INFO| Reviews are listed! 
21-05-2026 16:55:38 |INFO| Cart listed! 
21-05-2026 16:55:38 |INFO| Products listed! 
21-05-2026 16:55:39 |INFO| Cart listed! 
21-05-2026 16:55:44 |INFO| Cart Item is removed! 
21-05-2026 16:55:44 |INFO| Cart Item is removed! 
21-05-2026 16:55:45 |INFO| Cart Item is removed! 
21-05-2026 16:55:48 |INFO| Category listed! 
21-05-2026 16:55:48 |INFO| Products listed! 
21-05-2026 16:56:01 |INFO| Cart merged! 
21-05-2026 16:56:01 |INFO| Cart listed! 
21-05-2026 16:56:01 |INFO| Reviews are listed! 
21-05-2026 16:56:01 |INFO| Products listed! 
21-05-2026 16:56:02 |INFO| Cart listed! 
21-05-2026 16:56:10 |INFO| Category listed! 
21-05-2026 16:56:10 |INFO| Products listed! 
21-05-2026 16:56:22 |INFO| Cart merged! 
21-05-2026 16:56:22 |INFO| Reviews are listed! 
21-05-2026 16:56:22 |INFO| Products listed! 
21-05-2026 16:56:22 |INFO| Cart listed! 
21-05-2026 16:56:24 |INFO| Cart listed! 
21-05-2026 16:57:35 |INFO| Cart listed! 
21-05-2026 16:57:35 |INFO| Cart listed! 
21-05-2026 16:57:35 |INFO| Cart listed! 
21-05-2026 16:57:35 |INFO| Category listed! 
21-05-2026 16:57:35 |INFO| Products listed! 
21-05-2026 16:57:35 |INFO| Cart listed! 
21-05-2026 16:57:36 |INFO| Cart listed! 
21-05-2026 16:57:36 |INFO| Category listed! 
21-05-2026 16:57:36 |INFO| Products listed! 
21-05-2026 16:57:36 |INFO| Cart listed! 
21-05-2026 16:57:36 |INFO| Cart listed! 
21-05-2026 16:57:36 |INFO| Cart listed! 
21-05-2026 16:57:38 |INFO| Cart listed! 
21-05-2026 16:57:38 |INFO| Cart listed! 
21-05-2026 16:57:39 |INFO| Cart Item is removed! 
21-05-2026 16:57:39 |INFO| Cart Item is removed! 
21-05-2026 16:57:42 |INFO| Category listed! 
21-05-2026 16:57:42 |INFO| Products listed! 
21-05-2026 16:58:00 |INFO| Cart merged! 
21-05-2026 16:58:00 |INFO| Cart listed! 
21-05-2026 16:58:00 |INFO| Reviews are listed! 
21-05-2026 16:58:00 |INFO| Products listed! 
21-05-2026 16:58:02 |INFO| Cart listed! 
21-05-2026 16:58:47 |INFO| Cart listed! 
21-05-2026 16:58:47 |INFO| Cart listed! 
21-05-2026 16:58:47 |INFO| Cart listed! 
21-05-2026 16:58:47 |INFO| Category listed! 
21-05-2026 16:58:47 |INFO| Products listed! 
21-05-2026 16:58:47 |INFO| Cart listed! 
21-05-2026 16:58:57 |INFO| Category listed! 
21-05-2026 16:58:57 |INFO| Cart listed! 
21-05-2026 16:58:57 |INFO| Products listed! 
21-05-2026 16:58:59 |INFO| Cart updated! 
21-05-2026 16:59:00 |ERROR| Error | POST | /api/v1/cart : Not enough stock available! 
Error: Not enough stock available!
    at C:\Users\yosef\OneDrive\Desktop\NTI\Ecommerce Backend\controller\cart.controller.js:38:16
    at process.processTicksAndRejections (node:internal/process/task_queues:104:5)
21-05-2026 16:59:00 |ERROR| Error | POST | /api/v1/cart : Not enough stock available! 
Error: Not enough stock available!
    at C:\Users\yosef\OneDrive\Desktop\NTI\Ecommerce Backend\controller\cart.controller.js:38:16
    at process.processTicksAndRejections (node:internal/process/task_queues:104:5)
21-05-2026 16:59:00 |ERROR| Error | POST | /api/v1/cart : Not enough stock available! 
Error: Not enough stock available!
    at C:\Users\yosef\OneDrive\Desktop\NTI\Ecommerce Backend\controller\cart.controller.js:38:16
    at process.processTicksAndRejections (node:internal/process/task_queues:104:5)
21-05-2026 16:59:00 |ERROR| Error | POST | /api/v1/cart : Not enough stock available! 
Error: Not enough stock available!
    at C:\Users\yosef\OneDrive\Desktop\NTI\Ecommerce Backend\controller\cart.controller.js:38:16
    at process.processTicksAndRejections (node:internal/process/task_queues:104:5)
21-05-2026 16:59:01 |ERROR| Error | POST | /api/v1/cart : Not enough stock available! 
Error: Not enough stock available!
    at C:\Users\yosef\OneDrive\Desktop\NTI\Ecommerce Backend\controller\cart.controller.js:38:16
    at process.processTicksAndRejections (node:internal/process/task_queues:104:5)
21-05-2026 16:59:02 |INFO| Cart updated! 
21-05-2026 16:59:02 |INFO| Cart updated! 
21-05-2026 16:59:02 |ERROR| Error | POST | /api/v1/cart : Not enough stock available! 
Error: Not enough stock available!
    at C:\Users\yosef\OneDrive\Desktop\NTI\Ecommerce Backend\controller\cart.controller.js:38:16
    at process.processTicksAndRejections (node:internal/process/task_queues:104:5)
21-05-2026 16:59:04 |INFO| Cart listed! 
21-05-2026 16:59:06 |INFO| Cart Item is removed! 
21-05-2026 16:59:07 |INFO| Cart Item is removed! 
21-05-2026 16:59:13 |INFO| Category listed! 
21-05-2026 16:59:13 |INFO| Products listed! 
21-05-2026 16:59:30 |INFO| Cart merged! 
21-05-2026 16:59:31 |INFO| Cart listed! 
21-05-2026 16:59:31 |INFO| Reviews are listed! 
21-05-2026 16:59:31 |INFO| Products listed! 
21-05-2026 16:59:32 |INFO| Cart listed! 
21-05-2026 16:59:34 |INFO| Cart Item is removed! 
21-05-2026 16:59:35 |INFO| Reviews are listed! 
21-05-2026 16:59:35 |INFO| Products listed! 
21-05-2026 16:59:41 |INFO| Category listed! 
21-05-2026 16:59:41 |INFO| Products listed! 
21-05-2026 16:59:41 |INFO| Cart listed! 
21-05-2026 16:59:44 |INFO| Products listed! 
21-05-2026 16:59:44 |INFO| Reviews are listed! 
21-05-2026 16:59:48 |INFO| Category listed! 
21-05-2026 16:59:48 |INFO| Cart listed! 
21-05-2026 16:59:48 |INFO| Products listed! 
21-05-2026 16:59:52 |INFO| Reviews are listed! 
21-05-2026 16:59:52 |INFO| Products listed! 
21-05-2026 16:59:53 |INFO| Orders is listed! 
21-05-2026 17:00:02 |INFO| Cart listed! 
21-05-2026 17:00:02 |INFO| Reviews are listed! 
21-05-2026 17:00:02 |INFO| Products listed! 
21-05-2026 17:00:15 |INFO| Category listed! 
21-05-2026 17:00:15 |INFO| Products listed! 
21-05-2026 17:00:15 |INFO| Products listed! 
21-05-2026 17:00:15 |INFO| subCategory listed! 
21-05-2026 17:00:20 |INFO| Orders is listed! 
21-05-2026 17:00:21 |INFO| Category listed! 
21-05-2026 17:00:22 |INFO| Category listed! 
21-05-2026 17:00:22 |INFO| subCategory listed! 
21-05-2026 17:00:23 |INFO| users listed! 
21-05-2026 17:00:24 |INFO| Reviews are listed for admin! 
21-05-2026 17:00:26 |INFO| Category listed! 
21-05-2026 17:00:26 |INFO| subCategory listed! 
21-05-2026 17:00:27 |INFO| users listed! 
21-05-2026 17:01:06 |INFO| Orders is listed! 
21-05-2026 17:01:07 |INFO| Category listed! 
21-05-2026 17:01:07 |INFO| Products listed! 
21-05-2026 17:01:07 |INFO| Products listed! 
21-05-2026 17:01:07 |INFO| subCategory listed! 
21-05-2026 17:01:52 |INFO| Cart listed! 
21-05-2026 17:01:52 |INFO| Category listed! 
21-05-2026 17:01:52 |INFO| Products listed! 
21-05-2026 17:01:52 |INFO| Cart listed! 
21-05-2026 17:01:54 |INFO| Cart listed! 
21-05-2026 17:01:54 |INFO| Category listed! 
21-05-2026 17:01:54 |INFO| Cart listed! 
21-05-2026 17:01:54 |INFO| Products listed! 
21-05-2026 17:02:43 |INFO| Orders is listed! 
21-05-2026 17:02:44 |INFO| Category listed! 
21-05-2026 17:02:44 |INFO| Products listed! 
21-05-2026 17:02:44 |INFO| Products listed! 
21-05-2026 17:02:44 |INFO| subCategory listed! 
21-05-2026 17:02:59 |INFO| Category listed! 
21-05-2026 17:03:02 |ERROR| Error | POST | /api/v1/category/addGategory : Category is exsited! 
Error: Category is exsited!
    at C:\Users\yosef\OneDrive\Desktop\NTI\Ecommerce Backend\controller\category.controller.js:19:15
    at process.processTicksAndRejections (node:internal/process/task_queues:104:5)
21-05-2026 17:03:04 |ERROR| Error | POST | /api/v1/category/addGategory : Category is exsited! 
Error: Category is exsited!
    at C:\Users\yosef\OneDrive\Desktop\NTI\Ecommerce Backend\controller\category.controller.js:19:15
    at process.processTicksAndRejections (node:internal/process/task_queues:104:5)
21-05-2026 17:03:06 |ERROR| Error | POST | /api/v1/category/addGategory : Category is exsited! 
Error: Category is exsited!
    at C:\Users\yosef\OneDrive\Desktop\NTI\Ecommerce Backend\controller\category.controller.js:19:15
    at process.processTicksAndRejections (node:internal/process/task_queues:104:5)
21-05-2026 17:03:06 |ERROR| Error | POST | /api/v1/category/addGategory : Category is exsited! 
Error: Category is exsited!
    at C:\Users\yosef\OneDrive\Desktop\NTI\Ecommerce Backend\controller\category.controller.js:19:15
    at process.processTicksAndRejections (node:internal/process/task_queues:104:5)
21-05-2026 17:03:07 |ERROR| Error | POST | /api/v1/category/addGategory : Category is exsited! 
Error: Category is exsited!
    at C:\Users\yosef\OneDrive\Desktop\NTI\Ecommerce Backend\controller\category.controller.js:19:15
    at process.processTicksAndRejections (node:internal/process/task_queues:104:5)
21-05-2026 17:03:07 |ERROR| Error | POST | /api/v1/category/addGategory : Category is exsited! 
Error: Category is exsited!
    at C:\Users\yosef\OneDrive\Desktop\NTI\Ecommerce Backend\controller\category.controller.js:19:15
    at process.processTicksAndRejections (node:internal/process/task_queues:104:5)
21-05-2026 17:03:12 |ERROR| Error | POST | /api/v1/category/addGategory : Category is exsited! 
Error: Category is exsited!
    at C:\Users\yosef\OneDrive\Desktop\NTI\Ecommerce Backend\controller\category.controller.js:19:15
    at process.processTicksAndRejections (node:internal/process/task_queues:104:5)
21-05-2026 17:03:12 |ERROR| Error | POST | /api/v1/category/addGategory : Category is exsited! 
Error: Category is exsited!
    at C:\Users\yosef\OneDrive\Desktop\NTI\Ecommerce Backend\controller\category.controller.js:19:15
    at process.processTicksAndRejections (node:internal/process/task_queues:104:5)
21-05-2026 17:03:12 |ERROR| Error | POST | /api/v1/category/addGategory : Category is exsited! 
Error: Category is exsited!
    at C:\Users\yosef\OneDrive\Desktop\NTI\Ecommerce Backend\controller\category.controller.js:19:15
    at process.processTicksAndRejections (node:internal/process/task_queues:104:5)
21-05-2026 17:03:12 |ERROR| Error | POST | /api/v1/category/addGategory : Category is exsited! 
Error: Category is exsited!
    at C:\Users\yosef\OneDrive\Desktop\NTI\Ecommerce Backend\controller\category.controller.js:19:15
    at process.processTicksAndRejections (node:internal/process/task_queues:104:5)
21-05-2026 17:03:17 |INFO| Category created! 
21-05-2026 17:03:17 |INFO| Category listed! 
21-05-2026 17:03:19 |INFO| subCategory listed! 
21-05-2026 17:03:19 |INFO| Products listed! 
21-05-2026 17:03:20 |INFO| Category listed! 
21-05-2026 17:03:25 |ERROR| Error | POST | /api/v1/category/addGategory : Category is exsited! 
Error: Category is exsited!
    at C:\Users\yosef\OneDrive\Desktop\NTI\Ecommerce Backend\controller\category.controller.js:19:15
    at process.processTicksAndRejections (node:internal/process/task_queues:104:5)
21-05-2026 17:03:26 |ERROR| Error | POST | /api/v1/category/addGategory : Category is exsited! 
Error: Category is exsited!
    at C:\Users\yosef\OneDrive\Desktop\NTI\Ecommerce Backend\controller\category.controller.js:19:15
    at process.processTicksAndRejections (node:internal/process/task_queues:104:5)
21-05-2026 17:03:26 |ERROR| Error | POST | /api/v1/category/addGategory : Category is exsited! 
Error: Category is exsited!
    at C:\Users\yosef\OneDrive\Desktop\NTI\Ecommerce Backend\controller\category.controller.js:19:15
    at process.processTicksAndRejections (node:internal/process/task_queues:104:5)
21-05-2026 17:03:27 |ERROR| Error | POST | /api/v1/category/addGategory : Category is exsited! 
Error: Category is exsited!
    at C:\Users\yosef\OneDrive\Desktop\NTI\Ecommerce Backend\controller\category.controller.js:19:15
    at process.processTicksAndRejections (node:internal/process/task_queues:104:5)
21-05-2026 17:03:27 |ERROR| Error | POST | /api/v1/category/addGategory : Category is exsited! 
Error: Category is exsited!
    at C:\Users\yosef\OneDrive\Desktop\NTI\Ecommerce Backend\controller\category.controller.js:19:15
    at process.processTicksAndRejections (node:internal/process/task_queues:104:5)
21-05-2026 17:03:29 |INFO| Category listed! 
21-05-2026 17:03:29 |INFO| subCategory listed! 
21-05-2026 17:03:37 |INFO| Category listed! 
21-05-2026 17:03:42 |ERROR| Error | PUT | /api/v1/category/69f9d6cbfd951ec68e6959ec : Plan executor error during update :: caused by :: E11000 duplicate key error collection: eCommerece.categories index: name_1 dup key: { name: "men shoes" } 
MongoServerError: Plan executor error during update :: caused by :: E11000 duplicate key error collection: eCommerece.categories index: name_1 dup key: { name: "men shoes" }
    at UpdateOneOperation.handleOk (C:\Users\yosef\OneDrive\Desktop\NTI\Ecommerce Backend\node_modules\mongodb\lib\operations\update.js:70:19)
    at executeOperationWithRetries (C:\Users\yosef\OneDrive\Desktop\NTI\Ecommerce Backend\node_modules\mongodb\lib\operations\execute_operation.js:194:34)
    at process.processTicksAndRejections (node:internal/process/task_queues:104:5)
    at async executeOperation (C:\Users\yosef\OneDrive\Desktop\NTI\Ecommerce Backend\node_modules\mongodb\lib\operations\execute_operation.js:83:16)
    at async Collection.updateOne (C:\Users\yosef\OneDrive\Desktop\NTI\Ecommerce Backend\node_modules\mongodb\lib\collection.js:238:16)
    at async model.$__save (C:\Users\yosef\OneDrive\Desktop\NTI\Ecommerce Backend\node_modules\mongoose\lib\model.js:477:18)
    at async model.save (C:\Users\yosef\OneDrive\Desktop\NTI\Ecommerce Backend\node_modules\mongoose\lib\model.js:667:5)
    at async C:\Users\yosef\OneDrive\Desktop\NTI\Ecommerce Backend\controller\category.controller.js:65:26
21-05-2026 17:03:43 |ERROR| Error | PUT | /api/v1/category/69f9d6cbfd951ec68e6959ec : Plan executor error during update :: caused by :: E11000 duplicate key error collection: eCommerece.categories index: name_1 dup key: { name: "men shoes" } 
MongoServerError: Plan executor error during update :: caused by :: E11000 duplicate key error collection: eCommerece.categories index: name_1 dup key: { name: "men shoes" }
    at UpdateOneOperation.handleOk (C:\Users\yosef\OneDrive\Desktop\NTI\Ecommerce Backend\node_modules\mongodb\lib\operations\update.js:70:19)
    at executeOperationWithRetries (C:\Users\yosef\OneDrive\Desktop\NTI\Ecommerce Backend\node_modules\mongodb\lib\operations\execute_operation.js:194:34)
    at process.processTicksAndRejections (node:internal/process/task_queues:104:5)
    at async executeOperation (C:\Users\yosef\OneDrive\Desktop\NTI\Ecommerce Backend\node_modules\mongodb\lib\operations\execute_operation.js:83:16)
    at async Collection.updateOne (C:\Users\yosef\OneDrive\Desktop\NTI\Ecommerce Backend\node_modules\mongodb\lib\collection.js:238:16)
    at async model.$__save (C:\Users\yosef\OneDrive\Desktop\NTI\Ecommerce Backend\node_modules\mongoose\lib\model.js:477:18)
    at async model.save (C:\Users\yosef\OneDrive\Desktop\NTI\Ecommerce Backend\node_modules\mongoose\lib\model.js:667:5)
    at async C:\Users\yosef\OneDrive\Desktop\NTI\Ecommerce Backend\controller\category.controller.js:65:26
21-05-2026 17:03:43 |ERROR| Error | PUT | /api/v1/category/69f9d6cbfd951ec68e6959ec : Plan executor error during update :: caused by :: E11000 duplicate key error collection: eCommerece.categories index: name_1 dup key: { name: "men shoes" } 
MongoServerError: Plan executor error during update :: caused by :: E11000 duplicate key error collection: eCommerece.categories index: name_1 dup key: { name: "men shoes" }
    at UpdateOneOperation.handleOk (C:\Users\yosef\OneDrive\Desktop\NTI\Ecommerce Backend\node_modules\mongodb\lib\operations\update.js:70:19)
    at executeOperationWithRetries (C:\Users\yosef\OneDrive\Desktop\NTI\Ecommerce Backend\node_modules\mongodb\lib\operations\execute_operation.js:194:34)
    at process.processTicksAndRejections (node:internal/process/task_queues:104:5)
    at async executeOperation (C:\Users\yosef\OneDrive\Desktop\NTI\Ecommerce Backend\node_modules\mongodb\lib\operations\execute_operation.js:83:16)
    at async Collection.updateOne (C:\Users\yosef\OneDrive\Desktop\NTI\Ecommerce Backend\node_modules\mongodb\lib\collection.js:238:16)
    at async model.$__save (C:\Users\yosef\OneDrive\Desktop\NTI\Ecommerce Backend\node_modules\mongoose\lib\model.js:477:18)
    at async model.save (C:\Users\yosef\OneDrive\Desktop\NTI\Ecommerce Backend\node_modules\mongoose\lib\model.js:667:5)
    at async C:\Users\yosef\OneDrive\Desktop\NTI\Ecommerce Backend\controller\category.controller.js:65:26
21-05-2026 17:03:43 |ERROR| Error | PUT | /api/v1/category/69f9d6cbfd951ec68e6959ec : Plan executor error during update :: caused by :: E11000 duplicate key error collection: eCommerece.categories index: name_1 dup key: { name: "men shoes" } 
MongoServerError: Plan executor error during update :: caused by :: E11000 duplicate key error collection: eCommerece.categories index: name_1 dup key: { name: "men shoes" }
    at UpdateOneOperation.handleOk (C:\Users\yosef\OneDrive\Desktop\NTI\Ecommerce Backend\node_modules\mongodb\lib\operations\update.js:70:19)
    at executeOperationWithRetries (C:\Users\yosef\OneDrive\Desktop\NTI\Ecommerce Backend\node_modules\mongodb\lib\operations\execute_operation.js:194:34)
    at process.processTicksAndRejections (node:internal/process/task_queues:104:5)
    at async executeOperation (C:\Users\yosef\OneDrive\Desktop\NTI\Ecommerce Backend\node_modules\mongodb\lib\operations\execute_operation.js:83:16)
    at async Collection.updateOne (C:\Users\yosef\OneDrive\Desktop\NTI\Ecommerce Backend\node_modules\mongodb\lib\collection.js:238:16)
    at async model.$__save (C:\Users\yosef\OneDrive\Desktop\NTI\Ecommerce Backend\node_modules\mongoose\lib\model.js:477:18)
    at async model.save (C:\Users\yosef\OneDrive\Desktop\NTI\Ecommerce Backend\node_modules\mongoose\lib\model.js:667:5)
    at async C:\Users\yosef\OneDrive\Desktop\NTI\Ecommerce Backend\controller\category.controller.js:65:26
21-05-2026 17:03:46 |INFO| Category listed! 
21-05-2026 17:04:23 |INFO| Category created! 
21-05-2026 17:04:23 |INFO| Category listed! 
21-05-2026 17:04:27 |INFO| Category listed! 
21-05-2026 17:04:28 |INFO| subCategory listed! 
21-05-2026 17:05:31 |INFO| Category listed! 
21-05-2026 17:05:31 |INFO| subCategory listed! 
21-05-2026 17:05:31 |INFO| Cart listed! 
21-05-2026 17:05:31 |INFO| Category listed! 
21-05-2026 17:05:31 |INFO| Products listed! 
21-05-2026 17:05:31 |INFO| Cart listed! 
21-05-2026 17:05:48 |INFO| Category listed! 
21-05-2026 17:05:48 |INFO| subCategory listed! 
21-05-2026 17:05:48 |INFO| Cart listed! 
21-05-2026 17:05:48 |INFO| Category listed! 
21-05-2026 17:05:48 |INFO| Products listed! 
21-05-2026 17:05:48 |INFO| Cart listed! 
21-05-2026 17:06:10 |INFO| Category listed! 
21-05-2026 17:06:10 |INFO| subCategory listed! 
21-05-2026 17:06:12 |INFO| Category listed! 
21-05-2026 17:06:13 |INFO| Category listed! 
21-05-2026 17:06:14 |INFO| Category listed! 
21-05-2026 17:06:14 |INFO| Category listed! 
21-05-2026 17:06:14 |INFO| Category listed! 
21-05-2026 17:06:17 |INFO| subCategory listed! 
21-05-2026 17:06:17 |INFO| Products listed! 
21-05-2026 17:06:18 |INFO| Category listed! 
21-05-2026 17:06:20 |INFO| Category listed! 
21-05-2026 17:06:20 |INFO| subCategory listed! 
21-05-2026 17:06:29 |INFO| Category listed! 
21-05-2026 17:06:29 |INFO| subCategory listed! 
21-05-2026 17:06:30 |INFO| Category listed! 
21-05-2026 17:06:30 |INFO| subCategory listed! 
21-05-2026 17:06:30 |INFO| Category listed! 
21-05-2026 17:06:30 |INFO| subCategory listed! 
21-05-2026 17:06:33 |INFO| Orders is listed! 
21-05-2026 17:06:34 |INFO| Category listed! 
21-05-2026 17:06:34 |INFO| subCategory listed! 
21-05-2026 17:06:34 |INFO| Products listed! 
21-05-2026 17:06:34 |INFO| Products listed! 
21-05-2026 17:06:41 |ERROR| Error | PATCH | /api/v1/category/6a076ff2f5de2887974c09d8 : can't find /api/v1/category/6a076ff2f5de2887974c09d8 
Error: can't find /api/v1/category/6a076ff2f5de2887974c09d8
    at C:\Users\yosef\OneDrive\Desktop\NTI\Ecommerce Backend\server.js:29:7
    at Layer.handleRequest (C:\Users\yosef\OneDrive\Desktop\NTI\Ecommerce Backend\node_modules\router\lib\layer.js:152:17)
    at trimPrefix (C:\Users\yosef\OneDrive\Desktop\NTI\Ecommerce Backend\node_modules\router\index.js:342:13)
    at C:\Users\yosef\OneDrive\Desktop\NTI\Ecommerce Backend\node_modules\router\index.js:297:9
    at processParams (C:\Users\yosef\OneDrive\Desktop\NTI\Ecommerce Backend\node_modules\router\index.js:582:12)
    at next (C:\Users\yosef\OneDrive\Desktop\NTI\Ecommerce Backend\node_modules\router\index.js:291:5)
    at C:\Users\yosef\OneDrive\Desktop\NTI\Ecommerce Backend\node_modules\router\index.js:688:15
    at next (C:\Users\yosef\OneDrive\Desktop\NTI\Ecommerce Backend\node_modules\router\index.js:276:14)
    at router.handle (C:\Users\yosef\OneDrive\Desktop\NTI\Ecommerce Backend\node_modules\router\index.js:186:3)
    at router (C:\Users\yosef\OneDrive\Desktop\NTI\Ecommerce Backend\node_modules\router\index.js:60:12)
21-05-2026 17:06:41 |ERROR| Error | PATCH | /api/v1/subCategory/6a077005f5de2887974c09da : can't find /api/v1/subCategory/6a077005f5de2887974c09da 
Error: can't find /api/v1/subCategory/6a077005f5de2887974c09da
    at C:\Users\yosef\OneDrive\Desktop\NTI\Ecommerce Backend\server.js:29:7
    at Layer.handleRequest (C:\Users\yosef\OneDrive\Desktop\NTI\Ecommerce Backend\node_modules\router\lib\layer.js:152:17)
    at trimPrefix (C:\Users\yosef\OneDrive\Desktop\NTI\Ecommerce Backend\node_modules\router\index.js:342:13)
    at C:\Users\yosef\OneDrive\Desktop\NTI\Ecommerce Backend\node_modules\router\index.js:297:9
    at processParams (C:\Users\yosef\OneDrive\Desktop\NTI\Ecommerce Backend\node_modules\router\index.js:582:12)
    at next (C:\Users\yosef\OneDrive\Desktop\NTI\Ecommerce Backend\node_modules\router\index.js:291:5)
    at C:\Users\yosef\OneDrive\Desktop\NTI\Ecommerce Backend\node_modules\router\index.js:688:15
    at next (C:\Users\yosef\OneDrive\Desktop\NTI\Ecommerce Backend\node_modules\router\index.js:276:14)
    at router.handle (C:\Users\yosef\OneDrive\Desktop\NTI\Ecommerce Backend\node_modules\router\index.js:186:3)
    at router (C:\Users\yosef\OneDrive\Desktop\NTI\Ecommerce Backend\node_modules\router\index.js:60:12)
21-05-2026 17:06:42 |INFO| Category listed! 
21-05-2026 17:06:43 |INFO| Category listed! 
21-05-2026 17:06:43 |INFO| subCategory listed! 
21-05-2026 17:06:44 |INFO| Category listed! 
21-05-2026 17:06:45 |INFO| Orders is listed! 
21-05-2026 17:06:47 |INFO| Category listed! 
21-05-2026 17:06:47 |INFO| subCategory listed! 
21-05-2026 17:06:47 |INFO| Products listed! 
21-05-2026 17:06:47 |INFO| Products listed! 
21-05-2026 17:06:48 |INFO| Category listed! 
21-05-2026 17:06:48 |INFO| Products listed! 
21-05-2026 17:06:48 |INFO| Products listed! 
21-05-2026 17:06:48 |INFO| subCategory listed! 
21-05-2026 17:06:52 |ERROR| Error | PATCH | /api/v1/category/6a076ff2f5de2887974c09d8 : can't find /api/v1/category/6a076ff2f5de2887974c09d8 
Error: can't find /api/v1/category/6a076ff2f5de2887974c09d8
    at C:\Users\yosef\OneDrive\Desktop\NTI\Ecommerce Backend\server.js:29:7
    at Layer.handleRequest (C:\Users\yosef\OneDrive\Desktop\NTI\Ecommerce Backend\node_modules\router\lib\layer.js:152:17)
    at trimPrefix (C:\Users\yosef\OneDrive\Desktop\NTI\Ecommerce Backend\node_modules\router\index.js:342:13)
    at C:\Users\yosef\OneDrive\Desktop\NTI\Ecommerce Backend\node_modules\router\index.js:297:9
    at processParams (C:\Users\yosef\OneDrive\Desktop\NTI\Ecommerce Backend\node_modules\router\index.js:582:12)
    at next (C:\Users\yosef\OneDrive\Desktop\NTI\Ecommerce Backend\node_modules\router\index.js:291:5)
    at C:\Users\yosef\OneDrive\Desktop\NTI\Ecommerce Backend\node_modules\router\index.js:688:15
    at next (C:\Users\yosef\OneDrive\Desktop\NTI\Ecommerce Backend\node_modules\router\index.js:276:14)
    at router.handle (C:\Users\yosef\OneDrive\Desktop\NTI\Ecommerce Backend\node_modules\router\index.js:186:3)
    at router (C:\Users\yosef\OneDrive\Desktop\NTI\Ecommerce Backend\node_modules\router\index.js:60:12)
21-05-2026 17:06:52 |ERROR| Error | PATCH | /api/v1/subCategory/6a077005f5de2887974c09da : can't find /api/v1/subCategory/6a077005f5de2887974c09da 
Error: can't find /api/v1/subCategory/6a077005f5de2887974c09da
    at C:\Users\yosef\OneDrive\Desktop\NTI\Ecommerce Backend\server.js:29:7
    at Layer.handleRequest (C:\Users\yosef\OneDrive\Desktop\NTI\Ecommerce Backend\node_modules\router\lib\layer.js:152:17)
    at trimPrefix (C:\Users\yosef\OneDrive\Desktop\NTI\Ecommerce Backend\node_modules\router\index.js:342:13)
    at C:\Users\yosef\OneDrive\Desktop\NTI\Ecommerce Backend\node_modules\router\index.js:297:9
    at processParams (C:\Users\yosef\OneDrive\Desktop\NTI\Ecommerce Backend\node_modules\router\index.js:582:12)
    at next (C:\Users\yosef\OneDrive\Desktop\NTI\Ecommerce Backend\node_modules\router\index.js:291:5)
    at C:\Users\yosef\OneDrive\Desktop\NTI\Ecommerce Backend\node_modules\router\index.js:688:15
    at next (C:\Users\yosef\OneDrive\Desktop\NTI\Ecommerce Backend\node_modules\router\index.js:276:14)
    at router.handle (C:\Users\yosef\OneDrive\Desktop\NTI\Ecommerce Backend\node_modules\router\index.js:186:3)
    at router (C:\Users\yosef\OneDrive\Desktop\NTI\Ecommerce Backend\node_modules\router\index.js:60:12)
21-05-2026 17:06:55 |ERROR| Error | PATCH | /api/v1/category/6a076ff2f5de2887974c09d8 : can't find /api/v1/category/6a076ff2f5de2887974c09d8 
Error: can't find /api/v1/category/6a076ff2f5de2887974c09d8
    at C:\Users\yosef\OneDrive\Desktop\NTI\Ecommerce Backend\server.js:29:7
    at Layer.handleRequest (C:\Users\yosef\OneDrive\Desktop\NTI\Ecommerce Backend\node_modules\router\lib\layer.js:152:17)
    at trimPrefix (C:\Users\yosef\OneDrive\Desktop\NTI\Ecommerce Backend\node_modules\router\index.js:342:13)
    at C:\Users\yosef\OneDrive\Desktop\NTI\Ecommerce Backend\node_modules\router\index.js:297:9
    at processParams (C:\Users\yosef\OneDrive\Desktop\NTI\Ecommerce Backend\node_modules\router\index.js:582:12)
    at next (C:\Users\yosef\OneDrive\Desktop\NTI\Ecommerce Backend\node_modules\router\index.js:291:5)
    at C:\Users\yosef\OneDrive\Desktop\NTI\Ecommerce Backend\node_modules\router\index.js:688:15
    at next (C:\Users\yosef\OneDrive\Desktop\NTI\Ecommerce Backend\node_modules\router\index.js:276:14)
    at router.handle (C:\Users\yosef\OneDrive\Desktop\NTI\Ecommerce Backend\node_modules\router\index.js:186:3)
    at router (C:\Users\yosef\OneDrive\Desktop\NTI\Ecommerce Backend\node_modules\router\index.js:60:12)
21-05-2026 17:06:55 |ERROR| Error | PATCH | /api/v1/subCategory/6a077005f5de2887974c09da : can't find /api/v1/subCategory/6a077005f5de2887974c09da 
Error: can't find /api/v1/subCategory/6a077005f5de2887974c09da
    at C:\Users\yosef\OneDrive\Desktop\NTI\Ecommerce Backend\server.js:29:7
    at Layer.handleRequest (C:\Users\yosef\OneDrive\Desktop\NTI\Ecommerce Backend\node_modules\router\lib\layer.js:152:17)
    at trimPrefix (C:\Users\yosef\OneDrive\Desktop\NTI\Ecommerce Backend\node_modules\router\index.js:342:13)
    at C:\Users\yosef\OneDrive\Desktop\NTI\Ecommerce Backend\node_modules\router\index.js:297:9
    at processParams (C:\Users\yosef\OneDrive\Desktop\NTI\Ecommerce Backend\node_modules\router\index.js:582:12)
    at next (C:\Users\yosef\OneDrive\Desktop\NTI\Ecommerce Backend\node_modules\router\index.js:291:5)
    at C:\Users\yosef\OneDrive\Desktop\NTI\Ecommerce Backend\node_modules\router\index.js:688:15
    at next (C:\Users\yosef\OneDrive\Desktop\NTI\Ecommerce Backend\node_modules\router\index.js:276:14)
    at router.handle (C:\Users\yosef\OneDrive\Desktop\NTI\Ecommerce Backend\node_modules\router\index.js:186:3)
    at router (C:\Users\yosef\OneDrive\Desktop\NTI\Ecommerce Backend\node_modules\router\index.js:60:12)
21-05-2026 17:07:56 |INFO| Cart listed! 
21-05-2026 17:07:56 |INFO| Cart listed! 
21-05-2026 17:07:56 |INFO| Category listed! 
21-05-2026 17:07:56 |INFO| Products listed! 
21-05-2026 17:07:56 |INFO| Products listed! 
21-05-2026 17:07:56 |INFO| Category listed! 
21-05-2026 17:07:56 |INFO| Products listed! 
21-05-2026 17:07:56 |INFO| subCategory listed! 
21-05-2026 17:08:17 |INFO| Category listed! 
21-05-2026 17:08:17 |INFO| Products listed! 
21-05-2026 17:08:17 |INFO| Products listed! 
21-05-2026 17:08:17 |INFO| subCategory listed! 
21-05-2026 17:08:17 |INFO| Orders is listed! 
21-05-2026 17:08:18 |INFO| Category listed! 
21-05-2026 17:08:20 |INFO| Category listed! 
21-05-2026 17:08:20 |INFO| subCategory listed! 
21-05-2026 17:08:21 |INFO| Category listed! 
21-05-2026 17:08:21 |INFO| Products listed! 
21-05-2026 17:08:21 |INFO| Products listed! 
21-05-2026 17:08:21 |INFO| subCategory listed! 
21-05-2026 17:08:26 |INFO| subCategory updated successfully! 
21-05-2026 17:08:26 |INFO| Product restored successfully! 
21-05-2026 17:08:26 |INFO| Products listed! 
21-05-2026 17:08:26 |INFO| Products listed! 
21-05-2026 17:08:29 |INFO| Category listed! 
21-05-2026 17:08:31 |INFO| Category listed! 
21-05-2026 17:08:31 |INFO| subCategory listed! 
21-05-2026 17:08:32 |INFO| Category listed! 
21-05-2026 17:08:32 |INFO| subCategory listed! 
21-05-2026 17:08:33 |INFO| Category listed! 
21-05-2026 17:08:33 |INFO| subCategory listed! 
21-05-2026 17:08:33 |INFO| Category listed! 
21-05-2026 17:08:34 |INFO| Category listed! 
21-05-2026 17:08:35 |INFO| Category listed! 
21-05-2026 17:08:46 |INFO| Orders is listed! 
21-05-2026 17:08:48 |INFO| Category listed! 
21-05-2026 17:08:48 |INFO| Products listed! 
21-05-2026 17:08:48 |INFO| Products listed! 
21-05-2026 17:08:48 |INFO| subCategory listed! 
21-05-2026 17:08:52 |INFO| subCategory updated successfully! 
21-05-2026 17:08:52 |INFO| Product restored successfully! 
21-05-2026 17:08:52 |INFO| Products listed! 
21-05-2026 17:08:52 |INFO| Products listed! 
21-05-2026 17:08:57 |INFO| Orders is listed! 
21-05-2026 17:08:58 |INFO| Category listed! 
21-05-2026 17:08:59 |INFO| Category listed! 
21-05-2026 17:08:59 |INFO| subCategory listed! 
21-05-2026 17:09:58 |INFO| Category listed! 
21-05-2026 17:10:09 |ERROR| Error | GET | /api/v1/category/6a076ff2f5de2887974c09d8 : Category is not found! 
Error: Category is not found!
    at C:\Users\yosef\OneDrive\Desktop\NTI\Ecommerce Backend\controller\category.controller.js:44:15
    at process.processTicksAndRejections (node:internal/process/task_queues:104:5)
21-05-2026 17:12:43 |INFO| Products listed! 
21-05-2026 17:13:53 |INFO| Category listed! 
21-05-2026 17:13:53 |INFO| subCategory listed! 
21-05-2026 17:13:53 |INFO| Category listed! 
21-05-2026 17:13:53 |INFO| Cart listed! 
21-05-2026 17:13:53 |INFO| Cart listed! 
21-05-2026 17:13:53 |INFO| Category listed! 
21-05-2026 17:13:53 |INFO| Products listed! 
21-05-2026 17:15:16 |INFO| Category listed! 
21-05-2026 17:15:16 |INFO| subCategory listed! 
21-05-2026 17:15:16 |INFO| Category listed! 
21-05-2026 17:15:16 |INFO| Cart listed! 
21-05-2026 17:15:16 |INFO| Category listed! 
21-05-2026 17:15:16 |INFO| Products listed! 
21-05-2026 17:15:16 |INFO| Cart listed! 
21-05-2026 17:15:26 |INFO| Category listed! 
21-05-2026 17:15:26 |INFO| subCategory listed! 
21-05-2026 17:15:27 |INFO| Category listed! 
21-05-2026 17:15:28 |INFO| Orders is listed! 
21-05-2026 17:15:29 |INFO| Category listed! 
21-05-2026 17:15:29 |INFO| subCategory listed! 
21-05-2026 17:15:29 |INFO| Products listed! 
21-05-2026 17:15:29 |INFO| Products listed! 
21-05-2026 17:15:33 |INFO| Category listed! 
21-05-2026 17:15:35 |INFO| Orders is listed! 
21-05-2026 17:15:36 |INFO| Category listed! 
21-05-2026 17:15:37 |INFO| Category listed! 
21-05-2026 17:15:37 |INFO| Products listed! 
21-05-2026 17:15:37 |INFO| Products listed! 
21-05-2026 17:15:37 |INFO| subCategory listed! 
21-05-2026 17:15:41 |INFO| Category listed! 
21-05-2026 17:15:41 |INFO| Products listed! 
21-05-2026 17:15:41 |INFO| Products listed! 
21-05-2026 17:15:41 |INFO| subCategory listed! 
21-05-2026 17:16:12 |INFO| Products listed! 
21-05-2026 17:16:12 |INFO| Products listed! 
21-05-2026 17:16:12 |INFO| Category listed! 
21-05-2026 17:16:12 |INFO| subCategory listed! 
21-05-2026 17:16:14 |INFO| Category listed! 
21-05-2026 17:16:15 |INFO| subCategory listed! 
21-05-2026 17:16:15 |INFO| Category listed! 
21-05-2026 17:16:16 |INFO| Category listed! 
21-05-2026 17:16:21 |INFO| Category created! 
21-05-2026 17:16:21 |INFO| Category listed! 
21-05-2026 17:16:27 |INFO| Category created! 
21-05-2026 17:16:27 |INFO| Category listed! 
21-05-2026 17:16:31 |ERROR| Error | POST | /api/v1/category/addGategory : Category is exsited! 
Error: Category is exsited!
    at C:\Users\yosef\OneDrive\Desktop\NTI\Ecommerce Backend\controller\category.controller.js:19:15
    at process.processTicksAndRejections (node:internal/process/task_queues:104:5)
21-05-2026 17:16:33 |ERROR| Error | POST | /api/v1/category/addGategory : Category is exsited! 
Error: Category is exsited!
    at C:\Users\yosef\OneDrive\Desktop\NTI\Ecommerce Backend\controller\category.controller.js:19:15
    at process.processTicksAndRejections (node:internal/process/task_queues:104:5)
21-05-2026 17:16:34 |ERROR| Error | POST | /api/v1/category/addGategory : Category is exsited! 
Error: Category is exsited!
    at C:\Users\yosef\OneDrive\Desktop\NTI\Ecommerce Backend\controller\category.controller.js:19:15
    at process.processTicksAndRejections (node:internal/process/task_queues:104:5)
21-05-2026 17:16:35 |INFO| subCategory listed! 
21-05-2026 17:16:35 |INFO| Category listed! 
21-05-2026 17:16:48 |INFO| subCategory created! 
21-05-2026 17:16:48 |INFO| Category listed! 
21-05-2026 17:16:48 |INFO| subCategory listed! 
21-05-2026 17:16:56 |INFO| subCategory created! 
21-05-2026 17:16:56 |INFO| Category listed! 
21-05-2026 17:16:56 |INFO| subCategory listed! 
21-05-2026 17:16:58 |INFO| Orders is listed! 
21-05-2026 17:17:00 |INFO| Category listed! 
21-05-2026 17:17:00 |INFO| Products listed! 
21-05-2026 17:17:00 |INFO| Products listed! 
21-05-2026 17:17:00 |INFO| subCategory listed! 
21-05-2026 17:17:01 |INFO| Products listed! 
21-05-2026 17:17:01 |INFO| Products listed! 
21-05-2026 17:17:01 |INFO| Category listed! 
21-05-2026 17:17:01 |INFO| subCategory listed! 
21-05-2026 17:17:19 |INFO| Product created! 
21-05-2026 17:17:19 |INFO| Products listed! 
21-05-2026 17:17:39 |INFO| Product created! 
21-05-2026 17:17:39 |INFO| Products listed! 
21-05-2026 17:17:41 |INFO| Products listed! 
21-05-2026 17:17:41 |INFO| Category listed! 
21-05-2026 17:17:41 |INFO| Products listed! 
21-05-2026 17:17:41 |INFO| subCategory listed! 
21-05-2026 17:17:42 |INFO| Category listed! 
21-05-2026 17:17:42 |INFO| Orders is listed! 
21-05-2026 17:17:43 |INFO| Products listed! 
21-05-2026 17:17:43 |INFO| Category listed! 
21-05-2026 17:17:43 |INFO| Products listed! 
21-05-2026 17:17:43 |INFO| subCategory listed! 
21-05-2026 17:17:48 |INFO| Product deleted successfully! 
21-05-2026 17:17:48 |INFO| Products listed! 
21-05-2026 17:17:48 |INFO| Products listed! 
21-05-2026 17:17:55 |INFO| Cart listed! 
21-05-2026 17:17:55 |INFO| Reviews are listed! 
21-05-2026 17:17:55 |INFO| Products listed! 
21-05-2026 17:18:00 |INFO| Cart listed! 
21-05-2026 17:18:01 |INFO| Products listed! 
21-05-2026 17:18:01 |INFO| Reviews are listed! 
21-05-2026 17:18:05 |INFO| Cart updated! 
21-05-2026 17:18:05 |INFO| Cart updated! 
21-05-2026 17:18:06 |INFO| Cart updated! 
21-05-2026 17:18:07 |INFO| Cart listed! 
21-05-2026 17:18:15 |INFO| Category listed! 
21-05-2026 17:18:15 |INFO| Products listed! 
21-05-2026 17:18:15 |INFO| Products listed! 
21-05-2026 17:18:15 |INFO| subCategory listed! 
21-05-2026 17:18:16 |INFO| Category listed! 
21-05-2026 17:18:17 |INFO| Category listed! 
21-05-2026 17:18:17 |INFO| subCategory listed! 
21-05-2026 17:18:18 |INFO| Category listed! 
21-05-2026 17:18:19 |INFO| Category listed! 
21-05-2026 17:18:19 |INFO| Products listed! 
21-05-2026 17:18:19 |INFO| Products listed! 
21-05-2026 17:18:19 |INFO| subCategory listed! 
21-05-2026 17:18:24 |INFO| subCategory updated successfully! 
21-05-2026 17:18:24 |INFO| Product restored successfully! 
21-05-2026 17:18:24 |INFO| Products listed! 
21-05-2026 17:18:24 |INFO| Products listed! 
21-05-2026 17:18:25 |INFO| Category listed! 
21-05-2026 17:18:26 |INFO| Category listed! 
21-05-2026 17:18:26 |INFO| subCategory listed! 
21-05-2026 17:18:28 |INFO| Category listed! 
21-05-2026 17:18:29 |INFO| subCategory listed! 
21-05-2026 17:18:29 |INFO| Products listed! 
21-05-2026 17:18:32 |INFO| Category listed! 
21-05-2026 17:18:32 |INFO| subCategory listed! 
21-05-2026 17:18:33 |INFO| Products listed! 
21-05-2026 17:18:37 |INFO| Category listed! 
21-05-2026 17:18:37 |INFO| Products listed! 
21-05-2026 17:18:37 |INFO| Products listed! 
21-05-2026 17:18:37 |INFO| subCategory listed! 
21-05-2026 17:18:43 |INFO| Product deleted successfully! 
21-05-2026 17:18:43 |INFO| Products listed! 
21-05-2026 17:18:43 |INFO| Products listed! 
21-05-2026 17:18:45 |INFO| Category listed! 
21-05-2026 17:18:47 |INFO| Products listed! 
21-05-2026 17:18:47 |INFO| subCategory listed! 
21-05-2026 17:18:49 |INFO| Category listed! 
21-05-2026 17:18:49 |INFO| subCategory listed! 
21-05-2026 17:18:50 |INFO| Products listed! 
21-05-2026 17:18:51 |INFO| Category listed! 
21-05-2026 17:18:51 |INFO| subCategory listed! 
21-05-2026 17:18:52 |INFO| Category listed! 
21-05-2026 17:18:54 |INFO| subCategory listed! 
21-05-2026 17:18:54 |INFO| Products listed! 
21-05-2026 17:18:55 |INFO| Category listed! 
21-05-2026 17:18:56 |INFO| Category listed! 
21-05-2026 17:18:56 |INFO| Products listed! 
21-05-2026 17:18:56 |INFO| Products listed! 
21-05-2026 17:18:56 |INFO| subCategory listed! 
21-05-2026 17:19:00 |INFO| subCategory updated successfully! 
21-05-2026 17:19:00 |INFO| Product restored successfully! 
21-05-2026 17:19:00 |INFO| Products listed! 
21-05-2026 17:19:00 |INFO| Products listed! 
21-05-2026 17:19:01 |INFO| Category listed! 
21-05-2026 17:19:02 |INFO| Category listed! 
21-05-2026 17:19:02 |INFO| subCategory listed! 
21-05-2026 17:19:04 |INFO| Category listed! 
21-05-2026 17:19:04 |INFO| subCategory listed! 
21-05-2026 17:19:10 |INFO| Products listed! 
21-05-2026 17:19:10 |INFO| Category listed! 
21-05-2026 17:19:10 |INFO| Products listed! 
21-05-2026 17:19:10 |INFO| subCategory listed! 
21-05-2026 17:19:13 |INFO| Products listed! 
21-05-2026 17:19:13 |INFO| Category listed! 
21-05-2026 17:19:13 |INFO| Products listed! 
21-05-2026 17:19:13 |INFO| subCategory listed! 
21-05-2026 17:19:16 |INFO| Product deleted successfully! 
21-05-2026 17:19:16 |INFO| Products listed! 
21-05-2026 17:19:16 |INFO| Products listed! 
21-05-2026 17:19:23 |INFO| Cart listed! 
21-05-2026 17:19:23 |INFO| Reviews are listed! 
21-05-2026 17:19:23 |INFO| Products listed! 
21-05-2026 17:19:25 |INFO| Cart listed! 
21-05-2026 17:19:35 |INFO| Category listed! 
21-05-2026 17:19:35 |INFO| Products listed! 
21-05-2026 17:19:35 |INFO| Products listed! 
21-05-2026 17:19:35 |INFO| subCategory listed! 
21-05-2026 17:19:39 |INFO| Product deleted successfully! 
21-05-2026 17:19:39 |INFO| Products listed! 
21-05-2026 17:19:39 |INFO| Products listed! 
21-05-2026 17:19:45 |INFO| Products listed! 
21-05-2026 17:19:45 |INFO| Reviews are listed! 
21-05-2026 17:19:45 |INFO| Cart listed! 
21-05-2026 17:19:46 |INFO| Cart listed! 
21-05-2026 17:19:48 |INFO| Products listed! 
21-05-2026 17:19:48 |INFO| Reviews are listed! 
21-05-2026 17:21:11 |INFO| Cart listed! 
21-05-2026 17:21:11 |INFO| Reviews are listed! 
21-05-2026 17:21:11 |INFO| Products listed! 
21-05-2026 17:21:11 |INFO| Cart listed! 
21-05-2026 17:21:11 |INFO| Reviews are listed! 
21-05-2026 17:21:11 |INFO| Products listed! 
21-05-2026 17:21:11 |INFO| Cart listed! 
21-05-2026 17:21:11 |INFO| Category listed! 
21-05-2026 17:21:11 |INFO| Products listed! 
21-05-2026 17:21:11 |INFO| Cart listed! 
21-05-2026 17:21:12 |INFO| Cart listed! 
21-05-2026 17:21:12 |INFO| Category listed! 
21-05-2026 17:21:12 |INFO| Products listed! 
21-05-2026 17:21:12 |INFO| Cart listed! 
21-05-2026 17:21:13 |INFO| Cart listed! 
21-05-2026 17:21:13 |INFO| Products listed! 
21-05-2026 17:21:13 |INFO| Reviews are listed! 
21-05-2026 17:21:13 |INFO| Cart listed! 
21-05-2026 17:21:13 |INFO| Products listed! 
21-05-2026 17:21:13 |INFO| Reviews are listed! 
21-05-2026 17:21:27 |INFO| Cart listed! 
21-05-2026 17:21:27 |INFO| Products listed! 
21-05-2026 17:21:27 |INFO| Reviews are listed! 
21-05-2026 17:21:35 |INFO| Products listed! 
21-05-2026 17:21:35 |INFO| Category listed! 
21-05-2026 17:21:35 |INFO| Products listed! 
21-05-2026 17:21:35 |INFO| subCategory listed! 
21-05-2026 17:21:37 |INFO| Category listed! 
21-05-2026 17:21:38 |INFO| Category listed! 
21-05-2026 17:21:38 |INFO| subCategory listed! 
21-05-2026 17:21:38 |INFO| Category listed! 
21-05-2026 17:21:40 |INFO| Products listed! 
21-05-2026 17:21:40 |INFO| Category listed! 
21-05-2026 17:21:40 |INFO| Products listed! 
21-05-2026 17:21:40 |INFO| subCategory listed! 
21-05-2026 17:21:44 |INFO| subCategory updated successfully! 
21-05-2026 17:21:44 |INFO| Product restored successfully! 
21-05-2026 17:21:44 |INFO| Products listed! 
21-05-2026 17:21:44 |INFO| Products listed! 
21-05-2026 17:21:45 |INFO| Category listed! 
21-05-2026 17:21:47 |INFO| Category listed! 
21-05-2026 17:21:47 |INFO| subCategory listed! 
21-05-2026 17:21:48 |INFO| Category listed! 
21-05-2026 17:21:48 |INFO| Category listed! 
21-05-2026 17:22:06 |ERROR| Error | GET | /api/v1/cart : Access denied! 
Error: Access denied!
    at C:\Users\yosef\OneDrive\Desktop\NTI\Ecommerce Backend\middlewares\role.middleware.js:6:16
    at Layer.handleRequest (C:\Users\yosef\OneDrive\Desktop\NTI\Ecommerce Backend\node_modules\router\lib\layer.js:152:17)
    at next (C:\Users\yosef\OneDrive\Desktop\NTI\Ecommerce Backend\node_modules\router\lib\route.js:157:13)
    at exports.authanticate (C:\Users\yosef\OneDrive\Desktop\NTI\Ecommerce Backend\middlewares\auth.middleware.js:17:2)
    at process.processTicksAndRejections (node:internal/process/task_queues:104:5)
21-05-2026 17:22:06 |INFO| Reviews are listed! 
21-05-2026 17:22:06 |INFO| Products listed! 
21-05-2026 17:22:06 |INFO| Cart listed! 
21-05-2026 17:22:06 |INFO| Category listed! 
21-05-2026 17:22:06 |INFO| Cart listed! 
21-05-2026 17:22:06 |INFO| Products listed! 
21-05-2026 17:22:06 |ERROR| Error | GET | /api/v1/cart : Access denied! 
Error: Access denied!
    at C:\Users\yosef\OneDrive\Desktop\NTI\Ecommerce Backend\middlewares\role.middleware.js:6:16
    at Layer.handleRequest (C:\Users\yosef\OneDrive\Desktop\NTI\Ecommerce Backend\node_modules\router\lib\layer.js:152:17)
    at next (C:\Users\yosef\OneDrive\Desktop\NTI\Ecommerce Backend\node_modules\router\lib\route.js:157:13)
    at exports.authanticate (C:\Users\yosef\OneDrive\Desktop\NTI\Ecommerce Backend\middlewares\auth.middleware.js:17:2)
    at process.processTicksAndRejections (node:internal/process/task_queues:104:5)
21-05-2026 17:22:06 |INFO| Category listed! 
21-05-2026 17:22:09 |INFO| Category listed! 
21-05-2026 17:22:17 |INFO| Category listed! 
21-05-2026 17:22:17 |INFO| subCategory listed! 
21-05-2026 17:22:18 |INFO| Category listed! 
21-05-2026 17:22:18 |INFO| subCategory listed! 
21-05-2026 17:22:20 |INFO| Products listed! 
21-05-2026 17:22:20 |INFO| Category listed! 
21-05-2026 17:22:20 |INFO| subCategory listed! 
21-05-2026 17:22:20 |INFO| Products listed! 
21-05-2026 17:22:28 |INFO| Product deleted successfully! 
21-05-2026 17:22:28 |INFO| Products listed! 
21-05-2026 17:22:28 |INFO| Products listed! 
21-05-2026 17:22:35 |INFO| subCategory updated successfully! 
21-05-2026 17:22:35 |INFO| Product restored successfully! 
21-05-2026 17:22:35 |INFO| Products listed! 
21-05-2026 17:22:35 |INFO| Products listed! 
21-05-2026 17:22:51 |INFO| Category listed! 
21-05-2026 17:22:52 |INFO| Category listed! 
21-05-2026 17:22:52 |INFO| subCategory listed! 
21-05-2026 17:23:21 |ERROR| Error | GET | /api/v1/cart : Access denied! 
Error: Access denied!
    at C:\Users\yosef\OneDrive\Desktop\NTI\Ecommerce Backend\middlewares\role.middleware.js:6:16
    at Layer.handleRequest (C:\Users\yosef\OneDrive\Desktop\NTI\Ecommerce Backend\node_modules\router\lib\layer.js:152:17)
    at next (C:\Users\yosef\OneDrive\Desktop\NTI\Ecommerce Backend\node_modules\router\lib\route.js:157:13)
    at exports.authanticate (C:\Users\yosef\OneDrive\Desktop\NTI\Ecommerce Backend\middlewares\auth.middleware.js:17:2)
    at process.processTicksAndRejections (node:internal/process/task_queues:104:5)
21-05-2026 17:23:21 |INFO| Cart listed! 
21-05-2026 17:23:21 |INFO| Category listed! 
21-05-2026 17:23:21 |INFO| Products listed! 
21-05-2026 17:23:21 |INFO| Cart listed! 
21-05-2026 17:23:21 |INFO| Category listed! 
21-05-2026 17:23:21 |INFO| subCategory listed! 
21-05-2026 17:23:34 |INFO| Category listed! 
21-05-2026 17:23:34 |INFO| subCategory listed! 
21-05-2026 17:23:36 |INFO| Products listed! 
21-05-2026 17:23:36 |INFO| Category listed! 
21-05-2026 17:23:36 |INFO| subCategory listed! 
21-05-2026 17:23:36 |INFO| Products listed! 
21-05-2026 17:23:43 |INFO| Product deleted successfully! 
21-05-2026 17:23:43 |INFO| Products listed! 
21-05-2026 17:23:43 |INFO| Products listed! 
21-05-2026 17:23:47 |INFO| subCategory updated successfully! 
21-05-2026 17:23:47 |INFO| Product restored successfully! 
21-05-2026 17:23:47 |INFO| Products listed! 
21-05-2026 17:23:47 |INFO| Products listed! 
21-05-2026 17:23:48 |INFO| Category listed! 
21-05-2026 17:23:50 |INFO| Category listed! 
21-05-2026 17:23:50 |INFO| Products listed! 
21-05-2026 17:23:50 |INFO| Products listed! 
21-05-2026 17:23:50 |INFO| subCategory listed! 
21-05-2026 17:23:54 |INFO| Product deleted successfully! 
21-05-2026 17:23:54 |INFO| Products listed! 
21-05-2026 17:23:54 |INFO| Products listed! 
21-05-2026 17:24:01 |INFO| Category listed! 
21-05-2026 17:24:02 |INFO| Category listed! 
21-05-2026 17:24:02 |INFO| subCategory listed! 
21-05-2026 17:24:03 |INFO| Category listed! 
21-05-2026 17:24:05 |INFO| Category listed! 
21-05-2026 17:24:05 |INFO| subCategory listed! 
21-05-2026 17:24:06 |INFO| Category listed! 
21-05-2026 17:24:10 |ERROR| Error | POST | /api/v1/category/addGategory : Category is exsited! 
Error: Category is exsited!
    at C:\Users\yosef\OneDrive\Desktop\NTI\Ecommerce Backend\controller\category.controller.js:19:15
    at process.processTicksAndRejections (node:internal/process/task_queues:104:5)
21-05-2026 17:24:12 |ERROR| Error | POST | /api/v1/category/addGategory : Category is exsited! 
Error: Category is exsited!
    at C:\Users\yosef\OneDrive\Desktop\NTI\Ecommerce Backend\controller\category.controller.js:19:15
    at process.processTicksAndRejections (node:internal/process/task_queues:104:5)
21-05-2026 17:24:12 |ERROR| Error | POST | /api/v1/category/addGategory : Category is exsited! 
Error: Category is exsited!
    at C:\Users\yosef\OneDrive\Desktop\NTI\Ecommerce Backend\controller\category.controller.js:19:15
    at process.processTicksAndRejections (node:internal/process/task_queues:104:5)
21-05-2026 17:24:12 |ERROR| Error | POST | /api/v1/category/addGategory : Category is exsited! 
Error: Category is exsited!
    at C:\Users\yosef\OneDrive\Desktop\NTI\Ecommerce Backend\controller\category.controller.js:19:15
    at process.processTicksAndRejections (node:internal/process/task_queues:104:5)
21-05-2026 17:25:26 |ERROR| Error | GET | /api/v1/cart : Access denied! 
Error: Access denied!
    at C:\Users\yosef\OneDrive\Desktop\NTI\Ecommerce Backend\middlewares\role.middleware.js:6:16
    at Layer.handleRequest (C:\Users\yosef\OneDrive\Desktop\NTI\Ecommerce Backend\node_modules\router\lib\layer.js:152:17)
    at next (C:\Users\yosef\OneDrive\Desktop\NTI\Ecommerce Backend\node_modules\router\lib\route.js:157:13)
    at exports.authanticate (C:\Users\yosef\OneDrive\Desktop\NTI\Ecommerce Backend\middlewares\auth.middleware.js:17:2)
    at process.processTicksAndRejections (node:internal/process/task_queues:104:5)
21-05-2026 17:25:26 |INFO| Category listed! 
21-05-2026 17:25:26 |INFO| Category listed! 
21-05-2026 17:25:27 |INFO| Cart listed! 
21-05-2026 17:25:27 |INFO| Category listed! 
21-05-2026 17:25:27 |INFO| Cart listed! 
21-05-2026 17:25:27 |INFO| Products listed! 
21-05-2026 17:25:29 |INFO| Category listed! 
21-05-2026 17:25:29 |INFO| Category listed! 
21-05-2026 17:25:43 |INFO| Category listed! 
21-05-2026 17:25:43 |INFO| Category listed! 
21-05-2026 17:27:35 |INFO| Category listed! 
21-05-2026 17:27:35 |INFO| Category listed! 
21-05-2026 17:27:37 |INFO| Category listed! 
21-05-2026 17:27:37 |INFO| subCategory listed! 
21-05-2026 17:27:38 |INFO| Category listed! 
21-05-2026 17:27:38 |INFO| Category listed! 
21-05-2026 17:27:42 |INFO| Category listed! 
21-05-2026 17:27:42 |INFO| subCategory listed! 
21-05-2026 17:27:44 |INFO| Category listed! 
21-05-2026 17:27:44 |INFO| Category listed! 
21-05-2026 17:27:46 |INFO| Category listed! 
21-05-2026 17:27:46 |INFO| Category listed! 
21-05-2026 17:27:47 |INFO| Category listed! 
21-05-2026 17:27:47 |INFO| Category listed! 
21-05-2026 17:27:48 |INFO| Category listed! 
21-05-2026 17:27:48 |INFO| subCategory listed! 
21-05-2026 17:27:56 |INFO| Category listed! 
21-05-2026 17:27:56 |INFO| Category listed! 
21-05-2026 17:27:57 |INFO| Category listed! 
21-05-2026 17:27:57 |INFO| subCategory listed! 
21-05-2026 17:55:31 |INFO| Category listed! 
21-05-2026 17:55:31 |INFO| subCategory listed! 
21-05-2026 17:55:33 |INFO| Category listed! 
21-05-2026 17:55:33 |INFO| subCategory listed! 
21-05-2026 17:55:35 |INFO| Category listed! 
21-05-2026 17:55:35 |INFO| subCategory listed! 
21-05-2026 17:55:35 |INFO| Category listed! 
21-05-2026 17:55:35 |INFO| subCategory listed! 
21-05-2026 17:55:37 |INFO| Category listed! 
21-05-2026 17:55:37 |INFO| Category listed! 
21-05-2026 17:55:38 |INFO| Category listed! 
21-05-2026 17:55:38 |INFO| Category listed! 
21-05-2026 17:56:02 |INFO| Products listed! 
21-05-2026 17:56:02 |INFO| Products listed! 
21-05-2026 17:56:02 |INFO| Category listed! 
21-05-2026 17:56:02 |INFO| subCategory listed! 
21-05-2026 17:56:04 |INFO| Orders is listed! 
21-05-2026 17:56:04 |INFO| Category listed! 
21-05-2026 17:56:04 |INFO| Category listed! 
21-05-2026 17:56:06 |INFO| Category listed! 
21-05-2026 17:56:06 |INFO| subCategory listed! 
21-05-2026 17:57:18 |INFO| Category listed! 
21-05-2026 17:57:18 |INFO| subCategory listed! 
21-05-2026 17:57:18 |INFO| subCategory listed! 
21-05-2026 17:57:45 |INFO| Category listed! 
21-05-2026 17:57:45 |INFO| subCategory listed! 
21-05-2026 17:57:45 |INFO| subCategory listed! 
21-05-2026 17:57:53 |INFO| subCategory updated successfully! 
21-05-2026 17:57:53 |INFO| Category listed! 
21-05-2026 17:57:53 |INFO| subCategory listed! 
21-05-2026 17:57:53 |INFO| subCategory listed! 
21-05-2026 17:57:56 |INFO| subCategory updated successfully! 
21-05-2026 17:57:56 |INFO| Category listed! 
21-05-2026 17:57:56 |INFO| subCategory listed! 
21-05-2026 17:57:56 |INFO| subCategory listed! 
21-05-2026 17:58:02 |INFO| subCategory updated successfully! 
21-05-2026 17:58:02 |INFO| Category listed! 
21-05-2026 17:58:02 |INFO| subCategory listed! 
21-05-2026 17:58:02 |INFO| subCategory listed! 
21-05-2026 17:58:03 |INFO| Category listed! 
21-05-2026 17:58:03 |INFO| subCategory listed! 
21-05-2026 17:58:03 |INFO| subCategory listed! 
21-05-2026 17:58:05 |INFO| Category listed! 
21-05-2026 17:58:05 |INFO| Category listed! 
21-05-2026 17:58:08 |INFO| Category listed! 
21-05-2026 17:58:08 |INFO| Category listed! 
21-05-2026 17:58:10 |INFO| Category listed! 
21-05-2026 17:58:10 |INFO| subCategory listed! 
21-05-2026 17:58:10 |INFO| subCategory listed! 
21-05-2026 17:58:16 |INFO| subCategory updated successfully! 
21-05-2026 17:58:16 |INFO| Category listed! 
21-05-2026 17:58:16 |INFO| subCategory listed! 
21-05-2026 17:58:16 |INFO| subCategory listed! 
21-05-2026 17:58:19 |INFO| subCategory updated successfully! 
21-05-2026 17:58:19 |INFO| Category listed! 
21-05-2026 17:58:19 |INFO| subCategory listed! 
21-05-2026 17:58:19 |INFO| subCategory listed! 
21-05-2026 17:59:18 |INFO| Category listed! 
21-05-2026 17:59:18 |INFO| Category listed! 
21-05-2026 17:59:19 |INFO| Orders is listed! 
21-05-2026 17:59:21 |INFO| Products listed! 
21-05-2026 17:59:21 |INFO| Category listed! 
21-05-2026 17:59:21 |INFO| subCategory listed! 
21-05-2026 17:59:21 |INFO| Products listed! 
21-05-2026 17:59:22 |INFO| Products listed! 
21-05-2026 17:59:22 |INFO| Category listed! 
21-05-2026 17:59:22 |INFO| Products listed! 
21-05-2026 17:59:22 |INFO| subCategory listed! 
21-05-2026 17:59:26 |INFO| subCategory updated successfully! 
21-05-2026 17:59:26 |INFO| Product restored successfully! 
21-05-2026 17:59:26 |INFO| Products listed! 
21-05-2026 17:59:26 |INFO| Products listed! 
21-05-2026 17:59:28 |INFO| Category listed! 
21-05-2026 17:59:28 |INFO| Category listed! 
21-05-2026 17:59:29 |INFO| Category listed! 
21-05-2026 17:59:29 |INFO| subCategory listed! 
21-05-2026 17:59:29 |INFO| subCategory listed! 
21-05-2026 17:59:31 |INFO| Category listed! 
21-05-2026 17:59:31 |INFO| Products listed! 
21-05-2026 17:59:31 |INFO| subCategory listed! 
21-05-2026 17:59:31 |INFO| Products listed! 
21-05-2026 18:01:20 |INFO| Category listed! 
21-05-2026 18:01:20 |INFO| Products listed! 
21-05-2026 18:01:20 |INFO| Products listed! 
21-05-2026 18:01:20 |INFO| subCategory listed! 
21-05-2026 18:01:27 |INFO| Category listed! 
21-05-2026 18:01:27 |INFO| Category listed! 
21-05-2026 18:01:28 |INFO| Category listed! 
21-05-2026 18:01:28 |INFO| subCategory listed! 
21-05-2026 18:01:28 |INFO| subCategory listed! 
21-05-2026 18:01:28 |INFO| Category listed! 
21-05-2026 18:01:28 |INFO| Category listed! 
21-05-2026 18:01:43 |INFO| Category listed! 
21-05-2026 18:01:43 |INFO| Category listed! 
21-05-2026 18:01:44 |INFO| Category listed! 
21-05-2026 18:01:44 |INFO| Category listed! 
21-05-2026 18:01:49 |INFO| Category listed! 
21-05-2026 18:01:49 |INFO| Category listed! 
21-05-2026 18:02:09 |INFO| Category listed! 
21-05-2026 18:02:09 |INFO| Category listed! 
21-05-2026 18:02:12 |INFO| Category listed! 
21-05-2026 18:02:12 |INFO| Category listed! 
21-05-2026 18:02:17 |INFO| Category listed! 
21-05-2026 18:02:17 |INFO| Category listed! 
21-05-2026 18:02:21 |INFO| Category listed! 
21-05-2026 18:02:21 |INFO| Category listed! 
21-05-2026 18:02:25 |INFO| Category listed! 
21-05-2026 18:02:25 |INFO| Category listed! 
21-05-2026 18:03:01 |INFO| Category listed! 
21-05-2026 18:03:01 |INFO| Products listed! 
21-05-2026 18:03:01 |INFO| Products listed! 
21-05-2026 18:03:01 |INFO| subCategory listed! 
21-05-2026 18:03:02 |INFO| Category listed! 
21-05-2026 18:03:02 |INFO| Category listed! 
21-05-2026 18:03:03 |INFO| Category listed! 
21-05-2026 18:03:03 |INFO| subCategory listed! 
21-05-2026 18:03:03 |INFO| subCategory listed! 
21-05-2026 18:03:04 |INFO| Category listed! 
21-05-2026 18:03:04 |INFO| Category listed! 
21-05-2026 18:03:20 |INFO| Category listed! 
21-05-2026 18:03:20 |INFO| Category listed! 
21-05-2026 18:03:26 |INFO| Category listed! 
21-05-2026 18:03:26 |INFO| Category listed! 
21-05-2026 18:03:38 |ERROR| Error | PATCH | /api/v1/category/6a0f13b59e4a656d1493feb7 : can't find /api/v1/category/6a0f13b59e4a656d1493feb7 
Error: can't find /api/v1/category/6a0f13b59e4a656d1493feb7
    at C:\Users\yosef\OneDrive\Desktop\NTI\Ecommerce Backend\server.js:29:7
    at Layer.handleRequest (C:\Users\yosef\OneDrive\Desktop\NTI\Ecommerce Backend\node_modules\router\lib\layer.js:152:17)
    at trimPrefix (C:\Users\yosef\OneDrive\Desktop\NTI\Ecommerce Backend\node_modules\router\index.js:342:13)
    at C:\Users\yosef\OneDrive\Desktop\NTI\Ecommerce Backend\node_modules\router\index.js:297:9
    at processParams (C:\Users\yosef\OneDrive\Desktop\NTI\Ecommerce Backend\node_modules\router\index.js:582:12)
    at next (C:\Users\yosef\OneDrive\Desktop\NTI\Ecommerce Backend\node_modules\router\index.js:291:5)
    at C:\Users\yosef\OneDrive\Desktop\NTI\Ecommerce Backend\node_modules\router\index.js:688:15
    at next (C:\Users\yosef\OneDrive\Desktop\NTI\Ecommerce Backend\node_modules\router\index.js:276:14)
    at router.handle (C:\Users\yosef\OneDrive\Desktop\NTI\Ecommerce Backend\node_modules\router\index.js:186:3)
    at router (C:\Users\yosef\OneDrive\Desktop\NTI\Ecommerce Backend\node_modules\router\index.js:60:12)
21-05-2026 18:03:40 |INFO| Category listed! 
21-05-2026 18:03:40 |INFO| Category listed! 
21-05-2026 18:03:44 |ERROR| Error | PATCH | /api/v1/category/6a0f13b59e4a656d1493feb7 : can't find /api/v1/category/6a0f13b59e4a656d1493feb7 
Error: can't find /api/v1/category/6a0f13b59e4a656d1493feb7
    at C:\Users\yosef\OneDrive\Desktop\NTI\Ecommerce Backend\server.js:29:7
    at Layer.handleRequest (C:\Users\yosef\OneDrive\Desktop\NTI\Ecommerce Backend\node_modules\router\lib\layer.js:152:17)
    at trimPrefix (C:\Users\yosef\OneDrive\Desktop\NTI\Ecommerce Backend\node_modules\router\index.js:342:13)
    at C:\Users\yosef\OneDrive\Desktop\NTI\Ecommerce Backend\node_modules\router\index.js:297:9
    at processParams (C:\Users\yosef\OneDrive\Desktop\NTI\Ecommerce Backend\node_modules\router\index.js:582:12)
    at next (C:\Users\yosef\OneDrive\Desktop\NTI\Ecommerce Backend\node_modules\router\index.js:291:5)
    at C:\Users\yosef\OneDrive\Desktop\NTI\Ecommerce Backend\node_modules\router\index.js:688:15
    at next (C:\Users\yosef\OneDrive\Desktop\NTI\Ecommerce Backend\node_modules\router\index.js:276:14)
    at router.handle (C:\Users\yosef\OneDrive\Desktop\NTI\Ecommerce Backend\node_modules\router\index.js:186:3)
    at router (C:\Users\yosef\OneDrive\Desktop\NTI\Ecommerce Backend\node_modules\router\index.js:60:12)
21-05-2026 18:03:50 |INFO| Category listed! 
21-05-2026 18:03:50 |INFO| Category listed! 
21-05-2026 18:03:54 |ERROR| Error | PATCH | /api/v1/category/6a0f13b59e4a656d1493feb7 : can't find /api/v1/category/6a0f13b59e4a656d1493feb7 
Error: can't find /api/v1/category/6a0f13b59e4a656d1493feb7
    at C:\Users\yosef\OneDrive\Desktop\NTI\Ecommerce Backend\server.js:29:7
    at Layer.handleRequest (C:\Users\yosef\OneDrive\Desktop\NTI\Ecommerce Backend\node_modules\router\lib\layer.js:152:17)
    at trimPrefix (C:\Users\yosef\OneDrive\Desktop\NTI\Ecommerce Backend\node_modules\router\index.js:342:13)
    at C:\Users\yosef\OneDrive\Desktop\NTI\Ecommerce Backend\node_modules\router\index.js:297:9
    at processParams (C:\Users\yosef\OneDrive\Desktop\NTI\Ecommerce Backend\node_modules\router\index.js:582:12)
    at next (C:\Users\yosef\OneDrive\Desktop\NTI\Ecommerce Backend\node_modules\router\index.js:291:5)
    at C:\Users\yosef\OneDrive\Desktop\NTI\Ecommerce Backend\node_modules\router\index.js:688:15
    at next (C:\Users\yosef\OneDrive\Desktop\NTI\Ecommerce Backend\node_modules\router\index.js:276:14)
    at router.handle (C:\Users\yosef\OneDrive\Desktop\NTI\Ecommerce Backend\node_modules\router\index.js:186:3)
    at router (C:\Users\yosef\OneDrive\Desktop\NTI\Ecommerce Backend\node_modules\router\index.js:60:12)
21-05-2026 18:15:23 |INFO| subCategory listed! 
21-05-2026 18:15:23 |INFO| Category listed! 
21-05-2026 18:15:23 |INFO| subCategory listed! 
21-05-2026 18:15:27 |INFO| Category restored successfully! 
21-05-2026 18:15:27 |INFO| subCategory restored successfully! 
21-05-2026 18:15:27 |INFO| Category listed! 
21-05-2026 18:15:27 |INFO| subCategory listed! 
21-05-2026 18:15:27 |INFO| subCategory listed! 
21-05-2026 18:16:14 |INFO| Category listed! 
21-05-2026 18:16:14 |INFO| Category listed! 
21-05-2026 18:16:16 |INFO| Category listed! 
21-05-2026 18:16:16 |INFO| Category listed! 
21-05-2026 18:16:18 |INFO| Products listed! 
21-05-2026 18:16:18 |INFO| subCategory listed! 
21-05-2026 18:16:20 |INFO| Category listed! 
21-05-2026 18:16:20 |INFO| subCategory listed! 
21-05-2026 18:16:20 |INFO| subCategory listed! 
21-05-2026 18:16:21 |INFO| Products listed! 
21-05-2026 18:16:22 |INFO| Category listed! 
21-05-2026 18:16:22 |INFO| subCategory listed! 
21-05-2026 18:16:22 |INFO| subCategory listed! 
21-05-2026 18:16:25 |INFO| Category restored successfully! 
21-05-2026 18:16:25 |INFO| subCategory restored successfully! 
21-05-2026 18:16:25 |INFO| Category listed! 
21-05-2026 18:16:25 |INFO| subCategory listed! 
21-05-2026 18:16:25 |INFO| subCategory listed! 
21-05-2026 18:16:27 |INFO| Products listed! 
21-05-2026 18:16:28 |INFO| Category listed! 
21-05-2026 18:16:28 |INFO| subCategory listed! 
21-05-2026 18:16:28 |INFO| subCategory listed! 
21-05-2026 18:16:29 |INFO| Category listed! 
21-05-2026 18:16:29 |INFO| Category listed! 
21-05-2026 18:16:30 |INFO| subCategory listed! 
21-05-2026 18:16:31 |INFO| Products listed! 
21-05-2026 18:16:32 |INFO| Category listed! 
21-05-2026 18:16:32 |INFO| Category listed! 
21-05-2026 18:16:35 |INFO| Category restored successfully! 
21-05-2026 18:16:35 |INFO| Category listed! 
21-05-2026 18:16:35 |INFO| Category listed! 
21-05-2026 18:16:37 |INFO| Category listed! 
21-05-2026 18:16:37 |INFO| subCategory listed! 
21-05-2026 18:16:37 |INFO| subCategory listed! 
21-05-2026 18:16:40 |INFO| Category restored successfully! 
21-05-2026 18:16:40 |INFO| subCategory restored successfully! 
21-05-2026 18:16:40 |INFO| Category listed! 
21-05-2026 18:16:40 |INFO| subCategory listed! 
21-05-2026 18:16:40 |INFO| subCategory listed! 
21-05-2026 18:16:41 |INFO| Orders is listed! 
21-05-2026 18:16:42 |INFO| Category listed! 
21-05-2026 18:16:42 |INFO| Products listed! 
21-05-2026 18:16:42 |INFO| Products listed! 
21-05-2026 18:16:42 |INFO| subCategory listed! 
21-05-2026 18:16:44 |INFO| Orders is listed! 
21-05-2026 18:17:10 |INFO| Cart listed! 
21-05-2026 18:17:10 |INFO| Reviews are listed! 
21-05-2026 18:17:10 |INFO| Products listed! 
21-05-2026 18:17:13 |INFO| Cart updated! 
21-05-2026 18:17:13 |INFO| Cart updated! 
21-05-2026 18:17:13 |INFO| Cart updated! 
21-05-2026 18:17:15 |INFO| Cart listed! 
21-05-2026 18:17:17 |INFO| Cart listed! 
21-05-2026 18:17:19 |INFO| Cart listed! 
21-05-2026 18:17:21 |INFO| Cart Item is updated! 
21-05-2026 18:17:21 |INFO| Cart Item is updated! 
21-05-2026 18:17:21 |INFO| Cart Item is updated! 
21-05-2026 18:17:21 |INFO| Cart Item is updated! 
21-05-2026 18:17:21 |INFO| Cart Item is updated! 
21-05-2026 18:17:21 |INFO| Cart Item is updated! 
21-05-2026 18:17:22 |INFO| Cart Item is updated! 
21-05-2026 18:17:23 |INFO| Cart listed! 
21-05-2026 18:17:35 |INFO| Order is placed! 
21-05-2026 18:17:35 |INFO| Cart listed! 
21-05-2026 18:17:36 |INFO| Orders is listed! 
21-05-2026 18:17:50 |INFO| Category listed! 
21-05-2026 18:17:50 |INFO| Products listed! 
21-05-2026 18:17:50 |INFO| Products listed! 
21-05-2026 18:17:50 |INFO| subCategory listed! 
21-05-2026 18:17:51 |INFO| Orders is listed! 
21-05-2026 18:17:54 |INFO| Order status updated! 
21-05-2026 18:17:57 |INFO| Order status updated! 
21-05-2026 18:18:00 |INFO| Orders is listed! 
21-05-2026 18:18:04 |INFO| Order status updated! 
21-05-2026 18:18:16 |INFO| Cart listed! 
21-05-2026 18:18:16 |INFO| Reviews are listed! 
21-05-2026 18:18:16 |INFO| Products listed! 
21-05-2026 18:18:18 |INFO| Orders is listed! 
21-05-2026 18:18:22 |INFO| user requested a refund! 
21-05-2026 18:18:34 |INFO| Category listed! 
21-05-2026 18:18:34 |INFO| Category listed! 
21-05-2026 18:18:35 |INFO| Orders is listed! 
21-05-2026 18:18:38 |INFO| Order update request refund status! 
21-05-2026 18:18:42 |INFO| Category listed! 
21-05-2026 18:18:42 |INFO| Products listed! 
21-05-2026 18:18:42 |INFO| Products listed! 
21-05-2026 18:18:42 |INFO| subCategory listed! 
21-05-2026 18:18:44 |INFO| Category listed! 
21-05-2026 18:18:44 |INFO| subCategory listed! 
21-05-2026 18:18:44 |INFO| subCategory listed! 
21-05-2026 18:18:46 |INFO| Orders is listed! 
21-05-2026 18:18:48 |INFO| users listed! 
21-05-2026 18:18:49 |INFO| Category listed! 
21-05-2026 18:18:49 |INFO| Products listed! 
21-05-2026 18:18:49 |INFO| Products listed! 
21-05-2026 18:18:49 |INFO| subCategory listed! 
21-05-2026 18:44:48 |INFO| Category listed! 
21-05-2026 18:44:48 |INFO| Products listed! 
21-05-2026 18:44:48 |INFO| subCategory listed! 
21-05-2026 18:44:48 |INFO| Products listed! 
21-05-2026 18:44:49 |INFO| Orders is listed! 
21-05-2026 18:44:50 |INFO| Category listed! 
21-05-2026 18:44:50 |INFO| Category listed! 
21-05-2026 18:44:51 |INFO| Category listed! 
21-05-2026 18:44:51 |INFO| subCategory listed! 
21-05-2026 18:44:51 |INFO| subCategory listed! 
21-05-2026 18:44:52 |INFO| Category listed! 
21-05-2026 18:44:52 |INFO| Category listed! 
21-05-2026 18:44:54 |INFO| Products listed! 
21-05-2026 18:44:54 |INFO| subCategory listed! 
21-05-2026 18:44:59 |INFO| Products listed! 
21-05-2026 18:44:59 |INFO| subCategory listed! 
21-05-2026 18:45:01 |INFO| Category listed! 
21-05-2026 18:45:01 |INFO| subCategory listed! 
21-05-2026 18:45:01 |INFO| subCategory listed! 
21-05-2026 18:45:03 |INFO| Products listed! 
21-05-2026 18:45:04 |INFO| Category listed! 
21-05-2026 18:45:04 |INFO| subCategory listed! 
21-05-2026 18:45:04 |INFO| subCategory listed! 
21-05-2026 18:45:05 |INFO| Category listed! 
21-05-2026 18:45:05 |INFO| Category listed! 
21-05-2026 18:45:06 |INFO| subCategory listed! 
21-05-2026 18:45:06 |INFO| Products listed! 
21-05-2026 18:45:07 |INFO| Category listed! 
21-05-2026 18:45:07 |INFO| Category listed! 
21-05-2026 18:45:10 |INFO| Category restored successfully! 
21-05-2026 18:45:10 |INFO| Category listed! 
21-05-2026 18:45:10 |INFO| Category listed! 
21-05-2026 18:45:14 |INFO| Category listed! 
21-05-2026 18:45:14 |INFO| subCategory listed! 
21-05-2026 18:45:14 |INFO| subCategory listed! 
21-05-2026 18:45:18 |INFO| Category restored successfully! 
21-05-2026 18:45:18 |INFO| subCategory restored successfully! 
21-05-2026 18:45:18 |INFO| Category listed! 
21-05-2026 18:45:18 |INFO| subCategory listed! 
21-05-2026 18:45:18 |INFO| subCategory listed! 
21-05-2026 18:49:09 |INFO| Category listed! 
21-05-2026 18:49:09 |INFO| Products listed! 
21-05-2026 18:49:09 |INFO| Products listed! 
21-05-2026 18:49:09 |INFO| subCategory listed! 
21-05-2026 18:49:09 |INFO| Orders is listed! 
21-05-2026 18:49:11 |INFO| Category listed! 
21-05-2026 18:49:11 |INFO| Category listed! 
21-05-2026 18:49:12 |INFO| Category listed! 
21-05-2026 18:49:12 |INFO| subCategory listed! 
21-05-2026 18:49:12 |INFO| subCategory listed! 
21-05-2026 18:49:13 |INFO| users listed! 
21-05-2026 18:49:14 |INFO| Reviews are listed for admin! 
21-05-2026 18:49:17 |INFO| Reviews are listed for admin! 
21-05-2026 18:49:18 |INFO| users listed! 
21-05-2026 18:49:20 |INFO| Category listed! 
21-05-2026 18:49:20 |INFO| subCategory listed! 
21-05-2026 18:49:20 |INFO| subCategory listed! 
21-05-2026 18:49:22 |INFO| Products listed! 
21-05-2026 18:49:23 |INFO| Category listed! 
21-05-2026 18:49:23 |INFO| subCategory listed! 
21-05-2026 18:49:23 |INFO| subCategory listed! 
21-05-2026 18:49:25 |INFO| Category listed! 
21-05-2026 18:49:25 |INFO| Category listed! 
21-05-2026 18:49:26 |INFO| subCategory listed! 
21-05-2026 18:49:26 |INFO| Products listed! 
21-05-2026 18:49:27 |INFO| Category listed! 
21-05-2026 18:49:27 |INFO| Category listed! 
21-05-2026 18:49:30 |INFO| Category restored successfully! 
21-05-2026 18:49:30 |INFO| Category listed! 
21-05-2026 18:49:30 |INFO| Category listed! 
21-05-2026 18:49:31 |INFO| Category listed! 
21-05-2026 18:49:31 |INFO| subCategory listed! 
21-05-2026 18:49:31 |INFO| subCategory listed! 
21-05-2026 18:49:35 |INFO| Category restored successfully! 
21-05-2026 18:49:35 |INFO| subCategory restored successfully! 
21-05-2026 18:49:35 |INFO| subCategory listed! 
21-05-2026 18:49:35 |INFO| Category listed! 
21-05-2026 18:49:35 |INFO| subCategory listed! 
21-05-2026 18:49:37 |INFO| Category listed! 
21-05-2026 18:49:37 |INFO| Category listed! 
21-05-2026 18:49:38 |INFO| Orders is listed! 
21-05-2026 18:49:40 |INFO| Category listed! 
21-05-2026 18:49:40 |INFO| Products listed! 
21-05-2026 18:49:40 |INFO| Products listed! 
21-05-2026 18:49:40 |INFO| subCategory listed! 
21-05-2026 18:49:43 |INFO| Product deleted successfully! 
21-05-2026 18:49:43 |INFO| Products listed! 
21-05-2026 18:49:43 |INFO| Products listed! 
21-05-2026 18:49:47 |INFO| Category restored successfully! 
21-05-2026 18:49:47 |INFO| subCategory restored successfully! 
21-05-2026 18:49:47 |INFO| Product restored successfully! 
21-05-2026 18:49:47 |INFO| Products listed! 
21-05-2026 18:49:47 |INFO| Products listed! 
21-05-2026 18:49:49 |INFO| Category listed! 
21-05-2026 18:49:49 |INFO| Products listed! 
21-05-2026 18:49:49 |INFO| Products listed! 
21-05-2026 18:49:49 |INFO| subCategory listed! 
21-05-2026 18:50:00 |INFO| Reviews are listed! 
21-05-2026 18:50:00 |INFO| Cart listed! 
21-05-2026 18:50:00 |INFO| Products listed! 
21-05-2026 18:50:10 |INFO| Category listed! 
21-05-2026 18:50:10 |INFO| Cart listed! 
21-05-2026 18:50:10 |INFO| Products listed! 
21-05-2026 18:50:11 |INFO| Cart listed! 
21-05-2026 18:50:12 |INFO| Orders is listed! 
21-05-2026 18:50:14 |INFO| Reviews are listed! 
21-05-2026 18:50:14 |INFO| Products listed! 
21-05-2026 18:50:18 |INFO| Product listed! 
21-05-2026 18:50:22 |INFO| Category listed! 
21-05-2026 18:50:22 |INFO| Cart listed! 
21-05-2026 18:50:22 |INFO| Products listed! 
21-05-2026 18:50:25 |INFO| Products listed! 
21-05-2026 18:50:27 |INFO| Products listed! 
21-05-2026 18:50:29 |INFO| Products listed! 
21-05-2026 18:50:31 |INFO| Reviews are listed! 
21-05-2026 18:50:31 |INFO| Products listed! 
21-05-2026 18:50:37 |INFO| Category listed! 
21-05-2026 18:50:37 |INFO| Cart listed! 
21-05-2026 18:50:37 |INFO| Products listed! 
21-05-2026 18:50:40 |INFO| Reviews are listed! 
21-05-2026 18:50:40 |INFO| Products listed! 
21-05-2026 18:50:43 |INFO| Cart listed! 
21-05-2026 18:50:56 |INFO| Category listed! 
21-05-2026 18:50:56 |INFO| Products listed! 
21-05-2026 18:50:56 |INFO| Products listed! 
21-05-2026 18:50:56 |INFO| subCategory listed! 
21-05-2026 18:51:17 |INFO| Product created! 
21-05-2026 18:51:17 |INFO| Products listed! 
21-05-2026 18:51:40 |INFO| Product created! 
21-05-2026 18:51:40 |INFO| Products listed! 
21-05-2026 18:51:42 |INFO| Category listed! 
21-05-2026 18:51:42 |INFO| Category listed! 
21-05-2026 18:51:42 |INFO| Orders is listed! 
21-05-2026 18:51:53 |INFO| Cart listed! 
21-05-2026 18:51:53 |INFO| Reviews are listed! 
21-05-2026 18:51:53 |INFO| Products listed! 
21-05-2026 18:52:01 |INFO| Category listed! 
21-05-2026 18:52:01 |INFO| Cart listed! 
21-05-2026 18:52:01 |INFO| Products listed! 
21-05-2026 18:52:05 |INFO| Products listed! 
21-05-2026 18:52:08 |INFO| Products listed! 
21-05-2026 18:52:11 |INFO| Products listed! 
21-05-2026 18:52:13 |INFO| Products listed! 
21-05-2026 18:52:14 |INFO| Products listed! 
21-05-2026 18:52:16 |INFO| Products listed! 
21-05-2026 18:52:16 |INFO| Reviews are listed! 
21-05-2026 18:52:28 |INFO| Category listed! 
21-05-2026 18:52:28 |INFO| Products listed! 
21-05-2026 18:52:32 |INFO| Product listed! 
21-05-2026 18:52:40 |INFO| Cart merged! 
21-05-2026 18:52:40 |INFO| Reviews are listed! 
21-05-2026 18:52:40 |INFO| Products listed! 
21-05-2026 18:52:40 |INFO| Cart listed! 
21-05-2026 18:52:41 |INFO| Cart listed! 
21-05-2026 18:52:44 |INFO| Cart Item is updated! 
21-05-2026 18:52:44 |INFO| Cart Item is updated! 
21-05-2026 18:52:44 |INFO| Cart Item is updated! 
21-05-2026 18:52:45 |INFO| Cart listed! 
21-05-2026 18:52:52 |INFO| Order is placed! 
21-05-2026 18:52:52 |INFO| Cart listed! 
21-05-2026 18:52:53 |INFO| Orders is listed! 
21-05-2026 18:53:03 |INFO| Orders is listed! 
21-05-2026 18:53:07 |ERROR| Error | PATCH | /api/v1/order/updateStatus/6a0f2a542575dd590ba1f447 : Cannot move order from pending to shipped 
Error: Cannot move order from pending to shipped
    at C:\Users\yosef\OneDrive\Desktop\NTI\Ecommerce Backend\controller\order.controller.js:210:4
    at process.processTicksAndRejections (node:internal/process/task_queues:104:5)
21-05-2026 18:53:10 |INFO| Order status updated! 
21-05-2026 18:53:13 |INFO| Order status updated! 
21-05-2026 18:53:23 |INFO| Cart listed! 
21-05-2026 18:53:23 |INFO| Reviews are listed! 
21-05-2026 18:53:23 |INFO| Products listed! 
21-05-2026 18:53:24 |INFO| Orders is listed! 
21-05-2026 18:53:37 |INFO| Orders is listed! 
21-05-2026 18:53:43 |ERROR| Error | PATCH | /api/v1/order/updateStatus/6a0f2a542575dd590ba1f447 : Cannot move order from shipped to cancelledByAdmin 
Error: Cannot move order from shipped to cancelledByAdmin
    at C:\Users\yosef\OneDrive\Desktop\NTI\Ecommerce Backend\controller\order.controller.js:210:4
    at process.processTicksAndRejections (node:internal/process/task_queues:104:5)
21-05-2026 18:53:51 |ERROR| Error | PATCH | /api/v1/order/updateStatus/6a0f2a542575dd590ba1f447 : Cannot move order from shipped to refused 
Error: Cannot move order from shipped to refused
    at C:\Users\yosef\OneDrive\Desktop\NTI\Ecommerce Backend\controller\order.controller.js:210:4
    at process.processTicksAndRejections (node:internal/process/task_queues:104:5)
21-05-2026 18:53:55 |INFO| Order status updated! 
21-05-2026 18:54:07 |INFO| Cart listed! 
21-05-2026 18:54:07 |INFO| Reviews are listed! 
21-05-2026 18:54:07 |INFO| Products listed! 
21-05-2026 18:54:08 |INFO| Orders is listed! 
21-05-2026 18:54:13 |INFO| user requested a refund! 
21-05-2026 18:54:22 |INFO| Orders is listed! 
21-05-2026 18:54:24 |INFO| Order update request refund status! 
21-05-2026 18:54:28 |ERROR| Error | PATCH | /api/v1/order/updateStatus/6a0f2a542575dd590ba1f447 : Cannot move order from received to shipped 
Error: Cannot move order from received to shipped
    at C:\Users\yosef\OneDrive\Desktop\NTI\Ecommerce Backend\controller\order.controller.js:210:4
    at process.processTicksAndRejections (node:internal/process/task_queues:104:5)
21-05-2026 18:54:33 |INFO| Category listed! 
21-05-2026 18:54:33 |INFO| Products listed! 
21-05-2026 18:54:33 |INFO| Products listed! 
21-05-2026 18:54:33 |INFO| subCategory listed! 
21-05-2026 18:54:37 |INFO| Category listed! 
21-05-2026 18:54:37 |INFO| Category listed! 
21-05-2026 18:54:41 |INFO| Cart listed! 
21-05-2026 18:54:41 |INFO| Reviews are listed! 
21-05-2026 18:54:41 |INFO| Products listed! 
21-05-2026 18:54:42 |INFO| Orders is listed! 
21-05-2026 18:55:01 |INFO| Category listed! 
21-05-2026 18:55:01 |INFO| Products listed! 
21-05-2026 18:55:13 |INFO| Cart merged! 
21-05-2026 18:55:13 |INFO| Reviews are listed! 
21-05-2026 18:55:13 |INFO| Products listed! 
21-05-2026 18:55:13 |INFO| Cart listed! 
21-05-2026 18:55:15 |INFO| Cart listed! 
21-05-2026 18:55:16 |INFO| Cart listed! 
21-05-2026 18:55:23 |INFO| Order is placed! 
21-05-2026 18:55:23 |INFO| Cart listed! 
21-05-2026 18:55:25 |INFO| Orders is listed! 
21-05-2026 18:55:33 |INFO| order is cancelled by user! 
21-05-2026 18:55:35 |INFO| Cart listed! 
21-05-2026 18:55:35 |INFO| Orders is listed! 
21-05-2026 18:55:43 |INFO| Category listed! 
21-05-2026 18:55:43 |INFO| Products listed! 
21-05-2026 18:55:43 |INFO| Products listed! 
21-05-2026 18:55:43 |INFO| subCategory listed! 
21-05-2026 18:55:46 |INFO| Orders is listed! 
21-05-2026 18:55:53 |INFO| Orders is listed! 
21-05-2026 18:55:54 |INFO| Category listed! 
21-05-2026 18:55:54 |INFO| Category listed! 
21-05-2026 18:55:56 |INFO| Category listed! 
21-05-2026 18:55:56 |INFO| Products listed! 
21-05-2026 18:55:56 |INFO| Products listed! 
21-05-2026 18:55:56 |INFO| subCategory listed! 
21-05-2026 18:55:58 |INFO| Orders is listed! 
21-05-2026 18:55:59 |INFO| Category listed! 
21-05-2026 18:55:59 |INFO| Products listed! 
21-05-2026 18:55:59 |INFO| Products listed! 
21-05-2026 18:55:59 |INFO| subCategory listed! 
21-05-2026 18:56:10 |INFO| Cart listed! 
21-05-2026 18:56:10 |INFO| Products listed! 
21-05-2026 18:56:10 |INFO| Reviews are listed! 
21-05-2026 18:56:15 |INFO| Category listed! 
21-05-2026 18:56:15 |INFO| Cart listed! 
21-05-2026 18:56:15 |INFO| Products listed! 
21-05-2026 18:56:18 |INFO| Cart updated! 
21-05-2026 18:56:18 |INFO| Cart updated! 
21-05-2026 18:56:18 |INFO| Cart updated! 
21-05-2026 18:56:19 |INFO| Cart updated! 
21-05-2026 18:56:19 |INFO| Cart updated! 
21-05-2026 18:56:20 |INFO| Cart listed! 
21-05-2026 18:56:22 |INFO| Cart listed! 
21-05-2026 18:56:32 |INFO| Order is placed! 
21-05-2026 18:56:32 |INFO| Cart listed! 
21-05-2026 18:56:33 |INFO| Orders is listed! 
21-05-2026 18:56:35 |INFO| Category listed! 
21-05-2026 18:56:35 |INFO| Cart listed! 
21-05-2026 18:56:35 |INFO| Products listed! 
21-05-2026 18:56:35 |INFO| Orders is listed! 
21-05-2026 18:56:37 |INFO| Reviews are listed! 
21-05-2026 18:56:37 |INFO| Products listed! 
21-05-2026 18:56:40 |INFO| Category listed! 
21-05-2026 18:56:40 |INFO| Cart listed! 
21-05-2026 18:56:40 |INFO| Products listed! 
21-05-2026 18:56:43 |INFO| Orders is listed! 
21-05-2026 18:56:56 |INFO| Category listed! 
21-05-2026 18:56:56 |INFO| Products listed! 
21-05-2026 18:56:56 |INFO| Products listed! 
21-05-2026 18:56:56 |INFO| subCategory listed! 
21-05-2026 18:56:58 |INFO| Orders is listed! 
21-05-2026 18:57:02 |INFO| Order status updated! 
21-05-2026 18:57:03 |INFO| Category listed! 
21-05-2026 18:57:03 |INFO| Products listed! 
21-05-2026 18:57:03 |INFO| Products listed! 
21-05-2026 18:57:03 |INFO| subCategory listed! 
21-05-2026 18:57:10 |INFO| Cart listed! 
21-05-2026 18:57:10 |INFO| Reviews are listed! 
21-05-2026 18:57:10 |INFO| Products listed! 
21-05-2026 18:57:13 |INFO| Orders is listed! 
21-05-2026 18:57:18 |INFO| order is cancelled by user! 
21-05-2026 18:57:19 |INFO| Category listed! 
21-05-2026 18:57:19 |INFO| Cart listed! 
21-05-2026 18:57:19 |INFO| Products listed! 
21-05-2026 18:57:28 |INFO| Orders is listed! 
21-05-2026 18:57:31 |INFO| Category listed! 
21-05-2026 18:57:31 |INFO| Products listed! 
21-05-2026 18:57:31 |INFO| Products listed! 
21-05-2026 18:57:31 |INFO| subCategory listed! 
21-05-2026 18:57:35 |INFO| Category listed! 
21-05-2026 18:57:35 |INFO| Products listed! 
21-05-2026 18:57:35 |INFO| Products listed! 
21-05-2026 18:57:35 |INFO| subCategory listed! 
21-05-2026 18:57:37 |INFO| Orders is listed! 
21-05-2026 18:57:39 |INFO| Orders is listed! 
