05-05-2026 10:19:10 |ERROR| Error | POST | /api/v1/user : E11000 duplicate key error collection: eCommerece.users index: mobile_1 dup key: { mobile: "01006978541" } 
MongoServerError: E11000 duplicate key error collection: eCommerece.users index: mobile_1 dup key: { mobile: "01006978541" }
    at InsertOneOperation.handleOk (C:\Users\yosef\OneDrive\Desktop\NTI\Ecommerce\node_modules\mongodb\lib\operations\insert.js:51:19)
    at executeOperationWithRetries (C:\Users\yosef\OneDrive\Desktop\NTI\Ecommerce\node_modules\mongodb\lib\operations\execute_operation.js:194:34)
    at process.processTicksAndRejections (node:internal/process/task_queues:104:5)
    at async executeOperation (C:\Users\yosef\OneDrive\Desktop\NTI\Ecommerce\node_modules\mongodb\lib\operations\execute_operation.js:83:16)
    at async Collection.insertOne (C:\Users\yosef\OneDrive\Desktop\NTI\Ecommerce\node_modules\mongodb\lib\collection.js:154:16)
    at async model.$__save (C:\Users\yosef\OneDrive\Desktop\NTI\Ecommerce\node_modules\mongoose\lib\model.js:428:16)
    at async model.save (C:\Users\yosef\OneDrive\Desktop\NTI\Ecommerce\node_modules\mongoose\lib\model.js:667:5)
    at async model.create (C:\Users\yosef\OneDrive\Desktop\NTI\Ecommerce\node_modules\mongoose\lib\model.js:2747:5)
    at async C:\Users\yosef\OneDrive\Desktop\NTI\Ecommerce\controller\user.controller.js:15:18
05-05-2026 10:26:46 |ERROR| Error | GET | /api/v1/user : unauthorized, no token provided! 
Error: unauthorized, no token provided!
    at exports.authanticate (C:\Users\yosef\OneDrive\Desktop\NTI\Ecommerce\middlewares\auth.middleware.js:8:15)
    at Layer.handleRequest (C:\Users\yosef\OneDrive\Desktop\NTI\Ecommerce\node_modules\router\lib\layer.js:152:17)
    at next (C:\Users\yosef\OneDrive\Desktop\NTI\Ecommerce\node_modules\router\lib\route.js:157:13)
    at Route.dispatch (C:\Users\yosef\OneDrive\Desktop\NTI\Ecommerce\node_modules\router\lib\route.js:117:3)
    at handle (C:\Users\yosef\OneDrive\Desktop\NTI\Ecommerce\node_modules\router\index.js:435:11)
    at Layer.handleRequest (C:\Users\yosef\OneDrive\Desktop\NTI\Ecommerce\node_modules\router\lib\layer.js:152:17)
    at C:\Users\yosef\OneDrive\Desktop\NTI\Ecommerce\node_modules\router\index.js:295:15
    at processParams (C:\Users\yosef\OneDrive\Desktop\NTI\Ecommerce\node_modules\router\index.js:582:12)
    at next (C:\Users\yosef\OneDrive\Desktop\NTI\Ecommerce\node_modules\router\index.js:291:5)
    at router.handle (C:\Users\yosef\OneDrive\Desktop\NTI\Ecommerce\node_modules\router\index.js:186:3)
05-05-2026 10:39:20 |ERROR| Error | POST | /api/v1/auth/login : can't find /api/v1/auth/login 
Error: can't find /api/v1/auth/login
    at C:\Users\yosef\OneDrive\Desktop\NTI\Ecommerce\server.js:20:7
    at Layer.handleRequest (C:\Users\yosef\OneDrive\Desktop\NTI\Ecommerce\node_modules\router\lib\layer.js:152:17)
    at trimPrefix (C:\Users\yosef\OneDrive\Desktop\NTI\Ecommerce\node_modules\router\index.js:342:13)
    at C:\Users\yosef\OneDrive\Desktop\NTI\Ecommerce\node_modules\router\index.js:297:9
    at processParams (C:\Users\yosef\OneDrive\Desktop\NTI\Ecommerce\node_modules\router\index.js:582:12)
    at next (C:\Users\yosef\OneDrive\Desktop\NTI\Ecommerce\node_modules\router\index.js:291:5)
    at C:\Users\yosef\OneDrive\Desktop\NTI\Ecommerce\node_modules\router\index.js:688:15
    at next (C:\Users\yosef\OneDrive\Desktop\NTI\Ecommerce\node_modules\router\index.js:276:14)
    at router.handle (C:\Users\yosef\OneDrive\Desktop\NTI\Ecommerce\node_modules\router\index.js:186:3)
    at router (C:\Users\yosef\OneDrive\Desktop\NTI\Ecommerce\node_modules\router\index.js:60:12)
05-05-2026 10:39:50 |ERROR| Error | POST | /api/v1/auth/login : myUser.correctpassword is not a function 
TypeError: myUser.correctpassword is not a function
    at C:\Users\yosef\OneDrive\Desktop\NTI\Ecommerce\controller\auth.controller.js:17:30
    at process.processTicksAndRejections (node:internal/process/task_queues:104:5)
05-05-2026 10:41:51 |ERROR| Error | POST | /api/v1/auth/login : Invalid email or Password! 
Error: Invalid email or Password!
    at C:\Users\yosef\OneDrive\Desktop\NTI\Ecommerce\controller\auth.controller.js:21:7
05-05-2026 10:44:24 |ERROR| Error | GET | /api/v1/user : unauthorized, no token provided! 
Error: unauthorized, no token provided!
    at exports.authanticate (C:\Users\yosef\OneDrive\Desktop\NTI\Ecommerce\middlewares\auth.middleware.js:8:15)
    at Layer.handleRequest (C:\Users\yosef\OneDrive\Desktop\NTI\Ecommerce\node_modules\router\lib\layer.js:152:17)
    at next (C:\Users\yosef\OneDrive\Desktop\NTI\Ecommerce\node_modules\router\lib\route.js:157:13)
    at Route.dispatch (C:\Users\yosef\OneDrive\Desktop\NTI\Ecommerce\node_modules\router\lib\route.js:117:3)
    at handle (C:\Users\yosef\OneDrive\Desktop\NTI\Ecommerce\node_modules\router\index.js:435:11)
    at Layer.handleRequest (C:\Users\yosef\OneDrive\Desktop\NTI\Ecommerce\node_modules\router\lib\layer.js:152:17)
    at C:\Users\yosef\OneDrive\Desktop\NTI\Ecommerce\node_modules\router\index.js:295:15
    at processParams (C:\Users\yosef\OneDrive\Desktop\NTI\Ecommerce\node_modules\router\index.js:582:12)
    at next (C:\Users\yosef\OneDrive\Desktop\NTI\Ecommerce\node_modules\router\index.js:291:5)
    at router.handle (C:\Users\yosef\OneDrive\Desktop\NTI\Ecommerce\node_modules\router\index.js:186:3)
05-05-2026 10:45:22 |ERROR| Error | GET | /api/v1/user : unauthorized, no token provided! 
Error: unauthorized, no token provided!
    at exports.authanticate (C:\Users\yosef\OneDrive\Desktop\NTI\Ecommerce\middlewares\auth.middleware.js:8:15)
    at Layer.handleRequest (C:\Users\yosef\OneDrive\Desktop\NTI\Ecommerce\node_modules\router\lib\layer.js:152:17)
    at next (C:\Users\yosef\OneDrive\Desktop\NTI\Ecommerce\node_modules\router\lib\route.js:157:13)
    at Route.dispatch (C:\Users\yosef\OneDrive\Desktop\NTI\Ecommerce\node_modules\router\lib\route.js:117:3)
    at handle (C:\Users\yosef\OneDrive\Desktop\NTI\Ecommerce\node_modules\router\index.js:435:11)
    at Layer.handleRequest (C:\Users\yosef\OneDrive\Desktop\NTI\Ecommerce\node_modules\router\lib\layer.js:152:17)
    at C:\Users\yosef\OneDrive\Desktop\NTI\Ecommerce\node_modules\router\index.js:295:15
    at processParams (C:\Users\yosef\OneDrive\Desktop\NTI\Ecommerce\node_modules\router\index.js:582:12)
    at next (C:\Users\yosef\OneDrive\Desktop\NTI\Ecommerce\node_modules\router\index.js:291:5)
    at router.handle (C:\Users\yosef\OneDrive\Desktop\NTI\Ecommerce\node_modules\router\index.js:186:3)
05-05-2026 10:45:41 |ERROR| Error | GET | /api/v1/auth/login : can't find /api/v1/auth/login 
Error: can't find /api/v1/auth/login
    at C:\Users\yosef\OneDrive\Desktop\NTI\Ecommerce\server.js:20:7
    at Layer.handleRequest (C:\Users\yosef\OneDrive\Desktop\NTI\Ecommerce\node_modules\router\lib\layer.js:152:17)
    at trimPrefix (C:\Users\yosef\OneDrive\Desktop\NTI\Ecommerce\node_modules\router\index.js:342:13)
    at C:\Users\yosef\OneDrive\Desktop\NTI\Ecommerce\node_modules\router\index.js:297:9
    at processParams (C:\Users\yosef\OneDrive\Desktop\NTI\Ecommerce\node_modules\router\index.js:582:12)
    at next (C:\Users\yosef\OneDrive\Desktop\NTI\Ecommerce\node_modules\router\index.js:291:5)
    at C:\Users\yosef\OneDrive\Desktop\NTI\Ecommerce\node_modules\router\index.js:688:15
    at next (C:\Users\yosef\OneDrive\Desktop\NTI\Ecommerce\node_modules\router\index.js:276:14)
    at router.handle (C:\Users\yosef\OneDrive\Desktop\NTI\Ecommerce\node_modules\router\index.js:186:3)
    at router (C:\Users\yosef\OneDrive\Desktop\NTI\Ecommerce\node_modules\router\index.js:60:12)
05-05-2026 10:56:48 |ERROR| Error | POST | /api/v1/user/createadmin : myUser.select is not a function 
TypeError: myUser.select is not a function
    at C:\Users\yosef\OneDrive\Desktop\NTI\Ecommerce\controller\user.controller.js:26:51
    at process.processTicksAndRejections (node:internal/process/task_queues:104:5)
05-05-2026 10:57:42 |ERROR| Error | POST | /api/v1/user/createadmin : User.create(...).select is not a function 
TypeError: User.create(...).select is not a function
    at C:\Users\yosef\OneDrive\Desktop\NTI\Ecommerce\controller\user.controller.js:23:6
    at C:\Users\yosef\OneDrive\Desktop\NTI\Ecommerce\utilites\catchAsync.uti.js:4:3
    at Layer.handleRequest (C:\Users\yosef\OneDrive\Desktop\NTI\Ecommerce\node_modules\router\lib\layer.js:152:17)
    at next (C:\Users\yosef\OneDrive\Desktop\NTI\Ecommerce\node_modules\router\lib\route.js:157:13)
    at C:\Users\yosef\OneDrive\Desktop\NTI\Ecommerce\middlewares\role.middleware.js:8:3
    at Layer.handleRequest (C:\Users\yosef\OneDrive\Desktop\NTI\Ecommerce\node_modules\router\lib\layer.js:152:17)
    at next (C:\Users\yosef\OneDrive\Desktop\NTI\Ecommerce\node_modules\router\lib\route.js:157:13)
    at exports.authanticate (C:\Users\yosef\OneDrive\Desktop\NTI\Ecommerce\middlewares\auth.middleware.js:17:2)
    at process.processTicksAndRejections (node:internal/process/task_queues:104:5)
05-05-2026 10:58:22 |ERROR| Error | POST | /api/v1/user/createadmin : User.create(...).select is not a function 
TypeError: User.create(...).select is not a function
    at C:\Users\yosef\OneDrive\Desktop\NTI\Ecommerce\controller\user.controller.js:23:6
    at C:\Users\yosef\OneDrive\Desktop\NTI\Ecommerce\utilites\catchAsync.uti.js:4:3
    at Layer.handleRequest (C:\Users\yosef\OneDrive\Desktop\NTI\Ecommerce\node_modules\router\lib\layer.js:152:17)
    at next (C:\Users\yosef\OneDrive\Desktop\NTI\Ecommerce\node_modules\router\lib\route.js:157:13)
    at C:\Users\yosef\OneDrive\Desktop\NTI\Ecommerce\middlewares\role.middleware.js:8:3
    at Layer.handleRequest (C:\Users\yosef\OneDrive\Desktop\NTI\Ecommerce\node_modules\router\lib\layer.js:152:17)
    at next (C:\Users\yosef\OneDrive\Desktop\NTI\Ecommerce\node_modules\router\lib\route.js:157:13)
    at exports.authanticate (C:\Users\yosef\OneDrive\Desktop\NTI\Ecommerce\middlewares\auth.middleware.js:17:2)
    at process.processTicksAndRejections (node:internal/process/task_queues:104:5)
05-05-2026 11:00:35 |ERROR| Error | POST | /api/v1/user/createadmin : E11000 duplicate key error collection: eCommerece.users index: mobile_1 dup key: { mobile: "01006879542" } 
MongoServerError: E11000 duplicate key error collection: eCommerece.users index: mobile_1 dup key: { mobile: "01006879542" }
    at InsertOneOperation.handleOk (C:\Users\yosef\OneDrive\Desktop\NTI\Ecommerce\node_modules\mongodb\lib\operations\insert.js:51:19)
    at executeOperationWithRetries (C:\Users\yosef\OneDrive\Desktop\NTI\Ecommerce\node_modules\mongodb\lib\operations\execute_operation.js:194:34)
    at process.processTicksAndRejections (node:internal/process/task_queues:104:5)
    at async executeOperation (C:\Users\yosef\OneDrive\Desktop\NTI\Ecommerce\node_modules\mongodb\lib\operations\execute_operation.js:83:16)
    at async Collection.insertOne (C:\Users\yosef\OneDrive\Desktop\NTI\Ecommerce\node_modules\mongodb\lib\collection.js:154:16)
    at async model.$__save (C:\Users\yosef\OneDrive\Desktop\NTI\Ecommerce\node_modules\mongoose\lib\model.js:428:16)
    at async model.save (C:\Users\yosef\OneDrive\Desktop\NTI\Ecommerce\node_modules\mongoose\lib\model.js:667:5)
    at async model.create (C:\Users\yosef\OneDrive\Desktop\NTI\Ecommerce\node_modules\mongoose\lib\model.js:2747:5)
    at async C:\Users\yosef\OneDrive\Desktop\NTI\Ecommerce\controller\user.controller.js:15:18
05-05-2026 11:00:43 |ERROR| Error | POST | /api/v1/user/createadmin : E11000 duplicate key error collection: eCommerece.users index: email_1 dup key: { email: "yosefalsharawy123@gmail.com" } 
MongoServerError: E11000 duplicate key error collection: eCommerece.users index: email_1 dup key: { email: "yosefalsharawy123@gmail.com" }
    at InsertOneOperation.handleOk (C:\Users\yosef\OneDrive\Desktop\NTI\Ecommerce\node_modules\mongodb\lib\operations\insert.js:51:19)
    at executeOperationWithRetries (C:\Users\yosef\OneDrive\Desktop\NTI\Ecommerce\node_modules\mongodb\lib\operations\execute_operation.js:194:34)
    at process.processTicksAndRejections (node:internal/process/task_queues:104:5)
    at async executeOperation (C:\Users\yosef\OneDrive\Desktop\NTI\Ecommerce\node_modules\mongodb\lib\operations\execute_operation.js:83:16)
    at async Collection.insertOne (C:\Users\yosef\OneDrive\Desktop\NTI\Ecommerce\node_modules\mongodb\lib\collection.js:154:16)
    at async model.$__save (C:\Users\yosef\OneDrive\Desktop\NTI\Ecommerce\node_modules\mongoose\lib\model.js:428:16)
    at async model.save (C:\Users\yosef\OneDrive\Desktop\NTI\Ecommerce\node_modules\mongoose\lib\model.js:667:5)
    at async model.create (C:\Users\yosef\OneDrive\Desktop\NTI\Ecommerce\node_modules\mongoose\lib\model.js:2747:5)
    at async C:\Users\yosef\OneDrive\Desktop\NTI\Ecommerce\controller\user.controller.js:15:18
05-05-2026 11:02:30 |ERROR| Error | POST | /api/v1/user/createadmin : E11000 duplicate key error collection: eCommerece.users index: mobile_1 dup key: { mobile: "01007879542" } 
MongoServerError: E11000 duplicate key error collection: eCommerece.users index: mobile_1 dup key: { mobile: "01007879542" }
    at InsertOneOperation.handleOk (C:\Users\yosef\OneDrive\Desktop\NTI\Ecommerce\node_modules\mongodb\lib\operations\insert.js:51:19)
    at executeOperationWithRetries (C:\Users\yosef\OneDrive\Desktop\NTI\Ecommerce\node_modules\mongodb\lib\operations\execute_operation.js:194:34)
    at process.processTicksAndRejections (node:internal/process/task_queues:104:5)
    at async executeOperation (C:\Users\yosef\OneDrive\Desktop\NTI\Ecommerce\node_modules\mongodb\lib\operations\execute_operation.js:83:16)
    at async Collection.insertOne (C:\Users\yosef\OneDrive\Desktop\NTI\Ecommerce\node_modules\mongodb\lib\collection.js:154:16)
    at async model.$__save (C:\Users\yosef\OneDrive\Desktop\NTI\Ecommerce\node_modules\mongoose\lib\model.js:428:16)
    at async model.save (C:\Users\yosef\OneDrive\Desktop\NTI\Ecommerce\node_modules\mongoose\lib\model.js:667:5)
    at async model.create (C:\Users\yosef\OneDrive\Desktop\NTI\Ecommerce\node_modules\mongoose\lib\model.js:2747:5)
    at async C:\Users\yosef\OneDrive\Desktop\NTI\Ecommerce\controller\user.controller.js:15:18
05-05-2026 13:07:24 |ERROR| Error | POST | /api/v1/user/signup : next is not a function 
TypeError: next is not a function
    at model.<anonymous> (C:\Users\yosef\OneDrive\Desktop\NTI\Ecommerce\models\user.model.js:74:2)
    at async Kareem.execPre (C:\Users\yosef\OneDrive\Desktop\NTI\Ecommerce\node_modules\kareem\index.js:61:24)
    at async model.$__save (C:\Users\yosef\OneDrive\Desktop\NTI\Ecommerce\node_modules\mongoose\lib\model.js:397:5)
    at async model.save (C:\Users\yosef\OneDrive\Desktop\NTI\Ecommerce\node_modules\mongoose\lib\model.js:667:5)
    at async model.create (C:\Users\yosef\OneDrive\Desktop\NTI\Ecommerce\node_modules\mongoose\lib\model.js:2747:5)
    at async C:\Users\yosef\OneDrive\Desktop\NTI\Ecommerce\controller\user.controller.js:16:18
05-05-2026 13:32:24 |ERROR| Error | POST | /api/v1/category/addGategory : can't find /api/v1/category/addGategory 
Error: can't find /api/v1/category/addGategory
    at C:\Users\yosef\OneDrive\Desktop\NTI\Ecommerce\server.js:21:7
    at Layer.handleRequest (C:\Users\yosef\OneDrive\Desktop\NTI\Ecommerce\node_modules\router\lib\layer.js:152:17)
    at trimPrefix (C:\Users\yosef\OneDrive\Desktop\NTI\Ecommerce\node_modules\router\index.js:342:13)
    at C:\Users\yosef\OneDrive\Desktop\NTI\Ecommerce\node_modules\router\index.js:297:9
    at processParams (C:\Users\yosef\OneDrive\Desktop\NTI\Ecommerce\node_modules\router\index.js:582:12)
    at next (C:\Users\yosef\OneDrive\Desktop\NTI\Ecommerce\node_modules\router\index.js:291:5)
    at C:\Users\yosef\OneDrive\Desktop\NTI\Ecommerce\node_modules\router\index.js:688:15
    at next (C:\Users\yosef\OneDrive\Desktop\NTI\Ecommerce\node_modules\router\index.js:276:14)
    at router.handle (C:\Users\yosef\OneDrive\Desktop\NTI\Ecommerce\node_modules\router\index.js:186:3)
    at router (C:\Users\yosef\OneDrive\Desktop\NTI\Ecommerce\node_modules\router\index.js:60:12)
05-05-2026 13:33:17 |ERROR| Error | POST | /api/v1/category/addGategory : unauthorized, no token provided! 
Error: unauthorized, no token provided!
    at exports.authanticate (C:\Users\yosef\OneDrive\Desktop\NTI\Ecommerce\middlewares\auth.middleware.js:8:15)
    at Layer.handleRequest (C:\Users\yosef\OneDrive\Desktop\NTI\Ecommerce\node_modules\router\lib\layer.js:152:17)
    at next (C:\Users\yosef\OneDrive\Desktop\NTI\Ecommerce\node_modules\router\lib\route.js:157:13)
    at Route.dispatch (C:\Users\yosef\OneDrive\Desktop\NTI\Ecommerce\node_modules\router\lib\route.js:117:3)
    at handle (C:\Users\yosef\OneDrive\Desktop\NTI\Ecommerce\node_modules\router\index.js:435:11)
    at Layer.handleRequest (C:\Users\yosef\OneDrive\Desktop\NTI\Ecommerce\node_modules\router\lib\layer.js:152:17)
    at C:\Users\yosef\OneDrive\Desktop\NTI\Ecommerce\node_modules\router\index.js:295:15
    at processParams (C:\Users\yosef\OneDrive\Desktop\NTI\Ecommerce\node_modules\router\index.js:582:12)
    at next (C:\Users\yosef\OneDrive\Desktop\NTI\Ecommerce\node_modules\router\index.js:291:5)
    at router.handle (C:\Users\yosef\OneDrive\Desktop\NTI\Ecommerce\node_modules\router\index.js:186:3)
05-05-2026 13:36:14 |ERROR| Error | POST | /api/v1api/v1/auth/login : can't find /api/v1api/v1/auth/login 
Error: can't find /api/v1api/v1/auth/login
    at C:\Users\yosef\OneDrive\Desktop\NTI\Ecommerce\server.js:21:7
    at Layer.handleRequest (C:\Users\yosef\OneDrive\Desktop\NTI\Ecommerce\node_modules\router\lib\layer.js:152:17)
    at trimPrefix (C:\Users\yosef\OneDrive\Desktop\NTI\Ecommerce\node_modules\router\index.js:342:13)
    at C:\Users\yosef\OneDrive\Desktop\NTI\Ecommerce\node_modules\router\index.js:297:9
    at processParams (C:\Users\yosef\OneDrive\Desktop\NTI\Ecommerce\node_modules\router\index.js:582:12)
    at next (C:\Users\yosef\OneDrive\Desktop\NTI\Ecommerce\node_modules\router\index.js:291:5)
    at cors (C:\Users\yosef\OneDrive\Desktop\NTI\Ecommerce\node_modules\cors\lib\index.js:188:7)
    at C:\Users\yosef\OneDrive\Desktop\NTI\Ecommerce\node_modules\cors\lib\index.js:224:17
    at origin (C:\Users\yosef\OneDrive\Desktop\NTI\Ecommerce\middlewares\cors.middleware.js:8:11)
    at C:\Users\yosef\OneDrive\Desktop\NTI\Ecommerce\node_modules\cors\lib\index.js:219:13
05-05-2026 13:36:37 |ERROR| Error | POST | /api/v1/auth/login : data and hash arguments required 
Error: data and hash arguments required
    at Object.compare (C:\Users\yosef\OneDrive\Desktop\NTI\Ecommerce\node_modules\bcrypt\bcrypt.js:204:17)
    at C:\Users\yosef\OneDrive\Desktop\NTI\Ecommerce\node_modules\bcrypt\promises.js:26:12
    at new Promise (<anonymous>)
    at Object.promise (C:\Users\yosef\OneDrive\Desktop\NTI\Ecommerce\node_modules\bcrypt\promises.js:17:12)
    at Object.compare (C:\Users\yosef\OneDrive\Desktop\NTI\Ecommerce\node_modules\bcrypt\bcrypt.js:200:25)
    at userSchema.methods.correctpassword (C:\Users\yosef\OneDrive\Desktop\NTI\Ecommerce\models\user.model.js:76:22)
    at C:\Users\yosef\OneDrive\Desktop\NTI\Ecommerce\controller\auth.controller.js:17:30
    at process.processTicksAndRejections (node:internal/process/task_queues:104:5)
05-05-2026 13:37:04 |ERROR| Error | POST | /api/v1/auth/login : data and hash arguments required 
Error: data and hash arguments required
    at Object.compare (C:\Users\yosef\OneDrive\Desktop\NTI\Ecommerce\node_modules\bcrypt\bcrypt.js:204:17)
    at C:\Users\yosef\OneDrive\Desktop\NTI\Ecommerce\node_modules\bcrypt\promises.js:26:12
    at new Promise (<anonymous>)
    at Object.promise (C:\Users\yosef\OneDrive\Desktop\NTI\Ecommerce\node_modules\bcrypt\promises.js:17:12)
    at Object.compare (C:\Users\yosef\OneDrive\Desktop\NTI\Ecommerce\node_modules\bcrypt\bcrypt.js:200:25)
    at userSchema.methods.correctpassword (C:\Users\yosef\OneDrive\Desktop\NTI\Ecommerce\models\user.model.js:76:22)
    at C:\Users\yosef\OneDrive\Desktop\NTI\Ecommerce\controller\auth.controller.js:17:30
    at process.processTicksAndRejections (node:internal/process/task_queues:104:5)
05-05-2026 13:38:03 |ERROR| Error | POST | /api/v1/auth/login : data and hash arguments required 
Error: data and hash arguments required
    at Object.compare (C:\Users\yosef\OneDrive\Desktop\NTI\Ecommerce\node_modules\bcrypt\bcrypt.js:204:17)
    at C:\Users\yosef\OneDrive\Desktop\NTI\Ecommerce\node_modules\bcrypt\promises.js:26:12
    at new Promise (<anonymous>)
    at Object.promise (C:\Users\yosef\OneDrive\Desktop\NTI\Ecommerce\node_modules\bcrypt\promises.js:17:12)
    at Object.compare (C:\Users\yosef\OneDrive\Desktop\NTI\Ecommerce\node_modules\bcrypt\bcrypt.js:200:25)
    at userSchema.methods.correctpassword (C:\Users\yosef\OneDrive\Desktop\NTI\Ecommerce\models\user.model.js:75:22)
    at C:\Users\yosef\OneDrive\Desktop\NTI\Ecommerce\controller\auth.controller.js:17:30
    at process.processTicksAndRejections (node:internal/process/task_queues:104:5)
05-05-2026 13:40:09 |ERROR| Error | POST | /api/v1/auth/login : data and hash arguments required 
Error: data and hash arguments required
    at Object.compare (C:\Users\yosef\OneDrive\Desktop\NTI\Ecommerce\node_modules\bcrypt\bcrypt.js:204:17)
    at C:\Users\yosef\OneDrive\Desktop\NTI\Ecommerce\node_modules\bcrypt\promises.js:26:12
    at new Promise (<anonymous>)
    at Object.promise (C:\Users\yosef\OneDrive\Desktop\NTI\Ecommerce\node_modules\bcrypt\promises.js:17:12)
    at Object.compare (C:\Users\yosef\OneDrive\Desktop\NTI\Ecommerce\node_modules\bcrypt\bcrypt.js:200:25)
    at userSchema.methods.correctpassword (C:\Users\yosef\OneDrive\Desktop\NTI\Ecommerce\models\user.model.js:76:22)
    at C:\Users\yosef\OneDrive\Desktop\NTI\Ecommerce\controller\auth.controller.js:18:30
    at process.processTicksAndRejections (node:internal/process/task_queues:104:5)
05-05-2026 13:40:26 |ERROR| Error | POST | /api/v1/auth/login : data and hash arguments required 
Error: data and hash arguments required
    at Object.compare (C:\Users\yosef\OneDrive\Desktop\NTI\Ecommerce\node_modules\bcrypt\bcrypt.js:204:17)
    at C:\Users\yosef\OneDrive\Desktop\NTI\Ecommerce\node_modules\bcrypt\promises.js:26:12
    at new Promise (<anonymous>)
    at Object.promise (C:\Users\yosef\OneDrive\Desktop\NTI\Ecommerce\node_modules\bcrypt\promises.js:17:12)
    at Object.compare (C:\Users\yosef\OneDrive\Desktop\NTI\Ecommerce\node_modules\bcrypt\bcrypt.js:200:25)
    at userSchema.methods.correctpassword (C:\Users\yosef\OneDrive\Desktop\NTI\Ecommerce\models\user.model.js:76:22)
    at C:\Users\yosef\OneDrive\Desktop\NTI\Ecommerce\controller\auth.controller.js:18:30
    at process.processTicksAndRejections (node:internal/process/task_queues:104:5)
05-05-2026 13:40:51 |ERROR| Error | POST | /api/v1/auth/login : data and hash arguments required 
Error: data and hash arguments required
    at Object.compare (C:\Users\yosef\OneDrive\Desktop\NTI\Ecommerce\node_modules\bcrypt\bcrypt.js:204:17)
    at C:\Users\yosef\OneDrive\Desktop\NTI\Ecommerce\node_modules\bcrypt\promises.js:26:12
    at new Promise (<anonymous>)
    at Object.promise (C:\Users\yosef\OneDrive\Desktop\NTI\Ecommerce\node_modules\bcrypt\promises.js:17:12)
    at Object.compare (C:\Users\yosef\OneDrive\Desktop\NTI\Ecommerce\node_modules\bcrypt\bcrypt.js:200:25)
    at userSchema.methods.correctpassword (C:\Users\yosef\OneDrive\Desktop\NTI\Ecommerce\models\user.model.js:76:22)
    at C:\Users\yosef\OneDrive\Desktop\NTI\Ecommerce\controller\auth.controller.js:17:30
    at process.processTicksAndRejections (node:internal/process/task_queues:104:5)
05-05-2026 13:42:26 |ERROR| Error | POST | /api/v1/auth/login : data and hash arguments required 
Error: data and hash arguments required
    at Object.compare (C:\Users\yosef\OneDrive\Desktop\NTI\Ecommerce\node_modules\bcrypt\bcrypt.js:204:17)
    at C:\Users\yosef\OneDrive\Desktop\NTI\Ecommerce\node_modules\bcrypt\promises.js:26:12
    at new Promise (<anonymous>)
    at Object.promise (C:\Users\yosef\OneDrive\Desktop\NTI\Ecommerce\node_modules\bcrypt\promises.js:17:12)
    at Object.compare (C:\Users\yosef\OneDrive\Desktop\NTI\Ecommerce\node_modules\bcrypt\bcrypt.js:200:25)
    at userSchema.methods.correctpassword (C:\Users\yosef\OneDrive\Desktop\NTI\Ecommerce\models\user.model.js:76:22)
    at C:\Users\yosef\OneDrive\Desktop\NTI\Ecommerce\controller\auth.controller.js:17:30
    at process.processTicksAndRejections (node:internal/process/task_queues:104:5)
05-05-2026 13:44:24 |ERROR| Error | POST | /api/v1/auth/login : data and hash arguments required 
Error: data and hash arguments required
    at Object.compare (C:\Users\yosef\OneDrive\Desktop\NTI\Ecommerce\node_modules\bcrypt\bcrypt.js:204:17)
    at C:\Users\yosef\OneDrive\Desktop\NTI\Ecommerce\node_modules\bcrypt\promises.js:26:12
    at new Promise (<anonymous>)
    at Object.promise (C:\Users\yosef\OneDrive\Desktop\NTI\Ecommerce\node_modules\bcrypt\promises.js:17:12)
    at Object.compare (C:\Users\yosef\OneDrive\Desktop\NTI\Ecommerce\node_modules\bcrypt\bcrypt.js:200:25)
    at userSchema.methods.correctpassword (C:\Users\yosef\OneDrive\Desktop\NTI\Ecommerce\models\user.model.js:76:22)
    at C:\Users\yosef\OneDrive\Desktop\NTI\Ecommerce\controller\auth.controller.js:17:30
    at process.processTicksAndRejections (node:internal/process/task_queues:104:5)
05-05-2026 13:44:36 |ERROR| Error | POST | /api/v1/auth/login : data and hash arguments required 
Error: data and hash arguments required
    at Object.compare (C:\Users\yosef\OneDrive\Desktop\NTI\Ecommerce\node_modules\bcrypt\bcrypt.js:204:17)
    at C:\Users\yosef\OneDrive\Desktop\NTI\Ecommerce\node_modules\bcrypt\promises.js:26:12
    at new Promise (<anonymous>)
    at Object.promise (C:\Users\yosef\OneDrive\Desktop\NTI\Ecommerce\node_modules\bcrypt\promises.js:17:12)
    at Object.compare (C:\Users\yosef\OneDrive\Desktop\NTI\Ecommerce\node_modules\bcrypt\bcrypt.js:200:25)
    at userSchema.methods.correctpassword (C:\Users\yosef\OneDrive\Desktop\NTI\Ecommerce\models\user.model.js:76:22)
    at C:\Users\yosef\OneDrive\Desktop\NTI\Ecommerce\controller\auth.controller.js:17:30
    at process.processTicksAndRejections (node:internal/process/task_queues:104:5)
05-05-2026 13:44:45 |ERROR| Error | POST | /api/v1/auth/login : data and hash arguments required 
Error: data and hash arguments required
    at Object.compare (C:\Users\yosef\OneDrive\Desktop\NTI\Ecommerce\node_modules\bcrypt\bcrypt.js:204:17)
    at C:\Users\yosef\OneDrive\Desktop\NTI\Ecommerce\node_modules\bcrypt\promises.js:26:12
    at new Promise (<anonymous>)
    at Object.promise (C:\Users\yosef\OneDrive\Desktop\NTI\Ecommerce\node_modules\bcrypt\promises.js:17:12)
    at Object.compare (C:\Users\yosef\OneDrive\Desktop\NTI\Ecommerce\node_modules\bcrypt\bcrypt.js:200:25)
    at userSchema.methods.correctpassword (C:\Users\yosef\OneDrive\Desktop\NTI\Ecommerce\models\user.model.js:76:22)
    at C:\Users\yosef\OneDrive\Desktop\NTI\Ecommerce\controller\auth.controller.js:17:30
    at process.processTicksAndRejections (node:internal/process/task_queues:104:5)
05-05-2026 13:51:11 |ERROR| Error | POST | /api/v1/category/addGategory : Access denied! 
Error: Access denied!
    at C:\Users\yosef\OneDrive\Desktop\NTI\Ecommerce\middlewares\role.middleware.js:6:16
    at Layer.handleRequest (C:\Users\yosef\OneDrive\Desktop\NTI\Ecommerce\node_modules\router\lib\layer.js:152:17)
    at next (C:\Users\yosef\OneDrive\Desktop\NTI\Ecommerce\node_modules\router\lib\route.js:157:13)
    at exports.authanticate (C:\Users\yosef\OneDrive\Desktop\NTI\Ecommerce\middlewares\auth.middleware.js:17:2)
    at process.processTicksAndRejections (node:internal/process/task_queues:104:5)
05-05-2026 13:51:58 |ERROR| Error | POST | /api/v1/auth/login : data and hash arguments required 
Error: data and hash arguments required
    at Object.compare (C:\Users\yosef\OneDrive\Desktop\NTI\Ecommerce\node_modules\bcrypt\bcrypt.js:204:17)
    at C:\Users\yosef\OneDrive\Desktop\NTI\Ecommerce\node_modules\bcrypt\promises.js:26:12
    at new Promise (<anonymous>)
    at Object.promise (C:\Users\yosef\OneDrive\Desktop\NTI\Ecommerce\node_modules\bcrypt\promises.js:17:12)
    at Object.compare (C:\Users\yosef\OneDrive\Desktop\NTI\Ecommerce\node_modules\bcrypt\bcrypt.js:200:25)
    at userSchema.methods.correctpassword (C:\Users\yosef\OneDrive\Desktop\NTI\Ecommerce\models\user.model.js:75:22)
    at C:\Users\yosef\OneDrive\Desktop\NTI\Ecommerce\controller\auth.controller.js:17:30
    at process.processTicksAndRejections (node:internal/process/task_queues:104:5)
05-05-2026 13:52:21 |ERROR| Error | POST | /api/v1/category/addGategory : jwt malformed 
JsonWebTokenError: jwt malformed
    at module.exports [as verify] (C:\Users\yosef\OneDrive\Desktop\NTI\Ecommerce\node_modules\jsonwebtoken\verify.js:70:17)
    at exports.authanticate (C:\Users\yosef\OneDrive\Desktop\NTI\Ecommerce\middlewares\auth.middleware.js:11:21)
    at Layer.handleRequest (C:\Users\yosef\OneDrive\Desktop\NTI\Ecommerce\node_modules\router\lib\layer.js:152:17)
    at next (C:\Users\yosef\OneDrive\Desktop\NTI\Ecommerce\node_modules\router\lib\route.js:157:13)
    at Route.dispatch (C:\Users\yosef\OneDrive\Desktop\NTI\Ecommerce\node_modules\router\lib\route.js:117:3)
    at handle (C:\Users\yosef\OneDrive\Desktop\NTI\Ecommerce\node_modules\router\index.js:435:11)
    at Layer.handleRequest (C:\Users\yosef\OneDrive\Desktop\NTI\Ecommerce\node_modules\router\lib\layer.js:152:17)
    at C:\Users\yosef\OneDrive\Desktop\NTI\Ecommerce\node_modules\router\index.js:295:15
    at processParams (C:\Users\yosef\OneDrive\Desktop\NTI\Ecommerce\node_modules\router\index.js:582:12)
    at next (C:\Users\yosef\OneDrive\Desktop\NTI\Ecommerce\node_modules\router\index.js:291:5)
05-05-2026 13:53:13 |ERROR| Error | POST | /api/v1/auth/login : data and hash arguments required 
Error: data and hash arguments required
    at Object.compare (C:\Users\yosef\OneDrive\Desktop\NTI\Ecommerce\node_modules\bcrypt\bcrypt.js:204:17)
    at C:\Users\yosef\OneDrive\Desktop\NTI\Ecommerce\node_modules\bcrypt\promises.js:26:12
    at new Promise (<anonymous>)
    at Object.promise (C:\Users\yosef\OneDrive\Desktop\NTI\Ecommerce\node_modules\bcrypt\promises.js:17:12)
    at Object.compare (C:\Users\yosef\OneDrive\Desktop\NTI\Ecommerce\node_modules\bcrypt\bcrypt.js:200:25)
    at userSchema.methods.correctpassword (C:\Users\yosef\OneDrive\Desktop\NTI\Ecommerce\models\user.model.js:75:22)
    at C:\Users\yosef\OneDrive\Desktop\NTI\Ecommerce\controller\auth.controller.js:17:30
    at process.processTicksAndRejections (node:internal/process/task_queues:104:5)
05-05-2026 13:53:44 |ERROR| Error | POST | /api/v1/category/addGategory : Access denied! 
Error: Access denied!
    at C:\Users\yosef\OneDrive\Desktop\NTI\Ecommerce\middlewares\role.middleware.js:6:16
    at Layer.handleRequest (C:\Users\yosef\OneDrive\Desktop\NTI\Ecommerce\node_modules\router\lib\layer.js:152:17)
    at next (C:\Users\yosef\OneDrive\Desktop\NTI\Ecommerce\node_modules\router\lib\route.js:157:13)
    at exports.authanticate (C:\Users\yosef\OneDrive\Desktop\NTI\Ecommerce\middlewares\auth.middleware.js:17:2)
    at process.processTicksAndRejections (node:internal/process/task_queues:104:5)
05-05-2026 13:54:00 |ERROR| Error | POST | /api/v1/category/addGategory : Access denied! 
Error: Access denied!
    at C:\Users\yosef\OneDrive\Desktop\NTI\Ecommerce\middlewares\role.middleware.js:6:16
    at Layer.handleRequest (C:\Users\yosef\OneDrive\Desktop\NTI\Ecommerce\node_modules\router\lib\layer.js:152:17)
    at next (C:\Users\yosef\OneDrive\Desktop\NTI\Ecommerce\node_modules\router\lib\route.js:157:13)
    at exports.authanticate (C:\Users\yosef\OneDrive\Desktop\NTI\Ecommerce\middlewares\auth.middleware.js:17:2)
    at process.processTicksAndRejections (node:internal/process/task_queues:104:5)
05-05-2026 13:54:19 |ERROR| Error | POST | /api/v1/category/addGategory : Access denied! 
Error: Access denied!
    at C:\Users\yosef\OneDrive\Desktop\NTI\Ecommerce\middlewares\role.middleware.js:6:16
    at Layer.handleRequest (C:\Users\yosef\OneDrive\Desktop\NTI\Ecommerce\node_modules\router\lib\layer.js:152:17)
    at next (C:\Users\yosef\OneDrive\Desktop\NTI\Ecommerce\node_modules\router\lib\route.js:157:13)
    at exports.authanticate (C:\Users\yosef\OneDrive\Desktop\NTI\Ecommerce\middlewares\auth.middleware.js:17:2)
    at process.processTicksAndRejections (node:internal/process/task_queues:104:5)
05-05-2026 13:54:57 |ERROR| Error | POST | /api/v1/auth/login : data and hash arguments required 
Error: data and hash arguments required
    at Object.compare (C:\Users\yosef\OneDrive\Desktop\NTI\Ecommerce\node_modules\bcrypt\bcrypt.js:204:17)
    at C:\Users\yosef\OneDrive\Desktop\NTI\Ecommerce\node_modules\bcrypt\promises.js:26:12
    at new Promise (<anonymous>)
    at Object.promise (C:\Users\yosef\OneDrive\Desktop\NTI\Ecommerce\node_modules\bcrypt\promises.js:17:12)
    at Object.compare (C:\Users\yosef\OneDrive\Desktop\NTI\Ecommerce\node_modules\bcrypt\bcrypt.js:200:25)
    at userSchema.methods.correctpassword (C:\Users\yosef\OneDrive\Desktop\NTI\Ecommerce\models\user.model.js:75:22)
    at C:\Users\yosef\OneDrive\Desktop\NTI\Ecommerce\controller\auth.controller.js:17:30
    at process.processTicksAndRejections (node:internal/process/task_queues:104:5)
05-05-2026 14:08:09 |ERROR| Error | GET | /api/v1/category/mens-cloths : Product is not defined 
ReferenceError: Product is not defined
    at C:\Users\yosef\OneDrive\Desktop\NTI\Ecommerce\controller\category.controller.js:40:21
    at C:\Users\yosef\OneDrive\Desktop\NTI\Ecommerce\utilites\catchAsync.uti.js:4:3
    at Layer.handleRequest (C:\Users\yosef\OneDrive\Desktop\NTI\Ecommerce\node_modules\router\lib\layer.js:152:17)
    at next (C:\Users\yosef\OneDrive\Desktop\NTI\Ecommerce\node_modules\router\lib\route.js:157:13)
    at Route.dispatch (C:\Users\yosef\OneDrive\Desktop\NTI\Ecommerce\node_modules\router\lib\route.js:117:3)
    at handle (C:\Users\yosef\OneDrive\Desktop\NTI\Ecommerce\node_modules\router\index.js:435:11)
    at Layer.handleRequest (C:\Users\yosef\OneDrive\Desktop\NTI\Ecommerce\node_modules\router\lib\layer.js:152:17)
    at C:\Users\yosef\OneDrive\Desktop\NTI\Ecommerce\node_modules\router\index.js:295:15
    at param (C:\Users\yosef\OneDrive\Desktop\NTI\Ecommerce\node_modules\router\index.js:600:14)
    at param (C:\Users\yosef\OneDrive\Desktop\NTI\Ecommerce\node_modules\router\index.js:610:14)
05-05-2026 14:41:22 |ERROR| Error | DELETE | /api/v1/category/69f9ccadc8a4802791885874 : can't find /api/v1/category/69f9ccadc8a4802791885874 
Error: can't find /api/v1/category/69f9ccadc8a4802791885874
    at C:\Users\yosef\OneDrive\Desktop\NTI\Ecommerce\server.js:21:7
    at Layer.handleRequest (C:\Users\yosef\OneDrive\Desktop\NTI\Ecommerce\node_modules\router\lib\layer.js:152:17)
    at trimPrefix (C:\Users\yosef\OneDrive\Desktop\NTI\Ecommerce\node_modules\router\index.js:342:13)
    at C:\Users\yosef\OneDrive\Desktop\NTI\Ecommerce\node_modules\router\index.js:297:9
    at processParams (C:\Users\yosef\OneDrive\Desktop\NTI\Ecommerce\node_modules\router\index.js:582:12)
    at next (C:\Users\yosef\OneDrive\Desktop\NTI\Ecommerce\node_modules\router\index.js:291:5)
    at C:\Users\yosef\OneDrive\Desktop\NTI\Ecommerce\node_modules\router\index.js:688:15
    at next (C:\Users\yosef\OneDrive\Desktop\NTI\Ecommerce\node_modules\router\index.js:276:14)
    at router.handle (C:\Users\yosef\OneDrive\Desktop\NTI\Ecommerce\node_modules\router\index.js:186:3)
    at router (C:\Users\yosef\OneDrive\Desktop\NTI\Ecommerce\node_modules\router\index.js:60:12)
05-05-2026 14:41:35 |ERROR| Error | DELETE | /api/v1/category?id=69f9ccadc8a4802791885874 : unauthorized, no token provided! 
Error: unauthorized, no token provided!
    at exports.authanticate (C:\Users\yosef\OneDrive\Desktop\NTI\Ecommerce\middlewares\auth.middleware.js:8:15)
    at Layer.handleRequest (C:\Users\yosef\OneDrive\Desktop\NTI\Ecommerce\node_modules\router\lib\layer.js:152:17)
    at next (C:\Users\yosef\OneDrive\Desktop\NTI\Ecommerce\node_modules\router\lib\route.js:157:13)
    at Route.dispatch (C:\Users\yosef\OneDrive\Desktop\NTI\Ecommerce\node_modules\router\lib\route.js:117:3)
    at handle (C:\Users\yosef\OneDrive\Desktop\NTI\Ecommerce\node_modules\router\index.js:435:11)
    at Layer.handleRequest (C:\Users\yosef\OneDrive\Desktop\NTI\Ecommerce\node_modules\router\lib\layer.js:152:17)
    at C:\Users\yosef\OneDrive\Desktop\NTI\Ecommerce\node_modules\router\index.js:295:15
    at processParams (C:\Users\yosef\OneDrive\Desktop\NTI\Ecommerce\node_modules\router\index.js:582:12)
    at next (C:\Users\yosef\OneDrive\Desktop\NTI\Ecommerce\node_modules\router\index.js:291:5)
    at router.handle (C:\Users\yosef\OneDrive\Desktop\NTI\Ecommerce\node_modules\router\index.js:186:3)
05-05-2026 14:41:46 |ERROR| Error | DELETE | /api/v1/category?id=69f9ccadc8a4802791885874 : AppError is not defined 
ReferenceError: AppError is not defined
    at C:\Users\yosef\OneDrive\Desktop\NTI\Ecommerce\controller\category.controller.js:83:19
    at process.processTicksAndRejections (node:internal/process/task_queues:104:5)
05-05-2026 14:42:44 |ERROR| Error | DELETE | /api/v1/category?id=69f9ccadc8a4802791885874 : Category not found 
Error: Category not found
    at C:\Users\yosef\OneDrive\Desktop\NTI\Ecommerce\controller\category.controller.js:83:15
    at process.processTicksAndRejections (node:internal/process/task_queues:104:5)
05-05-2026 14:43:18 |ERROR| Error | DELETE | /api/v1/category?id=69f9ccadc8a4802791885874 : Category not found 
Error: Category not found
    at C:\Users\yosef\OneDrive\Desktop\NTI\Ecommerce\controller\category.controller.js:83:15
    at process.processTicksAndRejections (node:internal/process/task_queues:104:5)
05-05-2026 14:43:45 |ERROR| Error | DELETE | /api/v1/category?id=69f9ccadc8a4802791885874 : Cannot destructure property 'id' of 'req.params.query' as it is undefined. 
TypeError: Cannot destructure property 'id' of 'req.params.query' as it is undefined.
    at C:\Users\yosef\OneDrive\Desktop\NTI\Ecommerce\controller\category.controller.js:71:10
    at C:\Users\yosef\OneDrive\Desktop\NTI\Ecommerce\utilites\catchAsync.uti.js:4:3
    at Layer.handleRequest (C:\Users\yosef\OneDrive\Desktop\NTI\Ecommerce\node_modules\router\lib\layer.js:152:17)
    at next (C:\Users\yosef\OneDrive\Desktop\NTI\Ecommerce\node_modules\router\lib\route.js:157:13)
    at C:\Users\yosef\OneDrive\Desktop\NTI\Ecommerce\middlewares\role.middleware.js:8:3
    at Layer.handleRequest (C:\Users\yosef\OneDrive\Desktop\NTI\Ecommerce\node_modules\router\lib\layer.js:152:17)
    at next (C:\Users\yosef\OneDrive\Desktop\NTI\Ecommerce\node_modules\router\lib\route.js:157:13)
    at exports.authanticate (C:\Users\yosef\OneDrive\Desktop\NTI\Ecommerce\middlewares\auth.middleware.js:17:2)
    at process.processTicksAndRejections (node:internal/process/task_queues:104:5)
05-05-2026 14:44:08 |ERROR| Error | DELETE | /api/v1/category?id=69f9ccadc8a4802791885874 : Cannot destructure property 'id' of 'req.params._id' as it is undefined. 
TypeError: Cannot destructure property 'id' of 'req.params._id' as it is undefined.
    at C:\Users\yosef\OneDrive\Desktop\NTI\Ecommerce\controller\category.controller.js:71:10
    at C:\Users\yosef\OneDrive\Desktop\NTI\Ecommerce\utilites\catchAsync.uti.js:4:3
    at Layer.handleRequest (C:\Users\yosef\OneDrive\Desktop\NTI\Ecommerce\node_modules\router\lib\layer.js:152:17)
    at next (C:\Users\yosef\OneDrive\Desktop\NTI\Ecommerce\node_modules\router\lib\route.js:157:13)
    at C:\Users\yosef\OneDrive\Desktop\NTI\Ecommerce\middlewares\role.middleware.js:8:3
    at Layer.handleRequest (C:\Users\yosef\OneDrive\Desktop\NTI\Ecommerce\node_modules\router\lib\layer.js:152:17)
    at next (C:\Users\yosef\OneDrive\Desktop\NTI\Ecommerce\node_modules\router\lib\route.js:157:13)
    at exports.authanticate (C:\Users\yosef\OneDrive\Desktop\NTI\Ecommerce\middlewares\auth.middleware.js:17:2)
    at process.processTicksAndRejections (node:internal/process/task_queues:104:5)
05-05-2026 14:44:20 |ERROR| Error | DELETE | /api/v1/category?id=69f9ccadc8a4802791885874 : Cannot destructure property 'id' of 'req.params.id' as it is undefined. 
TypeError: Cannot destructure property 'id' of 'req.params.id' as it is undefined.
    at C:\Users\yosef\OneDrive\Desktop\NTI\Ecommerce\controller\category.controller.js:71:10
    at C:\Users\yosef\OneDrive\Desktop\NTI\Ecommerce\utilites\catchAsync.uti.js:4:3
    at Layer.handleRequest (C:\Users\yosef\OneDrive\Desktop\NTI\Ecommerce\node_modules\router\lib\layer.js:152:17)
    at next (C:\Users\yosef\OneDrive\Desktop\NTI\Ecommerce\node_modules\router\lib\route.js:157:13)
    at C:\Users\yosef\OneDrive\Desktop\NTI\Ecommerce\middlewares\role.middleware.js:8:3
    at Layer.handleRequest (C:\Users\yosef\OneDrive\Desktop\NTI\Ecommerce\node_modules\router\lib\layer.js:152:17)
    at next (C:\Users\yosef\OneDrive\Desktop\NTI\Ecommerce\node_modules\router\lib\route.js:157:13)
    at exports.authanticate (C:\Users\yosef\OneDrive\Desktop\NTI\Ecommerce\middlewares\auth.middleware.js:17:2)
    at process.processTicksAndRejections (node:internal/process/task_queues:104:5)
05-05-2026 14:44:34 |ERROR| Error | DELETE | /api/v1/category?id=69f9ccadc8a4802791885874 : Category not found 
Error: Category not found
    at C:\Users\yosef\OneDrive\Desktop\NTI\Ecommerce\controller\category.controller.js:83:15
    at process.processTicksAndRejections (node:internal/process/task_queues:104:5)
05-05-2026 14:45:18 |ERROR| Error | DELETE | /api/v1/category/69f9ccadc8a4802791885874 : can't find /api/v1/category/69f9ccadc8a4802791885874 
Error: can't find /api/v1/category/69f9ccadc8a4802791885874
    at C:\Users\yosef\OneDrive\Desktop\NTI\Ecommerce\server.js:21:7
    at Layer.handleRequest (C:\Users\yosef\OneDrive\Desktop\NTI\Ecommerce\node_modules\router\lib\layer.js:152:17)
    at trimPrefix (C:\Users\yosef\OneDrive\Desktop\NTI\Ecommerce\node_modules\router\index.js:342:13)
    at C:\Users\yosef\OneDrive\Desktop\NTI\Ecommerce\node_modules\router\index.js:297:9
    at processParams (C:\Users\yosef\OneDrive\Desktop\NTI\Ecommerce\node_modules\router\index.js:582:12)
    at next (C:\Users\yosef\OneDrive\Desktop\NTI\Ecommerce\node_modules\router\index.js:291:5)
    at C:\Users\yosef\OneDrive\Desktop\NTI\Ecommerce\node_modules\router\index.js:688:15
    at next (C:\Users\yosef\OneDrive\Desktop\NTI\Ecommerce\node_modules\router\index.js:276:14)
    at router.handle (C:\Users\yosef\OneDrive\Desktop\NTI\Ecommerce\node_modules\router\index.js:186:3)
    at router (C:\Users\yosef\OneDrive\Desktop\NTI\Ecommerce\node_modules\router\index.js:60:12)
05-05-2026 14:45:35 |ERROR| Error | DELETE | /api/v1/category/69f9ccadc8a4802791885874 : can't find /api/v1/category/69f9ccadc8a4802791885874 
Error: can't find /api/v1/category/69f9ccadc8a4802791885874
    at C:\Users\yosef\OneDrive\Desktop\NTI\Ecommerce\server.js:21:7
    at Layer.handleRequest (C:\Users\yosef\OneDrive\Desktop\NTI\Ecommerce\node_modules\router\lib\layer.js:152:17)
    at trimPrefix (C:\Users\yosef\OneDrive\Desktop\NTI\Ecommerce\node_modules\router\index.js:342:13)
    at C:\Users\yosef\OneDrive\Desktop\NTI\Ecommerce\node_modules\router\index.js:297:9
    at processParams (C:\Users\yosef\OneDrive\Desktop\NTI\Ecommerce\node_modules\router\index.js:582:12)
    at next (C:\Users\yosef\OneDrive\Desktop\NTI\Ecommerce\node_modules\router\index.js:291:5)
    at C:\Users\yosef\OneDrive\Desktop\NTI\Ecommerce\node_modules\router\index.js:688:15
    at next (C:\Users\yosef\OneDrive\Desktop\NTI\Ecommerce\node_modules\router\index.js:276:14)
    at router.handle (C:\Users\yosef\OneDrive\Desktop\NTI\Ecommerce\node_modules\router\index.js:186:3)
    at router (C:\Users\yosef\OneDrive\Desktop\NTI\Ecommerce\node_modules\router\index.js:60:12)
06-05-2026 11:18:52 |ERROR| Error | POST | /api/v1/subCategory/addSubCategory : Cannot destructure property 'name' of 'req.body' as it is undefined. 
TypeError: Cannot destructure property 'name' of 'req.body' as it is undefined.
    at C:\Users\yosef\OneDrive\Desktop\NTI\Ecommerce\controller\subCategory.controller.js:9:10
    at C:\Users\yosef\OneDrive\Desktop\NTI\Ecommerce\utilites\catchAsync.uti.js:4:3
    at Layer.handleRequest (C:\Users\yosef\OneDrive\Desktop\NTI\Ecommerce\node_modules\router\lib\layer.js:152:17)
    at next (C:\Users\yosef\OneDrive\Desktop\NTI\Ecommerce\node_modules\router\lib\route.js:157:13)
    at C:\Users\yosef\OneDrive\Desktop\NTI\Ecommerce\middlewares\role.middleware.js:8:3
    at Layer.handleRequest (C:\Users\yosef\OneDrive\Desktop\NTI\Ecommerce\node_modules\router\lib\layer.js:152:17)
    at next (C:\Users\yosef\OneDrive\Desktop\NTI\Ecommerce\node_modules\router\lib\route.js:157:13)
    at exports.authanticate (C:\Users\yosef\OneDrive\Desktop\NTI\Ecommerce\middlewares\auth.middleware.js:17:2)
    at process.processTicksAndRejections (node:internal/process/task_queues:104:5)
06-05-2026 12:03:40 |ERROR| Error | PUT | /api/v1/subCategory/69fb034ad50e11d3ea6c3697 : unauthorized, no token provided! 
Error: unauthorized, no token provided!
    at exports.authanticate (C:\Users\yosef\OneDrive\Desktop\NTI\Ecommerce\middlewares\auth.middleware.js:8:15)
    at Layer.handleRequest (C:\Users\yosef\OneDrive\Desktop\NTI\Ecommerce\node_modules\router\lib\layer.js:152:17)
    at next (C:\Users\yosef\OneDrive\Desktop\NTI\Ecommerce\node_modules\router\lib\route.js:157:13)
    at Route.dispatch (C:\Users\yosef\OneDrive\Desktop\NTI\Ecommerce\node_modules\router\lib\route.js:117:3)
    at handle (C:\Users\yosef\OneDrive\Desktop\NTI\Ecommerce\node_modules\router\index.js:435:11)
    at Layer.handleRequest (C:\Users\yosef\OneDrive\Desktop\NTI\Ecommerce\node_modules\router\lib\layer.js:152:17)
    at C:\Users\yosef\OneDrive\Desktop\NTI\Ecommerce\node_modules\router\index.js:295:15
    at param (C:\Users\yosef\OneDrive\Desktop\NTI\Ecommerce\node_modules\router\index.js:600:14)
    at param (C:\Users\yosef\OneDrive\Desktop\NTI\Ecommerce\node_modules\router\index.js:610:14)
    at processParams (C:\Users\yosef\OneDrive\Desktop\NTI\Ecommerce\node_modules\router\index.js:664:3)
06-05-2026 13:39:48 |ERROR| Error | POST | /api/v1/product/addProduct : Cannot destructure property 'name' of 'req.body' as it is undefined. 
TypeError: Cannot destructure property 'name' of 'req.body' as it is undefined.
    at C:\Users\yosef\OneDrive\Desktop\NTI\Ecommerce\controller\product.controller.js:11:3
    at C:\Users\yosef\OneDrive\Desktop\NTI\Ecommerce\utilites\catchAsync.uti.js:4:3
    at Layer.handleRequest (C:\Users\yosef\OneDrive\Desktop\NTI\Ecommerce\node_modules\router\lib\layer.js:152:17)
    at next (C:\Users\yosef\OneDrive\Desktop\NTI\Ecommerce\node_modules\router\lib\route.js:157:13)
    at C:\Users\yosef\OneDrive\Desktop\NTI\Ecommerce\middlewares\role.middleware.js:8:3
    at Layer.handleRequest (C:\Users\yosef\OneDrive\Desktop\NTI\Ecommerce\node_modules\router\lib\layer.js:152:17)
    at next (C:\Users\yosef\OneDrive\Desktop\NTI\Ecommerce\node_modules\router\lib\route.js:157:13)
    at exports.authanticate (C:\Users\yosef\OneDrive\Desktop\NTI\Ecommerce\middlewares\auth.middleware.js:17:2)
    at process.processTicksAndRejections (node:internal/process/task_queues:104:5)
06-05-2026 13:40:08 |ERROR| Error | POST | /api/v1/product/addProduct : Cannot destructure property 'name' of 'req.body' as it is undefined. 
TypeError: Cannot destructure property 'name' of 'req.body' as it is undefined.
    at C:\Users\yosef\OneDrive\Desktop\NTI\Ecommerce\controller\product.controller.js:11:3
    at C:\Users\yosef\OneDrive\Desktop\NTI\Ecommerce\utilites\catchAsync.uti.js:4:3
    at Layer.handleRequest (C:\Users\yosef\OneDrive\Desktop\NTI\Ecommerce\node_modules\router\lib\layer.js:152:17)
    at next (C:\Users\yosef\OneDrive\Desktop\NTI\Ecommerce\node_modules\router\lib\route.js:157:13)
    at C:\Users\yosef\OneDrive\Desktop\NTI\Ecommerce\middlewares\role.middleware.js:8:3
    at Layer.handleRequest (C:\Users\yosef\OneDrive\Desktop\NTI\Ecommerce\node_modules\router\lib\layer.js:152:17)
    at next (C:\Users\yosef\OneDrive\Desktop\NTI\Ecommerce\node_modules\router\lib\route.js:157:13)
    at exports.authanticate (C:\Users\yosef\OneDrive\Desktop\NTI\Ecommerce\middlewares\auth.middleware.js:17:2)
    at process.processTicksAndRejections (node:internal/process/task_queues:104:5)
06-05-2026 13:40:57 |ERROR| Error | POST | /api/v1/product/addProduct : Cannot destructure property 'name' of 'req.body' as it is undefined. 
TypeError: Cannot destructure property 'name' of 'req.body' as it is undefined.
    at C:\Users\yosef\OneDrive\Desktop\NTI\Ecommerce\controller\product.controller.js:11:3
    at C:\Users\yosef\OneDrive\Desktop\NTI\Ecommerce\utilites\catchAsync.uti.js:4:3
    at Layer.handleRequest (C:\Users\yosef\OneDrive\Desktop\NTI\Ecommerce\node_modules\router\lib\layer.js:152:17)
    at next (C:\Users\yosef\OneDrive\Desktop\NTI\Ecommerce\node_modules\router\lib\route.js:157:13)
    at C:\Users\yosef\OneDrive\Desktop\NTI\Ecommerce\middlewares\role.middleware.js:8:3
    at Layer.handleRequest (C:\Users\yosef\OneDrive\Desktop\NTI\Ecommerce\node_modules\router\lib\layer.js:152:17)
    at next (C:\Users\yosef\OneDrive\Desktop\NTI\Ecommerce\node_modules\router\lib\route.js:157:13)
    at exports.authanticate (C:\Users\yosef\OneDrive\Desktop\NTI\Ecommerce\middlewares\auth.middleware.js:17:2)
    at process.processTicksAndRejections (node:internal/process/task_queues:104:5)
06-05-2026 13:41:15 |ERROR| Error | POST | /api/v1/product/addProduct : Cannot destructure property 'name' of 'req.body' as it is undefined. 
TypeError: Cannot destructure property 'name' of 'req.body' as it is undefined.
    at C:\Users\yosef\OneDrive\Desktop\NTI\Ecommerce\controller\product.controller.js:11:3
    at C:\Users\yosef\OneDrive\Desktop\NTI\Ecommerce\utilites\catchAsync.uti.js:4:3
    at Layer.handleRequest (C:\Users\yosef\OneDrive\Desktop\NTI\Ecommerce\node_modules\router\lib\layer.js:152:17)
    at next (C:\Users\yosef\OneDrive\Desktop\NTI\Ecommerce\node_modules\router\lib\route.js:157:13)
    at C:\Users\yosef\OneDrive\Desktop\NTI\Ecommerce\middlewares\role.middleware.js:8:3
    at Layer.handleRequest (C:\Users\yosef\OneDrive\Desktop\NTI\Ecommerce\node_modules\router\lib\layer.js:152:17)
    at next (C:\Users\yosef\OneDrive\Desktop\NTI\Ecommerce\node_modules\router\lib\route.js:157:13)
    at exports.authanticate (C:\Users\yosef\OneDrive\Desktop\NTI\Ecommerce\middlewares\auth.middleware.js:17:2)
    at process.processTicksAndRejections (node:internal/process/task_queues:104:5)
06-05-2026 13:41:31 |ERROR| Error | POST | /api/v1/product/addProduct : Cannot destructure property 'name' of 'req.body' as it is undefined. 
TypeError: Cannot destructure property 'name' of 'req.body' as it is undefined.
    at C:\Users\yosef\OneDrive\Desktop\NTI\Ecommerce\controller\product.controller.js:11:3
    at C:\Users\yosef\OneDrive\Desktop\NTI\Ecommerce\utilites\catchAsync.uti.js:4:3
    at Layer.handleRequest (C:\Users\yosef\OneDrive\Desktop\NTI\Ecommerce\node_modules\router\lib\layer.js:152:17)
    at next (C:\Users\yosef\OneDrive\Desktop\NTI\Ecommerce\node_modules\router\lib\route.js:157:13)
    at C:\Users\yosef\OneDrive\Desktop\NTI\Ecommerce\middlewares\role.middleware.js:8:3
    at Layer.handleRequest (C:\Users\yosef\OneDrive\Desktop\NTI\Ecommerce\node_modules\router\lib\layer.js:152:17)
    at next (C:\Users\yosef\OneDrive\Desktop\NTI\Ecommerce\node_modules\router\lib\route.js:157:13)
    at exports.authanticate (C:\Users\yosef\OneDrive\Desktop\NTI\Ecommerce\middlewares\auth.middleware.js:17:2)
    at process.processTicksAndRejections (node:internal/process/task_queues:104:5)
06-05-2026 13:42:16 |ERROR| Error | POST | /api/v1/product/addProduct : Cannot destructure property 'description' of 'req.body' as it is undefined. 
TypeError: Cannot destructure property 'description' of 'req.body' as it is undefined.
    at C:\Users\yosef\OneDrive\Desktop\NTI\Ecommerce\controller\product.controller.js:11:3
    at C:\Users\yosef\OneDrive\Desktop\NTI\Ecommerce\utilites\catchAsync.uti.js:4:3
    at Layer.handleRequest (C:\Users\yosef\OneDrive\Desktop\NTI\Ecommerce\node_modules\router\lib\layer.js:152:17)
    at next (C:\Users\yosef\OneDrive\Desktop\NTI\Ecommerce\node_modules\router\lib\route.js:157:13)
    at C:\Users\yosef\OneDrive\Desktop\NTI\Ecommerce\middlewares\role.middleware.js:8:3
    at Layer.handleRequest (C:\Users\yosef\OneDrive\Desktop\NTI\Ecommerce\node_modules\router\lib\layer.js:152:17)
    at next (C:\Users\yosef\OneDrive\Desktop\NTI\Ecommerce\node_modules\router\lib\route.js:157:13)
    at exports.authanticate (C:\Users\yosef\OneDrive\Desktop\NTI\Ecommerce\middlewares\auth.middleware.js:17:2)
    at process.processTicksAndRejections (node:internal/process/task_queues:104:5)
06-05-2026 13:45:00 |ERROR| Error | POST | /api/v1/product/addProduct : Unexpected field 
MulterError: Unexpected field
    at wrappedFileFilter (C:\Users\yosef\OneDrive\Desktop\NTI\Ecommerce\node_modules\multer\index.js:41:19)
    at Multipart.<anonymous> (C:\Users\yosef\OneDrive\Desktop\NTI\Ecommerce\node_modules\multer\lib\make-middleware.js:183:7)
    at Multipart.emit (node:events:508:28)
    at HeaderParser.cb (C:\Users\yosef\OneDrive\Desktop\NTI\Ecommerce\node_modules\busboy\lib\types\multipart.js:358:14)
    at HeaderParser.push (C:\Users\yosef\OneDrive\Desktop\NTI\Ecommerce\node_modules\busboy\lib\types\multipart.js:162:20)
    at SBMH.ssCb [as _cb] (C:\Users\yosef\OneDrive\Desktop\NTI\Ecommerce\node_modules\busboy\lib\types\multipart.js:394:37)
    at feed (C:\Users\yosef\OneDrive\Desktop\NTI\Ecommerce\node_modules\streamsearch\lib\sbmh.js:248:10)
    at SBMH.push (C:\Users\yosef\OneDrive\Desktop\NTI\Ecommerce\node_modules\streamsearch\lib\sbmh.js:104:16)
    at Multipart._write (C:\Users\yosef\OneDrive\Desktop\NTI\Ecommerce\node_modules\busboy\lib\types\multipart.js:567:19)
    at writeOrBuffer (node:internal/streams/writable:570:12)
06-05-2026 13:45:54 |ERROR| Error | POST | /api/v1/product/addProduct : Product already exists in this subCategory! 
Error: Product already exists in this subCategory!
    at C:\Users\yosef\OneDrive\Desktop\NTI\Ecommerce\controller\product.controller.js:33:4
    at process.processTicksAndRejections (node:internal/process/task_queues:104:5)
06-05-2026 13:57:20 |ERROR| Error | GET | /api/v1/product/product-1 : Cannot read properties of undefined (reading 'slug') 
TypeError: Cannot read properties of undefined (reading 'slug')
    at C:\Users\yosef\OneDrive\Desktop\NTI\Ecommerce\controller\product.controller.js:73:28
    at C:\Users\yosef\OneDrive\Desktop\NTI\Ecommerce\utilites\catchAsync.uti.js:4:3
    at Layer.handleRequest (C:\Users\yosef\OneDrive\Desktop\NTI\Ecommerce\node_modules\router\lib\layer.js:152:17)
    at next (C:\Users\yosef\OneDrive\Desktop\NTI\Ecommerce\node_modules\router\lib\route.js:157:13)
    at Route.dispatch (C:\Users\yosef\OneDrive\Desktop\NTI\Ecommerce\node_modules\router\lib\route.js:117:3)
    at handle (C:\Users\yosef\OneDrive\Desktop\NTI\Ecommerce\node_modules\router\index.js:435:11)
    at Layer.handleRequest (C:\Users\yosef\OneDrive\Desktop\NTI\Ecommerce\node_modules\router\lib\layer.js:152:17)
    at C:\Users\yosef\OneDrive\Desktop\NTI\Ecommerce\node_modules\router\index.js:295:15
    at param (C:\Users\yosef\OneDrive\Desktop\NTI\Ecommerce\node_modules\router\index.js:600:14)
    at param (C:\Users\yosef\OneDrive\Desktop\NTI\Ecommerce\node_modules\router\index.js:610:14)
06-05-2026 14:35:52 |ERROR| Error | PUT | /api/v1/product/69fb1bc1c6cc66558e2abdff : jwt expired 
TokenExpiredError: jwt expired
    at C:\Users\yosef\OneDrive\Desktop\NTI\Ecommerce\node_modules\jsonwebtoken\verify.js:190:21
    at getSecret (C:\Users\yosef\OneDrive\Desktop\NTI\Ecommerce\node_modules\jsonwebtoken\verify.js:97:14)
    at module.exports [as verify] (C:\Users\yosef\OneDrive\Desktop\NTI\Ecommerce\node_modules\jsonwebtoken\verify.js:101:10)
    at exports.authanticate (C:\Users\yosef\OneDrive\Desktop\NTI\Ecommerce\middlewares\auth.middleware.js:11:21)
    at Layer.handleRequest (C:\Users\yosef\OneDrive\Desktop\NTI\Ecommerce\node_modules\router\lib\layer.js:152:17)
    at next (C:\Users\yosef\OneDrive\Desktop\NTI\Ecommerce\node_modules\router\lib\route.js:157:13)
    at Route.dispatch (C:\Users\yosef\OneDrive\Desktop\NTI\Ecommerce\node_modules\router\lib\route.js:117:3)
    at handle (C:\Users\yosef\OneDrive\Desktop\NTI\Ecommerce\node_modules\router\index.js:435:11)
    at Layer.handleRequest (C:\Users\yosef\OneDrive\Desktop\NTI\Ecommerce\node_modules\router\lib\layer.js:152:17)
    at C:\Users\yosef\OneDrive\Desktop\NTI\Ecommerce\node_modules\router\index.js:295:15
06-05-2026 14:36:08 |ERROR| Error | PUT | /api/v1/product/69fb1bc1c6cc66558e2abdff : jwt expired 
TokenExpiredError: jwt expired
    at C:\Users\yosef\OneDrive\Desktop\NTI\Ecommerce\node_modules\jsonwebtoken\verify.js:190:21
    at getSecret (C:\Users\yosef\OneDrive\Desktop\NTI\Ecommerce\node_modules\jsonwebtoken\verify.js:97:14)
    at module.exports [as verify] (C:\Users\yosef\OneDrive\Desktop\NTI\Ecommerce\node_modules\jsonwebtoken\verify.js:101:10)
    at exports.authanticate (C:\Users\yosef\OneDrive\Desktop\NTI\Ecommerce\middlewares\auth.middleware.js:11:21)
    at Layer.handleRequest (C:\Users\yosef\OneDrive\Desktop\NTI\Ecommerce\node_modules\router\lib\layer.js:152:17)
    at next (C:\Users\yosef\OneDrive\Desktop\NTI\Ecommerce\node_modules\router\lib\route.js:157:13)
    at Route.dispatch (C:\Users\yosef\OneDrive\Desktop\NTI\Ecommerce\node_modules\router\lib\route.js:117:3)
    at handle (C:\Users\yosef\OneDrive\Desktop\NTI\Ecommerce\node_modules\router\index.js:435:11)
    at Layer.handleRequest (C:\Users\yosef\OneDrive\Desktop\NTI\Ecommerce\node_modules\router\lib\layer.js:152:17)
    at C:\Users\yosef\OneDrive\Desktop\NTI\Ecommerce\node_modules\router\index.js:295:15
06-05-2026 14:37:10 |ERROR| Error | PUT | /api/v1/product/69fb1bc1c6cc66558e2abdff : SubCategory does not belong to this category! 
Error: SubCategory does not belong to this category!
    at C:\Users\yosef\OneDrive\Desktop\NTI\Ecommerce\controller\product.controller.js:124:5
    at process.processTicksAndRejections (node:internal/process/task_queues:104:5)
06-05-2026 14:47:18 |ERROR| Error | DELETE | /api/v1/product/69fb1bc1c6cc66558e2abdff : can't find /api/v1/product/69fb1bc1c6cc66558e2abdff 
Error: can't find /api/v1/product/69fb1bc1c6cc66558e2abdff
    at C:\Users\yosef\OneDrive\Desktop\NTI\Ecommerce\server.js:23:7
    at Layer.handleRequest (C:\Users\yosef\OneDrive\Desktop\NTI\Ecommerce\node_modules\router\lib\layer.js:152:17)
    at trimPrefix (C:\Users\yosef\OneDrive\Desktop\NTI\Ecommerce\node_modules\router\index.js:342:13)
    at C:\Users\yosef\OneDrive\Desktop\NTI\Ecommerce\node_modules\router\index.js:297:9
    at processParams (C:\Users\yosef\OneDrive\Desktop\NTI\Ecommerce\node_modules\router\index.js:582:12)
    at next (C:\Users\yosef\OneDrive\Desktop\NTI\Ecommerce\node_modules\router\index.js:291:5)
    at C:\Users\yosef\OneDrive\Desktop\NTI\Ecommerce\node_modules\router\index.js:688:15
    at next (C:\Users\yosef\OneDrive\Desktop\NTI\Ecommerce\node_modules\router\index.js:276:14)
    at router.handle (C:\Users\yosef\OneDrive\Desktop\NTI\Ecommerce\node_modules\router\index.js:186:3)
    at router (C:\Users\yosef\OneDrive\Desktop\NTI\Ecommerce\node_modules\router\index.js:60:12)
06-05-2026 14:47:36 |ERROR| Error | DELETE | /api/v1/product/69fb1bc1c6cc66558e2abdff : can't find /api/v1/product/69fb1bc1c6cc66558e2abdff 
Error: can't find /api/v1/product/69fb1bc1c6cc66558e2abdff
    at C:\Users\yosef\OneDrive\Desktop\NTI\Ecommerce\server.js:23:7
    at Layer.handleRequest (C:\Users\yosef\OneDrive\Desktop\NTI\Ecommerce\node_modules\router\lib\layer.js:152:17)
    at trimPrefix (C:\Users\yosef\OneDrive\Desktop\NTI\Ecommerce\node_modules\router\index.js:342:13)
    at C:\Users\yosef\OneDrive\Desktop\NTI\Ecommerce\node_modules\router\index.js:297:9
    at processParams (C:\Users\yosef\OneDrive\Desktop\NTI\Ecommerce\node_modules\router\index.js:582:12)
    at next (C:\Users\yosef\OneDrive\Desktop\NTI\Ecommerce\node_modules\router\index.js:291:5)
    at C:\Users\yosef\OneDrive\Desktop\NTI\Ecommerce\node_modules\router\index.js:688:15
    at next (C:\Users\yosef\OneDrive\Desktop\NTI\Ecommerce\node_modules\router\index.js:276:14)
    at router.handle (C:\Users\yosef\OneDrive\Desktop\NTI\Ecommerce\node_modules\router\index.js:186:3)
    at router (C:\Users\yosef\OneDrive\Desktop\NTI\Ecommerce\node_modules\router\index.js:60:12)
06-05-2026 14:48:04 |ERROR| Error | DELETE | /api/v1/product/69fb1bc1c6cc66558e2abdff : can't find /api/v1/product/69fb1bc1c6cc66558e2abdff 
Error: can't find /api/v1/product/69fb1bc1c6cc66558e2abdff
    at C:\Users\yosef\OneDrive\Desktop\NTI\Ecommerce\server.js:23:7
    at Layer.handleRequest (C:\Users\yosef\OneDrive\Desktop\NTI\Ecommerce\node_modules\router\lib\layer.js:152:17)
    at trimPrefix (C:\Users\yosef\OneDrive\Desktop\NTI\Ecommerce\node_modules\router\index.js:342:13)
    at C:\Users\yosef\OneDrive\Desktop\NTI\Ecommerce\node_modules\router\index.js:297:9
    at processParams (C:\Users\yosef\OneDrive\Desktop\NTI\Ecommerce\node_modules\router\index.js:582:12)
    at next (C:\Users\yosef\OneDrive\Desktop\NTI\Ecommerce\node_modules\router\index.js:291:5)
    at C:\Users\yosef\OneDrive\Desktop\NTI\Ecommerce\node_modules\router\index.js:688:15
    at next (C:\Users\yosef\OneDrive\Desktop\NTI\Ecommerce\node_modules\router\index.js:276:14)
    at router.handle (C:\Users\yosef\OneDrive\Desktop\NTI\Ecommerce\node_modules\router\index.js:186:3)
    at router (C:\Users\yosef\OneDrive\Desktop\NTI\Ecommerce\node_modules\router\index.js:60:12)
08-05-2026 12:59:20 |ERROR| Error | POST | /api/v1/cart : Cannot read properties of undefined (reading '_id') 
TypeError: Cannot read properties of undefined (reading '_id')
    at C:\Users\yosef\OneDrive\Desktop\NTI\Ecommerce\controller\cart.controller.js:10:26
    at C:\Users\yosef\OneDrive\Desktop\NTI\Ecommerce\utilites\catchAsync.uti.js:4:3
    at Layer.handleRequest (C:\Users\yosef\OneDrive\Desktop\NTI\Ecommerce\node_modules\router\lib\layer.js:152:17)
    at next (C:\Users\yosef\OneDrive\Desktop\NTI\Ecommerce\node_modules\router\lib\route.js:157:13)
    at Route.dispatch (C:\Users\yosef\OneDrive\Desktop\NTI\Ecommerce\node_modules\router\lib\route.js:117:3)
    at handle (C:\Users\yosef\OneDrive\Desktop\NTI\Ecommerce\node_modules\router\index.js:435:11)
    at Layer.handleRequest (C:\Users\yosef\OneDrive\Desktop\NTI\Ecommerce\node_modules\router\lib\layer.js:152:17)
    at C:\Users\yosef\OneDrive\Desktop\NTI\Ecommerce\node_modules\router\index.js:295:15
    at processParams (C:\Users\yosef\OneDrive\Desktop\NTI\Ecommerce\node_modules\router\index.js:582:12)
    at next (C:\Users\yosef\OneDrive\Desktop\NTI\Ecommerce\node_modules\router\index.js:291:5)
08-05-2026 12:59:56 |ERROR| Error | POST | /api/v1/cart : jwt expired 
TokenExpiredError: jwt expired
    at C:\Users\yosef\OneDrive\Desktop\NTI\Ecommerce\node_modules\jsonwebtoken\verify.js:190:21
    at getSecret (C:\Users\yosef\OneDrive\Desktop\NTI\Ecommerce\node_modules\jsonwebtoken\verify.js:97:14)
    at module.exports [as verify] (C:\Users\yosef\OneDrive\Desktop\NTI\Ecommerce\node_modules\jsonwebtoken\verify.js:101:10)
    at exports.authanticate (C:\Users\yosef\OneDrive\Desktop\NTI\Ecommerce\middlewares\auth.middleware.js:11:21)
    at Layer.handleRequest (C:\Users\yosef\OneDrive\Desktop\NTI\Ecommerce\node_modules\router\lib\layer.js:152:17)
    at next (C:\Users\yosef\OneDrive\Desktop\NTI\Ecommerce\node_modules\router\lib\route.js:157:13)
    at Route.dispatch (C:\Users\yosef\OneDrive\Desktop\NTI\Ecommerce\node_modules\router\lib\route.js:117:3)
    at handle (C:\Users\yosef\OneDrive\Desktop\NTI\Ecommerce\node_modules\router\index.js:435:11)
    at Layer.handleRequest (C:\Users\yosef\OneDrive\Desktop\NTI\Ecommerce\node_modules\router\lib\layer.js:152:17)
    at C:\Users\yosef\OneDrive\Desktop\NTI\Ecommerce\node_modules\router\index.js:295:15
08-05-2026 13:01:20 |ERROR| Error | POST | /api/v1/cart : Not enough stock available! 
Error: Not enough stock available!
    at C:\Users\yosef\OneDrive\Desktop\NTI\Ecommerce\controller\cart.controller.js:19:15
    at process.processTicksAndRejections (node:internal/process/task_queues:104:5)
08-05-2026 13:01:31 |ERROR| Error | POST | /api/v1/cart : Not enough stock available! 
Error: Not enough stock available!
    at C:\Users\yosef\OneDrive\Desktop\NTI\Ecommerce\controller\cart.controller.js:36:16
    at process.processTicksAndRejections (node:internal/process/task_queues:104:5)
08-05-2026 13:01:55 |ERROR| Error | POST | /api/v1/cart : Not enough stock available! 
Error: Not enough stock available!
    at C:\Users\yosef\OneDrive\Desktop\NTI\Ecommerce\controller\cart.controller.js:36:16
    at process.processTicksAndRejections (node:internal/process/task_queues:104:5)
08-05-2026 13:02:10 |ERROR| Error | POST | /api/v1/cart : Not enough stock available! 
Error: Not enough stock available!
    at C:\Users\yosef\OneDrive\Desktop\NTI\Ecommerce\controller\cart.controller.js:36:16
    at process.processTicksAndRejections (node:internal/process/task_queues:104:5)
08-05-2026 13:03:26 |ERROR| Error | POST | /api/v1/cart : Not enough stock available! 
Error: Not enough stock available!
    at C:\Users\yosef\OneDrive\Desktop\NTI\Ecommerce\controller\cart.controller.js:36:16
    at process.processTicksAndRejections (node:internal/process/task_queues:104:5)
08-05-2026 13:04:23 |ERROR| Error | POST | /api/v1/cart : Not enough stock available! 
Error: Not enough stock available!
    at C:\Users\yosef\OneDrive\Desktop\NTI\Ecommerce\controller\cart.controller.js:36:16
    at process.processTicksAndRejections (node:internal/process/task_queues:104:5)
09-05-2026 15:12:12 |ERROR| Error | GET | /api/v1/cart : jwt expired 
TokenExpiredError: jwt expired
    at C:\Users\yosef\OneDrive\Desktop\NTI\Ecommerce\node_modules\jsonwebtoken\verify.js:190:21
    at getSecret (C:\Users\yosef\OneDrive\Desktop\NTI\Ecommerce\node_modules\jsonwebtoken\verify.js:97:14)
    at module.exports [as verify] (C:\Users\yosef\OneDrive\Desktop\NTI\Ecommerce\node_modules\jsonwebtoken\verify.js:101:10)
    at exports.authanticate (C:\Users\yosef\OneDrive\Desktop\NTI\Ecommerce\middlewares\auth.middleware.js:11:21)
    at Layer.handleRequest (C:\Users\yosef\OneDrive\Desktop\NTI\Ecommerce\node_modules\router\lib\layer.js:152:17)
    at next (C:\Users\yosef\OneDrive\Desktop\NTI\Ecommerce\node_modules\router\lib\route.js:157:13)
    at Route.dispatch (C:\Users\yosef\OneDrive\Desktop\NTI\Ecommerce\node_modules\router\lib\route.js:117:3)
    at handle (C:\Users\yosef\OneDrive\Desktop\NTI\Ecommerce\node_modules\router\index.js:435:11)
    at Layer.handleRequest (C:\Users\yosef\OneDrive\Desktop\NTI\Ecommerce\node_modules\router\lib\layer.js:152:17)
    at C:\Users\yosef\OneDrive\Desktop\NTI\Ecommerce\node_modules\router\index.js:295:15
09-05-2026 15:12:26 |ERROR| Error | GET | /api/v1/cart : can't find /api/v1/cart 
Error: can't find /api/v1/cart
    at C:\Users\yosef\OneDrive\Desktop\NTI\Ecommerce\server.js:24:7
    at Layer.handleRequest (C:\Users\yosef\OneDrive\Desktop\NTI\Ecommerce\node_modules\router\lib\layer.js:152:17)
    at trimPrefix (C:\Users\yosef\OneDrive\Desktop\NTI\Ecommerce\node_modules\router\index.js:342:13)
    at C:\Users\yosef\OneDrive\Desktop\NTI\Ecommerce\node_modules\router\index.js:297:9
    at processParams (C:\Users\yosef\OneDrive\Desktop\NTI\Ecommerce\node_modules\router\index.js:582:12)
    at Immediate.next (C:\Users\yosef\OneDrive\Desktop\NTI\Ecommerce\node_modules\router\index.js:291:5)
    at Immediate._onImmediate (C:\Users\yosef\OneDrive\Desktop\NTI\Ecommerce\node_modules\router\index.js:688:15)
    at process.processImmediate (node:internal/timers:506:21)
09-05-2026 15:13:54 |ERROR| Error | PUT | /api/v1/product/69fb1bc1c6cc66558e2abdff : jwt expired 
TokenExpiredError: jwt expired
    at C:\Users\yosef\OneDrive\Desktop\NTI\Ecommerce\node_modules\jsonwebtoken\verify.js:190:21
    at getSecret (C:\Users\yosef\OneDrive\Desktop\NTI\Ecommerce\node_modules\jsonwebtoken\verify.js:97:14)
    at module.exports [as verify] (C:\Users\yosef\OneDrive\Desktop\NTI\Ecommerce\node_modules\jsonwebtoken\verify.js:101:10)
    at exports.authanticate (C:\Users\yosef\OneDrive\Desktop\NTI\Ecommerce\middlewares\auth.middleware.js:11:21)
    at Layer.handleRequest (C:\Users\yosef\OneDrive\Desktop\NTI\Ecommerce\node_modules\router\lib\layer.js:152:17)
    at next (C:\Users\yosef\OneDrive\Desktop\NTI\Ecommerce\node_modules\router\lib\route.js:157:13)
    at Route.dispatch (C:\Users\yosef\OneDrive\Desktop\NTI\Ecommerce\node_modules\router\lib\route.js:117:3)
    at handle (C:\Users\yosef\OneDrive\Desktop\NTI\Ecommerce\node_modules\router\index.js:435:11)
    at Layer.handleRequest (C:\Users\yosef\OneDrive\Desktop\NTI\Ecommerce\node_modules\router\lib\layer.js:152:17)
    at C:\Users\yosef\OneDrive\Desktop\NTI\Ecommerce\node_modules\router\index.js:295:15
09-05-2026 15:29:57 |ERROR| Error | DELETE | /api/v1/cart/items : Access denied! 
Error: Access denied!
    at C:\Users\yosef\OneDrive\Desktop\NTI\Ecommerce\middlewares\role.middleware.js:6:16
    at Layer.handleRequest (C:\Users\yosef\OneDrive\Desktop\NTI\Ecommerce\node_modules\router\lib\layer.js:152:17)
    at next (C:\Users\yosef\OneDrive\Desktop\NTI\Ecommerce\node_modules\router\lib\route.js:157:13)
    at exports.authanticate (C:\Users\yosef\OneDrive\Desktop\NTI\Ecommerce\middlewares\auth.middleware.js:17:2)
    at process.processTicksAndRejections (node:internal/process/task_queues:104:5)
09-05-2026 15:42:32 |ERROR| Error | PATCH | /api/v1/cart : Cannot destructure property 'productId' of 'req.body' as it is undefined. 
TypeError: Cannot destructure property 'productId' of 'req.body' as it is undefined.
    at C:\Users\yosef\OneDrive\Desktop\NTI\Ecommerce\controller\cart.controller.js:108:10
    at C:\Users\yosef\OneDrive\Desktop\NTI\Ecommerce\utilites\catchAsync.uti.js:4:3
    at Layer.handleRequest (C:\Users\yosef\OneDrive\Desktop\NTI\Ecommerce\node_modules\router\lib\layer.js:152:17)
    at next (C:\Users\yosef\OneDrive\Desktop\NTI\Ecommerce\node_modules\router\lib\route.js:157:13)
    at C:\Users\yosef\OneDrive\Desktop\NTI\Ecommerce\middlewares\role.middleware.js:8:3
    at Layer.handleRequest (C:\Users\yosef\OneDrive\Desktop\NTI\Ecommerce\node_modules\router\lib\layer.js:152:17)
    at next (C:\Users\yosef\OneDrive\Desktop\NTI\Ecommerce\node_modules\router\lib\route.js:157:13)
    at exports.authanticate (C:\Users\yosef\OneDrive\Desktop\NTI\Ecommerce\middlewares\auth.middleware.js:17:2)
    at process.processTicksAndRejections (node:internal/process/task_queues:104:5)
09-05-2026 15:43:08 |ERROR| Error | PATCH | /api/v1/cart : Cannot destructure property 'productId' of 'req.body' as it is undefined. 
TypeError: Cannot destructure property 'productId' of 'req.body' as it is undefined.
    at C:\Users\yosef\OneDrive\Desktop\NTI\Ecommerce\controller\cart.controller.js:108:10
    at C:\Users\yosef\OneDrive\Desktop\NTI\Ecommerce\utilites\catchAsync.uti.js:4:3
    at Layer.handleRequest (C:\Users\yosef\OneDrive\Desktop\NTI\Ecommerce\node_modules\router\lib\layer.js:152:17)
    at next (C:\Users\yosef\OneDrive\Desktop\NTI\Ecommerce\node_modules\router\lib\route.js:157:13)
    at C:\Users\yosef\OneDrive\Desktop\NTI\Ecommerce\middlewares\role.middleware.js:8:3
    at Layer.handleRequest (C:\Users\yosef\OneDrive\Desktop\NTI\Ecommerce\node_modules\router\lib\layer.js:152:17)
    at next (C:\Users\yosef\OneDrive\Desktop\NTI\Ecommerce\node_modules\router\lib\route.js:157:13)
    at exports.authanticate (C:\Users\yosef\OneDrive\Desktop\NTI\Ecommerce\middlewares\auth.middleware.js:17:2)
    at process.processTicksAndRejections (node:internal/process/task_queues:104:5)
09-05-2026 15:43:13 |ERROR| Error | PATCH | /api/v1/cart : Item not found in cart! 
Error: Item not found in cart!
    at C:\Users\yosef\OneDrive\Desktop\NTI\Ecommerce\controller\cart.controller.js:119:25
    at process.processTicksAndRejections (node:internal/process/task_queues:104:5)
09-05-2026 15:43:26 |ERROR| Error | PATCH | /api/v1/cart : Product not found! 
Error: Product not found!
    at C:\Users\yosef\OneDrive\Desktop\NTI\Ecommerce\controller\cart.controller.js:115:30
    at process.processTicksAndRejections (node:internal/process/task_queues:104:5)
12-05-2026 01:13:35 |ERROR| Error | POST | /api/v1/order : order validation failed: products.0.title: Path `title` is required. 
ValidationError: order validation failed: products.0.title: Path `title` is required.
    at Document.invalidate (C:\Users\yosef\OneDrive\Desktop\NTI\Ecommerce\node_modules\mongoose\lib\document.js:3444:32)
    at Subdocument.invalidate (C:\Users\yosef\OneDrive\Desktop\NTI\Ecommerce\node_modules\mongoose\lib\types\subdocument.js:231:12)
    at EmbeddedDocument.validate (C:\Users\yosef\OneDrive\Desktop\NTI\Ecommerce\node_modules\mongoose\lib\document.js:2866:13)
    at process.processTicksAndRejections (node:internal/process/task_queues:104:5)
    at async Promise.all (index 0)
    at async SchemaDocumentArray.doValidate (C:\Users\yosef\OneDrive\Desktop\NTI\Ecommerce\node_modules\mongoose\lib\schema\documentArray.js:268:3)
    at async Promise.all (index 5)
    at async model.validate (C:\Users\yosef\OneDrive\Desktop\NTI\Ecommerce\node_modules\mongoose\lib\document.js:2857:30)
    at async model.$__save (C:\Users\yosef\OneDrive\Desktop\NTI\Ecommerce\node_modules\mongoose\lib\model.js:393:7)
    at async model.save (C:\Users\yosef\OneDrive\Desktop\NTI\Ecommerce\node_modules\mongoose\lib\model.js:667:5)
12-05-2026 01:13:48 |ERROR| Error | POST | /api/v1/order : order validation failed: products.0.title: Path `title` is required. 
ValidationError: order validation failed: products.0.title: Path `title` is required.
    at Document.invalidate (C:\Users\yosef\OneDrive\Desktop\NTI\Ecommerce\node_modules\mongoose\lib\document.js:3444:32)
    at Subdocument.invalidate (C:\Users\yosef\OneDrive\Desktop\NTI\Ecommerce\node_modules\mongoose\lib\types\subdocument.js:231:12)
    at EmbeddedDocument.validate (C:\Users\yosef\OneDrive\Desktop\NTI\Ecommerce\node_modules\mongoose\lib\document.js:2866:13)
    at process.processTicksAndRejections (node:internal/process/task_queues:104:5)
    at async Promise.all (index 0)
    at async SchemaDocumentArray.doValidate (C:\Users\yosef\OneDrive\Desktop\NTI\Ecommerce\node_modules\mongoose\lib\schema\documentArray.js:268:3)
    at async Promise.all (index 5)
    at async model.validate (C:\Users\yosef\OneDrive\Desktop\NTI\Ecommerce\node_modules\mongoose\lib\document.js:2857:30)
    at async model.$__save (C:\Users\yosef\OneDrive\Desktop\NTI\Ecommerce\node_modules\mongoose\lib\model.js:393:7)
    at async model.save (C:\Users\yosef\OneDrive\Desktop\NTI\Ecommerce\node_modules\mongoose\lib\model.js:667:5)
12-05-2026 01:20:16 |ERROR| Error | GET | /api/v1/order : can't find /api/v1/order 
Error: can't find /api/v1/order
    at C:\Users\yosef\OneDrive\Desktop\NTI\Ecommerce\server.js:25:7
    at Layer.handleRequest (C:\Users\yosef\OneDrive\Desktop\NTI\Ecommerce\node_modules\router\lib\layer.js:152:17)
    at trimPrefix (C:\Users\yosef\OneDrive\Desktop\NTI\Ecommerce\node_modules\router\index.js:342:13)
    at C:\Users\yosef\OneDrive\Desktop\NTI\Ecommerce\node_modules\router\index.js:297:9
    at processParams (C:\Users\yosef\OneDrive\Desktop\NTI\Ecommerce\node_modules\router\index.js:582:12)
    at next (C:\Users\yosef\OneDrive\Desktop\NTI\Ecommerce\node_modules\router\index.js:291:5)
    at C:\Users\yosef\OneDrive\Desktop\NTI\Ecommerce\node_modules\router\index.js:688:15
    at next (C:\Users\yosef\OneDrive\Desktop\NTI\Ecommerce\node_modules\router\index.js:276:14)
    at router.handle (C:\Users\yosef\OneDrive\Desktop\NTI\Ecommerce\node_modules\router\index.js:186:3)
    at router (C:\Users\yosef\OneDrive\Desktop\NTI\Ecommerce\node_modules\router\index.js:60:12)
12-05-2026 01:21:01 |ERROR| Error | POST | /api/v1/order : Cart is empty! 
Error: Cart is empty!
    at C:\Users\yosef\OneDrive\Desktop\NTI\Ecommerce\controller\order.controller.js:17:15
    at process.processTicksAndRejections (node:internal/process/task_queues:104:5)
12-05-2026 01:26:28 |ERROR| Error | GET | /api/v1/order/6a0254b200a7fff0d484def9 : order is not found! 
Error: order is not found!
    at C:\Users\yosef\OneDrive\Desktop\NTI\Ecommerce\controller\order.controller.js:95:15
    at process.processTicksAndRejections (node:internal/process/task_queues:104:5)
12-05-2026 01:26:36 |ERROR| Error | GET | /api/v1/order/6a0254b200a7fff0d484def9 : order is not found! 
Error: order is not found!
    at C:\Users\yosef\OneDrive\Desktop\NTI\Ecommerce\controller\order.controller.js:95:15
    at process.processTicksAndRejections (node:internal/process/task_queues:104:5)
12-05-2026 01:26:47 |ERROR| Error | GET | /api/v1/order/6a0254b200a7fff0d484def9 : Cannot destructure property 'orderId' of 'req.params._id' as it is undefined. 
TypeError: Cannot destructure property 'orderId' of 'req.params._id' as it is undefined.
    at C:\Users\yosef\OneDrive\Desktop\NTI\Ecommerce\controller\order.controller.js:91:10
    at C:\Users\yosef\OneDrive\Desktop\NTI\Ecommerce\utilites\catchAsync.uti.js:4:3
    at Layer.handleRequest (C:\Users\yosef\OneDrive\Desktop\NTI\Ecommerce\node_modules\router\lib\layer.js:152:17)
    at next (C:\Users\yosef\OneDrive\Desktop\NTI\Ecommerce\node_modules\router\lib\route.js:157:13)
    at C:\Users\yosef\OneDrive\Desktop\NTI\Ecommerce\middlewares\role.middleware.js:8:3
    at Layer.handleRequest (C:\Users\yosef\OneDrive\Desktop\NTI\Ecommerce\node_modules\router\lib\layer.js:152:17)
    at next (C:\Users\yosef\OneDrive\Desktop\NTI\Ecommerce\node_modules\router\lib\route.js:157:13)
    at exports.authanticate (C:\Users\yosef\OneDrive\Desktop\NTI\Ecommerce\middlewares\auth.middleware.js:17:2)
    at process.processTicksAndRejections (node:internal/process/task_queues:104:5)
12-05-2026 01:27:08 |ERROR| Error | GET | /api/v1/order/6a0254b200a7fff0d484def9 : order is not found! 
Error: order is not found!
    at C:\Users\yosef\OneDrive\Desktop\NTI\Ecommerce\controller\order.controller.js:95:15
    at process.processTicksAndRejections (node:internal/process/task_queues:104:5)
12-05-2026 01:47:48 |ERROR| Error | PATCH | /api/v1/order/cancel/6a025664c195436c0175fd2c : Order is shipped and cant be cancelled! 
Error: Order is shipped and cant be cancelled!
    at C:\Users\yosef\OneDrive\Desktop\NTI\Ecommerce\controller\order.controller.js:112:15
    at process.processTicksAndRejections (node:internal/process/task_queues:104:5)
12-05-2026 01:56:16 |ERROR| Error | POST | /api/v1/order/6a0254b200a7fff0d484def9 : can't find /api/v1/order/6a0254b200a7fff0d484def9 
Error: can't find /api/v1/order/6a0254b200a7fff0d484def9
    at C:\Users\yosef\OneDrive\Desktop\NTI\Ecommerce\server.js:25:7
    at Layer.handleRequest (C:\Users\yosef\OneDrive\Desktop\NTI\Ecommerce\node_modules\router\lib\layer.js:152:17)
    at trimPrefix (C:\Users\yosef\OneDrive\Desktop\NTI\Ecommerce\node_modules\router\index.js:342:13)
    at C:\Users\yosef\OneDrive\Desktop\NTI\Ecommerce\node_modules\router\index.js:297:9
    at processParams (C:\Users\yosef\OneDrive\Desktop\NTI\Ecommerce\node_modules\router\index.js:582:12)
    at next (C:\Users\yosef\OneDrive\Desktop\NTI\Ecommerce\node_modules\router\index.js:291:5)
    at C:\Users\yosef\OneDrive\Desktop\NTI\Ecommerce\node_modules\router\index.js:688:15
    at next (C:\Users\yosef\OneDrive\Desktop\NTI\Ecommerce\node_modules\router\index.js:276:14)
    at router.handle (C:\Users\yosef\OneDrive\Desktop\NTI\Ecommerce\node_modules\router\index.js:186:3)
    at router (C:\Users\yosef\OneDrive\Desktop\NTI\Ecommerce\node_modules\router\index.js:60:12)
12-05-2026 01:57:34 |ERROR| Error | POST | /api/v1/order/requestRefund/6a0254b200a7fff0d484def9 : Order is not recieved yet! 
Error: Order is not recieved yet!
    at C:\Users\yosef\OneDrive\Desktop\NTI\Ecommerce\controller\order.controller.js:158:15
    at process.processTicksAndRejections (node:internal/process/task_queues:104:5)
12-05-2026 01:58:21 |ERROR| Error | POST | /api/v1/order/requestRefund/6a0254b200a7fff0d484def9 : Order is not received yet! 
Error: Order is not received yet!
    at C:\Users\yosef\OneDrive\Desktop\NTI\Ecommerce\controller\order.controller.js:158:15
    at process.processTicksAndRejections (node:internal/process/task_queues:104:5)
12-05-2026 02:11:12 |ERROR| Error | POST | /api/v1/order/updateStatus/6a0254b200a7fff0d484def9 : can't find /api/v1/order/updateStatus/6a0254b200a7fff0d484def9 
Error: can't find /api/v1/order/updateStatus/6a0254b200a7fff0d484def9
    at C:\Users\yosef\OneDrive\Desktop\NTI\Ecommerce\server.js:25:7
    at Layer.handleRequest (C:\Users\yosef\OneDrive\Desktop\NTI\Ecommerce\node_modules\router\lib\layer.js:152:17)
    at trimPrefix (C:\Users\yosef\OneDrive\Desktop\NTI\Ecommerce\node_modules\router\index.js:342:13)
    at C:\Users\yosef\OneDrive\Desktop\NTI\Ecommerce\node_modules\router\index.js:297:9
    at processParams (C:\Users\yosef\OneDrive\Desktop\NTI\Ecommerce\node_modules\router\index.js:582:12)
    at next (C:\Users\yosef\OneDrive\Desktop\NTI\Ecommerce\node_modules\router\index.js:291:5)
    at C:\Users\yosef\OneDrive\Desktop\NTI\Ecommerce\node_modules\router\index.js:688:15
    at next (C:\Users\yosef\OneDrive\Desktop\NTI\Ecommerce\node_modules\router\index.js:276:14)
    at router.handle (C:\Users\yosef\OneDrive\Desktop\NTI\Ecommerce\node_modules\router\index.js:186:3)
    at router (C:\Users\yosef\OneDrive\Desktop\NTI\Ecommerce\node_modules\router\index.js:60:12)
12-05-2026 02:11:24 |ERROR| Error | PATCH | /api/v1/order/updateStatus/6a0254b200a7fff0d484def9 : Cannot move order from cancelledByUser to received 
Error: Cannot move order from cancelledByUser to received
    at C:\Users\yosef\OneDrive\Desktop\NTI\Ecommerce\controller\order.controller.js:194:4
    at process.processTicksAndRejections (node:internal/process/task_queues:104:5)
12-05-2026 02:13:23 |ERROR| Error | PATCH | /api/v1/order/updateStatus/6a025664c195436c0175fd2c : Cannot move order from pending to received 
Error: Cannot move order from pending to received
    at C:\Users\yosef\OneDrive\Desktop\NTI\Ecommerce\controller\order.controller.js:194:4
    at process.processTicksAndRejections (node:internal/process/task_queues:104:5)
12-05-2026 02:30:33 |ERROR| Error | PATCH | /api/v1/order/updateRefundStatus/6a025664c195436c0175fd2c : can't find /api/v1/order/updateRefundStatus/6a025664c195436c0175fd2c 
Error: can't find /api/v1/order/updateRefundStatus/6a025664c195436c0175fd2c
    at C:\Users\yosef\OneDrive\Desktop\NTI\Ecommerce\server.js:25:7
    at Layer.handleRequest (C:\Users\yosef\OneDrive\Desktop\NTI\Ecommerce\node_modules\router\lib\layer.js:152:17)
    at trimPrefix (C:\Users\yosef\OneDrive\Desktop\NTI\Ecommerce\node_modules\router\index.js:342:13)
    at C:\Users\yosef\OneDrive\Desktop\NTI\Ecommerce\node_modules\router\index.js:297:9
    at processParams (C:\Users\yosef\OneDrive\Desktop\NTI\Ecommerce\node_modules\router\index.js:582:12)
    at next (C:\Users\yosef\OneDrive\Desktop\NTI\Ecommerce\node_modules\router\index.js:291:5)
    at C:\Users\yosef\OneDrive\Desktop\NTI\Ecommerce\node_modules\router\index.js:688:15
    at next (C:\Users\yosef\OneDrive\Desktop\NTI\Ecommerce\node_modules\router\index.js:276:14)
    at router.handle (C:\Users\yosef\OneDrive\Desktop\NTI\Ecommerce\node_modules\router\index.js:186:3)
    at router (C:\Users\yosef\OneDrive\Desktop\NTI\Ecommerce\node_modules\router\index.js:60:12)
12-05-2026 02:35:26 |ERROR| Error | PATCH | /api/v1/order/updateRefundStatus/6a025664c195436c0175fd2c : Refund can only be requested on received orders! 
Error: Refund can only be requested on received orders!
    at C:\Users\yosef\OneDrive\Desktop\NTI\Ecommerce\controller\order.controller.js:245:4
    at process.processTicksAndRejections (node:internal/process/task_queues:104:5)
12-05-2026 02:36:02 |ERROR| Error | PATCH | /api/v1/order/updateRefundStatus/6a0254b200a7fff0d484def9 : Refund can only be requested on received orders! 
Error: Refund can only be requested on received orders!
    at C:\Users\yosef\OneDrive\Desktop\NTI\Ecommerce\controller\order.controller.js:245:4
    at process.processTicksAndRejections (node:internal/process/task_queues:104:5)
12-05-2026 02:36:17 |ERROR| Error | PATCH | /api/v1/order/updateRefundStatus/6a0254b200a7fff0d484def9 : order has not requested a refund! 
Error: order has not requested a refund!
    at C:\Users\yosef\OneDrive\Desktop\NTI\Ecommerce\controller\order.controller.js:250:15
    at process.processTicksAndRejections (node:internal/process/task_queues:104:5)
12-05-2026 02:37:17 |ERROR| Error | PATCH | /api/v1/order/updateRefundStatus/6a0254b200a7fff0d484def9 : order has not requested a refund! 
Error: order has not requested a refund!
    at C:\Users\yosef\OneDrive\Desktop\NTI\Ecommerce\controller\order.controller.js:250:15
    at process.processTicksAndRejections (node:internal/process/task_queues:104:5)
12-05-2026 03:00:11 |ERROR| Error | POST | /api/v1/testimonial : comment and stars are requried 
Error: comment and stars are requried
    at C:\Users\yosef\OneDrive\Desktop\NTI\Ecommerce\controller\testimonial.controller.js:9:15
    at C:\Users\yosef\OneDrive\Desktop\NTI\Ecommerce\utilites\catchAsync.uti.js:4:3
    at Layer.handleRequest (C:\Users\yosef\OneDrive\Desktop\NTI\Ecommerce\node_modules\router\lib\layer.js:152:17)
    at next (C:\Users\yosef\OneDrive\Desktop\NTI\Ecommerce\node_modules\router\lib\route.js:157:13)
    at C:\Users\yosef\OneDrive\Desktop\NTI\Ecommerce\middlewares\role.middleware.js:8:3
    at Layer.handleRequest (C:\Users\yosef\OneDrive\Desktop\NTI\Ecommerce\node_modules\router\lib\layer.js:152:17)
    at next (C:\Users\yosef\OneDrive\Desktop\NTI\Ecommerce\node_modules\router\lib\route.js:157:13)
    at exports.authanticate (C:\Users\yosef\OneDrive\Desktop\NTI\Ecommerce\middlewares\auth.middleware.js:17:2)
    at process.processTicksAndRejections (node:internal/process/task_queues:104:5)
12-05-2026 03:00:29 |ERROR| Error | POST | /api/v1/testimonial : E11000 duplicate key error collection: eCommerece.testimonials index: user_1 dup key: { user: ObjectId('69f9c2336227d5e42e1391e9') } 
MongoServerError: E11000 duplicate key error collection: eCommerece.testimonials index: user_1 dup key: { user: ObjectId('69f9c2336227d5e42e1391e9') }
    at InsertOneOperation.handleOk (C:\Users\yosef\OneDrive\Desktop\NTI\Ecommerce\node_modules\mongodb\lib\operations\insert.js:51:19)
    at executeOperationWithRetries (C:\Users\yosef\OneDrive\Desktop\NTI\Ecommerce\node_modules\mongodb\lib\operations\execute_operation.js:194:34)
    at process.processTicksAndRejections (node:internal/process/task_queues:104:5)
    at async executeOperation (C:\Users\yosef\OneDrive\Desktop\NTI\Ecommerce\node_modules\mongodb\lib\operations\execute_operation.js:83:16)
    at async Collection.insertOne (C:\Users\yosef\OneDrive\Desktop\NTI\Ecommerce\node_modules\mongodb\lib\collection.js:154:16)
    at async model.$__save (C:\Users\yosef\OneDrive\Desktop\NTI\Ecommerce\node_modules\mongoose\lib\model.js:428:16)
    at async model.save (C:\Users\yosef\OneDrive\Desktop\NTI\Ecommerce\node_modules\mongoose\lib\model.js:667:5)
    at async model.create (C:\Users\yosef\OneDrive\Desktop\NTI\Ecommerce\node_modules\mongoose\lib\model.js:2747:5)
    at async C:\Users\yosef\OneDrive\Desktop\NTI\Ecommerce\controller\testimonial.controller.js:12:19
12-05-2026 03:14:34 |ERROR| Error | GET | /api/v1/testimonial/all : unauthorized, no token provided! 
Error: unauthorized, no token provided!
    at exports.authanticate (C:\Users\yosef\OneDrive\Desktop\NTI\Ecommerce\middlewares\auth.middleware.js:8:15)
    at Layer.handleRequest (C:\Users\yosef\OneDrive\Desktop\NTI\Ecommerce\node_modules\router\lib\layer.js:152:17)
    at next (C:\Users\yosef\OneDrive\Desktop\NTI\Ecommerce\node_modules\router\lib\route.js:157:13)
    at Route.dispatch (C:\Users\yosef\OneDrive\Desktop\NTI\Ecommerce\node_modules\router\lib\route.js:117:3)
    at handle (C:\Users\yosef\OneDrive\Desktop\NTI\Ecommerce\node_modules\router\index.js:435:11)
    at Layer.handleRequest (C:\Users\yosef\OneDrive\Desktop\NTI\Ecommerce\node_modules\router\lib\layer.js:152:17)
    at C:\Users\yosef\OneDrive\Desktop\NTI\Ecommerce\node_modules\router\index.js:295:15
    at processParams (C:\Users\yosef\OneDrive\Desktop\NTI\Ecommerce\node_modules\router\index.js:582:12)
    at next (C:\Users\yosef\OneDrive\Desktop\NTI\Ecommerce\node_modules\router\index.js:291:5)
    at router.handle (C:\Users\yosef\OneDrive\Desktop\NTI\Ecommerce\node_modules\router\index.js:186:3)
12-05-2026 03:14:44 |ERROR| Error | GET | /api/v1/testimonial/all : Schema hasn't been registered for model "User".
Use mongoose.model(name, schema) 
MissingSchemaError: Schema hasn't been registered for model "User".
Use mongoose.model(name, schema)
    at NativeConnection.model (C:\Users\yosef\OneDrive\Desktop\NTI\Ecommerce\node_modules\mongoose\lib\connection.js:1514:13)
    at _getModelFromConn (C:\Users\yosef\OneDrive\Desktop\NTI\Ecommerce\node_modules\mongoose\lib\helpers\populate\getModelsMapForPopulate.js:708:15)
    at addModelNamesToMap (C:\Users\yosef\OneDrive\Desktop\NTI\Ecommerce\node_modules\mongoose\lib\helpers\populate\getModelsMapForPopulate.js:636:17)
    at getModelsMapForPopulate (C:\Users\yosef\OneDrive\Desktop\NTI\Ecommerce\node_modules\mongoose\lib\helpers\populate\getModelsMapForPopulate.js:218:7)
    at _populatePath (C:\Users\yosef\OneDrive\Desktop\NTI\Ecommerce\node_modules\mongoose\lib\model.js:4417:21)
    at model.populate (C:\Users\yosef\OneDrive\Desktop\NTI\Ecommerce\node_modules\mongoose\lib\model.js:4384:21)
    at model.Query._find (C:\Users\yosef\OneDrive\Desktop\NTI\Ecommerce\node_modules\mongoose\lib\query.js:2509:20)
    at process.processTicksAndRejections (node:internal/process/task_queues:104:5)
    at async model.Query.exec (C:\Users\yosef\OneDrive\Desktop\NTI\Ecommerce\node_modules\mongoose\lib\query.js:4797:63)
    at async C:\Users\yosef\OneDrive\Desktop\NTI\Ecommerce\controller\testimonial.controller.js:31:19
12-05-2026 03:15:40 |ERROR| Error | GET | /api/v1/testimonial/all : Schema hasn't been registered for model "User".
Use mongoose.model(name, schema) 
MissingSchemaError: Schema hasn't been registered for model "User".
Use mongoose.model(name, schema)
    at NativeConnection.model (C:\Users\yosef\OneDrive\Desktop\NTI\Ecommerce\node_modules\mongoose\lib\connection.js:1514:13)
    at _getModelFromConn (C:\Users\yosef\OneDrive\Desktop\NTI\Ecommerce\node_modules\mongoose\lib\helpers\populate\getModelsMapForPopulate.js:708:15)
    at addModelNamesToMap (C:\Users\yosef\OneDrive\Desktop\NTI\Ecommerce\node_modules\mongoose\lib\helpers\populate\getModelsMapForPopulate.js:636:17)
    at getModelsMapForPopulate (C:\Users\yosef\OneDrive\Desktop\NTI\Ecommerce\node_modules\mongoose\lib\helpers\populate\getModelsMapForPopulate.js:218:7)
    at _populatePath (C:\Users\yosef\OneDrive\Desktop\NTI\Ecommerce\node_modules\mongoose\lib\model.js:4417:21)
    at model.populate (C:\Users\yosef\OneDrive\Desktop\NTI\Ecommerce\node_modules\mongoose\lib\model.js:4384:21)
    at model.Query._find (C:\Users\yosef\OneDrive\Desktop\NTI\Ecommerce\node_modules\mongoose\lib\query.js:2509:20)
    at process.processTicksAndRejections (node:internal/process/task_queues:104:5)
    at async model.Query.exec (C:\Users\yosef\OneDrive\Desktop\NTI\Ecommerce\node_modules\mongoose\lib\query.js:4797:63)
    at async C:\Users\yosef\OneDrive\Desktop\NTI\Ecommerce\controller\testimonial.controller.js:32:19
12-05-2026 03:16:32 |ERROR| Error | GET | /api/v1/testimonial/all : Schema hasn't been registered for model "User".
Use mongoose.model(name, schema) 
MissingSchemaError: Schema hasn't been registered for model "User".
Use mongoose.model(name, schema)
    at NativeConnection.model (C:\Users\yosef\OneDrive\Desktop\NTI\Ecommerce\node_modules\mongoose\lib\connection.js:1514:13)
    at _getModelFromConn (C:\Users\yosef\OneDrive\Desktop\NTI\Ecommerce\node_modules\mongoose\lib\helpers\populate\getModelsMapForPopulate.js:708:15)
    at addModelNamesToMap (C:\Users\yosef\OneDrive\Desktop\NTI\Ecommerce\node_modules\mongoose\lib\helpers\populate\getModelsMapForPopulate.js:636:17)
    at getModelsMapForPopulate (C:\Users\yosef\OneDrive\Desktop\NTI\Ecommerce\node_modules\mongoose\lib\helpers\populate\getModelsMapForPopulate.js:218:7)
    at _populatePath (C:\Users\yosef\OneDrive\Desktop\NTI\Ecommerce\node_modules\mongoose\lib\model.js:4417:21)
    at model.populate (C:\Users\yosef\OneDrive\Desktop\NTI\Ecommerce\node_modules\mongoose\lib\model.js:4384:21)
    at model.Query._find (C:\Users\yosef\OneDrive\Desktop\NTI\Ecommerce\node_modules\mongoose\lib\query.js:2509:20)
    at process.processTicksAndRejections (node:internal/process/task_queues:104:5)
    at async model.Query.exec (C:\Users\yosef\OneDrive\Desktop\NTI\Ecommerce\node_modules\mongoose\lib\query.js:4797:63)
    at async C:\Users\yosef\OneDrive\Desktop\NTI\Ecommerce\controller\testimonial.controller.js:32:19
12-05-2026 03:17:22 |ERROR| Error | GET | /api/v1/testimonial/all : Schema hasn't been registered for model "User".
Use mongoose.model(name, schema) 
MissingSchemaError: Schema hasn't been registered for model "User".
Use mongoose.model(name, schema)
    at NativeConnection.model (C:\Users\yosef\OneDrive\Desktop\NTI\Ecommerce\node_modules\mongoose\lib\connection.js:1514:13)
    at _getModelFromConn (C:\Users\yosef\OneDrive\Desktop\NTI\Ecommerce\node_modules\mongoose\lib\helpers\populate\getModelsMapForPopulate.js:708:15)
    at addModelNamesToMap (C:\Users\yosef\OneDrive\Desktop\NTI\Ecommerce\node_modules\mongoose\lib\helpers\populate\getModelsMapForPopulate.js:636:17)
    at getModelsMapForPopulate (C:\Users\yosef\OneDrive\Desktop\NTI\Ecommerce\node_modules\mongoose\lib\helpers\populate\getModelsMapForPopulate.js:218:7)
    at _populatePath (C:\Users\yosef\OneDrive\Desktop\NTI\Ecommerce\node_modules\mongoose\lib\model.js:4417:21)
    at model.populate (C:\Users\yosef\OneDrive\Desktop\NTI\Ecommerce\node_modules\mongoose\lib\model.js:4384:21)
    at model.Query._find (C:\Users\yosef\OneDrive\Desktop\NTI\Ecommerce\node_modules\mongoose\lib\query.js:2509:20)
    at process.processTicksAndRejections (node:internal/process/task_queues:104:5)
    at async model.Query.exec (C:\Users\yosef\OneDrive\Desktop\NTI\Ecommerce\node_modules\mongoose\lib\query.js:4797:63)
    at async C:\Users\yosef\OneDrive\Desktop\NTI\Ecommerce\controller\testimonial.controller.js:32:19
12-05-2026 03:17:47 |ERROR| Error | GET | /api/v1/testimonial/all : Schema hasn't been registered for model "User".
Use mongoose.model(name, schema) 
MissingSchemaError: Schema hasn't been registered for model "User".
Use mongoose.model(name, schema)
    at NativeConnection.model (C:\Users\yosef\OneDrive\Desktop\NTI\Ecommerce\node_modules\mongoose\lib\connection.js:1514:13)
    at _getModelFromConn (C:\Users\yosef\OneDrive\Desktop\NTI\Ecommerce\node_modules\mongoose\lib\helpers\populate\getModelsMapForPopulate.js:708:15)
    at addModelNamesToMap (C:\Users\yosef\OneDrive\Desktop\NTI\Ecommerce\node_modules\mongoose\lib\helpers\populate\getModelsMapForPopulate.js:636:17)
    at getModelsMapForPopulate (C:\Users\yosef\OneDrive\Desktop\NTI\Ecommerce\node_modules\mongoose\lib\helpers\populate\getModelsMapForPopulate.js:218:7)
    at _populatePath (C:\Users\yosef\OneDrive\Desktop\NTI\Ecommerce\node_modules\mongoose\lib\model.js:4417:21)
    at model.populate (C:\Users\yosef\OneDrive\Desktop\NTI\Ecommerce\node_modules\mongoose\lib\model.js:4384:21)
    at model.Query._find (C:\Users\yosef\OneDrive\Desktop\NTI\Ecommerce\node_modules\mongoose\lib\query.js:2509:20)
    at process.processTicksAndRejections (node:internal/process/task_queues:104:5)
    at async model.Query.exec (C:\Users\yosef\OneDrive\Desktop\NTI\Ecommerce\node_modules\mongoose\lib\query.js:4797:63)
    at async C:\Users\yosef\OneDrive\Desktop\NTI\Ecommerce\controller\testimonial.controller.js:32:19
12-05-2026 03:19:07 |ERROR| Error | GET | /api/v1/testimonial/all : Cannot populate path `User` because it is not in your schema. Set the `strictPopulate` option to false to override. 
StrictPopulateError: Cannot populate path `User` because it is not in your schema. Set the `strictPopulate` option to false to override.
    at getModelsMapForPopulate (C:\Users\yosef\OneDrive\Desktop\NTI\Ecommerce\node_modules\mongoose\lib\helpers\populate\getModelsMapForPopulate.js:55:12)
    at _populatePath (C:\Users\yosef\OneDrive\Desktop\NTI\Ecommerce\node_modules\mongoose\lib\model.js:4417:21)
    at model.populate (C:\Users\yosef\OneDrive\Desktop\NTI\Ecommerce\node_modules\mongoose\lib\model.js:4384:21)
    at model.Query._find (C:\Users\yosef\OneDrive\Desktop\NTI\Ecommerce\node_modules\mongoose\lib\query.js:2509:20)
    at process.processTicksAndRejections (node:internal/process/task_queues:104:5)
    at async model.Query.exec (C:\Users\yosef\OneDrive\Desktop\NTI\Ecommerce\node_modules\mongoose\lib\query.js:4797:63)
    at async C:\Users\yosef\OneDrive\Desktop\NTI\Ecommerce\controller\testimonial.controller.js:32:19
12-05-2026 03:20:55 |ERROR| Error | GET | /api/v1/testimonial/all : Cannot populate path `User` because it is not in your schema. Set the `strictPopulate` option to false to override. 
StrictPopulateError: Cannot populate path `User` because it is not in your schema. Set the `strictPopulate` option to false to override.
    at getModelsMapForPopulate (C:\Users\yosef\OneDrive\Desktop\NTI\Ecommerce\node_modules\mongoose\lib\helpers\populate\getModelsMapForPopulate.js:55:12)
    at _populatePath (C:\Users\yosef\OneDrive\Desktop\NTI\Ecommerce\node_modules\mongoose\lib\model.js:4417:21)
    at model.populate (C:\Users\yosef\OneDrive\Desktop\NTI\Ecommerce\node_modules\mongoose\lib\model.js:4384:21)
    at model.Query._find (C:\Users\yosef\OneDrive\Desktop\NTI\Ecommerce\node_modules\mongoose\lib\query.js:2509:20)
    at process.processTicksAndRejections (node:internal/process/task_queues:104:5)
    at async model.Query.exec (C:\Users\yosef\OneDrive\Desktop\NTI\Ecommerce\node_modules\mongoose\lib\query.js:4797:63)
    at async C:\Users\yosef\OneDrive\Desktop\NTI\Ecommerce\controller\testimonial.controller.js:32:19
12-05-2026 03:29:44 |ERROR| Error | PATCH | /api/v1/testimonial/6a026d95691fe2fb076b90b9 : unauthorized, no token provided! 
Error: unauthorized, no token provided!
    at exports.authanticate (C:\Users\yosef\OneDrive\Desktop\NTI\Ecommerce\middlewares\auth.middleware.js:8:15)
    at Layer.handleRequest (C:\Users\yosef\OneDrive\Desktop\NTI\Ecommerce\node_modules\router\lib\layer.js:152:17)
    at next (C:\Users\yosef\OneDrive\Desktop\NTI\Ecommerce\node_modules\router\lib\route.js:157:13)
    at Route.dispatch (C:\Users\yosef\OneDrive\Desktop\NTI\Ecommerce\node_modules\router\lib\route.js:117:3)
    at handle (C:\Users\yosef\OneDrive\Desktop\NTI\Ecommerce\node_modules\router\index.js:435:11)
    at Layer.handleRequest (C:\Users\yosef\OneDrive\Desktop\NTI\Ecommerce\node_modules\router\lib\layer.js:152:17)
    at C:\Users\yosef\OneDrive\Desktop\NTI\Ecommerce\node_modules\router\index.js:295:15
    at param (C:\Users\yosef\OneDrive\Desktop\NTI\Ecommerce\node_modules\router\index.js:600:14)
    at param (C:\Users\yosef\OneDrive\Desktop\NTI\Ecommerce\node_modules\router\index.js:610:14)
    at processParams (C:\Users\yosef\OneDrive\Desktop\NTI\Ecommerce\node_modules\router\index.js:664:3)
12-05-2026 17:00:32 |ERROR| Error | GET | /api/v1/report/sales : jwt expired 
TokenExpiredError: jwt expired
    at C:\Users\yosef\OneDrive\Desktop\NTI\Ecommerce\node_modules\jsonwebtoken\verify.js:190:21
    at getSecret (C:\Users\yosef\OneDrive\Desktop\NTI\Ecommerce\node_modules\jsonwebtoken\verify.js:97:14)
    at module.exports [as verify] (C:\Users\yosef\OneDrive\Desktop\NTI\Ecommerce\node_modules\jsonwebtoken\verify.js:101:10)
    at exports.authanticate (C:\Users\yosef\OneDrive\Desktop\NTI\Ecommerce\middlewares\auth.middleware.js:11:21)
    at Layer.handleRequest (C:\Users\yosef\OneDrive\Desktop\NTI\Ecommerce\node_modules\router\lib\layer.js:152:17)
    at next (C:\Users\yosef\OneDrive\Desktop\NTI\Ecommerce\node_modules\router\lib\route.js:157:13)
    at Route.dispatch (C:\Users\yosef\OneDrive\Desktop\NTI\Ecommerce\node_modules\router\lib\route.js:117:3)
    at handle (C:\Users\yosef\OneDrive\Desktop\NTI\Ecommerce\node_modules\router\index.js:435:11)
    at Layer.handleRequest (C:\Users\yosef\OneDrive\Desktop\NTI\Ecommerce\node_modules\router\lib\layer.js:152:17)
    at C:\Users\yosef\OneDrive\Desktop\NTI\Ecommerce\node_modules\router\index.js:295:15
13-05-2026 12:14:31 |ERROR| Error | GET | /api/v1/product : Cannot read properties of undefined (reading 'includes') 
TypeError: Cannot read properties of undefined (reading 'includes')
    at origin (C:\Users\yosef\OneDrive\Desktop\NTI\Ecommerce Backend\middlewares\cors.middleware.js:10:23)
    at C:\Users\yosef\OneDrive\Desktop\NTI\Ecommerce Backend\node_modules\cors\lib\index.js:219:13
    at optionsCallback (C:\Users\yosef\OneDrive\Desktop\NTI\Ecommerce Backend\node_modules\cors\lib\index.js:199:9)
    at corsMiddleware (C:\Users\yosef\OneDrive\Desktop\NTI\Ecommerce Backend\node_modules\cors\lib\index.js:204:7)
    at Layer.handleRequest (C:\Users\yosef\OneDrive\Desktop\NTI\Ecommerce Backend\node_modules\router\lib\layer.js:152:17)
    at trimPrefix (C:\Users\yosef\OneDrive\Desktop\NTI\Ecommerce Backend\node_modules\router\index.js:342:13)
    at C:\Users\yosef\OneDrive\Desktop\NTI\Ecommerce Backend\node_modules\router\index.js:297:9
    at processParams (C:\Users\yosef\OneDrive\Desktop\NTI\Ecommerce Backend\node_modules\router\index.js:582:12)
    at next (C:\Users\yosef\OneDrive\Desktop\NTI\Ecommerce Backend\node_modules\router\index.js:291:5)
    at read (C:\Users\yosef\OneDrive\Desktop\NTI\Ecommerce Backend\node_modules\body-parser\lib\read.js:53:5)
13-05-2026 12:17:05 |ERROR| Error | GET | /api/v1/product : Cannot read properties of undefined (reading 'includes') 
TypeError: Cannot read properties of undefined (reading 'includes')
    at origin (C:\Users\yosef\OneDrive\Desktop\NTI\Ecommerce Backend\middlewares\cors.middleware.js:10:23)
    at C:\Users\yosef\OneDrive\Desktop\NTI\Ecommerce Backend\node_modules\cors\lib\index.js:219:13
    at optionsCallback (C:\Users\yosef\OneDrive\Desktop\NTI\Ecommerce Backend\node_modules\cors\lib\index.js:199:9)
    at corsMiddleware (C:\Users\yosef\OneDrive\Desktop\NTI\Ecommerce Backend\node_modules\cors\lib\index.js:204:7)
    at Layer.handleRequest (C:\Users\yosef\OneDrive\Desktop\NTI\Ecommerce Backend\node_modules\router\lib\layer.js:152:17)
    at trimPrefix (C:\Users\yosef\OneDrive\Desktop\NTI\Ecommerce Backend\node_modules\router\index.js:342:13)
    at C:\Users\yosef\OneDrive\Desktop\NTI\Ecommerce Backend\node_modules\router\index.js:297:9
    at processParams (C:\Users\yosef\OneDrive\Desktop\NTI\Ecommerce Backend\node_modules\router\index.js:582:12)
    at next (C:\Users\yosef\OneDrive\Desktop\NTI\Ecommerce Backend\node_modules\router\index.js:291:5)
    at read (C:\Users\yosef\OneDrive\Desktop\NTI\Ecommerce Backend\node_modules\body-parser\lib\read.js:53:5)
13-05-2026 12:17:40 |ERROR| Error | GET | /api/v1/product : Cannot read properties of undefined (reading 'includes') 
TypeError: Cannot read properties of undefined (reading 'includes')
    at origin (C:\Users\yosef\OneDrive\Desktop\NTI\Ecommerce Backend\middlewares\cors.middleware.js:10:23)
    at C:\Users\yosef\OneDrive\Desktop\NTI\Ecommerce Backend\node_modules\cors\lib\index.js:219:13
    at optionsCallback (C:\Users\yosef\OneDrive\Desktop\NTI\Ecommerce Backend\node_modules\cors\lib\index.js:199:9)
    at corsMiddleware (C:\Users\yosef\OneDrive\Desktop\NTI\Ecommerce Backend\node_modules\cors\lib\index.js:204:7)
    at Layer.handleRequest (C:\Users\yosef\OneDrive\Desktop\NTI\Ecommerce Backend\node_modules\router\lib\layer.js:152:17)
    at trimPrefix (C:\Users\yosef\OneDrive\Desktop\NTI\Ecommerce Backend\node_modules\router\index.js:342:13)
    at C:\Users\yosef\OneDrive\Desktop\NTI\Ecommerce Backend\node_modules\router\index.js:297:9
    at processParams (C:\Users\yosef\OneDrive\Desktop\NTI\Ecommerce Backend\node_modules\router\index.js:582:12)
    at next (C:\Users\yosef\OneDrive\Desktop\NTI\Ecommerce Backend\node_modules\router\index.js:291:5)
    at read (C:\Users\yosef\OneDrive\Desktop\NTI\Ecommerce Backend\node_modules\body-parser\lib\read.js:53:5)
13-05-2026 12:18:18 |ERROR| Error | GET | /api/v1/product : Cannot read properties of undefined (reading 'includes') 
TypeError: Cannot read properties of undefined (reading 'includes')
    at origin (C:\Users\yosef\OneDrive\Desktop\NTI\Ecommerce Backend\middlewares\cors.middleware.js:10:23)
    at C:\Users\yosef\OneDrive\Desktop\NTI\Ecommerce Backend\node_modules\cors\lib\index.js:219:13
    at optionsCallback (C:\Users\yosef\OneDrive\Desktop\NTI\Ecommerce Backend\node_modules\cors\lib\index.js:199:9)
    at corsMiddleware (C:\Users\yosef\OneDrive\Desktop\NTI\Ecommerce Backend\node_modules\cors\lib\index.js:204:7)
    at Layer.handleRequest (C:\Users\yosef\OneDrive\Desktop\NTI\Ecommerce Backend\node_modules\router\lib\layer.js:152:17)
    at trimPrefix (C:\Users\yosef\OneDrive\Desktop\NTI\Ecommerce Backend\node_modules\router\index.js:342:13)
    at C:\Users\yosef\OneDrive\Desktop\NTI\Ecommerce Backend\node_modules\router\index.js:297:9
    at processParams (C:\Users\yosef\OneDrive\Desktop\NTI\Ecommerce Backend\node_modules\router\index.js:582:12)
    at next (C:\Users\yosef\OneDrive\Desktop\NTI\Ecommerce Backend\node_modules\router\index.js:291:5)
    at read (C:\Users\yosef\OneDrive\Desktop\NTI\Ecommerce Backend\node_modules\body-parser\lib\read.js:53:5)
13-05-2026 13:26:19 |ERROR| Error | GET | /api/files/1778064367846-a.png : can't find /api/files/1778064367846-a.png 
Error: can't find /api/files/1778064367846-a.png
    at C:\Users\yosef\OneDrive\Desktop\NTI\Ecommerce Backend\server.js:27:7
    at Layer.handleRequest (C:\Users\yosef\OneDrive\Desktop\NTI\Ecommerce Backend\node_modules\router\lib\layer.js:152:17)
    at trimPrefix (C:\Users\yosef\OneDrive\Desktop\NTI\Ecommerce Backend\node_modules\router\index.js:342:13)
    at C:\Users\yosef\OneDrive\Desktop\NTI\Ecommerce Backend\node_modules\router\index.js:297:9
    at processParams (C:\Users\yosef\OneDrive\Desktop\NTI\Ecommerce Backend\node_modules\router\index.js:582:12)
    at next (C:\Users\yosef\OneDrive\Desktop\NTI\Ecommerce Backend\node_modules\router\index.js:291:5)
    at cors (C:\Users\yosef\OneDrive\Desktop\NTI\Ecommerce Backend\node_modules\cors\lib\index.js:188:7)
    at C:\Users\yosef\OneDrive\Desktop\NTI\Ecommerce Backend\node_modules\cors\lib\index.js:224:17
    at origin (C:\Users\yosef\OneDrive\Desktop\NTI\Ecommerce Backend\middlewares\cors.middleware.js:8:11)
    at C:\Users\yosef\OneDrive\Desktop\NTI\Ecommerce Backend\node_modules\cors\lib\index.js:219:13
13-05-2026 13:26:38 |ERROR| Error | GET | /api/files/1778064367846-a.png : can't find /api/files/1778064367846-a.png 
Error: can't find /api/files/1778064367846-a.png
    at C:\Users\yosef\OneDrive\Desktop\NTI\Ecommerce Backend\server.js:27:7
    at Layer.handleRequest (C:\Users\yosef\OneDrive\Desktop\NTI\Ecommerce Backend\node_modules\router\lib\layer.js:152:17)
    at trimPrefix (C:\Users\yosef\OneDrive\Desktop\NTI\Ecommerce Backend\node_modules\router\index.js:342:13)
    at C:\Users\yosef\OneDrive\Desktop\NTI\Ecommerce Backend\node_modules\router\index.js:297:9
    at processParams (C:\Users\yosef\OneDrive\Desktop\NTI\Ecommerce Backend\node_modules\router\index.js:582:12)
    at next (C:\Users\yosef\OneDrive\Desktop\NTI\Ecommerce Backend\node_modules\router\index.js:291:5)
    at cors (C:\Users\yosef\OneDrive\Desktop\NTI\Ecommerce Backend\node_modules\cors\lib\index.js:188:7)
    at C:\Users\yosef\OneDrive\Desktop\NTI\Ecommerce Backend\node_modules\cors\lib\index.js:224:17
    at origin (C:\Users\yosef\OneDrive\Desktop\NTI\Ecommerce Backend\middlewares\cors.middleware.js:8:11)
    at C:\Users\yosef\OneDrive\Desktop\NTI\Ecommerce Backend\node_modules\cors\lib\index.js:219:13
13-05-2026 13:26:39 |ERROR| Error | GET | /api/files/1778064367846-a.png : can't find /api/files/1778064367846-a.png 
Error: can't find /api/files/1778064367846-a.png
    at C:\Users\yosef\OneDrive\Desktop\NTI\Ecommerce Backend\server.js:27:7
    at Layer.handleRequest (C:\Users\yosef\OneDrive\Desktop\NTI\Ecommerce Backend\node_modules\router\lib\layer.js:152:17)
    at trimPrefix (C:\Users\yosef\OneDrive\Desktop\NTI\Ecommerce Backend\node_modules\router\index.js:342:13)
    at C:\Users\yosef\OneDrive\Desktop\NTI\Ecommerce Backend\node_modules\router\index.js:297:9
    at processParams (C:\Users\yosef\OneDrive\Desktop\NTI\Ecommerce Backend\node_modules\router\index.js:582:12)
    at next (C:\Users\yosef\OneDrive\Desktop\NTI\Ecommerce Backend\node_modules\router\index.js:291:5)
    at cors (C:\Users\yosef\OneDrive\Desktop\NTI\Ecommerce Backend\node_modules\cors\lib\index.js:188:7)
    at C:\Users\yosef\OneDrive\Desktop\NTI\Ecommerce Backend\node_modules\cors\lib\index.js:224:17
    at origin (C:\Users\yosef\OneDrive\Desktop\NTI\Ecommerce Backend\middlewares\cors.middleware.js:8:11)
    at C:\Users\yosef\OneDrive\Desktop\NTI\Ecommerce Backend\node_modules\cors\lib\index.js:219:13
13-05-2026 13:26:39 |ERROR| Error | GET | /api/files/1778064367846-a.png : can't find /api/files/1778064367846-a.png 
Error: can't find /api/files/1778064367846-a.png
    at C:\Users\yosef\OneDrive\Desktop\NTI\Ecommerce Backend\server.js:27:7
    at Layer.handleRequest (C:\Users\yosef\OneDrive\Desktop\NTI\Ecommerce Backend\node_modules\router\lib\layer.js:152:17)
    at trimPrefix (C:\Users\yosef\OneDrive\Desktop\NTI\Ecommerce Backend\node_modules\router\index.js:342:13)
    at C:\Users\yosef\OneDrive\Desktop\NTI\Ecommerce Backend\node_modules\router\index.js:297:9
    at processParams (C:\Users\yosef\OneDrive\Desktop\NTI\Ecommerce Backend\node_modules\router\index.js:582:12)
    at next (C:\Users\yosef\OneDrive\Desktop\NTI\Ecommerce Backend\node_modules\router\index.js:291:5)
    at cors (C:\Users\yosef\OneDrive\Desktop\NTI\Ecommerce Backend\node_modules\cors\lib\index.js:188:7)
    at C:\Users\yosef\OneDrive\Desktop\NTI\Ecommerce Backend\node_modules\cors\lib\index.js:224:17
    at origin (C:\Users\yosef\OneDrive\Desktop\NTI\Ecommerce Backend\middlewares\cors.middleware.js:8:11)
    at C:\Users\yosef\OneDrive\Desktop\NTI\Ecommerce Backend\node_modules\cors\lib\index.js:219:13
13-05-2026 13:26:44 |ERROR| Error | GET | /api/files/1778064367846-a.png : can't find /api/files/1778064367846-a.png 
Error: can't find /api/files/1778064367846-a.png
    at C:\Users\yosef\OneDrive\Desktop\NTI\Ecommerce Backend\server.js:27:7
    at Layer.handleRequest (C:\Users\yosef\OneDrive\Desktop\NTI\Ecommerce Backend\node_modules\router\lib\layer.js:152:17)
    at trimPrefix (C:\Users\yosef\OneDrive\Desktop\NTI\Ecommerce Backend\node_modules\router\index.js:342:13)
    at C:\Users\yosef\OneDrive\Desktop\NTI\Ecommerce Backend\node_modules\router\index.js:297:9
    at processParams (C:\Users\yosef\OneDrive\Desktop\NTI\Ecommerce Backend\node_modules\router\index.js:582:12)
    at next (C:\Users\yosef\OneDrive\Desktop\NTI\Ecommerce Backend\node_modules\router\index.js:291:5)
    at cors (C:\Users\yosef\OneDrive\Desktop\NTI\Ecommerce Backend\node_modules\cors\lib\index.js:188:7)
    at C:\Users\yosef\OneDrive\Desktop\NTI\Ecommerce Backend\node_modules\cors\lib\index.js:224:17
    at origin (C:\Users\yosef\OneDrive\Desktop\NTI\Ecommerce Backend\middlewares\cors.middleware.js:8:11)
    at C:\Users\yosef\OneDrive\Desktop\NTI\Ecommerce Backend\node_modules\cors\lib\index.js:219:13
13-05-2026 13:28:08 |ERROR| Error | GET | /api/files/1778064367846-a.png : can't find /api/files/1778064367846-a.png 
Error: can't find /api/files/1778064367846-a.png
    at C:\Users\yosef\OneDrive\Desktop\NTI\Ecommerce Backend\server.js:27:7
    at Layer.handleRequest (C:\Users\yosef\OneDrive\Desktop\NTI\Ecommerce Backend\node_modules\router\lib\layer.js:152:17)
    at trimPrefix (C:\Users\yosef\OneDrive\Desktop\NTI\Ecommerce Backend\node_modules\router\index.js:342:13)
    at C:\Users\yosef\OneDrive\Desktop\NTI\Ecommerce Backend\node_modules\router\index.js:297:9
    at processParams (C:\Users\yosef\OneDrive\Desktop\NTI\Ecommerce Backend\node_modules\router\index.js:582:12)
    at next (C:\Users\yosef\OneDrive\Desktop\NTI\Ecommerce Backend\node_modules\router\index.js:291:5)
    at cors (C:\Users\yosef\OneDrive\Desktop\NTI\Ecommerce Backend\node_modules\cors\lib\index.js:188:7)
    at C:\Users\yosef\OneDrive\Desktop\NTI\Ecommerce Backend\node_modules\cors\lib\index.js:224:17
    at origin (C:\Users\yosef\OneDrive\Desktop\NTI\Ecommerce Backend\middlewares\cors.middleware.js:8:11)
    at C:\Users\yosef\OneDrive\Desktop\NTI\Ecommerce Backend\node_modules\cors\lib\index.js:219:13
13-05-2026 13:28:31 |ERROR| Error | GET | /api/files/1778064367846-a.png : can't find /api/files/1778064367846-a.png 
Error: can't find /api/files/1778064367846-a.png
    at C:\Users\yosef\OneDrive\Desktop\NTI\Ecommerce Backend\server.js:27:7
    at Layer.handleRequest (C:\Users\yosef\OneDrive\Desktop\NTI\Ecommerce Backend\node_modules\router\lib\layer.js:152:17)
    at trimPrefix (C:\Users\yosef\OneDrive\Desktop\NTI\Ecommerce Backend\node_modules\router\index.js:342:13)
    at C:\Users\yosef\OneDrive\Desktop\NTI\Ecommerce Backend\node_modules\router\index.js:297:9
    at processParams (C:\Users\yosef\OneDrive\Desktop\NTI\Ecommerce Backend\node_modules\router\index.js:582:12)
    at next (C:\Users\yosef\OneDrive\Desktop\NTI\Ecommerce Backend\node_modules\router\index.js:291:5)
    at cors (C:\Users\yosef\OneDrive\Desktop\NTI\Ecommerce Backend\node_modules\cors\lib\index.js:188:7)
    at C:\Users\yosef\OneDrive\Desktop\NTI\Ecommerce Backend\node_modules\cors\lib\index.js:224:17
    at origin (C:\Users\yosef\OneDrive\Desktop\NTI\Ecommerce Backend\middlewares\cors.middleware.js:8:11)
    at C:\Users\yosef\OneDrive\Desktop\NTI\Ecommerce Backend\node_modules\cors\lib\index.js:219:13
13-05-2026 13:28:47 |ERROR| Error | GET | /api/files/1778064367846-a.png : can't find /api/files/1778064367846-a.png 
Error: can't find /api/files/1778064367846-a.png
    at C:\Users\yosef\OneDrive\Desktop\NTI\Ecommerce Backend\server.js:27:7
    at Layer.handleRequest (C:\Users\yosef\OneDrive\Desktop\NTI\Ecommerce Backend\node_modules\router\lib\layer.js:152:17)
    at trimPrefix (C:\Users\yosef\OneDrive\Desktop\NTI\Ecommerce Backend\node_modules\router\index.js:342:13)
    at C:\Users\yosef\OneDrive\Desktop\NTI\Ecommerce Backend\node_modules\router\index.js:297:9
    at processParams (C:\Users\yosef\OneDrive\Desktop\NTI\Ecommerce Backend\node_modules\router\index.js:582:12)
    at next (C:\Users\yosef\OneDrive\Desktop\NTI\Ecommerce Backend\node_modules\router\index.js:291:5)
    at cors (C:\Users\yosef\OneDrive\Desktop\NTI\Ecommerce Backend\node_modules\cors\lib\index.js:188:7)
    at C:\Users\yosef\OneDrive\Desktop\NTI\Ecommerce Backend\node_modules\cors\lib\index.js:224:17
    at origin (C:\Users\yosef\OneDrive\Desktop\NTI\Ecommerce Backend\middlewares\cors.middleware.js:8:11)
    at C:\Users\yosef\OneDrive\Desktop\NTI\Ecommerce Backend\node_modules\cors\lib\index.js:219:13
13-05-2026 13:28:48 |ERROR| Error | GET | /api/files/1778064367846-a.png : can't find /api/files/1778064367846-a.png 
Error: can't find /api/files/1778064367846-a.png
    at C:\Users\yosef\OneDrive\Desktop\NTI\Ecommerce Backend\server.js:27:7
    at Layer.handleRequest (C:\Users\yosef\OneDrive\Desktop\NTI\Ecommerce Backend\node_modules\router\lib\layer.js:152:17)
    at trimPrefix (C:\Users\yosef\OneDrive\Desktop\NTI\Ecommerce Backend\node_modules\router\index.js:342:13)
    at C:\Users\yosef\OneDrive\Desktop\NTI\Ecommerce Backend\node_modules\router\index.js:297:9
    at processParams (C:\Users\yosef\OneDrive\Desktop\NTI\Ecommerce Backend\node_modules\router\index.js:582:12)
    at next (C:\Users\yosef\OneDrive\Desktop\NTI\Ecommerce Backend\node_modules\router\index.js:291:5)
    at cors (C:\Users\yosef\OneDrive\Desktop\NTI\Ecommerce Backend\node_modules\cors\lib\index.js:188:7)
    at C:\Users\yosef\OneDrive\Desktop\NTI\Ecommerce Backend\node_modules\cors\lib\index.js:224:17
    at origin (C:\Users\yosef\OneDrive\Desktop\NTI\Ecommerce Backend\middlewares\cors.middleware.js:8:11)
    at C:\Users\yosef\OneDrive\Desktop\NTI\Ecommerce Backend\node_modules\cors\lib\index.js:219:13
13-05-2026 13:28:52 |ERROR| Error | GET | /api/files/1778064367846-a.png : can't find /api/files/1778064367846-a.png 
Error: can't find /api/files/1778064367846-a.png
    at C:\Users\yosef\OneDrive\Desktop\NTI\Ecommerce Backend\server.js:27:7
    at Layer.handleRequest (C:\Users\yosef\OneDrive\Desktop\NTI\Ecommerce Backend\node_modules\router\lib\layer.js:152:17)
    at trimPrefix (C:\Users\yosef\OneDrive\Desktop\NTI\Ecommerce Backend\node_modules\router\index.js:342:13)
    at C:\Users\yosef\OneDrive\Desktop\NTI\Ecommerce Backend\node_modules\router\index.js:297:9
    at processParams (C:\Users\yosef\OneDrive\Desktop\NTI\Ecommerce Backend\node_modules\router\index.js:582:12)
    at next (C:\Users\yosef\OneDrive\Desktop\NTI\Ecommerce Backend\node_modules\router\index.js:291:5)
    at cors (C:\Users\yosef\OneDrive\Desktop\NTI\Ecommerce Backend\node_modules\cors\lib\index.js:188:7)
    at C:\Users\yosef\OneDrive\Desktop\NTI\Ecommerce Backend\node_modules\cors\lib\index.js:224:17
    at origin (C:\Users\yosef\OneDrive\Desktop\NTI\Ecommerce Backend\middlewares\cors.middleware.js:8:11)
    at C:\Users\yosef\OneDrive\Desktop\NTI\Ecommerce Backend\node_modules\cors\lib\index.js:219:13
13-05-2026 13:29:14 |ERROR| Error | GET | /api/files/1778064367846-a.png : can't find /api/files/1778064367846-a.png 
Error: can't find /api/files/1778064367846-a.png
    at C:\Users\yosef\OneDrive\Desktop\NTI\Ecommerce Backend\server.js:27:7
    at Layer.handleRequest (C:\Users\yosef\OneDrive\Desktop\NTI\Ecommerce Backend\node_modules\router\lib\layer.js:152:17)
    at trimPrefix (C:\Users\yosef\OneDrive\Desktop\NTI\Ecommerce Backend\node_modules\router\index.js:342:13)
    at C:\Users\yosef\OneDrive\Desktop\NTI\Ecommerce Backend\node_modules\router\index.js:297:9
    at processParams (C:\Users\yosef\OneDrive\Desktop\NTI\Ecommerce Backend\node_modules\router\index.js:582:12)
    at next (C:\Users\yosef\OneDrive\Desktop\NTI\Ecommerce Backend\node_modules\router\index.js:291:5)
    at cors (C:\Users\yosef\OneDrive\Desktop\NTI\Ecommerce Backend\node_modules\cors\lib\index.js:188:7)
    at C:\Users\yosef\OneDrive\Desktop\NTI\Ecommerce Backend\node_modules\cors\lib\index.js:224:17
    at origin (C:\Users\yosef\OneDrive\Desktop\NTI\Ecommerce Backend\middlewares\cors.middleware.js:8:11)
    at C:\Users\yosef\OneDrive\Desktop\NTI\Ecommerce Backend\node_modules\cors\lib\index.js:219:13
13-05-2026 13:30:06 |ERROR| Error | GET | /api/files/1778064367846-a.png : can't find /api/files/1778064367846-a.png 
Error: can't find /api/files/1778064367846-a.png
    at C:\Users\yosef\OneDrive\Desktop\NTI\Ecommerce Backend\server.js:27:7
    at Layer.handleRequest (C:\Users\yosef\OneDrive\Desktop\NTI\Ecommerce Backend\node_modules\router\lib\layer.js:152:17)
    at trimPrefix (C:\Users\yosef\OneDrive\Desktop\NTI\Ecommerce Backend\node_modules\router\index.js:342:13)
    at C:\Users\yosef\OneDrive\Desktop\NTI\Ecommerce Backend\node_modules\router\index.js:297:9
    at processParams (C:\Users\yosef\OneDrive\Desktop\NTI\Ecommerce Backend\node_modules\router\index.js:582:12)
    at next (C:\Users\yosef\OneDrive\Desktop\NTI\Ecommerce Backend\node_modules\router\index.js:291:5)
    at cors (C:\Users\yosef\OneDrive\Desktop\NTI\Ecommerce Backend\node_modules\cors\lib\index.js:188:7)
    at C:\Users\yosef\OneDrive\Desktop\NTI\Ecommerce Backend\node_modules\cors\lib\index.js:224:17
    at origin (C:\Users\yosef\OneDrive\Desktop\NTI\Ecommerce Backend\middlewares\cors.middleware.js:8:11)
    at C:\Users\yosef\OneDrive\Desktop\NTI\Ecommerce Backend\node_modules\cors\lib\index.js:219:13
13-05-2026 13:31:39 |ERROR| Error | GET | /api/files/1778064367846-a.png : can't find /api/files/1778064367846-a.png 
Error: can't find /api/files/1778064367846-a.png
    at C:\Users\yosef\OneDrive\Desktop\NTI\Ecommerce Backend\server.js:27:7
    at Layer.handleRequest (C:\Users\yosef\OneDrive\Desktop\NTI\Ecommerce Backend\node_modules\router\lib\layer.js:152:17)
    at trimPrefix (C:\Users\yosef\OneDrive\Desktop\NTI\Ecommerce Backend\node_modules\router\index.js:342:13)
    at C:\Users\yosef\OneDrive\Desktop\NTI\Ecommerce Backend\node_modules\router\index.js:297:9
    at processParams (C:\Users\yosef\OneDrive\Desktop\NTI\Ecommerce Backend\node_modules\router\index.js:582:12)
    at next (C:\Users\yosef\OneDrive\Desktop\NTI\Ecommerce Backend\node_modules\router\index.js:291:5)
    at cors (C:\Users\yosef\OneDrive\Desktop\NTI\Ecommerce Backend\node_modules\cors\lib\index.js:188:7)
    at C:\Users\yosef\OneDrive\Desktop\NTI\Ecommerce Backend\node_modules\cors\lib\index.js:224:17
    at origin (C:\Users\yosef\OneDrive\Desktop\NTI\Ecommerce Backend\middlewares\cors.middleware.js:8:11)
    at C:\Users\yosef\OneDrive\Desktop\NTI\Ecommerce Backend\node_modules\cors\lib\index.js:219:13
13-05-2026 13:31:40 |ERROR| Error | GET | /api/files/1778064367846-a.png : can't find /api/files/1778064367846-a.png 
Error: can't find /api/files/1778064367846-a.png
    at C:\Users\yosef\OneDrive\Desktop\NTI\Ecommerce Backend\server.js:27:7
    at Layer.handleRequest (C:\Users\yosef\OneDrive\Desktop\NTI\Ecommerce Backend\node_modules\router\lib\layer.js:152:17)
    at trimPrefix (C:\Users\yosef\OneDrive\Desktop\NTI\Ecommerce Backend\node_modules\router\index.js:342:13)
    at C:\Users\yosef\OneDrive\Desktop\NTI\Ecommerce Backend\node_modules\router\index.js:297:9
    at processParams (C:\Users\yosef\OneDrive\Desktop\NTI\Ecommerce Backend\node_modules\router\index.js:582:12)
    at next (C:\Users\yosef\OneDrive\Desktop\NTI\Ecommerce Backend\node_modules\router\index.js:291:5)
    at cors (C:\Users\yosef\OneDrive\Desktop\NTI\Ecommerce Backend\node_modules\cors\lib\index.js:188:7)
    at C:\Users\yosef\OneDrive\Desktop\NTI\Ecommerce Backend\node_modules\cors\lib\index.js:224:17
    at origin (C:\Users\yosef\OneDrive\Desktop\NTI\Ecommerce Backend\middlewares\cors.middleware.js:8:11)
    at C:\Users\yosef\OneDrive\Desktop\NTI\Ecommerce Backend\node_modules\cors\lib\index.js:219:13
13-05-2026 13:31:49 |ERROR| Error | GET | /api/files/1778064367846-a.png : can't find /api/files/1778064367846-a.png 
Error: can't find /api/files/1778064367846-a.png
    at C:\Users\yosef\OneDrive\Desktop\NTI\Ecommerce Backend\server.js:27:7
    at Layer.handleRequest (C:\Users\yosef\OneDrive\Desktop\NTI\Ecommerce Backend\node_modules\router\lib\layer.js:152:17)
    at trimPrefix (C:\Users\yosef\OneDrive\Desktop\NTI\Ecommerce Backend\node_modules\router\index.js:342:13)
    at C:\Users\yosef\OneDrive\Desktop\NTI\Ecommerce Backend\node_modules\router\index.js:297:9
    at processParams (C:\Users\yosef\OneDrive\Desktop\NTI\Ecommerce Backend\node_modules\router\index.js:582:12)
    at next (C:\Users\yosef\OneDrive\Desktop\NTI\Ecommerce Backend\node_modules\router\index.js:291:5)
    at cors (C:\Users\yosef\OneDrive\Desktop\NTI\Ecommerce Backend\node_modules\cors\lib\index.js:188:7)
    at C:\Users\yosef\OneDrive\Desktop\NTI\Ecommerce Backend\node_modules\cors\lib\index.js:224:17
    at origin (C:\Users\yosef\OneDrive\Desktop\NTI\Ecommerce Backend\middlewares\cors.middleware.js:8:11)
    at C:\Users\yosef\OneDrive\Desktop\NTI\Ecommerce Backend\node_modules\cors\lib\index.js:219:13
13-05-2026 13:31:51 |ERROR| Error | GET | /api/files/1778064367846-a.png : can't find /api/files/1778064367846-a.png 
Error: can't find /api/files/1778064367846-a.png
    at C:\Users\yosef\OneDrive\Desktop\NTI\Ecommerce Backend\server.js:27:7
    at Layer.handleRequest (C:\Users\yosef\OneDrive\Desktop\NTI\Ecommerce Backend\node_modules\router\lib\layer.js:152:17)
    at trimPrefix (C:\Users\yosef\OneDrive\Desktop\NTI\Ecommerce Backend\node_modules\router\index.js:342:13)
    at C:\Users\yosef\OneDrive\Desktop\NTI\Ecommerce Backend\node_modules\router\index.js:297:9
    at processParams (C:\Users\yosef\OneDrive\Desktop\NTI\Ecommerce Backend\node_modules\router\index.js:582:12)
    at next (C:\Users\yosef\OneDrive\Desktop\NTI\Ecommerce Backend\node_modules\router\index.js:291:5)
    at cors (C:\Users\yosef\OneDrive\Desktop\NTI\Ecommerce Backend\node_modules\cors\lib\index.js:188:7)
    at C:\Users\yosef\OneDrive\Desktop\NTI\Ecommerce Backend\node_modules\cors\lib\index.js:224:17
    at origin (C:\Users\yosef\OneDrive\Desktop\NTI\Ecommerce Backend\middlewares\cors.middleware.js:8:11)
    at C:\Users\yosef\OneDrive\Desktop\NTI\Ecommerce Backend\node_modules\cors\lib\index.js:219:13
13-05-2026 13:32:04 |ERROR| Error | GET | /api/files/1778064367846-a.png : can't find /api/files/1778064367846-a.png 
Error: can't find /api/files/1778064367846-a.png
    at C:\Users\yosef\OneDrive\Desktop\NTI\Ecommerce Backend\server.js:27:7
    at Layer.handleRequest (C:\Users\yosef\OneDrive\Desktop\NTI\Ecommerce Backend\node_modules\router\lib\layer.js:152:17)
    at trimPrefix (C:\Users\yosef\OneDrive\Desktop\NTI\Ecommerce Backend\node_modules\router\index.js:342:13)
    at C:\Users\yosef\OneDrive\Desktop\NTI\Ecommerce Backend\node_modules\router\index.js:297:9
    at processParams (C:\Users\yosef\OneDrive\Desktop\NTI\Ecommerce Backend\node_modules\router\index.js:582:12)
    at next (C:\Users\yosef\OneDrive\Desktop\NTI\Ecommerce Backend\node_modules\router\index.js:291:5)
    at cors (C:\Users\yosef\OneDrive\Desktop\NTI\Ecommerce Backend\node_modules\cors\lib\index.js:188:7)
    at C:\Users\yosef\OneDrive\Desktop\NTI\Ecommerce Backend\node_modules\cors\lib\index.js:224:17
    at origin (C:\Users\yosef\OneDrive\Desktop\NTI\Ecommerce Backend\middlewares\cors.middleware.js:8:11)
    at C:\Users\yosef\OneDrive\Desktop\NTI\Ecommerce Backend\node_modules\cors\lib\index.js:219:13
13-05-2026 13:32:12 |ERROR| Error | GET | /api/files/1778064367846-a.png : can't find /api/files/1778064367846-a.png 
Error: can't find /api/files/1778064367846-a.png
    at C:\Users\yosef\OneDrive\Desktop\NTI\Ecommerce Backend\server.js:27:7
    at Layer.handleRequest (C:\Users\yosef\OneDrive\Desktop\NTI\Ecommerce Backend\node_modules\router\lib\layer.js:152:17)
    at trimPrefix (C:\Users\yosef\OneDrive\Desktop\NTI\Ecommerce Backend\node_modules\router\index.js:342:13)
    at C:\Users\yosef\OneDrive\Desktop\NTI\Ecommerce Backend\node_modules\router\index.js:297:9
    at processParams (C:\Users\yosef\OneDrive\Desktop\NTI\Ecommerce Backend\node_modules\router\index.js:582:12)
    at next (C:\Users\yosef\OneDrive\Desktop\NTI\Ecommerce Backend\node_modules\router\index.js:291:5)
    at cors (C:\Users\yosef\OneDrive\Desktop\NTI\Ecommerce Backend\node_modules\cors\lib\index.js:188:7)
    at C:\Users\yosef\OneDrive\Desktop\NTI\Ecommerce Backend\node_modules\cors\lib\index.js:224:17
    at origin (C:\Users\yosef\OneDrive\Desktop\NTI\Ecommerce Backend\middlewares\cors.middleware.js:8:11)
    at C:\Users\yosef\OneDrive\Desktop\NTI\Ecommerce Backend\node_modules\cors\lib\index.js:219:13
13-05-2026 13:32:13 |ERROR| Error | GET | /api/files/1778064367846-a.png : can't find /api/files/1778064367846-a.png 
Error: can't find /api/files/1778064367846-a.png
    at C:\Users\yosef\OneDrive\Desktop\NTI\Ecommerce Backend\server.js:27:7
    at Layer.handleRequest (C:\Users\yosef\OneDrive\Desktop\NTI\Ecommerce Backend\node_modules\router\lib\layer.js:152:17)
    at trimPrefix (C:\Users\yosef\OneDrive\Desktop\NTI\Ecommerce Backend\node_modules\router\index.js:342:13)
    at C:\Users\yosef\OneDrive\Desktop\NTI\Ecommerce Backend\node_modules\router\index.js:297:9
    at processParams (C:\Users\yosef\OneDrive\Desktop\NTI\Ecommerce Backend\node_modules\router\index.js:582:12)
    at next (C:\Users\yosef\OneDrive\Desktop\NTI\Ecommerce Backend\node_modules\router\index.js:291:5)
    at cors (C:\Users\yosef\OneDrive\Desktop\NTI\Ecommerce Backend\node_modules\cors\lib\index.js:188:7)
    at C:\Users\yosef\OneDrive\Desktop\NTI\Ecommerce Backend\node_modules\cors\lib\index.js:224:17
    at origin (C:\Users\yosef\OneDrive\Desktop\NTI\Ecommerce Backend\middlewares\cors.middleware.js:8:11)
    at C:\Users\yosef\OneDrive\Desktop\NTI\Ecommerce Backend\node_modules\cors\lib\index.js:219:13
13-05-2026 13:32:13 |ERROR| Error | GET | /api/files/1778064367846-a.png : can't find /api/files/1778064367846-a.png 
Error: can't find /api/files/1778064367846-a.png
    at C:\Users\yosef\OneDrive\Desktop\NTI\Ecommerce Backend\server.js:27:7
    at Layer.handleRequest (C:\Users\yosef\OneDrive\Desktop\NTI\Ecommerce Backend\node_modules\router\lib\layer.js:152:17)
    at trimPrefix (C:\Users\yosef\OneDrive\Desktop\NTI\Ecommerce Backend\node_modules\router\index.js:342:13)
    at C:\Users\yosef\OneDrive\Desktop\NTI\Ecommerce Backend\node_modules\router\index.js:297:9
    at processParams (C:\Users\yosef\OneDrive\Desktop\NTI\Ecommerce Backend\node_modules\router\index.js:582:12)
    at next (C:\Users\yosef\OneDrive\Desktop\NTI\Ecommerce Backend\node_modules\router\index.js:291:5)
    at cors (C:\Users\yosef\OneDrive\Desktop\NTI\Ecommerce Backend\node_modules\cors\lib\index.js:188:7)
    at C:\Users\yosef\OneDrive\Desktop\NTI\Ecommerce Backend\node_modules\cors\lib\index.js:224:17
    at origin (C:\Users\yosef\OneDrive\Desktop\NTI\Ecommerce Backend\middlewares\cors.middleware.js:8:11)
    at C:\Users\yosef\OneDrive\Desktop\NTI\Ecommerce Backend\node_modules\cors\lib\index.js:219:13
13-05-2026 13:33:19 |ERROR| Error | GET | /api/files/1778064367846-a.png : can't find /api/files/1778064367846-a.png 
Error: can't find /api/files/1778064367846-a.png
    at C:\Users\yosef\OneDrive\Desktop\NTI\Ecommerce Backend\server.js:27:7
    at Layer.handleRequest (C:\Users\yosef\OneDrive\Desktop\NTI\Ecommerce Backend\node_modules\router\lib\layer.js:152:17)
    at trimPrefix (C:\Users\yosef\OneDrive\Desktop\NTI\Ecommerce Backend\node_modules\router\index.js:342:13)
    at C:\Users\yosef\OneDrive\Desktop\NTI\Ecommerce Backend\node_modules\router\index.js:297:9
    at processParams (C:\Users\yosef\OneDrive\Desktop\NTI\Ecommerce Backend\node_modules\router\index.js:582:12)
    at next (C:\Users\yosef\OneDrive\Desktop\NTI\Ecommerce Backend\node_modules\router\index.js:291:5)
    at cors (C:\Users\yosef\OneDrive\Desktop\NTI\Ecommerce Backend\node_modules\cors\lib\index.js:188:7)
    at C:\Users\yosef\OneDrive\Desktop\NTI\Ecommerce Backend\node_modules\cors\lib\index.js:224:17
    at origin (C:\Users\yosef\OneDrive\Desktop\NTI\Ecommerce Backend\middlewares\cors.middleware.js:8:11)
    at C:\Users\yosef\OneDrive\Desktop\NTI\Ecommerce Backend\node_modules\cors\lib\index.js:219:13
13-05-2026 13:33:43 |ERROR| Error | GET | /api/files/1778064367846-a.png : can't find /api/files/1778064367846-a.png 
Error: can't find /api/files/1778064367846-a.png
    at C:\Users\yosef\OneDrive\Desktop\NTI\Ecommerce Backend\server.js:27:7
    at Layer.handleRequest (C:\Users\yosef\OneDrive\Desktop\NTI\Ecommerce Backend\node_modules\router\lib\layer.js:152:17)
    at trimPrefix (C:\Users\yosef\OneDrive\Desktop\NTI\Ecommerce Backend\node_modules\router\index.js:342:13)
    at C:\Users\yosef\OneDrive\Desktop\NTI\Ecommerce Backend\node_modules\router\index.js:297:9
    at processParams (C:\Users\yosef\OneDrive\Desktop\NTI\Ecommerce Backend\node_modules\router\index.js:582:12)
    at next (C:\Users\yosef\OneDrive\Desktop\NTI\Ecommerce Backend\node_modules\router\index.js:291:5)
    at cors (C:\Users\yosef\OneDrive\Desktop\NTI\Ecommerce Backend\node_modules\cors\lib\index.js:188:7)
    at C:\Users\yosef\OneDrive\Desktop\NTI\Ecommerce Backend\node_modules\cors\lib\index.js:224:17
    at origin (C:\Users\yosef\OneDrive\Desktop\NTI\Ecommerce Backend\middlewares\cors.middleware.js:8:11)
    at C:\Users\yosef\OneDrive\Desktop\NTI\Ecommerce Backend\node_modules\cors\lib\index.js:219:13
13-05-2026 13:33:43 |ERROR| Error | GET | /api/files/1778064367846-a.png : can't find /api/files/1778064367846-a.png 
Error: can't find /api/files/1778064367846-a.png
    at C:\Users\yosef\OneDrive\Desktop\NTI\Ecommerce Backend\server.js:27:7
    at Layer.handleRequest (C:\Users\yosef\OneDrive\Desktop\NTI\Ecommerce Backend\node_modules\router\lib\layer.js:152:17)
    at trimPrefix (C:\Users\yosef\OneDrive\Desktop\NTI\Ecommerce Backend\node_modules\router\index.js:342:13)
    at C:\Users\yosef\OneDrive\Desktop\NTI\Ecommerce Backend\node_modules\router\index.js:297:9
    at processParams (C:\Users\yosef\OneDrive\Desktop\NTI\Ecommerce Backend\node_modules\router\index.js:582:12)
    at next (C:\Users\yosef\OneDrive\Desktop\NTI\Ecommerce Backend\node_modules\router\index.js:291:5)
    at cors (C:\Users\yosef\OneDrive\Desktop\NTI\Ecommerce Backend\node_modules\cors\lib\index.js:188:7)
    at C:\Users\yosef\OneDrive\Desktop\NTI\Ecommerce Backend\node_modules\cors\lib\index.js:224:17
    at origin (C:\Users\yosef\OneDrive\Desktop\NTI\Ecommerce Backend\middlewares\cors.middleware.js:8:11)
    at C:\Users\yosef\OneDrive\Desktop\NTI\Ecommerce Backend\node_modules\cors\lib\index.js:219:13
13-05-2026 13:34:19 |ERROR| Error | GET | /api/files/1778064367846-a.png : can't find /api/files/1778064367846-a.png 
Error: can't find /api/files/1778064367846-a.png
    at C:\Users\yosef\OneDrive\Desktop\NTI\Ecommerce Backend\server.js:27:7
    at Layer.handleRequest (C:\Users\yosef\OneDrive\Desktop\NTI\Ecommerce Backend\node_modules\router\lib\layer.js:152:17)
    at trimPrefix (C:\Users\yosef\OneDrive\Desktop\NTI\Ecommerce Backend\node_modules\router\index.js:342:13)
    at C:\Users\yosef\OneDrive\Desktop\NTI\Ecommerce Backend\node_modules\router\index.js:297:9
    at processParams (C:\Users\yosef\OneDrive\Desktop\NTI\Ecommerce Backend\node_modules\router\index.js:582:12)
    at next (C:\Users\yosef\OneDrive\Desktop\NTI\Ecommerce Backend\node_modules\router\index.js:291:5)
    at cors (C:\Users\yosef\OneDrive\Desktop\NTI\Ecommerce Backend\node_modules\cors\lib\index.js:188:7)
    at C:\Users\yosef\OneDrive\Desktop\NTI\Ecommerce Backend\node_modules\cors\lib\index.js:224:17
    at origin (C:\Users\yosef\OneDrive\Desktop\NTI\Ecommerce Backend\middlewares\cors.middleware.js:8:11)
    at C:\Users\yosef\OneDrive\Desktop\NTI\Ecommerce Backend\node_modules\cors\lib\index.js:219:13
13-05-2026 13:34:19 |ERROR| Error | GET | /api/files/1778064367846-a.png : can't find /api/files/1778064367846-a.png 
Error: can't find /api/files/1778064367846-a.png
    at C:\Users\yosef\OneDrive\Desktop\NTI\Ecommerce Backend\server.js:27:7
    at Layer.handleRequest (C:\Users\yosef\OneDrive\Desktop\NTI\Ecommerce Backend\node_modules\router\lib\layer.js:152:17)
    at trimPrefix (C:\Users\yosef\OneDrive\Desktop\NTI\Ecommerce Backend\node_modules\router\index.js:342:13)
    at C:\Users\yosef\OneDrive\Desktop\NTI\Ecommerce Backend\node_modules\router\index.js:297:9
    at processParams (C:\Users\yosef\OneDrive\Desktop\NTI\Ecommerce Backend\node_modules\router\index.js:582:12)
    at next (C:\Users\yosef\OneDrive\Desktop\NTI\Ecommerce Backend\node_modules\router\index.js:291:5)
    at cors (C:\Users\yosef\OneDrive\Desktop\NTI\Ecommerce Backend\node_modules\cors\lib\index.js:188:7)
    at C:\Users\yosef\OneDrive\Desktop\NTI\Ecommerce Backend\node_modules\cors\lib\index.js:224:17
    at origin (C:\Users\yosef\OneDrive\Desktop\NTI\Ecommerce Backend\middlewares\cors.middleware.js:8:11)
    at C:\Users\yosef\OneDrive\Desktop\NTI\Ecommerce Backend\node_modules\cors\lib\index.js:219:13
13-05-2026 13:34:24 |ERROR| Error | GET | /api/files/1778064367846-a.png : can't find /api/files/1778064367846-a.png 
Error: can't find /api/files/1778064367846-a.png
    at C:\Users\yosef\OneDrive\Desktop\NTI\Ecommerce Backend\server.js:27:7
    at Layer.handleRequest (C:\Users\yosef\OneDrive\Desktop\NTI\Ecommerce Backend\node_modules\router\lib\layer.js:152:17)
    at trimPrefix (C:\Users\yosef\OneDrive\Desktop\NTI\Ecommerce Backend\node_modules\router\index.js:342:13)
    at C:\Users\yosef\OneDrive\Desktop\NTI\Ecommerce Backend\node_modules\router\index.js:297:9
    at processParams (C:\Users\yosef\OneDrive\Desktop\NTI\Ecommerce Backend\node_modules\router\index.js:582:12)
    at next (C:\Users\yosef\OneDrive\Desktop\NTI\Ecommerce Backend\node_modules\router\index.js:291:5)
    at cors (C:\Users\yosef\OneDrive\Desktop\NTI\Ecommerce Backend\node_modules\cors\lib\index.js:188:7)
    at C:\Users\yosef\OneDrive\Desktop\NTI\Ecommerce Backend\node_modules\cors\lib\index.js:224:17
    at origin (C:\Users\yosef\OneDrive\Desktop\NTI\Ecommerce Backend\middlewares\cors.middleware.js:8:11)
    at C:\Users\yosef\OneDrive\Desktop\NTI\Ecommerce Backend\node_modules\cors\lib\index.js:219:13
13-05-2026 13:34:30 |ERROR| Error | GET | /api/files/1778064367846-a.png : can't find /api/files/1778064367846-a.png 
Error: can't find /api/files/1778064367846-a.png
    at C:\Users\yosef\OneDrive\Desktop\NTI\Ecommerce Backend\server.js:27:7
    at Layer.handleRequest (C:\Users\yosef\OneDrive\Desktop\NTI\Ecommerce Backend\node_modules\router\lib\layer.js:152:17)
    at trimPrefix (C:\Users\yosef\OneDrive\Desktop\NTI\Ecommerce Backend\node_modules\router\index.js:342:13)
    at C:\Users\yosef\OneDrive\Desktop\NTI\Ecommerce Backend\node_modules\router\index.js:297:9
    at processParams (C:\Users\yosef\OneDrive\Desktop\NTI\Ecommerce Backend\node_modules\router\index.js:582:12)
    at next (C:\Users\yosef\OneDrive\Desktop\NTI\Ecommerce Backend\node_modules\router\index.js:291:5)
    at cors (C:\Users\yosef\OneDrive\Desktop\NTI\Ecommerce Backend\node_modules\cors\lib\index.js:188:7)
    at C:\Users\yosef\OneDrive\Desktop\NTI\Ecommerce Backend\node_modules\cors\lib\index.js:224:17
    at origin (C:\Users\yosef\OneDrive\Desktop\NTI\Ecommerce Backend\middlewares\cors.middleware.js:8:11)
    at C:\Users\yosef\OneDrive\Desktop\NTI\Ecommerce Backend\node_modules\cors\lib\index.js:219:13
13-05-2026 13:34:32 |ERROR| Error | GET | /api/files/1778064367846-a.png : can't find /api/files/1778064367846-a.png 
Error: can't find /api/files/1778064367846-a.png
    at C:\Users\yosef\OneDrive\Desktop\NTI\Ecommerce Backend\server.js:27:7
    at Layer.handleRequest (C:\Users\yosef\OneDrive\Desktop\NTI\Ecommerce Backend\node_modules\router\lib\layer.js:152:17)
    at trimPrefix (C:\Users\yosef\OneDrive\Desktop\NTI\Ecommerce Backend\node_modules\router\index.js:342:13)
    at C:\Users\yosef\OneDrive\Desktop\NTI\Ecommerce Backend\node_modules\router\index.js:297:9
    at processParams (C:\Users\yosef\OneDrive\Desktop\NTI\Ecommerce Backend\node_modules\router\index.js:582:12)
    at next (C:\Users\yosef\OneDrive\Desktop\NTI\Ecommerce Backend\node_modules\router\index.js:291:5)
    at cors (C:\Users\yosef\OneDrive\Desktop\NTI\Ecommerce Backend\node_modules\cors\lib\index.js:188:7)
    at C:\Users\yosef\OneDrive\Desktop\NTI\Ecommerce Backend\node_modules\cors\lib\index.js:224:17
    at origin (C:\Users\yosef\OneDrive\Desktop\NTI\Ecommerce Backend\middlewares\cors.middleware.js:8:11)
    at C:\Users\yosef\OneDrive\Desktop\NTI\Ecommerce Backend\node_modules\cors\lib\index.js:219:13
13-05-2026 13:34:36 |ERROR| Error | GET | /api/files/1778064367846-a.png : can't find /api/files/1778064367846-a.png 
Error: can't find /api/files/1778064367846-a.png
    at C:\Users\yosef\OneDrive\Desktop\NTI\Ecommerce Backend\server.js:27:7
    at Layer.handleRequest (C:\Users\yosef\OneDrive\Desktop\NTI\Ecommerce Backend\node_modules\router\lib\layer.js:152:17)
    at trimPrefix (C:\Users\yosef\OneDrive\Desktop\NTI\Ecommerce Backend\node_modules\router\index.js:342:13)
    at C:\Users\yosef\OneDrive\Desktop\NTI\Ecommerce Backend\node_modules\router\index.js:297:9
    at processParams (C:\Users\yosef\OneDrive\Desktop\NTI\Ecommerce Backend\node_modules\router\index.js:582:12)
    at next (C:\Users\yosef\OneDrive\Desktop\NTI\Ecommerce Backend\node_modules\router\index.js:291:5)
    at cors (C:\Users\yosef\OneDrive\Desktop\NTI\Ecommerce Backend\node_modules\cors\lib\index.js:188:7)
    at C:\Users\yosef\OneDrive\Desktop\NTI\Ecommerce Backend\node_modules\cors\lib\index.js:224:17
    at origin (C:\Users\yosef\OneDrive\Desktop\NTI\Ecommerce Backend\middlewares\cors.middleware.js:8:11)
    at C:\Users\yosef\OneDrive\Desktop\NTI\Ecommerce Backend\node_modules\cors\lib\index.js:219:13
13-05-2026 13:34:54 |ERROR| Error | GET | /api/files/1778064367846-a.png : can't find /api/files/1778064367846-a.png 
Error: can't find /api/files/1778064367846-a.png
    at C:\Users\yosef\OneDrive\Desktop\NTI\Ecommerce Backend\server.js:27:7
    at Layer.handleRequest (C:\Users\yosef\OneDrive\Desktop\NTI\Ecommerce Backend\node_modules\router\lib\layer.js:152:17)
    at trimPrefix (C:\Users\yosef\OneDrive\Desktop\NTI\Ecommerce Backend\node_modules\router\index.js:342:13)
    at C:\Users\yosef\OneDrive\Desktop\NTI\Ecommerce Backend\node_modules\router\index.js:297:9
    at processParams (C:\Users\yosef\OneDrive\Desktop\NTI\Ecommerce Backend\node_modules\router\index.js:582:12)
    at next (C:\Users\yosef\OneDrive\Desktop\NTI\Ecommerce Backend\node_modules\router\index.js:291:5)
    at cors (C:\Users\yosef\OneDrive\Desktop\NTI\Ecommerce Backend\node_modules\cors\lib\index.js:188:7)
    at C:\Users\yosef\OneDrive\Desktop\NTI\Ecommerce Backend\node_modules\cors\lib\index.js:224:17
    at origin (C:\Users\yosef\OneDrive\Desktop\NTI\Ecommerce Backend\middlewares\cors.middleware.js:8:11)
    at C:\Users\yosef\OneDrive\Desktop\NTI\Ecommerce Backend\node_modules\cors\lib\index.js:219:13
13-05-2026 13:34:56 |ERROR| Error | GET | /api/files/1778064367846-a.png : can't find /api/files/1778064367846-a.png 
Error: can't find /api/files/1778064367846-a.png
    at C:\Users\yosef\OneDrive\Desktop\NTI\Ecommerce Backend\server.js:27:7
    at Layer.handleRequest (C:\Users\yosef\OneDrive\Desktop\NTI\Ecommerce Backend\node_modules\router\lib\layer.js:152:17)
    at trimPrefix (C:\Users\yosef\OneDrive\Desktop\NTI\Ecommerce Backend\node_modules\router\index.js:342:13)
    at C:\Users\yosef\OneDrive\Desktop\NTI\Ecommerce Backend\node_modules\router\index.js:297:9
    at processParams (C:\Users\yosef\OneDrive\Desktop\NTI\Ecommerce Backend\node_modules\router\index.js:582:12)
    at next (C:\Users\yosef\OneDrive\Desktop\NTI\Ecommerce Backend\node_modules\router\index.js:291:5)
    at cors (C:\Users\yosef\OneDrive\Desktop\NTI\Ecommerce Backend\node_modules\cors\lib\index.js:188:7)
    at C:\Users\yosef\OneDrive\Desktop\NTI\Ecommerce Backend\node_modules\cors\lib\index.js:224:17
    at origin (C:\Users\yosef\OneDrive\Desktop\NTI\Ecommerce Backend\middlewares\cors.middleware.js:8:11)
    at C:\Users\yosef\OneDrive\Desktop\NTI\Ecommerce Backend\node_modules\cors\lib\index.js:219:13
13-05-2026 13:35:03 |ERROR| Error | GET | /api/files/1778064367846-a.png : can't find /api/files/1778064367846-a.png 
Error: can't find /api/files/1778064367846-a.png
    at C:\Users\yosef\OneDrive\Desktop\NTI\Ecommerce Backend\server.js:27:7
    at Layer.handleRequest (C:\Users\yosef\OneDrive\Desktop\NTI\Ecommerce Backend\node_modules\router\lib\layer.js:152:17)
    at trimPrefix (C:\Users\yosef\OneDrive\Desktop\NTI\Ecommerce Backend\node_modules\router\index.js:342:13)
    at C:\Users\yosef\OneDrive\Desktop\NTI\Ecommerce Backend\node_modules\router\index.js:297:9
    at processParams (C:\Users\yosef\OneDrive\Desktop\NTI\Ecommerce Backend\node_modules\router\index.js:582:12)
    at next (C:\Users\yosef\OneDrive\Desktop\NTI\Ecommerce Backend\node_modules\router\index.js:291:5)
    at cors (C:\Users\yosef\OneDrive\Desktop\NTI\Ecommerce Backend\node_modules\cors\lib\index.js:188:7)
    at C:\Users\yosef\OneDrive\Desktop\NTI\Ecommerce Backend\node_modules\cors\lib\index.js:224:17
    at origin (C:\Users\yosef\OneDrive\Desktop\NTI\Ecommerce Backend\middlewares\cors.middleware.js:8:11)
    at C:\Users\yosef\OneDrive\Desktop\NTI\Ecommerce Backend\node_modules\cors\lib\index.js:219:13
13-05-2026 13:35:05 |ERROR| Error | GET | /api/files/1778064367846-a.png : can't find /api/files/1778064367846-a.png 
Error: can't find /api/files/1778064367846-a.png
    at C:\Users\yosef\OneDrive\Desktop\NTI\Ecommerce Backend\server.js:27:7
    at Layer.handleRequest (C:\Users\yosef\OneDrive\Desktop\NTI\Ecommerce Backend\node_modules\router\lib\layer.js:152:17)
    at trimPrefix (C:\Users\yosef\OneDrive\Desktop\NTI\Ecommerce Backend\node_modules\router\index.js:342:13)
    at C:\Users\yosef\OneDrive\Desktop\NTI\Ecommerce Backend\node_modules\router\index.js:297:9
    at processParams (C:\Users\yosef\OneDrive\Desktop\NTI\Ecommerce Backend\node_modules\router\index.js:582:12)
    at next (C:\Users\yosef\OneDrive\Desktop\NTI\Ecommerce Backend\node_modules\router\index.js:291:5)
    at cors (C:\Users\yosef\OneDrive\Desktop\NTI\Ecommerce Backend\node_modules\cors\lib\index.js:188:7)
    at C:\Users\yosef\OneDrive\Desktop\NTI\Ecommerce Backend\node_modules\cors\lib\index.js:224:17
    at origin (C:\Users\yosef\OneDrive\Desktop\NTI\Ecommerce Backend\middlewares\cors.middleware.js:8:11)
    at C:\Users\yosef\OneDrive\Desktop\NTI\Ecommerce Backend\node_modules\cors\lib\index.js:219:13
13-05-2026 13:35:08 |ERROR| Error | GET | /api/files/1778064367846-a.png : can't find /api/files/1778064367846-a.png 
Error: can't find /api/files/1778064367846-a.png
    at C:\Users\yosef\OneDrive\Desktop\NTI\Ecommerce Backend\server.js:27:7
    at Layer.handleRequest (C:\Users\yosef\OneDrive\Desktop\NTI\Ecommerce Backend\node_modules\router\lib\layer.js:152:17)
    at trimPrefix (C:\Users\yosef\OneDrive\Desktop\NTI\Ecommerce Backend\node_modules\router\index.js:342:13)
    at C:\Users\yosef\OneDrive\Desktop\NTI\Ecommerce Backend\node_modules\router\index.js:297:9
    at processParams (C:\Users\yosef\OneDrive\Desktop\NTI\Ecommerce Backend\node_modules\router\index.js:582:12)
    at next (C:\Users\yosef\OneDrive\Desktop\NTI\Ecommerce Backend\node_modules\router\index.js:291:5)
    at cors (C:\Users\yosef\OneDrive\Desktop\NTI\Ecommerce Backend\node_modules\cors\lib\index.js:188:7)
    at C:\Users\yosef\OneDrive\Desktop\NTI\Ecommerce Backend\node_modules\cors\lib\index.js:224:17
    at origin (C:\Users\yosef\OneDrive\Desktop\NTI\Ecommerce Backend\middlewares\cors.middleware.js:8:11)
    at C:\Users\yosef\OneDrive\Desktop\NTI\Ecommerce Backend\node_modules\cors\lib\index.js:219:13
13-05-2026 13:35:13 |ERROR| Error | GET | /api/files/1778064367846-a.png : can't find /api/files/1778064367846-a.png 
Error: can't find /api/files/1778064367846-a.png
    at C:\Users\yosef\OneDrive\Desktop\NTI\Ecommerce Backend\server.js:27:7
    at Layer.handleRequest (C:\Users\yosef\OneDrive\Desktop\NTI\Ecommerce Backend\node_modules\router\lib\layer.js:152:17)
    at trimPrefix (C:\Users\yosef\OneDrive\Desktop\NTI\Ecommerce Backend\node_modules\router\index.js:342:13)
    at C:\Users\yosef\OneDrive\Desktop\NTI\Ecommerce Backend\node_modules\router\index.js:297:9
    at processParams (C:\Users\yosef\OneDrive\Desktop\NTI\Ecommerce Backend\node_modules\router\index.js:582:12)
    at next (C:\Users\yosef\OneDrive\Desktop\NTI\Ecommerce Backend\node_modules\router\index.js:291:5)
    at cors (C:\Users\yosef\OneDrive\Desktop\NTI\Ecommerce Backend\node_modules\cors\lib\index.js:188:7)
    at C:\Users\yosef\OneDrive\Desktop\NTI\Ecommerce Backend\node_modules\cors\lib\index.js:224:17
    at origin (C:\Users\yosef\OneDrive\Desktop\NTI\Ecommerce Backend\middlewares\cors.middleware.js:8:11)
    at C:\Users\yosef\OneDrive\Desktop\NTI\Ecommerce Backend\node_modules\cors\lib\index.js:219:13
13-05-2026 13:35:16 |ERROR| Error | GET | /api/files/1778064367846-a.png : can't find /api/files/1778064367846-a.png 
Error: can't find /api/files/1778064367846-a.png
    at C:\Users\yosef\OneDrive\Desktop\NTI\Ecommerce Backend\server.js:27:7
    at Layer.handleRequest (C:\Users\yosef\OneDrive\Desktop\NTI\Ecommerce Backend\node_modules\router\lib\layer.js:152:17)
    at trimPrefix (C:\Users\yosef\OneDrive\Desktop\NTI\Ecommerce Backend\node_modules\router\index.js:342:13)
    at C:\Users\yosef\OneDrive\Desktop\NTI\Ecommerce Backend\node_modules\router\index.js:297:9
    at processParams (C:\Users\yosef\OneDrive\Desktop\NTI\Ecommerce Backend\node_modules\router\index.js:582:12)
    at next (C:\Users\yosef\OneDrive\Desktop\NTI\Ecommerce Backend\node_modules\router\index.js:291:5)
    at cors (C:\Users\yosef\OneDrive\Desktop\NTI\Ecommerce Backend\node_modules\cors\lib\index.js:188:7)
    at C:\Users\yosef\OneDrive\Desktop\NTI\Ecommerce Backend\node_modules\cors\lib\index.js:224:17
    at origin (C:\Users\yosef\OneDrive\Desktop\NTI\Ecommerce Backend\middlewares\cors.middleware.js:8:11)
    at C:\Users\yosef\OneDrive\Desktop\NTI\Ecommerce Backend\node_modules\cors\lib\index.js:219:13
13-05-2026 13:35:20 |ERROR| Error | GET | /api/files/1778064367846-a.png : can't find /api/files/1778064367846-a.png 
Error: can't find /api/files/1778064367846-a.png
    at C:\Users\yosef\OneDrive\Desktop\NTI\Ecommerce Backend\server.js:27:7
    at Layer.handleRequest (C:\Users\yosef\OneDrive\Desktop\NTI\Ecommerce Backend\node_modules\router\lib\layer.js:152:17)
    at trimPrefix (C:\Users\yosef\OneDrive\Desktop\NTI\Ecommerce Backend\node_modules\router\index.js:342:13)
    at C:\Users\yosef\OneDrive\Desktop\NTI\Ecommerce Backend\node_modules\router\index.js:297:9
    at processParams (C:\Users\yosef\OneDrive\Desktop\NTI\Ecommerce Backend\node_modules\router\index.js:582:12)
    at next (C:\Users\yosef\OneDrive\Desktop\NTI\Ecommerce Backend\node_modules\router\index.js:291:5)
    at cors (C:\Users\yosef\OneDrive\Desktop\NTI\Ecommerce Backend\node_modules\cors\lib\index.js:188:7)
    at C:\Users\yosef\OneDrive\Desktop\NTI\Ecommerce Backend\node_modules\cors\lib\index.js:224:17
    at origin (C:\Users\yosef\OneDrive\Desktop\NTI\Ecommerce Backend\middlewares\cors.middleware.js:8:11)
    at C:\Users\yosef\OneDrive\Desktop\NTI\Ecommerce Backend\node_modules\cors\lib\index.js:219:13
13-05-2026 13:35:22 |ERROR| Error | GET | /api/files/1778064367846-a.png : can't find /api/files/1778064367846-a.png 
Error: can't find /api/files/1778064367846-a.png
    at C:\Users\yosef\OneDrive\Desktop\NTI\Ecommerce Backend\server.js:27:7
    at Layer.handleRequest (C:\Users\yosef\OneDrive\Desktop\NTI\Ecommerce Backend\node_modules\router\lib\layer.js:152:17)
    at trimPrefix (C:\Users\yosef\OneDrive\Desktop\NTI\Ecommerce Backend\node_modules\router\index.js:342:13)
    at C:\Users\yosef\OneDrive\Desktop\NTI\Ecommerce Backend\node_modules\router\index.js:297:9
    at processParams (C:\Users\yosef\OneDrive\Desktop\NTI\Ecommerce Backend\node_modules\router\index.js:582:12)
    at next (C:\Users\yosef\OneDrive\Desktop\NTI\Ecommerce Backend\node_modules\router\index.js:291:5)
    at cors (C:\Users\yosef\OneDrive\Desktop\NTI\Ecommerce Backend\node_modules\cors\lib\index.js:188:7)
    at C:\Users\yosef\OneDrive\Desktop\NTI\Ecommerce Backend\node_modules\cors\lib\index.js:224:17
    at origin (C:\Users\yosef\OneDrive\Desktop\NTI\Ecommerce Backend\middlewares\cors.middleware.js:8:11)
    at C:\Users\yosef\OneDrive\Desktop\NTI\Ecommerce Backend\node_modules\cors\lib\index.js:219:13
13-05-2026 13:36:27 |ERROR| Error | GET | /api/files/1778064367846-a.png : can't find /api/files/1778064367846-a.png 
Error: can't find /api/files/1778064367846-a.png
    at C:\Users\yosef\OneDrive\Desktop\NTI\Ecommerce Backend\server.js:27:7
    at Layer.handleRequest (C:\Users\yosef\OneDrive\Desktop\NTI\Ecommerce Backend\node_modules\router\lib\layer.js:152:17)
    at trimPrefix (C:\Users\yosef\OneDrive\Desktop\NTI\Ecommerce Backend\node_modules\router\index.js:342:13)
    at C:\Users\yosef\OneDrive\Desktop\NTI\Ecommerce Backend\node_modules\router\index.js:297:9
    at processParams (C:\Users\yosef\OneDrive\Desktop\NTI\Ecommerce Backend\node_modules\router\index.js:582:12)
    at next (C:\Users\yosef\OneDrive\Desktop\NTI\Ecommerce Backend\node_modules\router\index.js:291:5)
    at cors (C:\Users\yosef\OneDrive\Desktop\NTI\Ecommerce Backend\node_modules\cors\lib\index.js:188:7)
    at C:\Users\yosef\OneDrive\Desktop\NTI\Ecommerce Backend\node_modules\cors\lib\index.js:224:17
    at origin (C:\Users\yosef\OneDrive\Desktop\NTI\Ecommerce Backend\middlewares\cors.middleware.js:8:11)
    at C:\Users\yosef\OneDrive\Desktop\NTI\Ecommerce Backend\node_modules\cors\lib\index.js:219:13
13-05-2026 13:36:30 |ERROR| Error | GET | /api/files/1778064367846-a.png : can't find /api/files/1778064367846-a.png 
Error: can't find /api/files/1778064367846-a.png
    at C:\Users\yosef\OneDrive\Desktop\NTI\Ecommerce Backend\server.js:27:7
    at Layer.handleRequest (C:\Users\yosef\OneDrive\Desktop\NTI\Ecommerce Backend\node_modules\router\lib\layer.js:152:17)
    at trimPrefix (C:\Users\yosef\OneDrive\Desktop\NTI\Ecommerce Backend\node_modules\router\index.js:342:13)
    at C:\Users\yosef\OneDrive\Desktop\NTI\Ecommerce Backend\node_modules\router\index.js:297:9
    at processParams (C:\Users\yosef\OneDrive\Desktop\NTI\Ecommerce Backend\node_modules\router\index.js:582:12)
    at next (C:\Users\yosef\OneDrive\Desktop\NTI\Ecommerce Backend\node_modules\router\index.js:291:5)
    at cors (C:\Users\yosef\OneDrive\Desktop\NTI\Ecommerce Backend\node_modules\cors\lib\index.js:188:7)
    at C:\Users\yosef\OneDrive\Desktop\NTI\Ecommerce Backend\node_modules\cors\lib\index.js:224:17
    at origin (C:\Users\yosef\OneDrive\Desktop\NTI\Ecommerce Backend\middlewares\cors.middleware.js:8:11)
    at C:\Users\yosef\OneDrive\Desktop\NTI\Ecommerce Backend\node_modules\cors\lib\index.js:219:13
13-05-2026 14:14:35 |ERROR| Error | POST | /api/v1/auth/login : Invalid mobile or Password! 
Error: Invalid mobile or Password!
    at C:\Users\yosef\OneDrive\Desktop\NTI\Ecommerce Backend\controller\auth.controller.js:21:7
    at process.processTicksAndRejections (node:internal/process/task_queues:104:5)
13-05-2026 14:14:37 |ERROR| Error | POST | /api/v1/auth/login : Invalid mobile or Password! 
Error: Invalid mobile or Password!
    at C:\Users\yosef\OneDrive\Desktop\NTI\Ecommerce Backend\controller\auth.controller.js:21:7
    at process.processTicksAndRejections (node:internal/process/task_queues:104:5)
13-05-2026 14:50:50 |ERROR| Error | POST | /api/v1/auth/signup : logger is not defined 
ReferenceError: logger is not defined
    at C:\Users\yosef\OneDrive\Desktop\NTI\Ecommerce Backend\controller\auth.controller.js:26:3
    at C:\Users\yosef\OneDrive\Desktop\NTI\Ecommerce Backend\utilites\catchAsync.uti.js:4:3
    at Layer.handleRequest (C:\Users\yosef\OneDrive\Desktop\NTI\Ecommerce Backend\node_modules\router\lib\layer.js:152:17)
    at next (C:\Users\yosef\OneDrive\Desktop\NTI\Ecommerce Backend\node_modules\router\lib\route.js:157:13)
    at Route.dispatch (C:\Users\yosef\OneDrive\Desktop\NTI\Ecommerce Backend\node_modules\router\lib\route.js:117:3)
    at handle (C:\Users\yosef\OneDrive\Desktop\NTI\Ecommerce Backend\node_modules\router\index.js:435:11)
    at Layer.handleRequest (C:\Users\yosef\OneDrive\Desktop\NTI\Ecommerce Backend\node_modules\router\lib\layer.js:152:17)
    at C:\Users\yosef\OneDrive\Desktop\NTI\Ecommerce Backend\node_modules\router\index.js:295:15
    at processParams (C:\Users\yosef\OneDrive\Desktop\NTI\Ecommerce Backend\node_modules\router\index.js:582:12)
    at next (C:\Users\yosef\OneDrive\Desktop\NTI\Ecommerce Backend\node_modules\router\index.js:291:5)
13-05-2026 22:38:10 |ERROR| Error | POST | /api/v1/auth/signup : E11000 duplicate key error collection: eCommerece.users index: mobile_1 dup key: { mobile: "01003761849" } 
MongoServerError: E11000 duplicate key error collection: eCommerece.users index: mobile_1 dup key: { mobile: "01003761849" }
    at InsertOneOperation.handleOk (C:\Users\yosef\OneDrive\Desktop\NTI\Ecommerce Backend\node_modules\mongodb\lib\operations\insert.js:51:19)
    at executeOperationWithRetries (C:\Users\yosef\OneDrive\Desktop\NTI\Ecommerce Backend\node_modules\mongodb\lib\operations\execute_operation.js:194:34)
    at process.processTicksAndRejections (node:internal/process/task_queues:104:5)
    at async executeOperation (C:\Users\yosef\OneDrive\Desktop\NTI\Ecommerce Backend\node_modules\mongodb\lib\operations\execute_operation.js:83:16)
    at async Collection.insertOne (C:\Users\yosef\OneDrive\Desktop\NTI\Ecommerce Backend\node_modules\mongodb\lib\collection.js:154:16)
    at async model.$__save (C:\Users\yosef\OneDrive\Desktop\NTI\Ecommerce Backend\node_modules\mongoose\lib\model.js:428:16)
    at async model.save (C:\Users\yosef\OneDrive\Desktop\NTI\Ecommerce Backend\node_modules\mongoose\lib\model.js:667:5)
    at async model.create (C:\Users\yosef\OneDrive\Desktop\NTI\Ecommerce Backend\node_modules\mongoose\lib\model.js:2747:5)
    at async C:\Users\yosef\OneDrive\Desktop\NTI\Ecommerce Backend\controller\auth.controller.js:29:18
13-05-2026 22:47:29 |ERROR| Error | POST | /api/v1/auth/signup : User validation failed: mobile: Path `mobile` is invalid (0111155236). 
ValidationError: User validation failed: mobile: Path `mobile` is invalid (0111155236).
    at model.validate (C:\Users\yosef\OneDrive\Desktop\NTI\Ecommerce Backend\node_modules\mongoose\lib\document.js:2864:36)
    at process.processTicksAndRejections (node:internal/process/task_queues:104:5)
    at async model.$__save (C:\Users\yosef\OneDrive\Desktop\NTI\Ecommerce Backend\node_modules\mongoose\lib\model.js:393:7)
    at async model.save (C:\Users\yosef\OneDrive\Desktop\NTI\Ecommerce Backend\node_modules\mongoose\lib\model.js:667:5)
    at async model.create (C:\Users\yosef\OneDrive\Desktop\NTI\Ecommerce Backend\node_modules\mongoose\lib\model.js:2747:5)
    at async C:\Users\yosef\OneDrive\Desktop\NTI\Ecommerce Backend\controller\auth.controller.js:29:18
13-05-2026 22:48:59 |ERROR| Error | POST | /api/v1/auth/login : Invalid mobile or Password! 
Error: Invalid mobile or Password!
    at C:\Users\yosef\OneDrive\Desktop\NTI\Ecommerce Backend\controller\auth.controller.js:22:7
    at process.processTicksAndRejections (node:internal/process/task_queues:104:5)
13-05-2026 22:49:01 |ERROR| Error | POST | /api/v1/auth/login : Invalid mobile or Password! 
Error: Invalid mobile or Password!
    at C:\Users\yosef\OneDrive\Desktop\NTI\Ecommerce Backend\controller\auth.controller.js:22:7
    at process.processTicksAndRejections (node:internal/process/task_queues:104:5)
13-05-2026 22:49:02 |ERROR| Error | POST | /api/v1/auth/login : Invalid mobile or Password! 
Error: Invalid mobile or Password!
    at C:\Users\yosef\OneDrive\Desktop\NTI\Ecommerce Backend\controller\auth.controller.js:22:7
    at process.processTicksAndRejections (node:internal/process/task_queues:104:5)
13-05-2026 23:53:40 |ERROR| Error | GET | /api/v1/cart : Cannot read properties of undefined (reading '_id') 
TypeError: Cannot read properties of undefined (reading '_id')
    at C:\Users\yosef\OneDrive\Desktop\NTI\Ecommerce Backend\controller\cart.controller.js:62:26
    at C:\Users\yosef\OneDrive\Desktop\NTI\Ecommerce Backend\utilites\catchAsync.uti.js:4:3
    at Layer.handleRequest (C:\Users\yosef\OneDrive\Desktop\NTI\Ecommerce Backend\node_modules\router\lib\layer.js:152:17)
    at next (C:\Users\yosef\OneDrive\Desktop\NTI\Ecommerce Backend\node_modules\router\lib\route.js:157:13)
    at Route.dispatch (C:\Users\yosef\OneDrive\Desktop\NTI\Ecommerce Backend\node_modules\router\lib\route.js:117:3)
    at handle (C:\Users\yosef\OneDrive\Desktop\NTI\Ecommerce Backend\node_modules\router\index.js:435:11)
    at Layer.handleRequest (C:\Users\yosef\OneDrive\Desktop\NTI\Ecommerce Backend\node_modules\router\lib\layer.js:152:17)
    at C:\Users\yosef\OneDrive\Desktop\NTI\Ecommerce Backend\node_modules\router\index.js:295:15
    at processParams (C:\Users\yosef\OneDrive\Desktop\NTI\Ecommerce Backend\node_modules\router\index.js:582:12)
    at next (C:\Users\yosef\OneDrive\Desktop\NTI\Ecommerce Backend\node_modules\router\index.js:291:5)
13-05-2026 23:53:42 |ERROR| Error | GET | /api/v1/cart : Cannot read properties of undefined (reading '_id') 
TypeError: Cannot read properties of undefined (reading '_id')
    at C:\Users\yosef\OneDrive\Desktop\NTI\Ecommerce Backend\controller\cart.controller.js:62:26
    at C:\Users\yosef\OneDrive\Desktop\NTI\Ecommerce Backend\utilites\catchAsync.uti.js:4:3
    at Layer.handleRequest (C:\Users\yosef\OneDrive\Desktop\NTI\Ecommerce Backend\node_modules\router\lib\layer.js:152:17)
    at next (C:\Users\yosef\OneDrive\Desktop\NTI\Ecommerce Backend\node_modules\router\lib\route.js:157:13)
    at Route.dispatch (C:\Users\yosef\OneDrive\Desktop\NTI\Ecommerce Backend\node_modules\router\lib\route.js:117:3)
    at handle (C:\Users\yosef\OneDrive\Desktop\NTI\Ecommerce Backend\node_modules\router\index.js:435:11)
    at Layer.handleRequest (C:\Users\yosef\OneDrive\Desktop\NTI\Ecommerce Backend\node_modules\router\lib\layer.js:152:17)
    at C:\Users\yosef\OneDrive\Desktop\NTI\Ecommerce Backend\node_modules\router\index.js:295:15
    at processParams (C:\Users\yosef\OneDrive\Desktop\NTI\Ecommerce Backend\node_modules\router\index.js:582:12)
    at next (C:\Users\yosef\OneDrive\Desktop\NTI\Ecommerce Backend\node_modules\router\index.js:291:5)
13-05-2026 23:53:51 |ERROR| Error | GET | /api/v1/cart : Cannot read properties of undefined (reading '_id') 
TypeError: Cannot read properties of undefined (reading '_id')
    at C:\Users\yosef\OneDrive\Desktop\NTI\Ecommerce Backend\controller\cart.controller.js:62:26
    at C:\Users\yosef\OneDrive\Desktop\NTI\Ecommerce Backend\utilites\catchAsync.uti.js:4:3
    at Layer.handleRequest (C:\Users\yosef\OneDrive\Desktop\NTI\Ecommerce Backend\node_modules\router\lib\layer.js:152:17)
    at next (C:\Users\yosef\OneDrive\Desktop\NTI\Ecommerce Backend\node_modules\router\lib\route.js:157:13)
    at Route.dispatch (C:\Users\yosef\OneDrive\Desktop\NTI\Ecommerce Backend\node_modules\router\lib\route.js:117:3)
    at handle (C:\Users\yosef\OneDrive\Desktop\NTI\Ecommerce Backend\node_modules\router\index.js:435:11)
    at Layer.handleRequest (C:\Users\yosef\OneDrive\Desktop\NTI\Ecommerce Backend\node_modules\router\lib\layer.js:152:17)
    at C:\Users\yosef\OneDrive\Desktop\NTI\Ecommerce Backend\node_modules\router\index.js:295:15
    at processParams (C:\Users\yosef\OneDrive\Desktop\NTI\Ecommerce Backend\node_modules\router\index.js:582:12)
    at next (C:\Users\yosef\OneDrive\Desktop\NTI\Ecommerce Backend\node_modules\router\index.js:291:5)
13-05-2026 23:54:21 |ERROR| Error | GET | /api/v1/cart : Cannot read properties of undefined (reading '_id') 
TypeError: Cannot read properties of undefined (reading '_id')
    at C:\Users\yosef\OneDrive\Desktop\NTI\Ecommerce Backend\controller\cart.controller.js:62:26
    at C:\Users\yosef\OneDrive\Desktop\NTI\Ecommerce Backend\utilites\catchAsync.uti.js:4:3
    at Layer.handleRequest (C:\Users\yosef\OneDrive\Desktop\NTI\Ecommerce Backend\node_modules\router\lib\layer.js:152:17)
    at next (C:\Users\yosef\OneDrive\Desktop\NTI\Ecommerce Backend\node_modules\router\lib\route.js:157:13)
    at Route.dispatch (C:\Users\yosef\OneDrive\Desktop\NTI\Ecommerce Backend\node_modules\router\lib\route.js:117:3)
    at handle (C:\Users\yosef\OneDrive\Desktop\NTI\Ecommerce Backend\node_modules\router\index.js:435:11)
    at Layer.handleRequest (C:\Users\yosef\OneDrive\Desktop\NTI\Ecommerce Backend\node_modules\router\lib\layer.js:152:17)
    at C:\Users\yosef\OneDrive\Desktop\NTI\Ecommerce Backend\node_modules\router\index.js:295:15
    at processParams (C:\Users\yosef\OneDrive\Desktop\NTI\Ecommerce Backend\node_modules\router\index.js:582:12)
    at next (C:\Users\yosef\OneDrive\Desktop\NTI\Ecommerce Backend\node_modules\router\index.js:291:5)
13-05-2026 23:54:29 |ERROR| Error | GET | /api/v1/cart : Cannot read properties of undefined (reading '_id') 
TypeError: Cannot read properties of undefined (reading '_id')
    at C:\Users\yosef\OneDrive\Desktop\NTI\Ecommerce Backend\controller\cart.controller.js:62:26
    at C:\Users\yosef\OneDrive\Desktop\NTI\Ecommerce Backend\utilites\catchAsync.uti.js:4:3
    at Layer.handleRequest (C:\Users\yosef\OneDrive\Desktop\NTI\Ecommerce Backend\node_modules\router\lib\layer.js:152:17)
    at next (C:\Users\yosef\OneDrive\Desktop\NTI\Ecommerce Backend\node_modules\router\lib\route.js:157:13)
    at Route.dispatch (C:\Users\yosef\OneDrive\Desktop\NTI\Ecommerce Backend\node_modules\router\lib\route.js:117:3)
    at handle (C:\Users\yosef\OneDrive\Desktop\NTI\Ecommerce Backend\node_modules\router\index.js:435:11)
    at Layer.handleRequest (C:\Users\yosef\OneDrive\Desktop\NTI\Ecommerce Backend\node_modules\router\lib\layer.js:152:17)
    at C:\Users\yosef\OneDrive\Desktop\NTI\Ecommerce Backend\node_modules\router\index.js:295:15
    at processParams (C:\Users\yosef\OneDrive\Desktop\NTI\Ecommerce Backend\node_modules\router\index.js:582:12)
    at next (C:\Users\yosef\OneDrive\Desktop\NTI\Ecommerce Backend\node_modules\router\index.js:291:5)
13-05-2026 23:54:41 |ERROR| Error | GET | /api/v1/cart : Cannot read properties of undefined (reading '_id') 
TypeError: Cannot read properties of undefined (reading '_id')
    at C:\Users\yosef\OneDrive\Desktop\NTI\Ecommerce Backend\controller\cart.controller.js:62:26
    at C:\Users\yosef\OneDrive\Desktop\NTI\Ecommerce Backend\utilites\catchAsync.uti.js:4:3
    at Layer.handleRequest (C:\Users\yosef\OneDrive\Desktop\NTI\Ecommerce Backend\node_modules\router\lib\layer.js:152:17)
    at next (C:\Users\yosef\OneDrive\Desktop\NTI\Ecommerce Backend\node_modules\router\lib\route.js:157:13)
    at Route.dispatch (C:\Users\yosef\OneDrive\Desktop\NTI\Ecommerce Backend\node_modules\router\lib\route.js:117:3)
    at handle (C:\Users\yosef\OneDrive\Desktop\NTI\Ecommerce Backend\node_modules\router\index.js:435:11)
    at Layer.handleRequest (C:\Users\yosef\OneDrive\Desktop\NTI\Ecommerce Backend\node_modules\router\lib\layer.js:152:17)
    at C:\Users\yosef\OneDrive\Desktop\NTI\Ecommerce Backend\node_modules\router\index.js:295:15
    at processParams (C:\Users\yosef\OneDrive\Desktop\NTI\Ecommerce Backend\node_modules\router\index.js:582:12)
    at next (C:\Users\yosef\OneDrive\Desktop\NTI\Ecommerce Backend\node_modules\router\index.js:291:5)
13-05-2026 23:55:03 |ERROR| Error | GET | /api/v1/cart : Cannot read properties of undefined (reading '_id') 
TypeError: Cannot read properties of undefined (reading '_id')
    at C:\Users\yosef\OneDrive\Desktop\NTI\Ecommerce Backend\controller\cart.controller.js:62:26
    at C:\Users\yosef\OneDrive\Desktop\NTI\Ecommerce Backend\utilites\catchAsync.uti.js:4:3
    at Layer.handleRequest (C:\Users\yosef\OneDrive\Desktop\NTI\Ecommerce Backend\node_modules\router\lib\layer.js:152:17)
    at next (C:\Users\yosef\OneDrive\Desktop\NTI\Ecommerce Backend\node_modules\router\lib\route.js:157:13)
    at Route.dispatch (C:\Users\yosef\OneDrive\Desktop\NTI\Ecommerce Backend\node_modules\router\lib\route.js:117:3)
    at handle (C:\Users\yosef\OneDrive\Desktop\NTI\Ecommerce Backend\node_modules\router\index.js:435:11)
    at Layer.handleRequest (C:\Users\yosef\OneDrive\Desktop\NTI\Ecommerce Backend\node_modules\router\lib\layer.js:152:17)
    at C:\Users\yosef\OneDrive\Desktop\NTI\Ecommerce Backend\node_modules\router\index.js:295:15
    at processParams (C:\Users\yosef\OneDrive\Desktop\NTI\Ecommerce Backend\node_modules\router\index.js:582:12)
    at next (C:\Users\yosef\OneDrive\Desktop\NTI\Ecommerce Backend\node_modules\router\index.js:291:5)
13-05-2026 23:55:05 |ERROR| Error | GET | /api/v1/cart : Cannot read properties of undefined (reading '_id') 
TypeError: Cannot read properties of undefined (reading '_id')
    at C:\Users\yosef\OneDrive\Desktop\NTI\Ecommerce Backend\controller\cart.controller.js:62:26
    at C:\Users\yosef\OneDrive\Desktop\NTI\Ecommerce Backend\utilites\catchAsync.uti.js:4:3
    at Layer.handleRequest (C:\Users\yosef\OneDrive\Desktop\NTI\Ecommerce Backend\node_modules\router\lib\layer.js:152:17)
    at next (C:\Users\yosef\OneDrive\Desktop\NTI\Ecommerce Backend\node_modules\router\lib\route.js:157:13)
    at Route.dispatch (C:\Users\yosef\OneDrive\Desktop\NTI\Ecommerce Backend\node_modules\router\lib\route.js:117:3)
    at handle (C:\Users\yosef\OneDrive\Desktop\NTI\Ecommerce Backend\node_modules\router\index.js:435:11)
    at Layer.handleRequest (C:\Users\yosef\OneDrive\Desktop\NTI\Ecommerce Backend\node_modules\router\lib\layer.js:152:17)
    at C:\Users\yosef\OneDrive\Desktop\NTI\Ecommerce Backend\node_modules\router\index.js:295:15
    at processParams (C:\Users\yosef\OneDrive\Desktop\NTI\Ecommerce Backend\node_modules\router\index.js:582:12)
    at next (C:\Users\yosef\OneDrive\Desktop\NTI\Ecommerce Backend\node_modules\router\index.js:291:5)
13-05-2026 23:55:13 |ERROR| Error | GET | /api/v1/cart : Cannot read properties of undefined (reading '_id') 
TypeError: Cannot read properties of undefined (reading '_id')
    at C:\Users\yosef\OneDrive\Desktop\NTI\Ecommerce Backend\controller\cart.controller.js:62:26
    at C:\Users\yosef\OneDrive\Desktop\NTI\Ecommerce Backend\utilites\catchAsync.uti.js:4:3
    at Layer.handleRequest (C:\Users\yosef\OneDrive\Desktop\NTI\Ecommerce Backend\node_modules\router\lib\layer.js:152:17)
    at next (C:\Users\yosef\OneDrive\Desktop\NTI\Ecommerce Backend\node_modules\router\lib\route.js:157:13)
    at Route.dispatch (C:\Users\yosef\OneDrive\Desktop\NTI\Ecommerce Backend\node_modules\router\lib\route.js:117:3)
    at handle (C:\Users\yosef\OneDrive\Desktop\NTI\Ecommerce Backend\node_modules\router\index.js:435:11)
    at Layer.handleRequest (C:\Users\yosef\OneDrive\Desktop\NTI\Ecommerce Backend\node_modules\router\lib\layer.js:152:17)
    at C:\Users\yosef\OneDrive\Desktop\NTI\Ecommerce Backend\node_modules\router\index.js:295:15
    at processParams (C:\Users\yosef\OneDrive\Desktop\NTI\Ecommerce Backend\node_modules\router\index.js:582:12)
    at next (C:\Users\yosef\OneDrive\Desktop\NTI\Ecommerce Backend\node_modules\router\index.js:291:5)
13-05-2026 23:55:19 |ERROR| Error | GET | /api/v1/cart : Cannot read properties of undefined (reading '_id') 
TypeError: Cannot read properties of undefined (reading '_id')
    at C:\Users\yosef\OneDrive\Desktop\NTI\Ecommerce Backend\controller\cart.controller.js:62:26
    at C:\Users\yosef\OneDrive\Desktop\NTI\Ecommerce Backend\utilites\catchAsync.uti.js:4:3
    at Layer.handleRequest (C:\Users\yosef\OneDrive\Desktop\NTI\Ecommerce Backend\node_modules\router\lib\layer.js:152:17)
    at next (C:\Users\yosef\OneDrive\Desktop\NTI\Ecommerce Backend\node_modules\router\lib\route.js:157:13)
    at Route.dispatch (C:\Users\yosef\OneDrive\Desktop\NTI\Ecommerce Backend\node_modules\router\lib\route.js:117:3)
    at handle (C:\Users\yosef\OneDrive\Desktop\NTI\Ecommerce Backend\node_modules\router\index.js:435:11)
    at Layer.handleRequest (C:\Users\yosef\OneDrive\Desktop\NTI\Ecommerce Backend\node_modules\router\lib\layer.js:152:17)
    at C:\Users\yosef\OneDrive\Desktop\NTI\Ecommerce Backend\node_modules\router\index.js:295:15
    at processParams (C:\Users\yosef\OneDrive\Desktop\NTI\Ecommerce Backend\node_modules\router\index.js:582:12)
    at next (C:\Users\yosef\OneDrive\Desktop\NTI\Ecommerce Backend\node_modules\router\index.js:291:5)
13-05-2026 23:55:47 |ERROR| Error | GET | /api/v1/cart : Cannot read properties of undefined (reading '_id') 
TypeError: Cannot read properties of undefined (reading '_id')
    at C:\Users\yosef\OneDrive\Desktop\NTI\Ecommerce Backend\controller\cart.controller.js:62:26
    at C:\Users\yosef\OneDrive\Desktop\NTI\Ecommerce Backend\utilites\catchAsync.uti.js:4:3
    at Layer.handleRequest (C:\Users\yosef\OneDrive\Desktop\NTI\Ecommerce Backend\node_modules\router\lib\layer.js:152:17)
    at next (C:\Users\yosef\OneDrive\Desktop\NTI\Ecommerce Backend\node_modules\router\lib\route.js:157:13)
    at Route.dispatch (C:\Users\yosef\OneDrive\Desktop\NTI\Ecommerce Backend\node_modules\router\lib\route.js:117:3)
    at handle (C:\Users\yosef\OneDrive\Desktop\NTI\Ecommerce Backend\node_modules\router\index.js:435:11)
    at Layer.handleRequest (C:\Users\yosef\OneDrive\Desktop\NTI\Ecommerce Backend\node_modules\router\lib\layer.js:152:17)
    at C:\Users\yosef\OneDrive\Desktop\NTI\Ecommerce Backend\node_modules\router\index.js:295:15
    at processParams (C:\Users\yosef\OneDrive\Desktop\NTI\Ecommerce Backend\node_modules\router\index.js:582:12)
    at next (C:\Users\yosef\OneDrive\Desktop\NTI\Ecommerce Backend\node_modules\router\index.js:291:5)
13-05-2026 23:57:10 |ERROR| Error | GET | /api/v1/cart : Cannot read properties of undefined (reading '_id') 
TypeError: Cannot read properties of undefined (reading '_id')
    at C:\Users\yosef\OneDrive\Desktop\NTI\Ecommerce Backend\controller\cart.controller.js:62:26
    at C:\Users\yosef\OneDrive\Desktop\NTI\Ecommerce Backend\utilites\catchAsync.uti.js:4:3
    at Layer.handleRequest (C:\Users\yosef\OneDrive\Desktop\NTI\Ecommerce Backend\node_modules\router\lib\layer.js:152:17)
    at next (C:\Users\yosef\OneDrive\Desktop\NTI\Ecommerce Backend\node_modules\router\lib\route.js:157:13)
    at Route.dispatch (C:\Users\yosef\OneDrive\Desktop\NTI\Ecommerce Backend\node_modules\router\lib\route.js:117:3)
    at handle (C:\Users\yosef\OneDrive\Desktop\NTI\Ecommerce Backend\node_modules\router\index.js:435:11)
    at Layer.handleRequest (C:\Users\yosef\OneDrive\Desktop\NTI\Ecommerce Backend\node_modules\router\lib\layer.js:152:17)
    at C:\Users\yosef\OneDrive\Desktop\NTI\Ecommerce Backend\node_modules\router\index.js:295:15
    at processParams (C:\Users\yosef\OneDrive\Desktop\NTI\Ecommerce Backend\node_modules\router\index.js:582:12)
    at next (C:\Users\yosef\OneDrive\Desktop\NTI\Ecommerce Backend\node_modules\router\index.js:291:5)
13-05-2026 23:57:12 |ERROR| Error | GET | /api/v1/cart : Cannot read properties of undefined (reading '_id') 
TypeError: Cannot read properties of undefined (reading '_id')
    at C:\Users\yosef\OneDrive\Desktop\NTI\Ecommerce Backend\controller\cart.controller.js:62:26
    at C:\Users\yosef\OneDrive\Desktop\NTI\Ecommerce Backend\utilites\catchAsync.uti.js:4:3
    at Layer.handleRequest (C:\Users\yosef\OneDrive\Desktop\NTI\Ecommerce Backend\node_modules\router\lib\layer.js:152:17)
    at next (C:\Users\yosef\OneDrive\Desktop\NTI\Ecommerce Backend\node_modules\router\lib\route.js:157:13)
    at Route.dispatch (C:\Users\yosef\OneDrive\Desktop\NTI\Ecommerce Backend\node_modules\router\lib\route.js:117:3)
    at handle (C:\Users\yosef\OneDrive\Desktop\NTI\Ecommerce Backend\node_modules\router\index.js:435:11)
    at Layer.handleRequest (C:\Users\yosef\OneDrive\Desktop\NTI\Ecommerce Backend\node_modules\router\lib\layer.js:152:17)
    at C:\Users\yosef\OneDrive\Desktop\NTI\Ecommerce Backend\node_modules\router\index.js:295:15
    at processParams (C:\Users\yosef\OneDrive\Desktop\NTI\Ecommerce Backend\node_modules\router\index.js:582:12)
    at next (C:\Users\yosef\OneDrive\Desktop\NTI\Ecommerce Backend\node_modules\router\index.js:291:5)
13-05-2026 23:57:13 |ERROR| Error | GET | /api/v1/cart : Cannot read properties of undefined (reading '_id') 
TypeError: Cannot read properties of undefined (reading '_id')
    at C:\Users\yosef\OneDrive\Desktop\NTI\Ecommerce Backend\controller\cart.controller.js:62:26
    at C:\Users\yosef\OneDrive\Desktop\NTI\Ecommerce Backend\utilites\catchAsync.uti.js:4:3
    at Layer.handleRequest (C:\Users\yosef\OneDrive\Desktop\NTI\Ecommerce Backend\node_modules\router\lib\layer.js:152:17)
    at next (C:\Users\yosef\OneDrive\Desktop\NTI\Ecommerce Backend\node_modules\router\lib\route.js:157:13)
    at Route.dispatch (C:\Users\yosef\OneDrive\Desktop\NTI\Ecommerce Backend\node_modules\router\lib\route.js:117:3)
    at handle (C:\Users\yosef\OneDrive\Desktop\NTI\Ecommerce Backend\node_modules\router\index.js:435:11)
    at Layer.handleRequest (C:\Users\yosef\OneDrive\Desktop\NTI\Ecommerce Backend\node_modules\router\lib\layer.js:152:17)
    at C:\Users\yosef\OneDrive\Desktop\NTI\Ecommerce Backend\node_modules\router\index.js:295:15
    at processParams (C:\Users\yosef\OneDrive\Desktop\NTI\Ecommerce Backend\node_modules\router\index.js:582:12)
    at next (C:\Users\yosef\OneDrive\Desktop\NTI\Ecommerce Backend\node_modules\router\index.js:291:5)
13-05-2026 23:57:13 |ERROR| Error | GET | /api/v1/cart : Cannot read properties of undefined (reading '_id') 
TypeError: Cannot read properties of undefined (reading '_id')
    at C:\Users\yosef\OneDrive\Desktop\NTI\Ecommerce Backend\controller\cart.controller.js:62:26
    at C:\Users\yosef\OneDrive\Desktop\NTI\Ecommerce Backend\utilites\catchAsync.uti.js:4:3
    at Layer.handleRequest (C:\Users\yosef\OneDrive\Desktop\NTI\Ecommerce Backend\node_modules\router\lib\layer.js:152:17)
    at next (C:\Users\yosef\OneDrive\Desktop\NTI\Ecommerce Backend\node_modules\router\lib\route.js:157:13)
    at Route.dispatch (C:\Users\yosef\OneDrive\Desktop\NTI\Ecommerce Backend\node_modules\router\lib\route.js:117:3)
    at handle (C:\Users\yosef\OneDrive\Desktop\NTI\Ecommerce Backend\node_modules\router\index.js:435:11)
    at Layer.handleRequest (C:\Users\yosef\OneDrive\Desktop\NTI\Ecommerce Backend\node_modules\router\lib\layer.js:152:17)
    at C:\Users\yosef\OneDrive\Desktop\NTI\Ecommerce Backend\node_modules\router\index.js:295:15
    at processParams (C:\Users\yosef\OneDrive\Desktop\NTI\Ecommerce Backend\node_modules\router\index.js:582:12)
    at next (C:\Users\yosef\OneDrive\Desktop\NTI\Ecommerce Backend\node_modules\router\index.js:291:5)
13-05-2026 23:57:14 |ERROR| Error | GET | /api/v1/cart : Cannot read properties of undefined (reading '_id') 
TypeError: Cannot read properties of undefined (reading '_id')
    at C:\Users\yosef\OneDrive\Desktop\NTI\Ecommerce Backend\controller\cart.controller.js:62:26
    at C:\Users\yosef\OneDrive\Desktop\NTI\Ecommerce Backend\utilites\catchAsync.uti.js:4:3
    at Layer.handleRequest (C:\Users\yosef\OneDrive\Desktop\NTI\Ecommerce Backend\node_modules\router\lib\layer.js:152:17)
    at next (C:\Users\yosef\OneDrive\Desktop\NTI\Ecommerce Backend\node_modules\router\lib\route.js:157:13)
    at Route.dispatch (C:\Users\yosef\OneDrive\Desktop\NTI\Ecommerce Backend\node_modules\router\lib\route.js:117:3)
    at handle (C:\Users\yosef\OneDrive\Desktop\NTI\Ecommerce Backend\node_modules\router\index.js:435:11)
    at Layer.handleRequest (C:\Users\yosef\OneDrive\Desktop\NTI\Ecommerce Backend\node_modules\router\lib\layer.js:152:17)
    at C:\Users\yosef\OneDrive\Desktop\NTI\Ecommerce Backend\node_modules\router\index.js:295:15
    at processParams (C:\Users\yosef\OneDrive\Desktop\NTI\Ecommerce Backend\node_modules\router\index.js:582:12)
    at next (C:\Users\yosef\OneDrive\Desktop\NTI\Ecommerce Backend\node_modules\router\index.js:291:5)
13-05-2026 23:57:21 |ERROR| Error | GET | /api/v1/cart : Cannot read properties of undefined (reading '_id') 
TypeError: Cannot read properties of undefined (reading '_id')
    at C:\Users\yosef\OneDrive\Desktop\NTI\Ecommerce Backend\controller\cart.controller.js:62:26
    at C:\Users\yosef\OneDrive\Desktop\NTI\Ecommerce Backend\utilites\catchAsync.uti.js:4:3
    at Layer.handleRequest (C:\Users\yosef\OneDrive\Desktop\NTI\Ecommerce Backend\node_modules\router\lib\layer.js:152:17)
    at next (C:\Users\yosef\OneDrive\Desktop\NTI\Ecommerce Backend\node_modules\router\lib\route.js:157:13)
    at Route.dispatch (C:\Users\yosef\OneDrive\Desktop\NTI\Ecommerce Backend\node_modules\router\lib\route.js:117:3)
    at handle (C:\Users\yosef\OneDrive\Desktop\NTI\Ecommerce Backend\node_modules\router\index.js:435:11)
    at Layer.handleRequest (C:\Users\yosef\OneDrive\Desktop\NTI\Ecommerce Backend\node_modules\router\lib\layer.js:152:17)
    at C:\Users\yosef\OneDrive\Desktop\NTI\Ecommerce Backend\node_modules\router\index.js:295:15
    at processParams (C:\Users\yosef\OneDrive\Desktop\NTI\Ecommerce Backend\node_modules\router\index.js:582:12)
    at next (C:\Users\yosef\OneDrive\Desktop\NTI\Ecommerce Backend\node_modules\router\index.js:291:5)
13-05-2026 23:57:41 |ERROR| Error | GET | /api/v1/cart : Cannot read properties of undefined (reading '_id') 
TypeError: Cannot read properties of undefined (reading '_id')
    at C:\Users\yosef\OneDrive\Desktop\NTI\Ecommerce Backend\controller\cart.controller.js:62:26
    at C:\Users\yosef\OneDrive\Desktop\NTI\Ecommerce Backend\utilites\catchAsync.uti.js:4:3
    at Layer.handleRequest (C:\Users\yosef\OneDrive\Desktop\NTI\Ecommerce Backend\node_modules\router\lib\layer.js:152:17)
    at next (C:\Users\yosef\OneDrive\Desktop\NTI\Ecommerce Backend\node_modules\router\lib\route.js:157:13)
    at Route.dispatch (C:\Users\yosef\OneDrive\Desktop\NTI\Ecommerce Backend\node_modules\router\lib\route.js:117:3)
    at handle (C:\Users\yosef\OneDrive\Desktop\NTI\Ecommerce Backend\node_modules\router\index.js:435:11)
    at Layer.handleRequest (C:\Users\yosef\OneDrive\Desktop\NTI\Ecommerce Backend\node_modules\router\lib\layer.js:152:17)
    at C:\Users\yosef\OneDrive\Desktop\NTI\Ecommerce Backend\node_modules\router\index.js:295:15
    at processParams (C:\Users\yosef\OneDrive\Desktop\NTI\Ecommerce Backend\node_modules\router\index.js:582:12)
    at next (C:\Users\yosef\OneDrive\Desktop\NTI\Ecommerce Backend\node_modules\router\index.js:291:5)
14-05-2026 00:08:11 |ERROR| Error | GET | /api/v1/cart : Cannot read properties of undefined (reading '_id') 
TypeError: Cannot read properties of undefined (reading '_id')
    at C:\Users\yosef\OneDrive\Desktop\NTI\Ecommerce Backend\controller\cart.controller.js:62:26
    at C:\Users\yosef\OneDrive\Desktop\NTI\Ecommerce Backend\utilites\catchAsync.uti.js:4:3
    at Layer.handleRequest (C:\Users\yosef\OneDrive\Desktop\NTI\Ecommerce Backend\node_modules\router\lib\layer.js:152:17)
    at next (C:\Users\yosef\OneDrive\Desktop\NTI\Ecommerce Backend\node_modules\router\lib\route.js:157:13)
    at Route.dispatch (C:\Users\yosef\OneDrive\Desktop\NTI\Ecommerce Backend\node_modules\router\lib\route.js:117:3)
    at handle (C:\Users\yosef\OneDrive\Desktop\NTI\Ecommerce Backend\node_modules\router\index.js:435:11)
    at Layer.handleRequest (C:\Users\yosef\OneDrive\Desktop\NTI\Ecommerce Backend\node_modules\router\lib\layer.js:152:17)
    at C:\Users\yosef\OneDrive\Desktop\NTI\Ecommerce Backend\node_modules\router\index.js:295:15
    at processParams (C:\Users\yosef\OneDrive\Desktop\NTI\Ecommerce Backend\node_modules\router\index.js:582:12)
    at next (C:\Users\yosef\OneDrive\Desktop\NTI\Ecommerce Backend\node_modules\router\index.js:291:5)
14-05-2026 00:08:34 |ERROR| Error | GET | /api/v1/cart : Cannot read properties of undefined (reading '_id') 
TypeError: Cannot read properties of undefined (reading '_id')
    at C:\Users\yosef\OneDrive\Desktop\NTI\Ecommerce Backend\controller\cart.controller.js:62:26
    at C:\Users\yosef\OneDrive\Desktop\NTI\Ecommerce Backend\utilites\catchAsync.uti.js:4:3
    at Layer.handleRequest (C:\Users\yosef\OneDrive\Desktop\NTI\Ecommerce Backend\node_modules\router\lib\layer.js:152:17)
    at next (C:\Users\yosef\OneDrive\Desktop\NTI\Ecommerce Backend\node_modules\router\lib\route.js:157:13)
    at Route.dispatch (C:\Users\yosef\OneDrive\Desktop\NTI\Ecommerce Backend\node_modules\router\lib\route.js:117:3)
    at handle (C:\Users\yosef\OneDrive\Desktop\NTI\Ecommerce Backend\node_modules\router\index.js:435:11)
    at Layer.handleRequest (C:\Users\yosef\OneDrive\Desktop\NTI\Ecommerce Backend\node_modules\router\lib\layer.js:152:17)
    at C:\Users\yosef\OneDrive\Desktop\NTI\Ecommerce Backend\node_modules\router\index.js:295:15
    at processParams (C:\Users\yosef\OneDrive\Desktop\NTI\Ecommerce Backend\node_modules\router\index.js:582:12)
    at next (C:\Users\yosef\OneDrive\Desktop\NTI\Ecommerce Backend\node_modules\router\index.js:291:5)
14-05-2026 00:08:46 |ERROR| Error | GET | /api/v1/cart : Cannot read properties of undefined (reading '_id') 
TypeError: Cannot read properties of undefined (reading '_id')
    at C:\Users\yosef\OneDrive\Desktop\NTI\Ecommerce Backend\controller\cart.controller.js:62:26
    at C:\Users\yosef\OneDrive\Desktop\NTI\Ecommerce Backend\utilites\catchAsync.uti.js:4:3
    at Layer.handleRequest (C:\Users\yosef\OneDrive\Desktop\NTI\Ecommerce Backend\node_modules\router\lib\layer.js:152:17)
    at next (C:\Users\yosef\OneDrive\Desktop\NTI\Ecommerce Backend\node_modules\router\lib\route.js:157:13)
    at Route.dispatch (C:\Users\yosef\OneDrive\Desktop\NTI\Ecommerce Backend\node_modules\router\lib\route.js:117:3)
    at handle (C:\Users\yosef\OneDrive\Desktop\NTI\Ecommerce Backend\node_modules\router\index.js:435:11)
    at Layer.handleRequest (C:\Users\yosef\OneDrive\Desktop\NTI\Ecommerce Backend\node_modules\router\lib\layer.js:152:17)
    at C:\Users\yosef\OneDrive\Desktop\NTI\Ecommerce Backend\node_modules\router\index.js:295:15
    at processParams (C:\Users\yosef\OneDrive\Desktop\NTI\Ecommerce Backend\node_modules\router\index.js:582:12)
    at next (C:\Users\yosef\OneDrive\Desktop\NTI\Ecommerce Backend\node_modules\router\index.js:291:5)
14-05-2026 00:10:35 |ERROR| Error | GET | /api/v1/cart : Cannot read properties of undefined (reading '_id') 
TypeError: Cannot read properties of undefined (reading '_id')
    at C:\Users\yosef\OneDrive\Desktop\NTI\Ecommerce Backend\controller\cart.controller.js:62:26
    at C:\Users\yosef\OneDrive\Desktop\NTI\Ecommerce Backend\utilites\catchAsync.uti.js:4:3
    at Layer.handleRequest (C:\Users\yosef\OneDrive\Desktop\NTI\Ecommerce Backend\node_modules\router\lib\layer.js:152:17)
    at next (C:\Users\yosef\OneDrive\Desktop\NTI\Ecommerce Backend\node_modules\router\lib\route.js:157:13)
    at Route.dispatch (C:\Users\yosef\OneDrive\Desktop\NTI\Ecommerce Backend\node_modules\router\lib\route.js:117:3)
    at handle (C:\Users\yosef\OneDrive\Desktop\NTI\Ecommerce Backend\node_modules\router\index.js:435:11)
    at Layer.handleRequest (C:\Users\yosef\OneDrive\Desktop\NTI\Ecommerce Backend\node_modules\router\lib\layer.js:152:17)
    at C:\Users\yosef\OneDrive\Desktop\NTI\Ecommerce Backend\node_modules\router\index.js:295:15
    at processParams (C:\Users\yosef\OneDrive\Desktop\NTI\Ecommerce Backend\node_modules\router\index.js:582:12)
    at next (C:\Users\yosef\OneDrive\Desktop\NTI\Ecommerce Backend\node_modules\router\index.js:291:5)
14-05-2026 00:12:00 |ERROR| Error | GET | /api/v1/cart : Cannot read properties of undefined (reading '_id') 
TypeError: Cannot read properties of undefined (reading '_id')
    at C:\Users\yosef\OneDrive\Desktop\NTI\Ecommerce Backend\controller\cart.controller.js:62:26
    at C:\Users\yosef\OneDrive\Desktop\NTI\Ecommerce Backend\utilites\catchAsync.uti.js:4:3
    at Layer.handleRequest (C:\Users\yosef\OneDrive\Desktop\NTI\Ecommerce Backend\node_modules\router\lib\layer.js:152:17)
    at next (C:\Users\yosef\OneDrive\Desktop\NTI\Ecommerce Backend\node_modules\router\lib\route.js:157:13)
    at Route.dispatch (C:\Users\yosef\OneDrive\Desktop\NTI\Ecommerce Backend\node_modules\router\lib\route.js:117:3)
    at handle (C:\Users\yosef\OneDrive\Desktop\NTI\Ecommerce Backend\node_modules\router\index.js:435:11)
    at Layer.handleRequest (C:\Users\yosef\OneDrive\Desktop\NTI\Ecommerce Backend\node_modules\router\lib\layer.js:152:17)
    at C:\Users\yosef\OneDrive\Desktop\NTI\Ecommerce Backend\node_modules\router\index.js:295:15
    at processParams (C:\Users\yosef\OneDrive\Desktop\NTI\Ecommerce Backend\node_modules\router\index.js:582:12)
    at next (C:\Users\yosef\OneDrive\Desktop\NTI\Ecommerce Backend\node_modules\router\index.js:291:5)
14-05-2026 00:12:23 |ERROR| Error | GET | /api/v1/cart : Cannot read properties of undefined (reading '_id') 
TypeError: Cannot read properties of undefined (reading '_id')
    at C:\Users\yosef\OneDrive\Desktop\NTI\Ecommerce Backend\controller\cart.controller.js:62:26
    at C:\Users\yosef\OneDrive\Desktop\NTI\Ecommerce Backend\utilites\catchAsync.uti.js:4:3
    at Layer.handleRequest (C:\Users\yosef\OneDrive\Desktop\NTI\Ecommerce Backend\node_modules\router\lib\layer.js:152:17)
    at next (C:\Users\yosef\OneDrive\Desktop\NTI\Ecommerce Backend\node_modules\router\lib\route.js:157:13)
    at Route.dispatch (C:\Users\yosef\OneDrive\Desktop\NTI\Ecommerce Backend\node_modules\router\lib\route.js:117:3)
    at handle (C:\Users\yosef\OneDrive\Desktop\NTI\Ecommerce Backend\node_modules\router\index.js:435:11)
    at Layer.handleRequest (C:\Users\yosef\OneDrive\Desktop\NTI\Ecommerce Backend\node_modules\router\lib\layer.js:152:17)
    at C:\Users\yosef\OneDrive\Desktop\NTI\Ecommerce Backend\node_modules\router\index.js:295:15
    at processParams (C:\Users\yosef\OneDrive\Desktop\NTI\Ecommerce Backend\node_modules\router\index.js:582:12)
    at next (C:\Users\yosef\OneDrive\Desktop\NTI\Ecommerce Backend\node_modules\router\index.js:291:5)
14-05-2026 00:16:08 |ERROR| Error | GET | /api/v1/cart : Cannot read properties of undefined (reading '_id') 
TypeError: Cannot read properties of undefined (reading '_id')
    at C:\Users\yosef\OneDrive\Desktop\NTI\Ecommerce Backend\controller\cart.controller.js:62:26
    at C:\Users\yosef\OneDrive\Desktop\NTI\Ecommerce Backend\utilites\catchAsync.uti.js:4:3
    at Layer.handleRequest (C:\Users\yosef\OneDrive\Desktop\NTI\Ecommerce Backend\node_modules\router\lib\layer.js:152:17)
    at next (C:\Users\yosef\OneDrive\Desktop\NTI\Ecommerce Backend\node_modules\router\lib\route.js:157:13)
    at Route.dispatch (C:\Users\yosef\OneDrive\Desktop\NTI\Ecommerce Backend\node_modules\router\lib\route.js:117:3)
    at handle (C:\Users\yosef\OneDrive\Desktop\NTI\Ecommerce Backend\node_modules\router\index.js:435:11)
    at Layer.handleRequest (C:\Users\yosef\OneDrive\Desktop\NTI\Ecommerce Backend\node_modules\router\lib\layer.js:152:17)
    at C:\Users\yosef\OneDrive\Desktop\NTI\Ecommerce Backend\node_modules\router\index.js:295:15
    at processParams (C:\Users\yosef\OneDrive\Desktop\NTI\Ecommerce Backend\node_modules\router\index.js:582:12)
    at next (C:\Users\yosef\OneDrive\Desktop\NTI\Ecommerce Backend\node_modules\router\index.js:291:5)
14-05-2026 00:16:20 |ERROR| Error | GET | /api/v1/cart : Cannot read properties of undefined (reading '_id') 
TypeError: Cannot read properties of undefined (reading '_id')
    at C:\Users\yosef\OneDrive\Desktop\NTI\Ecommerce Backend\controller\cart.controller.js:62:26
    at C:\Users\yosef\OneDrive\Desktop\NTI\Ecommerce Backend\utilites\catchAsync.uti.js:4:3
    at Layer.handleRequest (C:\Users\yosef\OneDrive\Desktop\NTI\Ecommerce Backend\node_modules\router\lib\layer.js:152:17)
    at next (C:\Users\yosef\OneDrive\Desktop\NTI\Ecommerce Backend\node_modules\router\lib\route.js:157:13)
    at Route.dispatch (C:\Users\yosef\OneDrive\Desktop\NTI\Ecommerce Backend\node_modules\router\lib\route.js:117:3)
    at handle (C:\Users\yosef\OneDrive\Desktop\NTI\Ecommerce Backend\node_modules\router\index.js:435:11)
    at Layer.handleRequest (C:\Users\yosef\OneDrive\Desktop\NTI\Ecommerce Backend\node_modules\router\lib\layer.js:152:17)
    at C:\Users\yosef\OneDrive\Desktop\NTI\Ecommerce Backend\node_modules\router\index.js:295:15
    at processParams (C:\Users\yosef\OneDrive\Desktop\NTI\Ecommerce Backend\node_modules\router\index.js:582:12)
    at next (C:\Users\yosef\OneDrive\Desktop\NTI\Ecommerce Backend\node_modules\router\index.js:291:5)
14-05-2026 00:23:11 |ERROR| Error | GET | /api/v1/cart : Cannot read properties of undefined (reading '_id') 
TypeError: Cannot read properties of undefined (reading '_id')
    at C:\Users\yosef\OneDrive\Desktop\NTI\Ecommerce Backend\controller\cart.controller.js:62:26
    at C:\Users\yosef\OneDrive\Desktop\NTI\Ecommerce Backend\utilites\catchAsync.uti.js:4:3
    at Layer.handleRequest (C:\Users\yosef\OneDrive\Desktop\NTI\Ecommerce Backend\node_modules\router\lib\layer.js:152:17)
    at next (C:\Users\yosef\OneDrive\Desktop\NTI\Ecommerce Backend\node_modules\router\lib\route.js:157:13)
    at Route.dispatch (C:\Users\yosef\OneDrive\Desktop\NTI\Ecommerce Backend\node_modules\router\lib\route.js:117:3)
    at handle (C:\Users\yosef\OneDrive\Desktop\NTI\Ecommerce Backend\node_modules\router\index.js:435:11)
    at Layer.handleRequest (C:\Users\yosef\OneDrive\Desktop\NTI\Ecommerce Backend\node_modules\router\lib\layer.js:152:17)
    at C:\Users\yosef\OneDrive\Desktop\NTI\Ecommerce Backend\node_modules\router\index.js:295:15
    at processParams (C:\Users\yosef\OneDrive\Desktop\NTI\Ecommerce Backend\node_modules\router\index.js:582:12)
    at next (C:\Users\yosef\OneDrive\Desktop\NTI\Ecommerce Backend\node_modules\router\index.js:291:5)
14-05-2026 00:23:47 |ERROR| Error | GET | /api/v1/cart : Cannot read properties of undefined (reading '_id') 
TypeError: Cannot read properties of undefined (reading '_id')
    at C:\Users\yosef\OneDrive\Desktop\NTI\Ecommerce Backend\controller\cart.controller.js:62:26
    at C:\Users\yosef\OneDrive\Desktop\NTI\Ecommerce Backend\utilites\catchAsync.uti.js:4:3
    at Layer.handleRequest (C:\Users\yosef\OneDrive\Desktop\NTI\Ecommerce Backend\node_modules\router\lib\layer.js:152:17)
    at next (C:\Users\yosef\OneDrive\Desktop\NTI\Ecommerce Backend\node_modules\router\lib\route.js:157:13)
    at Route.dispatch (C:\Users\yosef\OneDrive\Desktop\NTI\Ecommerce Backend\node_modules\router\lib\route.js:117:3)
    at handle (C:\Users\yosef\OneDrive\Desktop\NTI\Ecommerce Backend\node_modules\router\index.js:435:11)
    at Layer.handleRequest (C:\Users\yosef\OneDrive\Desktop\NTI\Ecommerce Backend\node_modules\router\lib\layer.js:152:17)
    at C:\Users\yosef\OneDrive\Desktop\NTI\Ecommerce Backend\node_modules\router\index.js:295:15
    at processParams (C:\Users\yosef\OneDrive\Desktop\NTI\Ecommerce Backend\node_modules\router\index.js:582:12)
    at next (C:\Users\yosef\OneDrive\Desktop\NTI\Ecommerce Backend\node_modules\router\index.js:291:5)
14-05-2026 00:24:13 |ERROR| Error | GET | /api/v1/cart : Cannot read properties of undefined (reading '_id') 
TypeError: Cannot read properties of undefined (reading '_id')
    at C:\Users\yosef\OneDrive\Desktop\NTI\Ecommerce Backend\controller\cart.controller.js:62:26
    at C:\Users\yosef\OneDrive\Desktop\NTI\Ecommerce Backend\utilites\catchAsync.uti.js:4:3
    at Layer.handleRequest (C:\Users\yosef\OneDrive\Desktop\NTI\Ecommerce Backend\node_modules\router\lib\layer.js:152:17)
    at next (C:\Users\yosef\OneDrive\Desktop\NTI\Ecommerce Backend\node_modules\router\lib\route.js:157:13)
    at Route.dispatch (C:\Users\yosef\OneDrive\Desktop\NTI\Ecommerce Backend\node_modules\router\lib\route.js:117:3)
    at handle (C:\Users\yosef\OneDrive\Desktop\NTI\Ecommerce Backend\node_modules\router\index.js:435:11)
    at Layer.handleRequest (C:\Users\yosef\OneDrive\Desktop\NTI\Ecommerce Backend\node_modules\router\lib\layer.js:152:17)
    at C:\Users\yosef\OneDrive\Desktop\NTI\Ecommerce Backend\node_modules\router\index.js:295:15
    at processParams (C:\Users\yosef\OneDrive\Desktop\NTI\Ecommerce Backend\node_modules\router\index.js:582:12)
    at next (C:\Users\yosef\OneDrive\Desktop\NTI\Ecommerce Backend\node_modules\router\index.js:291:5)
14-05-2026 00:24:14 |ERROR| Error | GET | /api/v1/cart : Cannot read properties of undefined (reading '_id') 
TypeError: Cannot read properties of undefined (reading '_id')
    at C:\Users\yosef\OneDrive\Desktop\NTI\Ecommerce Backend\controller\cart.controller.js:62:26
    at C:\Users\yosef\OneDrive\Desktop\NTI\Ecommerce Backend\utilites\catchAsync.uti.js:4:3
    at Layer.handleRequest (C:\Users\yosef\OneDrive\Desktop\NTI\Ecommerce Backend\node_modules\router\lib\layer.js:152:17)
    at next (C:\Users\yosef\OneDrive\Desktop\NTI\Ecommerce Backend\node_modules\router\lib\route.js:157:13)
    at Route.dispatch (C:\Users\yosef\OneDrive\Desktop\NTI\Ecommerce Backend\node_modules\router\lib\route.js:117:3)
    at handle (C:\Users\yosef\OneDrive\Desktop\NTI\Ecommerce Backend\node_modules\router\index.js:435:11)
    at Layer.handleRequest (C:\Users\yosef\OneDrive\Desktop\NTI\Ecommerce Backend\node_modules\router\lib\layer.js:152:17)
    at C:\Users\yosef\OneDrive\Desktop\NTI\Ecommerce Backend\node_modules\router\index.js:295:15
    at processParams (C:\Users\yosef\OneDrive\Desktop\NTI\Ecommerce Backend\node_modules\router\index.js:582:12)
    at next (C:\Users\yosef\OneDrive\Desktop\NTI\Ecommerce Backend\node_modules\router\index.js:291:5)
14-05-2026 00:24:27 |ERROR| Error | GET | /api/v1/cart : Cannot read properties of undefined (reading '_id') 
TypeError: Cannot read properties of undefined (reading '_id')
    at C:\Users\yosef\OneDrive\Desktop\NTI\Ecommerce Backend\controller\cart.controller.js:62:26
    at C:\Users\yosef\OneDrive\Desktop\NTI\Ecommerce Backend\utilites\catchAsync.uti.js:4:3
    at Layer.handleRequest (C:\Users\yosef\OneDrive\Desktop\NTI\Ecommerce Backend\node_modules\router\lib\layer.js:152:17)
    at next (C:\Users\yosef\OneDrive\Desktop\NTI\Ecommerce Backend\node_modules\router\lib\route.js:157:13)
    at Route.dispatch (C:\Users\yosef\OneDrive\Desktop\NTI\Ecommerce Backend\node_modules\router\lib\route.js:117:3)
    at handle (C:\Users\yosef\OneDrive\Desktop\NTI\Ecommerce Backend\node_modules\router\index.js:435:11)
    at Layer.handleRequest (C:\Users\yosef\OneDrive\Desktop\NTI\Ecommerce Backend\node_modules\router\lib\layer.js:152:17)
    at C:\Users\yosef\OneDrive\Desktop\NTI\Ecommerce Backend\node_modules\router\index.js:295:15
    at processParams (C:\Users\yosef\OneDrive\Desktop\NTI\Ecommerce Backend\node_modules\router\index.js:582:12)
    at next (C:\Users\yosef\OneDrive\Desktop\NTI\Ecommerce Backend\node_modules\router\index.js:291:5)
14-05-2026 00:24:53 |ERROR| Error | GET | /api/v1/cart : Cannot read properties of undefined (reading '_id') 
TypeError: Cannot read properties of undefined (reading '_id')
    at C:\Users\yosef\OneDrive\Desktop\NTI\Ecommerce Backend\controller\cart.controller.js:62:26
    at C:\Users\yosef\OneDrive\Desktop\NTI\Ecommerce Backend\utilites\catchAsync.uti.js:4:3
    at Layer.handleRequest (C:\Users\yosef\OneDrive\Desktop\NTI\Ecommerce Backend\node_modules\router\lib\layer.js:152:17)
    at next (C:\Users\yosef\OneDrive\Desktop\NTI\Ecommerce Backend\node_modules\router\lib\route.js:157:13)
    at Route.dispatch (C:\Users\yosef\OneDrive\Desktop\NTI\Ecommerce Backend\node_modules\router\lib\route.js:117:3)
    at handle (C:\Users\yosef\OneDrive\Desktop\NTI\Ecommerce Backend\node_modules\router\index.js:435:11)
    at Layer.handleRequest (C:\Users\yosef\OneDrive\Desktop\NTI\Ecommerce Backend\node_modules\router\lib\layer.js:152:17)
    at C:\Users\yosef\OneDrive\Desktop\NTI\Ecommerce Backend\node_modules\router\index.js:295:15
    at processParams (C:\Users\yosef\OneDrive\Desktop\NTI\Ecommerce Backend\node_modules\router\index.js:582:12)
    at next (C:\Users\yosef\OneDrive\Desktop\NTI\Ecommerce Backend\node_modules\router\index.js:291:5)
14-05-2026 00:24:58 |ERROR| Error | GET | /api/v1/cart : Cannot read properties of undefined (reading '_id') 
TypeError: Cannot read properties of undefined (reading '_id')
    at C:\Users\yosef\OneDrive\Desktop\NTI\Ecommerce Backend\controller\cart.controller.js:62:26
    at C:\Users\yosef\OneDrive\Desktop\NTI\Ecommerce Backend\utilites\catchAsync.uti.js:4:3
    at Layer.handleRequest (C:\Users\yosef\OneDrive\Desktop\NTI\Ecommerce Backend\node_modules\router\lib\layer.js:152:17)
    at next (C:\Users\yosef\OneDrive\Desktop\NTI\Ecommerce Backend\node_modules\router\lib\route.js:157:13)
    at Route.dispatch (C:\Users\yosef\OneDrive\Desktop\NTI\Ecommerce Backend\node_modules\router\lib\route.js:117:3)
    at handle (C:\Users\yosef\OneDrive\Desktop\NTI\Ecommerce Backend\node_modules\router\index.js:435:11)
    at Layer.handleRequest (C:\Users\yosef\OneDrive\Desktop\NTI\Ecommerce Backend\node_modules\router\lib\layer.js:152:17)
    at C:\Users\yosef\OneDrive\Desktop\NTI\Ecommerce Backend\node_modules\router\index.js:295:15
    at processParams (C:\Users\yosef\OneDrive\Desktop\NTI\Ecommerce Backend\node_modules\router\index.js:582:12)
    at next (C:\Users\yosef\OneDrive\Desktop\NTI\Ecommerce Backend\node_modules\router\index.js:291:5)
14-05-2026 00:26:16 |ERROR| Error | GET | /api/v1/cart : Cannot read properties of undefined (reading '_id') 
TypeError: Cannot read properties of undefined (reading '_id')
    at C:\Users\yosef\OneDrive\Desktop\NTI\Ecommerce Backend\controller\cart.controller.js:62:26
    at C:\Users\yosef\OneDrive\Desktop\NTI\Ecommerce Backend\utilites\catchAsync.uti.js:4:3
    at Layer.handleRequest (C:\Users\yosef\OneDrive\Desktop\NTI\Ecommerce Backend\node_modules\router\lib\layer.js:152:17)
    at next (C:\Users\yosef\OneDrive\Desktop\NTI\Ecommerce Backend\node_modules\router\lib\route.js:157:13)
    at Route.dispatch (C:\Users\yosef\OneDrive\Desktop\NTI\Ecommerce Backend\node_modules\router\lib\route.js:117:3)
    at handle (C:\Users\yosef\OneDrive\Desktop\NTI\Ecommerce Backend\node_modules\router\index.js:435:11)
    at Layer.handleRequest (C:\Users\yosef\OneDrive\Desktop\NTI\Ecommerce Backend\node_modules\router\lib\layer.js:152:17)
    at C:\Users\yosef\OneDrive\Desktop\NTI\Ecommerce Backend\node_modules\router\index.js:295:15
    at processParams (C:\Users\yosef\OneDrive\Desktop\NTI\Ecommerce Backend\node_modules\router\index.js:582:12)
    at next (C:\Users\yosef\OneDrive\Desktop\NTI\Ecommerce Backend\node_modules\router\index.js:291:5)
14-05-2026 00:26:38 |ERROR| Error | GET | /api/v1/cart : Cannot read properties of undefined (reading '_id') 
TypeError: Cannot read properties of undefined (reading '_id')
    at C:\Users\yosef\OneDrive\Desktop\NTI\Ecommerce Backend\controller\cart.controller.js:62:26
    at C:\Users\yosef\OneDrive\Desktop\NTI\Ecommerce Backend\utilites\catchAsync.uti.js:4:3
    at Layer.handleRequest (C:\Users\yosef\OneDrive\Desktop\NTI\Ecommerce Backend\node_modules\router\lib\layer.js:152:17)
    at next (C:\Users\yosef\OneDrive\Desktop\NTI\Ecommerce Backend\node_modules\router\lib\route.js:157:13)
    at Route.dispatch (C:\Users\yosef\OneDrive\Desktop\NTI\Ecommerce Backend\node_modules\router\lib\route.js:117:3)
    at handle (C:\Users\yosef\OneDrive\Desktop\NTI\Ecommerce Backend\node_modules\router\index.js:435:11)
    at Layer.handleRequest (C:\Users\yosef\OneDrive\Desktop\NTI\Ecommerce Backend\node_modules\router\lib\layer.js:152:17)
    at C:\Users\yosef\OneDrive\Desktop\NTI\Ecommerce Backend\node_modules\router\index.js:295:15
    at processParams (C:\Users\yosef\OneDrive\Desktop\NTI\Ecommerce Backend\node_modules\router\index.js:582:12)
    at next (C:\Users\yosef\OneDrive\Desktop\NTI\Ecommerce Backend\node_modules\router\index.js:291:5)
14-05-2026 00:26:43 |ERROR| Error | GET | /api/v1/cart : Cannot read properties of undefined (reading '_id') 
TypeError: Cannot read properties of undefined (reading '_id')
    at C:\Users\yosef\OneDrive\Desktop\NTI\Ecommerce Backend\controller\cart.controller.js:62:26
    at C:\Users\yosef\OneDrive\Desktop\NTI\Ecommerce Backend\utilites\catchAsync.uti.js:4:3
    at Layer.handleRequest (C:\Users\yosef\OneDrive\Desktop\NTI\Ecommerce Backend\node_modules\router\lib\layer.js:152:17)
    at next (C:\Users\yosef\OneDrive\Desktop\NTI\Ecommerce Backend\node_modules\router\lib\route.js:157:13)
    at Route.dispatch (C:\Users\yosef\OneDrive\Desktop\NTI\Ecommerce Backend\node_modules\router\lib\route.js:117:3)
    at handle (C:\Users\yosef\OneDrive\Desktop\NTI\Ecommerce Backend\node_modules\router\index.js:435:11)
    at Layer.handleRequest (C:\Users\yosef\OneDrive\Desktop\NTI\Ecommerce Backend\node_modules\router\lib\layer.js:152:17)
    at C:\Users\yosef\OneDrive\Desktop\NTI\Ecommerce Backend\node_modules\router\index.js:295:15
    at processParams (C:\Users\yosef\OneDrive\Desktop\NTI\Ecommerce Backend\node_modules\router\index.js:582:12)
    at next (C:\Users\yosef\OneDrive\Desktop\NTI\Ecommerce Backend\node_modules\router\index.js:291:5)
14-05-2026 00:27:36 |ERROR| Error | GET | /api/v1/cart : Cannot read properties of undefined (reading '_id') 
TypeError: Cannot read properties of undefined (reading '_id')
    at C:\Users\yosef\OneDrive\Desktop\NTI\Ecommerce Backend\controller\cart.controller.js:62:26
    at C:\Users\yosef\OneDrive\Desktop\NTI\Ecommerce Backend\utilites\catchAsync.uti.js:4:3
    at Layer.handleRequest (C:\Users\yosef\OneDrive\Desktop\NTI\Ecommerce Backend\node_modules\router\lib\layer.js:152:17)
    at next (C:\Users\yosef\OneDrive\Desktop\NTI\Ecommerce Backend\node_modules\router\lib\route.js:157:13)
    at Route.dispatch (C:\Users\yosef\OneDrive\Desktop\NTI\Ecommerce Backend\node_modules\router\lib\route.js:117:3)
    at handle (C:\Users\yosef\OneDrive\Desktop\NTI\Ecommerce Backend\node_modules\router\index.js:435:11)
    at Layer.handleRequest (C:\Users\yosef\OneDrive\Desktop\NTI\Ecommerce Backend\node_modules\router\lib\layer.js:152:17)
    at C:\Users\yosef\OneDrive\Desktop\NTI\Ecommerce Backend\node_modules\router\index.js:295:15
    at processParams (C:\Users\yosef\OneDrive\Desktop\NTI\Ecommerce Backend\node_modules\router\index.js:582:12)
    at next (C:\Users\yosef\OneDrive\Desktop\NTI\Ecommerce Backend\node_modules\router\index.js:291:5)
14-05-2026 00:28:33 |ERROR| Error | GET | /api/v1/cart : unauthorized, no token provided! 
Error: unauthorized, no token provided!
    at exports.authanticate (C:\Users\yosef\OneDrive\Desktop\NTI\Ecommerce Backend\middlewares\auth.middleware.js:8:15)
    at Layer.handleRequest (C:\Users\yosef\OneDrive\Desktop\NTI\Ecommerce Backend\node_modules\router\lib\layer.js:152:17)
    at next (C:\Users\yosef\OneDrive\Desktop\NTI\Ecommerce Backend\node_modules\router\lib\route.js:157:13)
    at Route.dispatch (C:\Users\yosef\OneDrive\Desktop\NTI\Ecommerce Backend\node_modules\router\lib\route.js:117:3)
    at handle (C:\Users\yosef\OneDrive\Desktop\NTI\Ecommerce Backend\node_modules\router\index.js:435:11)
    at Layer.handleRequest (C:\Users\yosef\OneDrive\Desktop\NTI\Ecommerce Backend\node_modules\router\lib\layer.js:152:17)
    at C:\Users\yosef\OneDrive\Desktop\NTI\Ecommerce Backend\node_modules\router\index.js:295:15
    at processParams (C:\Users\yosef\OneDrive\Desktop\NTI\Ecommerce Backend\node_modules\router\index.js:582:12)
    at next (C:\Users\yosef\OneDrive\Desktop\NTI\Ecommerce Backend\node_modules\router\index.js:291:5)
    at router.handle (C:\Users\yosef\OneDrive\Desktop\NTI\Ecommerce Backend\node_modules\router\index.js:186:3)
14-05-2026 00:28:38 |ERROR| Error | GET | /api/v1/cart : no cart found 
Error: no cart found
    at C:\Users\yosef\OneDrive\Desktop\NTI\Ecommerce Backend\controller\cart.controller.js:66:15
    at process.processTicksAndRejections (node:internal/process/task_queues:104:5)
14-05-2026 00:28:41 |ERROR| Error | GET | /api/v1/cart : no cart found 
Error: no cart found
    at C:\Users\yosef\OneDrive\Desktop\NTI\Ecommerce Backend\controller\cart.controller.js:66:15
    at process.processTicksAndRejections (node:internal/process/task_queues:104:5)
14-05-2026 00:28:45 |ERROR| Error | GET | /api/v1/cart : no cart found 
Error: no cart found
    at C:\Users\yosef\OneDrive\Desktop\NTI\Ecommerce Backend\controller\cart.controller.js:66:15
    at process.processTicksAndRejections (node:internal/process/task_queues:104:5)
14-05-2026 00:28:50 |ERROR| Error | GET | /api/v1/cart : no cart found 
Error: no cart found
    at C:\Users\yosef\OneDrive\Desktop\NTI\Ecommerce Backend\controller\cart.controller.js:66:15
    at process.processTicksAndRejections (node:internal/process/task_queues:104:5)
14-05-2026 00:29:02 |ERROR| Error | GET | /api/v1/cart : no cart found 
Error: no cart found
    at C:\Users\yosef\OneDrive\Desktop\NTI\Ecommerce Backend\controller\cart.controller.js:66:15
    at process.processTicksAndRejections (node:internal/process/task_queues:104:5)
14-05-2026 00:29:06 |ERROR| Error | GET | /api/v1/cart : no cart found 
Error: no cart found
    at C:\Users\yosef\OneDrive\Desktop\NTI\Ecommerce Backend\controller\cart.controller.js:66:15
    at process.processTicksAndRejections (node:internal/process/task_queues:104:5)
14-05-2026 00:29:08 |ERROR| Error | GET | /api/v1/cart : no cart found 
Error: no cart found
    at C:\Users\yosef\OneDrive\Desktop\NTI\Ecommerce Backend\controller\cart.controller.js:66:15
    at process.processTicksAndRejections (node:internal/process/task_queues:104:5)
14-05-2026 00:29:12 |ERROR| Error | GET | /api/v1/cart : no cart found 
Error: no cart found
    at C:\Users\yosef\OneDrive\Desktop\NTI\Ecommerce Backend\controller\cart.controller.js:66:15
    at process.processTicksAndRejections (node:internal/process/task_queues:104:5)
14-05-2026 00:29:13 |ERROR| Error | GET | /api/v1/cart : no cart found 
Error: no cart found
    at C:\Users\yosef\OneDrive\Desktop\NTI\Ecommerce Backend\controller\cart.controller.js:66:15
    at process.processTicksAndRejections (node:internal/process/task_queues:104:5)
14-05-2026 00:30:18 |ERROR| Error | GET | /api/v1/cart : Cannot read properties of undefined (reading '_id') 
TypeError: Cannot read properties of undefined (reading '_id')
    at C:\Users\yosef\OneDrive\Desktop\NTI\Ecommerce Backend\controller\cart.controller.js:62:26
    at C:\Users\yosef\OneDrive\Desktop\NTI\Ecommerce Backend\utilites\catchAsync.uti.js:4:3
    at Layer.handleRequest (C:\Users\yosef\OneDrive\Desktop\NTI\Ecommerce Backend\node_modules\router\lib\layer.js:152:17)
    at next (C:\Users\yosef\OneDrive\Desktop\NTI\Ecommerce Backend\node_modules\router\lib\route.js:157:13)
    at Route.dispatch (C:\Users\yosef\OneDrive\Desktop\NTI\Ecommerce Backend\node_modules\router\lib\route.js:117:3)
    at handle (C:\Users\yosef\OneDrive\Desktop\NTI\Ecommerce Backend\node_modules\router\index.js:435:11)
    at Layer.handleRequest (C:\Users\yosef\OneDrive\Desktop\NTI\Ecommerce Backend\node_modules\router\lib\layer.js:152:17)
    at C:\Users\yosef\OneDrive\Desktop\NTI\Ecommerce Backend\node_modules\router\index.js:295:15
    at processParams (C:\Users\yosef\OneDrive\Desktop\NTI\Ecommerce Backend\node_modules\router\index.js:582:12)
    at next (C:\Users\yosef\OneDrive\Desktop\NTI\Ecommerce Backend\node_modules\router\index.js:291:5)
14-05-2026 00:30:56 |ERROR| Error | GET | /api/v1/cart : Cannot read properties of undefined (reading '_id') 
TypeError: Cannot read properties of undefined (reading '_id')
    at C:\Users\yosef\OneDrive\Desktop\NTI\Ecommerce Backend\controller\cart.controller.js:62:26
    at C:\Users\yosef\OneDrive\Desktop\NTI\Ecommerce Backend\utilites\catchAsync.uti.js:4:3
    at Layer.handleRequest (C:\Users\yosef\OneDrive\Desktop\NTI\Ecommerce Backend\node_modules\router\lib\layer.js:152:17)
    at next (C:\Users\yosef\OneDrive\Desktop\NTI\Ecommerce Backend\node_modules\router\lib\route.js:157:13)
    at Route.dispatch (C:\Users\yosef\OneDrive\Desktop\NTI\Ecommerce Backend\node_modules\router\lib\route.js:117:3)
    at handle (C:\Users\yosef\OneDrive\Desktop\NTI\Ecommerce Backend\node_modules\router\index.js:435:11)
    at Layer.handleRequest (C:\Users\yosef\OneDrive\Desktop\NTI\Ecommerce Backend\node_modules\router\lib\layer.js:152:17)
    at C:\Users\yosef\OneDrive\Desktop\NTI\Ecommerce Backend\node_modules\router\index.js:295:15
    at processParams (C:\Users\yosef\OneDrive\Desktop\NTI\Ecommerce Backend\node_modules\router\index.js:582:12)
    at next (C:\Users\yosef\OneDrive\Desktop\NTI\Ecommerce Backend\node_modules\router\index.js:291:5)
14-05-2026 00:31:00 |ERROR| Error | GET | /api/v1/cart : Cannot read properties of undefined (reading '_id') 
TypeError: Cannot read properties of undefined (reading '_id')
    at C:\Users\yosef\OneDrive\Desktop\NTI\Ecommerce Backend\controller\cart.controller.js:62:26
    at C:\Users\yosef\OneDrive\Desktop\NTI\Ecommerce Backend\utilites\catchAsync.uti.js:4:3
    at Layer.handleRequest (C:\Users\yosef\OneDrive\Desktop\NTI\Ecommerce Backend\node_modules\router\lib\layer.js:152:17)
    at next (C:\Users\yosef\OneDrive\Desktop\NTI\Ecommerce Backend\node_modules\router\lib\route.js:157:13)
    at Route.dispatch (C:\Users\yosef\OneDrive\Desktop\NTI\Ecommerce Backend\node_modules\router\lib\route.js:117:3)
    at handle (C:\Users\yosef\OneDrive\Desktop\NTI\Ecommerce Backend\node_modules\router\index.js:435:11)
    at Layer.handleRequest (C:\Users\yosef\OneDrive\Desktop\NTI\Ecommerce Backend\node_modules\router\lib\layer.js:152:17)
    at C:\Users\yosef\OneDrive\Desktop\NTI\Ecommerce Backend\node_modules\router\index.js:295:15
    at processParams (C:\Users\yosef\OneDrive\Desktop\NTI\Ecommerce Backend\node_modules\router\index.js:582:12)
    at next (C:\Users\yosef\OneDrive\Desktop\NTI\Ecommerce Backend\node_modules\router\index.js:291:5)
14-05-2026 00:32:06 |ERROR| Error | GET | /api/v1/cart : no cart found 
Error: no cart found
    at C:\Users\yosef\OneDrive\Desktop\NTI\Ecommerce Backend\controller\cart.controller.js:66:15
    at process.processTicksAndRejections (node:internal/process/task_queues:104:5)
14-05-2026 00:32:13 |ERROR| Error | GET | /api/v1/cart : no cart found 
Error: no cart found
    at C:\Users\yosef\OneDrive\Desktop\NTI\Ecommerce Backend\controller\cart.controller.js:66:15
    at process.processTicksAndRejections (node:internal/process/task_queues:104:5)
14-05-2026 00:34:14 |ERROR| Error | GET | /api/v1/cart : no cart found 
Error: no cart found
    at C:\Users\yosef\OneDrive\Desktop\NTI\Ecommerce Backend\controller\cart.controller.js:66:15
    at process.processTicksAndRejections (node:internal/process/task_queues:104:5)
14-05-2026 00:34:41 |ERROR| Error | GET | /api/v1/cart : no cart found 
Error: no cart found
    at C:\Users\yosef\OneDrive\Desktop\NTI\Ecommerce Backend\controller\cart.controller.js:66:15
    at process.processTicksAndRejections (node:internal/process/task_queues:104:5)
14-05-2026 00:36:08 |ERROR| Error | GET | /api/v1/cart : no cart found 
Error: no cart found
    at C:\Users\yosef\OneDrive\Desktop\NTI\Ecommerce Backend\controller\cart.controller.js:66:15
    at process.processTicksAndRejections (node:internal/process/task_queues:104:5)
14-05-2026 00:38:18 |ERROR| Error | GET | /api/v1/cart : no cart found 
Error: no cart found
    at C:\Users\yosef\OneDrive\Desktop\NTI\Ecommerce Backend\controller\cart.controller.js:66:15
    at process.processTicksAndRejections (node:internal/process/task_queues:104:5)
14-05-2026 00:38:54 |ERROR| Error | GET | /api/v1/cart : no cart found 
Error: no cart found
    at C:\Users\yosef\OneDrive\Desktop\NTI\Ecommerce Backend\controller\cart.controller.js:66:15
    at process.processTicksAndRejections (node:internal/process/task_queues:104:5)
14-05-2026 01:09:49 |ERROR| Error | GET | /api/files/undefined : can't find /api/files/undefined 
Error: can't find /api/files/undefined
    at C:\Users\yosef\OneDrive\Desktop\NTI\Ecommerce Backend\server.js:29:7
    at Layer.handleRequest (C:\Users\yosef\OneDrive\Desktop\NTI\Ecommerce Backend\node_modules\router\lib\layer.js:152:17)
    at trimPrefix (C:\Users\yosef\OneDrive\Desktop\NTI\Ecommerce Backend\node_modules\router\index.js:342:13)
    at C:\Users\yosef\OneDrive\Desktop\NTI\Ecommerce Backend\node_modules\router\index.js:297:9
    at processParams (C:\Users\yosef\OneDrive\Desktop\NTI\Ecommerce Backend\node_modules\router\index.js:582:12)
    at next (C:\Users\yosef\OneDrive\Desktop\NTI\Ecommerce Backend\node_modules\router\index.js:291:5)
    at SendStream.error (C:\Users\yosef\OneDrive\Desktop\NTI\Ecommerce Backend\node_modules\serve-static\index.js:120:7)
    at SendStream.emit (node:events:508:28)
    at SendStream.error (C:\Users\yosef\OneDrive\Desktop\NTI\Ecommerce Backend\node_modules\send\index.js:168:17)
    at SendStream.onStatError (C:\Users\yosef\OneDrive\Desktop\NTI\Ecommerce Backend\node_modules\send\index.js:315:12)
14-05-2026 01:09:50 |ERROR| Error | PATCH | /api/v1/cart : Product is required! 
Error: Product is required!
    at C:\Users\yosef\OneDrive\Desktop\NTI\Ecommerce Backend\controller\cart.controller.js:109:30
    at C:\Users\yosef\OneDrive\Desktop\NTI\Ecommerce Backend\utilites\catchAsync.uti.js:4:3
    at Layer.handleRequest (C:\Users\yosef\OneDrive\Desktop\NTI\Ecommerce Backend\node_modules\router\lib\layer.js:152:17)
    at next (C:\Users\yosef\OneDrive\Desktop\NTI\Ecommerce Backend\node_modules\router\lib\route.js:157:13)
    at C:\Users\yosef\OneDrive\Desktop\NTI\Ecommerce Backend\middlewares\role.middleware.js:8:3
    at Layer.handleRequest (C:\Users\yosef\OneDrive\Desktop\NTI\Ecommerce Backend\node_modules\router\lib\layer.js:152:17)
    at next (C:\Users\yosef\OneDrive\Desktop\NTI\Ecommerce Backend\node_modules\router\lib\route.js:157:13)
    at exports.authanticate (C:\Users\yosef\OneDrive\Desktop\NTI\Ecommerce Backend\middlewares\auth.middleware.js:17:2)
    at process.processTicksAndRejections (node:internal/process/task_queues:104:5)
14-05-2026 01:09:51 |ERROR| Error | PATCH | /api/v1/cart : Product is required! 
Error: Product is required!
    at C:\Users\yosef\OneDrive\Desktop\NTI\Ecommerce Backend\controller\cart.controller.js:109:30
    at C:\Users\yosef\OneDrive\Desktop\NTI\Ecommerce Backend\utilites\catchAsync.uti.js:4:3
    at Layer.handleRequest (C:\Users\yosef\OneDrive\Desktop\NTI\Ecommerce Backend\node_modules\router\lib\layer.js:152:17)
    at next (C:\Users\yosef\OneDrive\Desktop\NTI\Ecommerce Backend\node_modules\router\lib\route.js:157:13)
    at C:\Users\yosef\OneDrive\Desktop\NTI\Ecommerce Backend\middlewares\role.middleware.js:8:3
    at Layer.handleRequest (C:\Users\yosef\OneDrive\Desktop\NTI\Ecommerce Backend\node_modules\router\lib\layer.js:152:17)
    at next (C:\Users\yosef\OneDrive\Desktop\NTI\Ecommerce Backend\node_modules\router\lib\route.js:157:13)
    at exports.authanticate (C:\Users\yosef\OneDrive\Desktop\NTI\Ecommerce Backend\middlewares\auth.middleware.js:17:2)
    at process.processTicksAndRejections (node:internal/process/task_queues:104:5)
14-05-2026 01:27:12 |ERROR| Error | GET | /api/files/undefined : can't find /api/files/undefined 
Error: can't find /api/files/undefined
    at C:\Users\yosef\OneDrive\Desktop\NTI\Ecommerce Backend\server.js:29:7
    at Layer.handleRequest (C:\Users\yosef\OneDrive\Desktop\NTI\Ecommerce Backend\node_modules\router\lib\layer.js:152:17)
    at trimPrefix (C:\Users\yosef\OneDrive\Desktop\NTI\Ecommerce Backend\node_modules\router\index.js:342:13)
    at C:\Users\yosef\OneDrive\Desktop\NTI\Ecommerce Backend\node_modules\router\index.js:297:9
    at processParams (C:\Users\yosef\OneDrive\Desktop\NTI\Ecommerce Backend\node_modules\router\index.js:582:12)
    at next (C:\Users\yosef\OneDrive\Desktop\NTI\Ecommerce Backend\node_modules\router\index.js:291:5)
    at SendStream.error (C:\Users\yosef\OneDrive\Desktop\NTI\Ecommerce Backend\node_modules\serve-static\index.js:120:7)
    at SendStream.emit (node:events:508:28)
    at SendStream.error (C:\Users\yosef\OneDrive\Desktop\NTI\Ecommerce Backend\node_modules\send\index.js:168:17)
    at SendStream.onStatError (C:\Users\yosef\OneDrive\Desktop\NTI\Ecommerce Backend\node_modules\send\index.js:315:12)
14-05-2026 01:27:13 |ERROR| Error | PATCH | /api/v1/cart : Product is required! 
Error: Product is required!
    at C:\Users\yosef\OneDrive\Desktop\NTI\Ecommerce Backend\controller\cart.controller.js:109:30
    at C:\Users\yosef\OneDrive\Desktop\NTI\Ecommerce Backend\utilites\catchAsync.uti.js:4:3
    at Layer.handleRequest (C:\Users\yosef\OneDrive\Desktop\NTI\Ecommerce Backend\node_modules\router\lib\layer.js:152:17)
    at next (C:\Users\yosef\OneDrive\Desktop\NTI\Ecommerce Backend\node_modules\router\lib\route.js:157:13)
    at C:\Users\yosef\OneDrive\Desktop\NTI\Ecommerce Backend\middlewares\role.middleware.js:8:3
    at Layer.handleRequest (C:\Users\yosef\OneDrive\Desktop\NTI\Ecommerce Backend\node_modules\router\lib\layer.js:152:17)
    at next (C:\Users\yosef\OneDrive\Desktop\NTI\Ecommerce Backend\node_modules\router\lib\route.js:157:13)
    at exports.authanticate (C:\Users\yosef\OneDrive\Desktop\NTI\Ecommerce Backend\middlewares\auth.middleware.js:17:2)
    at process.processTicksAndRejections (node:internal/process/task_queues:104:5)
14-05-2026 01:27:15 |ERROR| Error | PATCH | /api/v1/cart : Product is required! 
Error: Product is required!
    at C:\Users\yosef\OneDrive\Desktop\NTI\Ecommerce Backend\controller\cart.controller.js:109:30
    at C:\Users\yosef\OneDrive\Desktop\NTI\Ecommerce Backend\utilites\catchAsync.uti.js:4:3
    at Layer.handleRequest (C:\Users\yosef\OneDrive\Desktop\NTI\Ecommerce Backend\node_modules\router\lib\layer.js:152:17)
    at next (C:\Users\yosef\OneDrive\Desktop\NTI\Ecommerce Backend\node_modules\router\lib\route.js:157:13)
    at C:\Users\yosef\OneDrive\Desktop\NTI\Ecommerce Backend\middlewares\role.middleware.js:8:3
    at Layer.handleRequest (C:\Users\yosef\OneDrive\Desktop\NTI\Ecommerce Backend\node_modules\router\lib\layer.js:152:17)
    at next (C:\Users\yosef\OneDrive\Desktop\NTI\Ecommerce Backend\node_modules\router\lib\route.js:157:13)
    at exports.authanticate (C:\Users\yosef\OneDrive\Desktop\NTI\Ecommerce Backend\middlewares\auth.middleware.js:17:2)
    at process.processTicksAndRejections (node:internal/process/task_queues:104:5)
14-05-2026 01:31:18 |ERROR| Error | GET | /api/files/undefined : can't find /api/files/undefined 
Error: can't find /api/files/undefined
    at C:\Users\yosef\OneDrive\Desktop\NTI\Ecommerce Backend\server.js:29:7
    at Layer.handleRequest (C:\Users\yosef\OneDrive\Desktop\NTI\Ecommerce Backend\node_modules\router\lib\layer.js:152:17)
    at trimPrefix (C:\Users\yosef\OneDrive\Desktop\NTI\Ecommerce Backend\node_modules\router\index.js:342:13)
    at C:\Users\yosef\OneDrive\Desktop\NTI\Ecommerce Backend\node_modules\router\index.js:297:9
    at processParams (C:\Users\yosef\OneDrive\Desktop\NTI\Ecommerce Backend\node_modules\router\index.js:582:12)
    at next (C:\Users\yosef\OneDrive\Desktop\NTI\Ecommerce Backend\node_modules\router\index.js:291:5)
    at SendStream.error (C:\Users\yosef\OneDrive\Desktop\NTI\Ecommerce Backend\node_modules\serve-static\index.js:120:7)
    at SendStream.emit (node:events:508:28)
    at SendStream.error (C:\Users\yosef\OneDrive\Desktop\NTI\Ecommerce Backend\node_modules\send\index.js:168:17)
    at SendStream.onStatError (C:\Users\yosef\OneDrive\Desktop\NTI\Ecommerce Backend\node_modules\send\index.js:315:12)
14-05-2026 01:32:07 |ERROR| Error | GET | /api/files/undefined : can't find /api/files/undefined 
Error: can't find /api/files/undefined
    at C:\Users\yosef\OneDrive\Desktop\NTI\Ecommerce Backend\server.js:29:7
    at Layer.handleRequest (C:\Users\yosef\OneDrive\Desktop\NTI\Ecommerce Backend\node_modules\router\lib\layer.js:152:17)
    at trimPrefix (C:\Users\yosef\OneDrive\Desktop\NTI\Ecommerce Backend\node_modules\router\index.js:342:13)
    at C:\Users\yosef\OneDrive\Desktop\NTI\Ecommerce Backend\node_modules\router\index.js:297:9
    at processParams (C:\Users\yosef\OneDrive\Desktop\NTI\Ecommerce Backend\node_modules\router\index.js:582:12)
    at next (C:\Users\yosef\OneDrive\Desktop\NTI\Ecommerce Backend\node_modules\router\index.js:291:5)
    at SendStream.error (C:\Users\yosef\OneDrive\Desktop\NTI\Ecommerce Backend\node_modules\serve-static\index.js:120:7)
    at SendStream.emit (node:events:508:28)
    at SendStream.error (C:\Users\yosef\OneDrive\Desktop\NTI\Ecommerce Backend\node_modules\send\index.js:168:17)
    at SendStream.onStatError (C:\Users\yosef\OneDrive\Desktop\NTI\Ecommerce Backend\node_modules\send\index.js:315:12)
14-05-2026 01:32:10 |ERROR| Error | PATCH | /api/v1/cart : Product is required! 
Error: Product is required!
    at C:\Users\yosef\OneDrive\Desktop\NTI\Ecommerce Backend\controller\cart.controller.js:109:30
    at C:\Users\yosef\OneDrive\Desktop\NTI\Ecommerce Backend\utilites\catchAsync.uti.js:4:3
    at Layer.handleRequest (C:\Users\yosef\OneDrive\Desktop\NTI\Ecommerce Backend\node_modules\router\lib\layer.js:152:17)
    at next (C:\Users\yosef\OneDrive\Desktop\NTI\Ecommerce Backend\node_modules\router\lib\route.js:157:13)
    at C:\Users\yosef\OneDrive\Desktop\NTI\Ecommerce Backend\middlewares\role.middleware.js:8:3
    at Layer.handleRequest (C:\Users\yosef\OneDrive\Desktop\NTI\Ecommerce Backend\node_modules\router\lib\layer.js:152:17)
    at next (C:\Users\yosef\OneDrive\Desktop\NTI\Ecommerce Backend\node_modules\router\lib\route.js:157:13)
    at exports.authanticate (C:\Users\yosef\OneDrive\Desktop\NTI\Ecommerce Backend\middlewares\auth.middleware.js:17:2)
    at process.processTicksAndRejections (node:internal/process/task_queues:104:5)
14-05-2026 01:32:12 |ERROR| Error | PATCH | /api/v1/cart : Product is required! 
Error: Product is required!
    at C:\Users\yosef\OneDrive\Desktop\NTI\Ecommerce Backend\controller\cart.controller.js:109:30
    at C:\Users\yosef\OneDrive\Desktop\NTI\Ecommerce Backend\utilites\catchAsync.uti.js:4:3
    at Layer.handleRequest (C:\Users\yosef\OneDrive\Desktop\NTI\Ecommerce Backend\node_modules\router\lib\layer.js:152:17)
    at next (C:\Users\yosef\OneDrive\Desktop\NTI\Ecommerce Backend\node_modules\router\lib\route.js:157:13)
    at C:\Users\yosef\OneDrive\Desktop\NTI\Ecommerce Backend\middlewares\role.middleware.js:8:3
    at Layer.handleRequest (C:\Users\yosef\OneDrive\Desktop\NTI\Ecommerce Backend\node_modules\router\lib\layer.js:152:17)
    at next (C:\Users\yosef\OneDrive\Desktop\NTI\Ecommerce Backend\node_modules\router\lib\route.js:157:13)
    at exports.authanticate (C:\Users\yosef\OneDrive\Desktop\NTI\Ecommerce Backend\middlewares\auth.middleware.js:17:2)
    at process.processTicksAndRejections (node:internal/process/task_queues:104:5)
14-05-2026 01:32:12 |ERROR| Error | PATCH | /api/v1/cart : Product is required! 
Error: Product is required!
    at C:\Users\yosef\OneDrive\Desktop\NTI\Ecommerce Backend\controller\cart.controller.js:109:30
    at C:\Users\yosef\OneDrive\Desktop\NTI\Ecommerce Backend\utilites\catchAsync.uti.js:4:3
    at Layer.handleRequest (C:\Users\yosef\OneDrive\Desktop\NTI\Ecommerce Backend\node_modules\router\lib\layer.js:152:17)
    at next (C:\Users\yosef\OneDrive\Desktop\NTI\Ecommerce Backend\node_modules\router\lib\route.js:157:13)
    at C:\Users\yosef\OneDrive\Desktop\NTI\Ecommerce Backend\middlewares\role.middleware.js:8:3
    at Layer.handleRequest (C:\Users\yosef\OneDrive\Desktop\NTI\Ecommerce Backend\node_modules\router\lib\layer.js:152:17)
    at next (C:\Users\yosef\OneDrive\Desktop\NTI\Ecommerce Backend\node_modules\router\lib\route.js:157:13)
    at exports.authanticate (C:\Users\yosef\OneDrive\Desktop\NTI\Ecommerce Backend\middlewares\auth.middleware.js:17:2)
    at process.processTicksAndRejections (node:internal/process/task_queues:104:5)
14-05-2026 01:32:12 |ERROR| Error | PATCH | /api/v1/cart : Product is required! 
Error: Product is required!
    at C:\Users\yosef\OneDrive\Desktop\NTI\Ecommerce Backend\controller\cart.controller.js:109:30
    at C:\Users\yosef\OneDrive\Desktop\NTI\Ecommerce Backend\utilites\catchAsync.uti.js:4:3
    at Layer.handleRequest (C:\Users\yosef\OneDrive\Desktop\NTI\Ecommerce Backend\node_modules\router\lib\layer.js:152:17)
    at next (C:\Users\yosef\OneDrive\Desktop\NTI\Ecommerce Backend\node_modules\router\lib\route.js:157:13)
    at C:\Users\yosef\OneDrive\Desktop\NTI\Ecommerce Backend\middlewares\role.middleware.js:8:3
    at Layer.handleRequest (C:\Users\yosef\OneDrive\Desktop\NTI\Ecommerce Backend\node_modules\router\lib\layer.js:152:17)
    at next (C:\Users\yosef\OneDrive\Desktop\NTI\Ecommerce Backend\node_modules\router\lib\route.js:157:13)
    at exports.authanticate (C:\Users\yosef\OneDrive\Desktop\NTI\Ecommerce Backend\middlewares\auth.middleware.js:17:2)
    at process.processTicksAndRejections (node:internal/process/task_queues:104:5)
14-05-2026 01:32:18 |ERROR| Error | PATCH | /api/v1/cart : Product is required! 
Error: Product is required!
    at C:\Users\yosef\OneDrive\Desktop\NTI\Ecommerce Backend\controller\cart.controller.js:109:30
    at C:\Users\yosef\OneDrive\Desktop\NTI\Ecommerce Backend\utilites\catchAsync.uti.js:4:3
    at Layer.handleRequest (C:\Users\yosef\OneDrive\Desktop\NTI\Ecommerce Backend\node_modules\router\lib\layer.js:152:17)
    at next (C:\Users\yosef\OneDrive\Desktop\NTI\Ecommerce Backend\node_modules\router\lib\route.js:157:13)
    at C:\Users\yosef\OneDrive\Desktop\NTI\Ecommerce Backend\middlewares\role.middleware.js:8:3
    at Layer.handleRequest (C:\Users\yosef\OneDrive\Desktop\NTI\Ecommerce Backend\node_modules\router\lib\layer.js:152:17)
    at next (C:\Users\yosef\OneDrive\Desktop\NTI\Ecommerce Backend\node_modules\router\lib\route.js:157:13)
    at exports.authanticate (C:\Users\yosef\OneDrive\Desktop\NTI\Ecommerce Backend\middlewares\auth.middleware.js:17:2)
    at process.processTicksAndRejections (node:internal/process/task_queues:104:5)
14-05-2026 09:17:04 |ERROR| Error | GET | /api/files/undefined : can't find /api/files/undefined 
Error: can't find /api/files/undefined
    at C:\Users\yosef\OneDrive\Desktop\NTI\Ecommerce Backend\server.js:29:7
    at Layer.handleRequest (C:\Users\yosef\OneDrive\Desktop\NTI\Ecommerce Backend\node_modules\router\lib\layer.js:152:17)
    at trimPrefix (C:\Users\yosef\OneDrive\Desktop\NTI\Ecommerce Backend\node_modules\router\index.js:342:13)
    at C:\Users\yosef\OneDrive\Desktop\NTI\Ecommerce Backend\node_modules\router\index.js:297:9
    at processParams (C:\Users\yosef\OneDrive\Desktop\NTI\Ecommerce Backend\node_modules\router\index.js:582:12)
    at next (C:\Users\yosef\OneDrive\Desktop\NTI\Ecommerce Backend\node_modules\router\index.js:291:5)
    at SendStream.error (C:\Users\yosef\OneDrive\Desktop\NTI\Ecommerce Backend\node_modules\serve-static\index.js:120:7)
    at SendStream.emit (node:events:508:28)
    at SendStream.error (C:\Users\yosef\OneDrive\Desktop\NTI\Ecommerce Backend\node_modules\send\index.js:168:17)
    at SendStream.onStatError (C:\Users\yosef\OneDrive\Desktop\NTI\Ecommerce Backend\node_modules\send\index.js:315:12)
14-05-2026 09:19:32 |ERROR| Error | GET | /api/files/undefined : can't find /api/files/undefined 
Error: can't find /api/files/undefined
    at C:\Users\yosef\OneDrive\Desktop\NTI\Ecommerce Backend\server.js:29:7
    at Layer.handleRequest (C:\Users\yosef\OneDrive\Desktop\NTI\Ecommerce Backend\node_modules\router\lib\layer.js:152:17)
    at trimPrefix (C:\Users\yosef\OneDrive\Desktop\NTI\Ecommerce Backend\node_modules\router\index.js:342:13)
    at C:\Users\yosef\OneDrive\Desktop\NTI\Ecommerce Backend\node_modules\router\index.js:297:9
    at processParams (C:\Users\yosef\OneDrive\Desktop\NTI\Ecommerce Backend\node_modules\router\index.js:582:12)
    at next (C:\Users\yosef\OneDrive\Desktop\NTI\Ecommerce Backend\node_modules\router\index.js:291:5)
    at SendStream.error (C:\Users\yosef\OneDrive\Desktop\NTI\Ecommerce Backend\node_modules\serve-static\index.js:120:7)
    at SendStream.emit (node:events:508:28)
    at SendStream.error (C:\Users\yosef\OneDrive\Desktop\NTI\Ecommerce Backend\node_modules\send\index.js:168:17)
    at SendStream.onStatError (C:\Users\yosef\OneDrive\Desktop\NTI\Ecommerce Backend\node_modules\send\index.js:315:12)
14-05-2026 09:32:52 |ERROR| Error | GET | /api/files/undefined : can't find /api/files/undefined 
Error: can't find /api/files/undefined
    at C:\Users\yosef\OneDrive\Desktop\NTI\Ecommerce Backend\server.js:29:7
    at Layer.handleRequest (C:\Users\yosef\OneDrive\Desktop\NTI\Ecommerce Backend\node_modules\router\lib\layer.js:152:17)
    at trimPrefix (C:\Users\yosef\OneDrive\Desktop\NTI\Ecommerce Backend\node_modules\router\index.js:342:13)
    at C:\Users\yosef\OneDrive\Desktop\NTI\Ecommerce Backend\node_modules\router\index.js:297:9
    at processParams (C:\Users\yosef\OneDrive\Desktop\NTI\Ecommerce Backend\node_modules\router\index.js:582:12)
    at next (C:\Users\yosef\OneDrive\Desktop\NTI\Ecommerce Backend\node_modules\router\index.js:291:5)
    at SendStream.error (C:\Users\yosef\OneDrive\Desktop\NTI\Ecommerce Backend\node_modules\serve-static\index.js:120:7)
    at SendStream.emit (node:events:508:28)
    at SendStream.error (C:\Users\yosef\OneDrive\Desktop\NTI\Ecommerce Backend\node_modules\send\index.js:168:17)
    at SendStream.onStatError (C:\Users\yosef\OneDrive\Desktop\NTI\Ecommerce Backend\node_modules\send\index.js:315:12)
14-05-2026 09:37:47 |ERROR| Error | GET | /api/v1//cart : can't find /api/v1//cart 
Error: can't find /api/v1//cart
    at C:\Users\yosef\OneDrive\Desktop\NTI\Ecommerce Backend\server.js:29:7
    at Layer.handleRequest (C:\Users\yosef\OneDrive\Desktop\NTI\Ecommerce Backend\node_modules\router\lib\layer.js:152:17)
    at trimPrefix (C:\Users\yosef\OneDrive\Desktop\NTI\Ecommerce Backend\node_modules\router\index.js:342:13)
    at C:\Users\yosef\OneDrive\Desktop\NTI\Ecommerce Backend\node_modules\router\index.js:297:9
    at processParams (C:\Users\yosef\OneDrive\Desktop\NTI\Ecommerce Backend\node_modules\router\index.js:582:12)
    at next (C:\Users\yosef\OneDrive\Desktop\NTI\Ecommerce Backend\node_modules\router\index.js:291:5)
    at cors (C:\Users\yosef\OneDrive\Desktop\NTI\Ecommerce Backend\node_modules\cors\lib\index.js:188:7)
    at C:\Users\yosef\OneDrive\Desktop\NTI\Ecommerce Backend\node_modules\cors\lib\index.js:224:17
    at origin (C:\Users\yosef\OneDrive\Desktop\NTI\Ecommerce Backend\middlewares\cors.middleware.js:11:12)
    at C:\Users\yosef\OneDrive\Desktop\NTI\Ecommerce Backend\node_modules\cors\lib\index.js:219:13
14-05-2026 09:39:32 |ERROR| Error | GET | /api/v1//cart : can't find /api/v1//cart 
Error: can't find /api/v1//cart
    at C:\Users\yosef\OneDrive\Desktop\NTI\Ecommerce Backend\server.js:29:7
    at Layer.handleRequest (C:\Users\yosef\OneDrive\Desktop\NTI\Ecommerce Backend\node_modules\router\lib\layer.js:152:17)
    at trimPrefix (C:\Users\yosef\OneDrive\Desktop\NTI\Ecommerce Backend\node_modules\router\index.js:342:13)
    at C:\Users\yosef\OneDrive\Desktop\NTI\Ecommerce Backend\node_modules\router\index.js:297:9
    at processParams (C:\Users\yosef\OneDrive\Desktop\NTI\Ecommerce Backend\node_modules\router\index.js:582:12)
    at next (C:\Users\yosef\OneDrive\Desktop\NTI\Ecommerce Backend\node_modules\router\index.js:291:5)
    at cors (C:\Users\yosef\OneDrive\Desktop\NTI\Ecommerce Backend\node_modules\cors\lib\index.js:188:7)
    at C:\Users\yosef\OneDrive\Desktop\NTI\Ecommerce Backend\node_modules\cors\lib\index.js:224:17
    at origin (C:\Users\yosef\OneDrive\Desktop\NTI\Ecommerce Backend\middlewares\cors.middleware.js:11:12)
    at C:\Users\yosef\OneDrive\Desktop\NTI\Ecommerce Backend\node_modules\cors\lib\index.js:219:13
14-05-2026 09:40:04 |ERROR| Error | PUT | /api/v1/cart/69fb1befc6cc66558e2abe00 : can't find /api/v1/cart/69fb1befc6cc66558e2abe00 
Error: can't find /api/v1/cart/69fb1befc6cc66558e2abe00
    at C:\Users\yosef\OneDrive\Desktop\NTI\Ecommerce Backend\server.js:29:7
    at Layer.handleRequest (C:\Users\yosef\OneDrive\Desktop\NTI\Ecommerce Backend\node_modules\router\lib\layer.js:152:17)
    at trimPrefix (C:\Users\yosef\OneDrive\Desktop\NTI\Ecommerce Backend\node_modules\router\index.js:342:13)
    at C:\Users\yosef\OneDrive\Desktop\NTI\Ecommerce Backend\node_modules\router\index.js:297:9
    at processParams (C:\Users\yosef\OneDrive\Desktop\NTI\Ecommerce Backend\node_modules\router\index.js:582:12)
    at next (C:\Users\yosef\OneDrive\Desktop\NTI\Ecommerce Backend\node_modules\router\index.js:291:5)
    at C:\Users\yosef\OneDrive\Desktop\NTI\Ecommerce Backend\node_modules\router\index.js:688:15
    at next (C:\Users\yosef\OneDrive\Desktop\NTI\Ecommerce Backend\node_modules\router\index.js:276:14)
    at router.handle (C:\Users\yosef\OneDrive\Desktop\NTI\Ecommerce Backend\node_modules\router\index.js:186:3)
    at router (C:\Users\yosef\OneDrive\Desktop\NTI\Ecommerce Backend\node_modules\router\index.js:60:12)
14-05-2026 09:40:07 |ERROR| Error | PUT | /api/v1/cart/69fb1befc6cc66558e2abe00 : can't find /api/v1/cart/69fb1befc6cc66558e2abe00 
Error: can't find /api/v1/cart/69fb1befc6cc66558e2abe00
    at C:\Users\yosef\OneDrive\Desktop\NTI\Ecommerce Backend\server.js:29:7
    at Layer.handleRequest (C:\Users\yosef\OneDrive\Desktop\NTI\Ecommerce Backend\node_modules\router\lib\layer.js:152:17)
    at trimPrefix (C:\Users\yosef\OneDrive\Desktop\NTI\Ecommerce Backend\node_modules\router\index.js:342:13)
    at C:\Users\yosef\OneDrive\Desktop\NTI\Ecommerce Backend\node_modules\router\index.js:297:9
    at processParams (C:\Users\yosef\OneDrive\Desktop\NTI\Ecommerce Backend\node_modules\router\index.js:582:12)
    at next (C:\Users\yosef\OneDrive\Desktop\NTI\Ecommerce Backend\node_modules\router\index.js:291:5)
    at C:\Users\yosef\OneDrive\Desktop\NTI\Ecommerce Backend\node_modules\router\index.js:688:15
    at next (C:\Users\yosef\OneDrive\Desktop\NTI\Ecommerce Backend\node_modules\router\index.js:276:14)
    at router.handle (C:\Users\yosef\OneDrive\Desktop\NTI\Ecommerce Backend\node_modules\router\index.js:186:3)
    at router (C:\Users\yosef\OneDrive\Desktop\NTI\Ecommerce Backend\node_modules\router\index.js:60:12)
14-05-2026 09:40:20 |ERROR| Error | GET | /api/v1//cart : can't find /api/v1//cart 
Error: can't find /api/v1//cart
    at C:\Users\yosef\OneDrive\Desktop\NTI\Ecommerce Backend\server.js:29:7
    at Layer.handleRequest (C:\Users\yosef\OneDrive\Desktop\NTI\Ecommerce Backend\node_modules\router\lib\layer.js:152:17)
    at trimPrefix (C:\Users\yosef\OneDrive\Desktop\NTI\Ecommerce Backend\node_modules\router\index.js:342:13)
    at C:\Users\yosef\OneDrive\Desktop\NTI\Ecommerce Backend\node_modules\router\index.js:297:9
    at processParams (C:\Users\yosef\OneDrive\Desktop\NTI\Ecommerce Backend\node_modules\router\index.js:582:12)
    at next (C:\Users\yosef\OneDrive\Desktop\NTI\Ecommerce Backend\node_modules\router\index.js:291:5)
    at cors (C:\Users\yosef\OneDrive\Desktop\NTI\Ecommerce Backend\node_modules\cors\lib\index.js:188:7)
    at C:\Users\yosef\OneDrive\Desktop\NTI\Ecommerce Backend\node_modules\cors\lib\index.js:224:17
    at origin (C:\Users\yosef\OneDrive\Desktop\NTI\Ecommerce Backend\middlewares\cors.middleware.js:11:12)
    at C:\Users\yosef\OneDrive\Desktop\NTI\Ecommerce Backend\node_modules\cors\lib\index.js:219:13
14-05-2026 10:08:28 |ERROR| Error | GET | /api/files/undefined : can't find /api/files/undefined 
Error: can't find /api/files/undefined
    at C:\Users\yosef\OneDrive\Desktop\NTI\Ecommerce Backend\server.js:29:7
    at Layer.handleRequest (C:\Users\yosef\OneDrive\Desktop\NTI\Ecommerce Backend\node_modules\router\lib\layer.js:152:17)
    at trimPrefix (C:\Users\yosef\OneDrive\Desktop\NTI\Ecommerce Backend\node_modules\router\index.js:342:13)
    at C:\Users\yosef\OneDrive\Desktop\NTI\Ecommerce Backend\node_modules\router\index.js:297:9
    at processParams (C:\Users\yosef\OneDrive\Desktop\NTI\Ecommerce Backend\node_modules\router\index.js:582:12)
    at next (C:\Users\yosef\OneDrive\Desktop\NTI\Ecommerce Backend\node_modules\router\index.js:291:5)
    at SendStream.error (C:\Users\yosef\OneDrive\Desktop\NTI\Ecommerce Backend\node_modules\serve-static\index.js:120:7)
    at SendStream.emit (node:events:508:28)
    at SendStream.error (C:\Users\yosef\OneDrive\Desktop\NTI\Ecommerce Backend\node_modules\send\index.js:168:17)
    at SendStream.onStatError (C:\Users\yosef\OneDrive\Desktop\NTI\Ecommerce Backend\node_modules\send\index.js:315:12)
14-05-2026 10:08:31 |ERROR| Error | GET | /api/files/undefined : can't find /api/files/undefined 
Error: can't find /api/files/undefined
    at C:\Users\yosef\OneDrive\Desktop\NTI\Ecommerce Backend\server.js:29:7
    at Layer.handleRequest (C:\Users\yosef\OneDrive\Desktop\NTI\Ecommerce Backend\node_modules\router\lib\layer.js:152:17)
    at trimPrefix (C:\Users\yosef\OneDrive\Desktop\NTI\Ecommerce Backend\node_modules\router\index.js:342:13)
    at C:\Users\yosef\OneDrive\Desktop\NTI\Ecommerce Backend\node_modules\router\index.js:297:9
    at processParams (C:\Users\yosef\OneDrive\Desktop\NTI\Ecommerce Backend\node_modules\router\index.js:582:12)
    at next (C:\Users\yosef\OneDrive\Desktop\NTI\Ecommerce Backend\node_modules\router\index.js:291:5)
    at SendStream.error (C:\Users\yosef\OneDrive\Desktop\NTI\Ecommerce Backend\node_modules\serve-static\index.js:120:7)
    at SendStream.emit (node:events:508:28)
    at SendStream.error (C:\Users\yosef\OneDrive\Desktop\NTI\Ecommerce Backend\node_modules\send\index.js:168:17)
    at SendStream.onStatError (C:\Users\yosef\OneDrive\Desktop\NTI\Ecommerce Backend\node_modules\send\index.js:315:12)
14-05-2026 10:08:35 |ERROR| Error | GET | /api/files/undefined : can't find /api/files/undefined 
Error: can't find /api/files/undefined
    at C:\Users\yosef\OneDrive\Desktop\NTI\Ecommerce Backend\server.js:29:7
    at Layer.handleRequest (C:\Users\yosef\OneDrive\Desktop\NTI\Ecommerce Backend\node_modules\router\lib\layer.js:152:17)
    at trimPrefix (C:\Users\yosef\OneDrive\Desktop\NTI\Ecommerce Backend\node_modules\router\index.js:342:13)
    at C:\Users\yosef\OneDrive\Desktop\NTI\Ecommerce Backend\node_modules\router\index.js:297:9
    at processParams (C:\Users\yosef\OneDrive\Desktop\NTI\Ecommerce Backend\node_modules\router\index.js:582:12)
    at next (C:\Users\yosef\OneDrive\Desktop\NTI\Ecommerce Backend\node_modules\router\index.js:291:5)
    at SendStream.error (C:\Users\yosef\OneDrive\Desktop\NTI\Ecommerce Backend\node_modules\serve-static\index.js:120:7)
    at SendStream.emit (node:events:508:28)
    at SendStream.error (C:\Users\yosef\OneDrive\Desktop\NTI\Ecommerce Backend\node_modules\send\index.js:168:17)
    at SendStream.onStatError (C:\Users\yosef\OneDrive\Desktop\NTI\Ecommerce Backend\node_modules\send\index.js:315:12)
14-05-2026 10:08:38 |ERROR| Error | GET | /api/files/undefined : can't find /api/files/undefined 
Error: can't find /api/files/undefined
    at C:\Users\yosef\OneDrive\Desktop\NTI\Ecommerce Backend\server.js:29:7
    at Layer.handleRequest (C:\Users\yosef\OneDrive\Desktop\NTI\Ecommerce Backend\node_modules\router\lib\layer.js:152:17)
    at trimPrefix (C:\Users\yosef\OneDrive\Desktop\NTI\Ecommerce Backend\node_modules\router\index.js:342:13)
    at C:\Users\yosef\OneDrive\Desktop\NTI\Ecommerce Backend\node_modules\router\index.js:297:9
    at processParams (C:\Users\yosef\OneDrive\Desktop\NTI\Ecommerce Backend\node_modules\router\index.js:582:12)
    at next (C:\Users\yosef\OneDrive\Desktop\NTI\Ecommerce Backend\node_modules\router\index.js:291:5)
    at SendStream.error (C:\Users\yosef\OneDrive\Desktop\NTI\Ecommerce Backend\node_modules\serve-static\index.js:120:7)
    at SendStream.emit (node:events:508:28)
    at SendStream.error (C:\Users\yosef\OneDrive\Desktop\NTI\Ecommerce Backend\node_modules\send\index.js:168:17)
    at SendStream.onStatError (C:\Users\yosef\OneDrive\Desktop\NTI\Ecommerce Backend\node_modules\send\index.js:315:12)
14-05-2026 10:08:46 |ERROR| Error | GET | /api/files/undefined : can't find /api/files/undefined 
Error: can't find /api/files/undefined
    at C:\Users\yosef\OneDrive\Desktop\NTI\Ecommerce Backend\server.js:29:7
    at Layer.handleRequest (C:\Users\yosef\OneDrive\Desktop\NTI\Ecommerce Backend\node_modules\router\lib\layer.js:152:17)
    at trimPrefix (C:\Users\yosef\OneDrive\Desktop\NTI\Ecommerce Backend\node_modules\router\index.js:342:13)
    at C:\Users\yosef\OneDrive\Desktop\NTI\Ecommerce Backend\node_modules\router\index.js:297:9
    at processParams (C:\Users\yosef\OneDrive\Desktop\NTI\Ecommerce Backend\node_modules\router\index.js:582:12)
    at next (C:\Users\yosef\OneDrive\Desktop\NTI\Ecommerce Backend\node_modules\router\index.js:291:5)
    at SendStream.error (C:\Users\yosef\OneDrive\Desktop\NTI\Ecommerce Backend\node_modules\serve-static\index.js:120:7)
    at SendStream.emit (node:events:508:28)
    at SendStream.error (C:\Users\yosef\OneDrive\Desktop\NTI\Ecommerce Backend\node_modules\send\index.js:168:17)
    at SendStream.onStatError (C:\Users\yosef\OneDrive\Desktop\NTI\Ecommerce Backend\node_modules\send\index.js:315:12)
14-05-2026 10:09:47 |ERROR| Error | GET | /api/files/undefined : can't find /api/files/undefined 
Error: can't find /api/files/undefined
    at C:\Users\yosef\OneDrive\Desktop\NTI\Ecommerce Backend\server.js:29:7
    at Layer.handleRequest (C:\Users\yosef\OneDrive\Desktop\NTI\Ecommerce Backend\node_modules\router\lib\layer.js:152:17)
    at trimPrefix (C:\Users\yosef\OneDrive\Desktop\NTI\Ecommerce Backend\node_modules\router\index.js:342:13)
    at C:\Users\yosef\OneDrive\Desktop\NTI\Ecommerce Backend\node_modules\router\index.js:297:9
    at processParams (C:\Users\yosef\OneDrive\Desktop\NTI\Ecommerce Backend\node_modules\router\index.js:582:12)
    at next (C:\Users\yosef\OneDrive\Desktop\NTI\Ecommerce Backend\node_modules\router\index.js:291:5)
    at SendStream.error (C:\Users\yosef\OneDrive\Desktop\NTI\Ecommerce Backend\node_modules\serve-static\index.js:120:7)
    at SendStream.emit (node:events:508:28)
    at SendStream.error (C:\Users\yosef\OneDrive\Desktop\NTI\Ecommerce Backend\node_modules\send\index.js:168:17)
    at SendStream.onStatError (C:\Users\yosef\OneDrive\Desktop\NTI\Ecommerce Backend\node_modules\send\index.js:315:12)
14-05-2026 10:09:49 |ERROR| Error | PATCH | /api/v1/cart : Product is required! 
Error: Product is required!
    at C:\Users\yosef\OneDrive\Desktop\NTI\Ecommerce Backend\controller\cart.controller.js:109:30
    at C:\Users\yosef\OneDrive\Desktop\NTI\Ecommerce Backend\utilites\catchAsync.uti.js:4:3
    at Layer.handleRequest (C:\Users\yosef\OneDrive\Desktop\NTI\Ecommerce Backend\node_modules\router\lib\layer.js:152:17)
    at next (C:\Users\yosef\OneDrive\Desktop\NTI\Ecommerce Backend\node_modules\router\lib\route.js:157:13)
    at C:\Users\yosef\OneDrive\Desktop\NTI\Ecommerce Backend\middlewares\role.middleware.js:8:3
    at Layer.handleRequest (C:\Users\yosef\OneDrive\Desktop\NTI\Ecommerce Backend\node_modules\router\lib\layer.js:152:17)
    at next (C:\Users\yosef\OneDrive\Desktop\NTI\Ecommerce Backend\node_modules\router\lib\route.js:157:13)
    at exports.authanticate (C:\Users\yosef\OneDrive\Desktop\NTI\Ecommerce Backend\middlewares\auth.middleware.js:17:2)
    at process.processTicksAndRejections (node:internal/process/task_queues:104:5)
14-05-2026 10:10:35 |ERROR| Error | GET | /api/files/undefined : can't find /api/files/undefined 
Error: can't find /api/files/undefined
    at C:\Users\yosef\OneDrive\Desktop\NTI\Ecommerce Backend\server.js:29:7
    at Layer.handleRequest (C:\Users\yosef\OneDrive\Desktop\NTI\Ecommerce Backend\node_modules\router\lib\layer.js:152:17)
    at trimPrefix (C:\Users\yosef\OneDrive\Desktop\NTI\Ecommerce Backend\node_modules\router\index.js:342:13)
    at C:\Users\yosef\OneDrive\Desktop\NTI\Ecommerce Backend\node_modules\router\index.js:297:9
    at processParams (C:\Users\yosef\OneDrive\Desktop\NTI\Ecommerce Backend\node_modules\router\index.js:582:12)
    at next (C:\Users\yosef\OneDrive\Desktop\NTI\Ecommerce Backend\node_modules\router\index.js:291:5)
    at SendStream.error (C:\Users\yosef\OneDrive\Desktop\NTI\Ecommerce Backend\node_modules\serve-static\index.js:120:7)
    at SendStream.emit (node:events:508:28)
    at SendStream.error (C:\Users\yosef\OneDrive\Desktop\NTI\Ecommerce Backend\node_modules\send\index.js:168:17)
    at SendStream.onStatError (C:\Users\yosef\OneDrive\Desktop\NTI\Ecommerce Backend\node_modules\send\index.js:315:12)
14-05-2026 10:10:37 |ERROR| Error | PATCH | /api/v1/cart : Product is required! 
Error: Product is required!
    at C:\Users\yosef\OneDrive\Desktop\NTI\Ecommerce Backend\controller\cart.controller.js:109:30
    at C:\Users\yosef\OneDrive\Desktop\NTI\Ecommerce Backend\utilites\catchAsync.uti.js:4:3
    at Layer.handleRequest (C:\Users\yosef\OneDrive\Desktop\NTI\Ecommerce Backend\node_modules\router\lib\layer.js:152:17)
    at next (C:\Users\yosef\OneDrive\Desktop\NTI\Ecommerce Backend\node_modules\router\lib\route.js:157:13)
    at C:\Users\yosef\OneDrive\Desktop\NTI\Ecommerce Backend\middlewares\role.middleware.js:8:3
    at Layer.handleRequest (C:\Users\yosef\OneDrive\Desktop\NTI\Ecommerce Backend\node_modules\router\lib\layer.js:152:17)
    at next (C:\Users\yosef\OneDrive\Desktop\NTI\Ecommerce Backend\node_modules\router\lib\route.js:157:13)
    at exports.authanticate (C:\Users\yosef\OneDrive\Desktop\NTI\Ecommerce Backend\middlewares\auth.middleware.js:17:2)
    at process.processTicksAndRejections (node:internal/process/task_queues:104:5)
14-05-2026 10:13:22 |ERROR| Error | PATCH | /api/v1/cart : Product is required! 
Error: Product is required!
    at C:\Users\yosef\OneDrive\Desktop\NTI\Ecommerce Backend\controller\cart.controller.js:109:30
    at C:\Users\yosef\OneDrive\Desktop\NTI\Ecommerce Backend\utilites\catchAsync.uti.js:4:3
    at Layer.handleRequest (C:\Users\yosef\OneDrive\Desktop\NTI\Ecommerce Backend\node_modules\router\lib\layer.js:152:17)
    at next (C:\Users\yosef\OneDrive\Desktop\NTI\Ecommerce Backend\node_modules\router\lib\route.js:157:13)
    at C:\Users\yosef\OneDrive\Desktop\NTI\Ecommerce Backend\middlewares\role.middleware.js:8:3
    at Layer.handleRequest (C:\Users\yosef\OneDrive\Desktop\NTI\Ecommerce Backend\node_modules\router\lib\layer.js:152:17)
    at next (C:\Users\yosef\OneDrive\Desktop\NTI\Ecommerce Backend\node_modules\router\lib\route.js:157:13)
    at exports.authanticate (C:\Users\yosef\OneDrive\Desktop\NTI\Ecommerce Backend\middlewares\auth.middleware.js:17:2)
    at process.processTicksAndRejections (node:internal/process/task_queues:104:5)
14-05-2026 10:14:53 |ERROR| Error | PATCH | /api/v1/cart : Product is required! 
Error: Product is required!
    at C:\Users\yosef\OneDrive\Desktop\NTI\Ecommerce Backend\controller\cart.controller.js:109:30
    at C:\Users\yosef\OneDrive\Desktop\NTI\Ecommerce Backend\utilites\catchAsync.uti.js:4:3
    at Layer.handleRequest (C:\Users\yosef\OneDrive\Desktop\NTI\Ecommerce Backend\node_modules\router\lib\layer.js:152:17)
    at next (C:\Users\yosef\OneDrive\Desktop\NTI\Ecommerce Backend\node_modules\router\lib\route.js:157:13)
    at C:\Users\yosef\OneDrive\Desktop\NTI\Ecommerce Backend\middlewares\role.middleware.js:8:3
    at Layer.handleRequest (C:\Users\yosef\OneDrive\Desktop\NTI\Ecommerce Backend\node_modules\router\lib\layer.js:152:17)
    at next (C:\Users\yosef\OneDrive\Desktop\NTI\Ecommerce Backend\node_modules\router\lib\route.js:157:13)
    at exports.authanticate (C:\Users\yosef\OneDrive\Desktop\NTI\Ecommerce Backend\middlewares\auth.middleware.js:17:2)
    at process.processTicksAndRejections (node:internal/process/task_queues:104:5)
14-05-2026 10:14:58 |ERROR| Error | PATCH | /api/v1/cart : Product is required! 
Error: Product is required!
    at C:\Users\yosef\OneDrive\Desktop\NTI\Ecommerce Backend\controller\cart.controller.js:109:30
    at C:\Users\yosef\OneDrive\Desktop\NTI\Ecommerce Backend\utilites\catchAsync.uti.js:4:3
    at Layer.handleRequest (C:\Users\yosef\OneDrive\Desktop\NTI\Ecommerce Backend\node_modules\router\lib\layer.js:152:17)
    at next (C:\Users\yosef\OneDrive\Desktop\NTI\Ecommerce Backend\node_modules\router\lib\route.js:157:13)
    at C:\Users\yosef\OneDrive\Desktop\NTI\Ecommerce Backend\middlewares\role.middleware.js:8:3
    at Layer.handleRequest (C:\Users\yosef\OneDrive\Desktop\NTI\Ecommerce Backend\node_modules\router\lib\layer.js:152:17)
    at next (C:\Users\yosef\OneDrive\Desktop\NTI\Ecommerce Backend\node_modules\router\lib\route.js:157:13)
    at exports.authanticate (C:\Users\yosef\OneDrive\Desktop\NTI\Ecommerce Backend\middlewares\auth.middleware.js:17:2)
    at process.processTicksAndRejections (node:internal/process/task_queues:104:5)
14-05-2026 10:18:25 |ERROR| Error | PATCH | /api/v1/cart : Product is required! 
Error: Product is required!
    at C:\Users\yosef\OneDrive\Desktop\NTI\Ecommerce Backend\controller\cart.controller.js:109:30
    at C:\Users\yosef\OneDrive\Desktop\NTI\Ecommerce Backend\utilites\catchAsync.uti.js:4:3
    at Layer.handleRequest (C:\Users\yosef\OneDrive\Desktop\NTI\Ecommerce Backend\node_modules\router\lib\layer.js:152:17)
    at next (C:\Users\yosef\OneDrive\Desktop\NTI\Ecommerce Backend\node_modules\router\lib\route.js:157:13)
    at C:\Users\yosef\OneDrive\Desktop\NTI\Ecommerce Backend\middlewares\role.middleware.js:8:3
    at Layer.handleRequest (C:\Users\yosef\OneDrive\Desktop\NTI\Ecommerce Backend\node_modules\router\lib\layer.js:152:17)
    at next (C:\Users\yosef\OneDrive\Desktop\NTI\Ecommerce Backend\node_modules\router\lib\route.js:157:13)
    at exports.authanticate (C:\Users\yosef\OneDrive\Desktop\NTI\Ecommerce Backend\middlewares\auth.middleware.js:17:2)
    at process.processTicksAndRejections (node:internal/process/task_queues:104:5)
14-05-2026 10:19:44 |ERROR| Error | GET | /api/files/undefined : can't find /api/files/undefined 
Error: can't find /api/files/undefined
    at C:\Users\yosef\OneDrive\Desktop\NTI\Ecommerce Backend\server.js:29:7
    at Layer.handleRequest (C:\Users\yosef\OneDrive\Desktop\NTI\Ecommerce Backend\node_modules\router\lib\layer.js:152:17)
    at trimPrefix (C:\Users\yosef\OneDrive\Desktop\NTI\Ecommerce Backend\node_modules\router\index.js:342:13)
    at C:\Users\yosef\OneDrive\Desktop\NTI\Ecommerce Backend\node_modules\router\index.js:297:9
    at processParams (C:\Users\yosef\OneDrive\Desktop\NTI\Ecommerce Backend\node_modules\router\index.js:582:12)
    at next (C:\Users\yosef\OneDrive\Desktop\NTI\Ecommerce Backend\node_modules\router\index.js:291:5)
    at SendStream.error (C:\Users\yosef\OneDrive\Desktop\NTI\Ecommerce Backend\node_modules\serve-static\index.js:120:7)
    at SendStream.emit (node:events:508:28)
    at SendStream.error (C:\Users\yosef\OneDrive\Desktop\NTI\Ecommerce Backend\node_modules\send\index.js:168:17)
    at SendStream.onStatError (C:\Users\yosef\OneDrive\Desktop\NTI\Ecommerce Backend\node_modules\send\index.js:315:12)
14-05-2026 10:19:47 |ERROR| Error | PATCH | /api/v1/cart : Product is required! 
Error: Product is required!
    at C:\Users\yosef\OneDrive\Desktop\NTI\Ecommerce Backend\controller\cart.controller.js:109:30
    at C:\Users\yosef\OneDrive\Desktop\NTI\Ecommerce Backend\utilites\catchAsync.uti.js:4:3
    at Layer.handleRequest (C:\Users\yosef\OneDrive\Desktop\NTI\Ecommerce Backend\node_modules\router\lib\layer.js:152:17)
    at next (C:\Users\yosef\OneDrive\Desktop\NTI\Ecommerce Backend\node_modules\router\lib\route.js:157:13)
    at C:\Users\yosef\OneDrive\Desktop\NTI\Ecommerce Backend\middlewares\role.middleware.js:8:3
    at Layer.handleRequest (C:\Users\yosef\OneDrive\Desktop\NTI\Ecommerce Backend\node_modules\router\lib\layer.js:152:17)
    at next (C:\Users\yosef\OneDrive\Desktop\NTI\Ecommerce Backend\node_modules\router\lib\route.js:157:13)
    at exports.authanticate (C:\Users\yosef\OneDrive\Desktop\NTI\Ecommerce Backend\middlewares\auth.middleware.js:17:2)
    at process.processTicksAndRejections (node:internal/process/task_queues:104:5)
14-05-2026 10:19:52 |ERROR| Error | GET | /api/files/undefined : can't find /api/files/undefined 
Error: can't find /api/files/undefined
    at C:\Users\yosef\OneDrive\Desktop\NTI\Ecommerce Backend\server.js:29:7
    at Layer.handleRequest (C:\Users\yosef\OneDrive\Desktop\NTI\Ecommerce Backend\node_modules\router\lib\layer.js:152:17)
    at trimPrefix (C:\Users\yosef\OneDrive\Desktop\NTI\Ecommerce Backend\node_modules\router\index.js:342:13)
    at C:\Users\yosef\OneDrive\Desktop\NTI\Ecommerce Backend\node_modules\router\index.js:297:9
    at processParams (C:\Users\yosef\OneDrive\Desktop\NTI\Ecommerce Backend\node_modules\router\index.js:582:12)
    at next (C:\Users\yosef\OneDrive\Desktop\NTI\Ecommerce Backend\node_modules\router\index.js:291:5)
    at SendStream.error (C:\Users\yosef\OneDrive\Desktop\NTI\Ecommerce Backend\node_modules\serve-static\index.js:120:7)
    at SendStream.emit (node:events:508:28)
    at SendStream.error (C:\Users\yosef\OneDrive\Desktop\NTI\Ecommerce Backend\node_modules\send\index.js:168:17)
    at SendStream.onStatError (C:\Users\yosef\OneDrive\Desktop\NTI\Ecommerce Backend\node_modules\send\index.js:315:12)
14-05-2026 10:30:03 |ERROR| Error | GET | /api/files/undefined : can't find /api/files/undefined 
Error: can't find /api/files/undefined
    at C:\Users\yosef\OneDrive\Desktop\NTI\Ecommerce Backend\server.js:29:7
    at Layer.handleRequest (C:\Users\yosef\OneDrive\Desktop\NTI\Ecommerce Backend\node_modules\router\lib\layer.js:152:17)
    at trimPrefix (C:\Users\yosef\OneDrive\Desktop\NTI\Ecommerce Backend\node_modules\router\index.js:342:13)
    at C:\Users\yosef\OneDrive\Desktop\NTI\Ecommerce Backend\node_modules\router\index.js:297:9
    at processParams (C:\Users\yosef\OneDrive\Desktop\NTI\Ecommerce Backend\node_modules\router\index.js:582:12)
    at next (C:\Users\yosef\OneDrive\Desktop\NTI\Ecommerce Backend\node_modules\router\index.js:291:5)
    at SendStream.error (C:\Users\yosef\OneDrive\Desktop\NTI\Ecommerce Backend\node_modules\serve-static\index.js:120:7)
    at SendStream.emit (node:events:508:28)
    at SendStream.error (C:\Users\yosef\OneDrive\Desktop\NTI\Ecommerce Backend\node_modules\send\index.js:168:17)
    at SendStream.onStatError (C:\Users\yosef\OneDrive\Desktop\NTI\Ecommerce Backend\node_modules\send\index.js:315:12)
14-05-2026 10:30:04 |ERROR| Error | PATCH | /api/v1/cart : Product is required! 
Error: Product is required!
    at C:\Users\yosef\OneDrive\Desktop\NTI\Ecommerce Backend\controller\cart.controller.js:109:30
    at C:\Users\yosef\OneDrive\Desktop\NTI\Ecommerce Backend\utilites\catchAsync.uti.js:4:3
    at Layer.handleRequest (C:\Users\yosef\OneDrive\Desktop\NTI\Ecommerce Backend\node_modules\router\lib\layer.js:152:17)
    at next (C:\Users\yosef\OneDrive\Desktop\NTI\Ecommerce Backend\node_modules\router\lib\route.js:157:13)
    at C:\Users\yosef\OneDrive\Desktop\NTI\Ecommerce Backend\middlewares\role.middleware.js:8:3
    at Layer.handleRequest (C:\Users\yosef\OneDrive\Desktop\NTI\Ecommerce Backend\node_modules\router\lib\layer.js:152:17)
    at next (C:\Users\yosef\OneDrive\Desktop\NTI\Ecommerce Backend\node_modules\router\lib\route.js:157:13)
    at exports.authanticate (C:\Users\yosef\OneDrive\Desktop\NTI\Ecommerce Backend\middlewares\auth.middleware.js:17:2)
    at process.processTicksAndRejections (node:internal/process/task_queues:104:5)
14-05-2026 10:30:05 |ERROR| Error | PATCH | /api/v1/cart : Product is required! 
Error: Product is required!
    at C:\Users\yosef\OneDrive\Desktop\NTI\Ecommerce Backend\controller\cart.controller.js:109:30
    at C:\Users\yosef\OneDrive\Desktop\NTI\Ecommerce Backend\utilites\catchAsync.uti.js:4:3
    at Layer.handleRequest (C:\Users\yosef\OneDrive\Desktop\NTI\Ecommerce Backend\node_modules\router\lib\layer.js:152:17)
    at next (C:\Users\yosef\OneDrive\Desktop\NTI\Ecommerce Backend\node_modules\router\lib\route.js:157:13)
    at C:\Users\yosef\OneDrive\Desktop\NTI\Ecommerce Backend\middlewares\role.middleware.js:8:3
    at Layer.handleRequest (C:\Users\yosef\OneDrive\Desktop\NTI\Ecommerce Backend\node_modules\router\lib\layer.js:152:17)
    at next (C:\Users\yosef\OneDrive\Desktop\NTI\Ecommerce Backend\node_modules\router\lib\route.js:157:13)
    at exports.authanticate (C:\Users\yosef\OneDrive\Desktop\NTI\Ecommerce Backend\middlewares\auth.middleware.js:17:2)
    at process.processTicksAndRejections (node:internal/process/task_queues:104:5)
14-05-2026 10:30:06 |ERROR| Error | PATCH | /api/v1/cart : Product is required! 
Error: Product is required!
    at C:\Users\yosef\OneDrive\Desktop\NTI\Ecommerce Backend\controller\cart.controller.js:109:30
    at C:\Users\yosef\OneDrive\Desktop\NTI\Ecommerce Backend\utilites\catchAsync.uti.js:4:3
    at Layer.handleRequest (C:\Users\yosef\OneDrive\Desktop\NTI\Ecommerce Backend\node_modules\router\lib\layer.js:152:17)
    at next (C:\Users\yosef\OneDrive\Desktop\NTI\Ecommerce Backend\node_modules\router\lib\route.js:157:13)
    at C:\Users\yosef\OneDrive\Desktop\NTI\Ecommerce Backend\middlewares\role.middleware.js:8:3
    at Layer.handleRequest (C:\Users\yosef\OneDrive\Desktop\NTI\Ecommerce Backend\node_modules\router\lib\layer.js:152:17)
    at next (C:\Users\yosef\OneDrive\Desktop\NTI\Ecommerce Backend\node_modules\router\lib\route.js:157:13)
    at exports.authanticate (C:\Users\yosef\OneDrive\Desktop\NTI\Ecommerce Backend\middlewares\auth.middleware.js:17:2)
    at process.processTicksAndRejections (node:internal/process/task_queues:104:5)
14-05-2026 10:30:06 |ERROR| Error | PATCH | /api/v1/cart : Product is required! 
Error: Product is required!
    at C:\Users\yosef\OneDrive\Desktop\NTI\Ecommerce Backend\controller\cart.controller.js:109:30
    at C:\Users\yosef\OneDrive\Desktop\NTI\Ecommerce Backend\utilites\catchAsync.uti.js:4:3
    at Layer.handleRequest (C:\Users\yosef\OneDrive\Desktop\NTI\Ecommerce Backend\node_modules\router\lib\layer.js:152:17)
    at next (C:\Users\yosef\OneDrive\Desktop\NTI\Ecommerce Backend\node_modules\router\lib\route.js:157:13)
    at C:\Users\yosef\OneDrive\Desktop\NTI\Ecommerce Backend\middlewares\role.middleware.js:8:3
    at Layer.handleRequest (C:\Users\yosef\OneDrive\Desktop\NTI\Ecommerce Backend\node_modules\router\lib\layer.js:152:17)
    at next (C:\Users\yosef\OneDrive\Desktop\NTI\Ecommerce Backend\node_modules\router\lib\route.js:157:13)
    at exports.authanticate (C:\Users\yosef\OneDrive\Desktop\NTI\Ecommerce Backend\middlewares\auth.middleware.js:17:2)
    at process.processTicksAndRejections (node:internal/process/task_queues:104:5)
14-05-2026 10:30:07 |ERROR| Error | PATCH | /api/v1/cart : Product is required! 
Error: Product is required!
    at C:\Users\yosef\OneDrive\Desktop\NTI\Ecommerce Backend\controller\cart.controller.js:109:30
    at C:\Users\yosef\OneDrive\Desktop\NTI\Ecommerce Backend\utilites\catchAsync.uti.js:4:3
    at Layer.handleRequest (C:\Users\yosef\OneDrive\Desktop\NTI\Ecommerce Backend\node_modules\router\lib\layer.js:152:17)
    at next (C:\Users\yosef\OneDrive\Desktop\NTI\Ecommerce Backend\node_modules\router\lib\route.js:157:13)
    at C:\Users\yosef\OneDrive\Desktop\NTI\Ecommerce Backend\middlewares\role.middleware.js:8:3
    at Layer.handleRequest (C:\Users\yosef\OneDrive\Desktop\NTI\Ecommerce Backend\node_modules\router\lib\layer.js:152:17)
    at next (C:\Users\yosef\OneDrive\Desktop\NTI\Ecommerce Backend\node_modules\router\lib\route.js:157:13)
    at exports.authanticate (C:\Users\yosef\OneDrive\Desktop\NTI\Ecommerce Backend\middlewares\auth.middleware.js:17:2)
    at process.processTicksAndRejections (node:internal/process/task_queues:104:5)
14-05-2026 10:30:27 |ERROR| Error | GET | /api/files/undefined : can't find /api/files/undefined 
Error: can't find /api/files/undefined
    at C:\Users\yosef\OneDrive\Desktop\NTI\Ecommerce Backend\server.js:29:7
    at Layer.handleRequest (C:\Users\yosef\OneDrive\Desktop\NTI\Ecommerce Backend\node_modules\router\lib\layer.js:152:17)
    at trimPrefix (C:\Users\yosef\OneDrive\Desktop\NTI\Ecommerce Backend\node_modules\router\index.js:342:13)
    at C:\Users\yosef\OneDrive\Desktop\NTI\Ecommerce Backend\node_modules\router\index.js:297:9
    at processParams (C:\Users\yosef\OneDrive\Desktop\NTI\Ecommerce Backend\node_modules\router\index.js:582:12)
    at next (C:\Users\yosef\OneDrive\Desktop\NTI\Ecommerce Backend\node_modules\router\index.js:291:5)
    at SendStream.error (C:\Users\yosef\OneDrive\Desktop\NTI\Ecommerce Backend\node_modules\serve-static\index.js:120:7)
    at SendStream.emit (node:events:508:28)
    at SendStream.error (C:\Users\yosef\OneDrive\Desktop\NTI\Ecommerce Backend\node_modules\send\index.js:168:17)
    at SendStream.onStatError (C:\Users\yosef\OneDrive\Desktop\NTI\Ecommerce Backend\node_modules\send\index.js:315:12)
14-05-2026 10:31:00 |ERROR| Error | PATCH | /api/v1/cart : Product is required! 
Error: Product is required!
    at C:\Users\yosef\OneDrive\Desktop\NTI\Ecommerce Backend\controller\cart.controller.js:109:30
    at C:\Users\yosef\OneDrive\Desktop\NTI\Ecommerce Backend\utilites\catchAsync.uti.js:4:3
    at Layer.handleRequest (C:\Users\yosef\OneDrive\Desktop\NTI\Ecommerce Backend\node_modules\router\lib\layer.js:152:17)
    at next (C:\Users\yosef\OneDrive\Desktop\NTI\Ecommerce Backend\node_modules\router\lib\route.js:157:13)
    at C:\Users\yosef\OneDrive\Desktop\NTI\Ecommerce Backend\middlewares\role.middleware.js:8:3
    at Layer.handleRequest (C:\Users\yosef\OneDrive\Desktop\NTI\Ecommerce Backend\node_modules\router\lib\layer.js:152:17)
    at next (C:\Users\yosef\OneDrive\Desktop\NTI\Ecommerce Backend\node_modules\router\lib\route.js:157:13)
    at exports.authanticate (C:\Users\yosef\OneDrive\Desktop\NTI\Ecommerce Backend\middlewares\auth.middleware.js:17:2)
    at process.processTicksAndRejections (node:internal/process/task_queues:104:5)
14-05-2026 10:34:19 |ERROR| Error | GET | /api/v1/cart : unauthorized, no token provided! 
Error: unauthorized, no token provided!
    at exports.authanticate (C:\Users\yosef\OneDrive\Desktop\NTI\Ecommerce Backend\middlewares\auth.middleware.js:8:15)
    at Layer.handleRequest (C:\Users\yosef\OneDrive\Desktop\NTI\Ecommerce Backend\node_modules\router\lib\layer.js:152:17)
    at next (C:\Users\yosef\OneDrive\Desktop\NTI\Ecommerce Backend\node_modules\router\lib\route.js:157:13)
    at Route.dispatch (C:\Users\yosef\OneDrive\Desktop\NTI\Ecommerce Backend\node_modules\router\lib\route.js:117:3)
    at handle (C:\Users\yosef\OneDrive\Desktop\NTI\Ecommerce Backend\node_modules\router\index.js:435:11)
    at Layer.handleRequest (C:\Users\yosef\OneDrive\Desktop\NTI\Ecommerce Backend\node_modules\router\lib\layer.js:152:17)
    at C:\Users\yosef\OneDrive\Desktop\NTI\Ecommerce Backend\node_modules\router\index.js:295:15
    at processParams (C:\Users\yosef\OneDrive\Desktop\NTI\Ecommerce Backend\node_modules\router\index.js:582:12)
    at next (C:\Users\yosef\OneDrive\Desktop\NTI\Ecommerce Backend\node_modules\router\index.js:291:5)
    at router.handle (C:\Users\yosef\OneDrive\Desktop\NTI\Ecommerce Backend\node_modules\router\index.js:186:3)
14-05-2026 10:34:33 |ERROR| Error | POST | /api/v1/auth/login : Invalid mobile or Password! 
Error: Invalid mobile or Password!
    at C:\Users\yosef\OneDrive\Desktop\NTI\Ecommerce Backend\controller\auth.controller.js:22:7
    at process.processTicksAndRejections (node:internal/process/task_queues:104:5)
14-05-2026 10:34:37 |ERROR| Error | GET | /api/v1/cart : unauthorized, no token provided! 
Error: unauthorized, no token provided!
    at exports.authanticate (C:\Users\yosef\OneDrive\Desktop\NTI\Ecommerce Backend\middlewares\auth.middleware.js:8:15)
    at Layer.handleRequest (C:\Users\yosef\OneDrive\Desktop\NTI\Ecommerce Backend\node_modules\router\lib\layer.js:152:17)
    at next (C:\Users\yosef\OneDrive\Desktop\NTI\Ecommerce Backend\node_modules\router\lib\route.js:157:13)
    at Route.dispatch (C:\Users\yosef\OneDrive\Desktop\NTI\Ecommerce Backend\node_modules\router\lib\route.js:117:3)
    at handle (C:\Users\yosef\OneDrive\Desktop\NTI\Ecommerce Backend\node_modules\router\index.js:435:11)
    at Layer.handleRequest (C:\Users\yosef\OneDrive\Desktop\NTI\Ecommerce Backend\node_modules\router\lib\layer.js:152:17)
    at C:\Users\yosef\OneDrive\Desktop\NTI\Ecommerce Backend\node_modules\router\index.js:295:15
    at processParams (C:\Users\yosef\OneDrive\Desktop\NTI\Ecommerce Backend\node_modules\router\index.js:582:12)
    at next (C:\Users\yosef\OneDrive\Desktop\NTI\Ecommerce Backend\node_modules\router\index.js:291:5)
    at router.handle (C:\Users\yosef\OneDrive\Desktop\NTI\Ecommerce Backend\node_modules\router\index.js:186:3)
14-05-2026 10:35:16 |ERROR| Error | GET | /api/v1/cart : unauthorized, no token provided! 
Error: unauthorized, no token provided!
    at exports.authanticate (C:\Users\yosef\OneDrive\Desktop\NTI\Ecommerce Backend\middlewares\auth.middleware.js:8:15)
    at Layer.handleRequest (C:\Users\yosef\OneDrive\Desktop\NTI\Ecommerce Backend\node_modules\router\lib\layer.js:152:17)
    at next (C:\Users\yosef\OneDrive\Desktop\NTI\Ecommerce Backend\node_modules\router\lib\route.js:157:13)
    at Route.dispatch (C:\Users\yosef\OneDrive\Desktop\NTI\Ecommerce Backend\node_modules\router\lib\route.js:117:3)
    at handle (C:\Users\yosef\OneDrive\Desktop\NTI\Ecommerce Backend\node_modules\router\index.js:435:11)
    at Layer.handleRequest (C:\Users\yosef\OneDrive\Desktop\NTI\Ecommerce Backend\node_modules\router\lib\layer.js:152:17)
    at C:\Users\yosef\OneDrive\Desktop\NTI\Ecommerce Backend\node_modules\router\index.js:295:15
    at processParams (C:\Users\yosef\OneDrive\Desktop\NTI\Ecommerce Backend\node_modules\router\index.js:582:12)
    at next (C:\Users\yosef\OneDrive\Desktop\NTI\Ecommerce Backend\node_modules\router\index.js:291:5)
    at router.handle (C:\Users\yosef\OneDrive\Desktop\NTI\Ecommerce Backend\node_modules\router\index.js:186:3)
14-05-2026 10:35:42 |ERROR| Error | GET | /api/v1/cart : unauthorized, no token provided! 
Error: unauthorized, no token provided!
    at exports.authanticate (C:\Users\yosef\OneDrive\Desktop\NTI\Ecommerce Backend\middlewares\auth.middleware.js:8:15)
    at Layer.handleRequest (C:\Users\yosef\OneDrive\Desktop\NTI\Ecommerce Backend\node_modules\router\lib\layer.js:152:17)
    at next (C:\Users\yosef\OneDrive\Desktop\NTI\Ecommerce Backend\node_modules\router\lib\route.js:157:13)
    at Route.dispatch (C:\Users\yosef\OneDrive\Desktop\NTI\Ecommerce Backend\node_modules\router\lib\route.js:117:3)
    at handle (C:\Users\yosef\OneDrive\Desktop\NTI\Ecommerce Backend\node_modules\router\index.js:435:11)
    at Layer.handleRequest (C:\Users\yosef\OneDrive\Desktop\NTI\Ecommerce Backend\node_modules\router\lib\layer.js:152:17)
    at C:\Users\yosef\OneDrive\Desktop\NTI\Ecommerce Backend\node_modules\router\index.js:295:15
    at processParams (C:\Users\yosef\OneDrive\Desktop\NTI\Ecommerce Backend\node_modules\router\index.js:582:12)
    at next (C:\Users\yosef\OneDrive\Desktop\NTI\Ecommerce Backend\node_modules\router\index.js:291:5)
    at router.handle (C:\Users\yosef\OneDrive\Desktop\NTI\Ecommerce Backend\node_modules\router\index.js:186:3)
14-05-2026 10:37:51 |ERROR| Error | GET | /api/v1/cart : unauthorized, no token provided! 
Error: unauthorized, no token provided!
    at exports.authanticate (C:\Users\yosef\OneDrive\Desktop\NTI\Ecommerce Backend\middlewares\auth.middleware.js:8:15)
    at Layer.handleRequest (C:\Users\yosef\OneDrive\Desktop\NTI\Ecommerce Backend\node_modules\router\lib\layer.js:152:17)
    at next (C:\Users\yosef\OneDrive\Desktop\NTI\Ecommerce Backend\node_modules\router\lib\route.js:157:13)
    at Route.dispatch (C:\Users\yosef\OneDrive\Desktop\NTI\Ecommerce Backend\node_modules\router\lib\route.js:117:3)
    at handle (C:\Users\yosef\OneDrive\Desktop\NTI\Ecommerce Backend\node_modules\router\index.js:435:11)
    at Layer.handleRequest (C:\Users\yosef\OneDrive\Desktop\NTI\Ecommerce Backend\node_modules\router\lib\layer.js:152:17)
    at C:\Users\yosef\OneDrive\Desktop\NTI\Ecommerce Backend\node_modules\router\index.js:295:15
    at processParams (C:\Users\yosef\OneDrive\Desktop\NTI\Ecommerce Backend\node_modules\router\index.js:582:12)
    at next (C:\Users\yosef\OneDrive\Desktop\NTI\Ecommerce Backend\node_modules\router\index.js:291:5)
    at router.handle (C:\Users\yosef\OneDrive\Desktop\NTI\Ecommerce Backend\node_modules\router\index.js:186:3)
14-05-2026 10:37:52 |ERROR| Error | GET | /api/v1/cart : unauthorized, no token provided! 
Error: unauthorized, no token provided!
    at exports.authanticate (C:\Users\yosef\OneDrive\Desktop\NTI\Ecommerce Backend\middlewares\auth.middleware.js:8:15)
    at Layer.handleRequest (C:\Users\yosef\OneDrive\Desktop\NTI\Ecommerce Backend\node_modules\router\lib\layer.js:152:17)
    at next (C:\Users\yosef\OneDrive\Desktop\NTI\Ecommerce Backend\node_modules\router\lib\route.js:157:13)
    at Route.dispatch (C:\Users\yosef\OneDrive\Desktop\NTI\Ecommerce Backend\node_modules\router\lib\route.js:117:3)
    at handle (C:\Users\yosef\OneDrive\Desktop\NTI\Ecommerce Backend\node_modules\router\index.js:435:11)
    at Layer.handleRequest (C:\Users\yosef\OneDrive\Desktop\NTI\Ecommerce Backend\node_modules\router\lib\layer.js:152:17)
    at C:\Users\yosef\OneDrive\Desktop\NTI\Ecommerce Backend\node_modules\router\index.js:295:15
    at processParams (C:\Users\yosef\OneDrive\Desktop\NTI\Ecommerce Backend\node_modules\router\index.js:582:12)
    at next (C:\Users\yosef\OneDrive\Desktop\NTI\Ecommerce Backend\node_modules\router\index.js:291:5)
    at router.handle (C:\Users\yosef\OneDrive\Desktop\NTI\Ecommerce Backend\node_modules\router\index.js:186:3)
14-05-2026 10:37:52 |ERROR| Error | GET | /api/v1/cart : unauthorized, no token provided! 
Error: unauthorized, no token provided!
    at exports.authanticate (C:\Users\yosef\OneDrive\Desktop\NTI\Ecommerce Backend\middlewares\auth.middleware.js:8:15)
    at Layer.handleRequest (C:\Users\yosef\OneDrive\Desktop\NTI\Ecommerce Backend\node_modules\router\lib\layer.js:152:17)
    at next (C:\Users\yosef\OneDrive\Desktop\NTI\Ecommerce Backend\node_modules\router\lib\route.js:157:13)
    at Route.dispatch (C:\Users\yosef\OneDrive\Desktop\NTI\Ecommerce Backend\node_modules\router\lib\route.js:117:3)
    at handle (C:\Users\yosef\OneDrive\Desktop\NTI\Ecommerce Backend\node_modules\router\index.js:435:11)
    at Layer.handleRequest (C:\Users\yosef\OneDrive\Desktop\NTI\Ecommerce Backend\node_modules\router\lib\layer.js:152:17)
    at C:\Users\yosef\OneDrive\Desktop\NTI\Ecommerce Backend\node_modules\router\index.js:295:15
    at processParams (C:\Users\yosef\OneDrive\Desktop\NTI\Ecommerce Backend\node_modules\router\index.js:582:12)
    at next (C:\Users\yosef\OneDrive\Desktop\NTI\Ecommerce Backend\node_modules\router\index.js:291:5)
    at router.handle (C:\Users\yosef\OneDrive\Desktop\NTI\Ecommerce Backend\node_modules\router\index.js:186:3)
14-05-2026 10:37:52 |ERROR| Error | GET | /api/v1/cart : unauthorized, no token provided! 
Error: unauthorized, no token provided!
    at exports.authanticate (C:\Users\yosef\OneDrive\Desktop\NTI\Ecommerce Backend\middlewares\auth.middleware.js:8:15)
    at Layer.handleRequest (C:\Users\yosef\OneDrive\Desktop\NTI\Ecommerce Backend\node_modules\router\lib\layer.js:152:17)
    at next (C:\Users\yosef\OneDrive\Desktop\NTI\Ecommerce Backend\node_modules\router\lib\route.js:157:13)
    at Route.dispatch (C:\Users\yosef\OneDrive\Desktop\NTI\Ecommerce Backend\node_modules\router\lib\route.js:117:3)
    at handle (C:\Users\yosef\OneDrive\Desktop\NTI\Ecommerce Backend\node_modules\router\index.js:435:11)
    at Layer.handleRequest (C:\Users\yosef\OneDrive\Desktop\NTI\Ecommerce Backend\node_modules\router\lib\layer.js:152:17)
    at C:\Users\yosef\OneDrive\Desktop\NTI\Ecommerce Backend\node_modules\router\index.js:295:15
    at processParams (C:\Users\yosef\OneDrive\Desktop\NTI\Ecommerce Backend\node_modules\router\index.js:582:12)
    at next (C:\Users\yosef\OneDrive\Desktop\NTI\Ecommerce Backend\node_modules\router\index.js:291:5)
    at router.handle (C:\Users\yosef\OneDrive\Desktop\NTI\Ecommerce Backend\node_modules\router\index.js:186:3)
14-05-2026 10:37:53 |ERROR| Error | GET | /api/v1/cart : unauthorized, no token provided! 
Error: unauthorized, no token provided!
    at exports.authanticate (C:\Users\yosef\OneDrive\Desktop\NTI\Ecommerce Backend\middlewares\auth.middleware.js:8:15)
    at Layer.handleRequest (C:\Users\yosef\OneDrive\Desktop\NTI\Ecommerce Backend\node_modules\router\lib\layer.js:152:17)
    at next (C:\Users\yosef\OneDrive\Desktop\NTI\Ecommerce Backend\node_modules\router\lib\route.js:157:13)
    at Route.dispatch (C:\Users\yosef\OneDrive\Desktop\NTI\Ecommerce Backend\node_modules\router\lib\route.js:117:3)
    at handle (C:\Users\yosef\OneDrive\Desktop\NTI\Ecommerce Backend\node_modules\router\index.js:435:11)
    at Layer.handleRequest (C:\Users\yosef\OneDrive\Desktop\NTI\Ecommerce Backend\node_modules\router\lib\layer.js:152:17)
    at C:\Users\yosef\OneDrive\Desktop\NTI\Ecommerce Backend\node_modules\router\index.js:295:15
    at processParams (C:\Users\yosef\OneDrive\Desktop\NTI\Ecommerce Backend\node_modules\router\index.js:582:12)
    at next (C:\Users\yosef\OneDrive\Desktop\NTI\Ecommerce Backend\node_modules\router\index.js:291:5)
    at router.handle (C:\Users\yosef\OneDrive\Desktop\NTI\Ecommerce Backend\node_modules\router\index.js:186:3)
14-05-2026 10:37:53 |ERROR| Error | GET | /api/v1/cart : unauthorized, no token provided! 
Error: unauthorized, no token provided!
    at exports.authanticate (C:\Users\yosef\OneDrive\Desktop\NTI\Ecommerce Backend\middlewares\auth.middleware.js:8:15)
    at Layer.handleRequest (C:\Users\yosef\OneDrive\Desktop\NTI\Ecommerce Backend\node_modules\router\lib\layer.js:152:17)
    at next (C:\Users\yosef\OneDrive\Desktop\NTI\Ecommerce Backend\node_modules\router\lib\route.js:157:13)
    at Route.dispatch (C:\Users\yosef\OneDrive\Desktop\NTI\Ecommerce Backend\node_modules\router\lib\route.js:117:3)
    at handle (C:\Users\yosef\OneDrive\Desktop\NTI\Ecommerce Backend\node_modules\router\index.js:435:11)
    at Layer.handleRequest (C:\Users\yosef\OneDrive\Desktop\NTI\Ecommerce Backend\node_modules\router\lib\layer.js:152:17)
    at C:\Users\yosef\OneDrive\Desktop\NTI\Ecommerce Backend\node_modules\router\index.js:295:15
    at processParams (C:\Users\yosef\OneDrive\Desktop\NTI\Ecommerce Backend\node_modules\router\index.js:582:12)
    at next (C:\Users\yosef\OneDrive\Desktop\NTI\Ecommerce Backend\node_modules\router\index.js:291:5)
    at router.handle (C:\Users\yosef\OneDrive\Desktop\NTI\Ecommerce Backend\node_modules\router\index.js:186:3)
14-05-2026 10:37:53 |ERROR| Error | GET | /api/v1/cart : unauthorized, no token provided! 
Error: unauthorized, no token provided!
    at exports.authanticate (C:\Users\yosef\OneDrive\Desktop\NTI\Ecommerce Backend\middlewares\auth.middleware.js:8:15)
    at Layer.handleRequest (C:\Users\yosef\OneDrive\Desktop\NTI\Ecommerce Backend\node_modules\router\lib\layer.js:152:17)
    at next (C:\Users\yosef\OneDrive\Desktop\NTI\Ecommerce Backend\node_modules\router\lib\route.js:157:13)
    at Route.dispatch (C:\Users\yosef\OneDrive\Desktop\NTI\Ecommerce Backend\node_modules\router\lib\route.js:117:3)
    at handle (C:\Users\yosef\OneDrive\Desktop\NTI\Ecommerce Backend\node_modules\router\index.js:435:11)
    at Layer.handleRequest (C:\Users\yosef\OneDrive\Desktop\NTI\Ecommerce Backend\node_modules\router\lib\layer.js:152:17)
    at C:\Users\yosef\OneDrive\Desktop\NTI\Ecommerce Backend\node_modules\router\index.js:295:15
    at processParams (C:\Users\yosef\OneDrive\Desktop\NTI\Ecommerce Backend\node_modules\router\index.js:582:12)
    at next (C:\Users\yosef\OneDrive\Desktop\NTI\Ecommerce Backend\node_modules\router\index.js:291:5)
    at router.handle (C:\Users\yosef\OneDrive\Desktop\NTI\Ecommerce Backend\node_modules\router\index.js:186:3)
14-05-2026 10:37:54 |ERROR| Error | GET | /api/v1/cart : unauthorized, no token provided! 
Error: unauthorized, no token provided!
    at exports.authanticate (C:\Users\yosef\OneDrive\Desktop\NTI\Ecommerce Backend\middlewares\auth.middleware.js:8:15)
    at Layer.handleRequest (C:\Users\yosef\OneDrive\Desktop\NTI\Ecommerce Backend\node_modules\router\lib\layer.js:152:17)
    at next (C:\Users\yosef\OneDrive\Desktop\NTI\Ecommerce Backend\node_modules\router\lib\route.js:157:13)
    at Route.dispatch (C:\Users\yosef\OneDrive\Desktop\NTI\Ecommerce Backend\node_modules\router\lib\route.js:117:3)
    at handle (C:\Users\yosef\OneDrive\Desktop\NTI\Ecommerce Backend\node_modules\router\index.js:435:11)
    at Layer.handleRequest (C:\Users\yosef\OneDrive\Desktop\NTI\Ecommerce Backend\node_modules\router\lib\layer.js:152:17)
    at C:\Users\yosef\OneDrive\Desktop\NTI\Ecommerce Backend\node_modules\router\index.js:295:15
    at processParams (C:\Users\yosef\OneDrive\Desktop\NTI\Ecommerce Backend\node_modules\router\index.js:582:12)
    at next (C:\Users\yosef\OneDrive\Desktop\NTI\Ecommerce Backend\node_modules\router\index.js:291:5)
    at router.handle (C:\Users\yosef\OneDrive\Desktop\NTI\Ecommerce Backend\node_modules\router\index.js:186:3)
14-05-2026 10:37:55 |ERROR| Error | GET | /api/v1/cart : unauthorized, no token provided! 
Error: unauthorized, no token provided!
    at exports.authanticate (C:\Users\yosef\OneDrive\Desktop\NTI\Ecommerce Backend\middlewares\auth.middleware.js:8:15)
    at Layer.handleRequest (C:\Users\yosef\OneDrive\Desktop\NTI\Ecommerce Backend\node_modules\router\lib\layer.js:152:17)
    at next (C:\Users\yosef\OneDrive\Desktop\NTI\Ecommerce Backend\node_modules\router\lib\route.js:157:13)
    at Route.dispatch (C:\Users\yosef\OneDrive\Desktop\NTI\Ecommerce Backend\node_modules\router\lib\route.js:117:3)
    at handle (C:\Users\yosef\OneDrive\Desktop\NTI\Ecommerce Backend\node_modules\router\index.js:435:11)
    at Layer.handleRequest (C:\Users\yosef\OneDrive\Desktop\NTI\Ecommerce Backend\node_modules\router\lib\layer.js:152:17)
    at C:\Users\yosef\OneDrive\Desktop\NTI\Ecommerce Backend\node_modules\router\index.js:295:15
    at processParams (C:\Users\yosef\OneDrive\Desktop\NTI\Ecommerce Backend\node_modules\router\index.js:582:12)
    at next (C:\Users\yosef\OneDrive\Desktop\NTI\Ecommerce Backend\node_modules\router\index.js:291:5)
    at router.handle (C:\Users\yosef\OneDrive\Desktop\NTI\Ecommerce Backend\node_modules\router\index.js:186:3)
14-05-2026 10:37:55 |ERROR| Error | GET | /api/v1/cart : unauthorized, no token provided! 
Error: unauthorized, no token provided!
    at exports.authanticate (C:\Users\yosef\OneDrive\Desktop\NTI\Ecommerce Backend\middlewares\auth.middleware.js:8:15)
    at Layer.handleRequest (C:\Users\yosef\OneDrive\Desktop\NTI\Ecommerce Backend\node_modules\router\lib\layer.js:152:17)
    at next (C:\Users\yosef\OneDrive\Desktop\NTI\Ecommerce Backend\node_modules\router\lib\route.js:157:13)
    at Route.dispatch (C:\Users\yosef\OneDrive\Desktop\NTI\Ecommerce Backend\node_modules\router\lib\route.js:117:3)
    at handle (C:\Users\yosef\OneDrive\Desktop\NTI\Ecommerce Backend\node_modules\router\index.js:435:11)
    at Layer.handleRequest (C:\Users\yosef\OneDrive\Desktop\NTI\Ecommerce Backend\node_modules\router\lib\layer.js:152:17)
    at C:\Users\yosef\OneDrive\Desktop\NTI\Ecommerce Backend\node_modules\router\index.js:295:15
    at processParams (C:\Users\yosef\OneDrive\Desktop\NTI\Ecommerce Backend\node_modules\router\index.js:582:12)
    at next (C:\Users\yosef\OneDrive\Desktop\NTI\Ecommerce Backend\node_modules\router\index.js:291:5)
    at router.handle (C:\Users\yosef\OneDrive\Desktop\NTI\Ecommerce Backend\node_modules\router\index.js:186:3)
14-05-2026 10:38:08 |ERROR| Error | GET | /api/v1/cart : unauthorized, no token provided! 
Error: unauthorized, no token provided!
    at exports.authanticate (C:\Users\yosef\OneDrive\Desktop\NTI\Ecommerce Backend\middlewares\auth.middleware.js:8:15)
    at Layer.handleRequest (C:\Users\yosef\OneDrive\Desktop\NTI\Ecommerce Backend\node_modules\router\lib\layer.js:152:17)
    at next (C:\Users\yosef\OneDrive\Desktop\NTI\Ecommerce Backend\node_modules\router\lib\route.js:157:13)
    at Route.dispatch (C:\Users\yosef\OneDrive\Desktop\NTI\Ecommerce Backend\node_modules\router\lib\route.js:117:3)
    at handle (C:\Users\yosef\OneDrive\Desktop\NTI\Ecommerce Backend\node_modules\router\index.js:435:11)
    at Layer.handleRequest (C:\Users\yosef\OneDrive\Desktop\NTI\Ecommerce Backend\node_modules\router\lib\layer.js:152:17)
    at C:\Users\yosef\OneDrive\Desktop\NTI\Ecommerce Backend\node_modules\router\index.js:295:15
    at processParams (C:\Users\yosef\OneDrive\Desktop\NTI\Ecommerce Backend\node_modules\router\index.js:582:12)
    at next (C:\Users\yosef\OneDrive\Desktop\NTI\Ecommerce Backend\node_modules\router\index.js:291:5)
    at router.handle (C:\Users\yosef\OneDrive\Desktop\NTI\Ecommerce Backend\node_modules\router\index.js:186:3)
14-05-2026 10:38:17 |ERROR| Error | GET | /api/v1/cart : unauthorized, no token provided! 
Error: unauthorized, no token provided!
    at exports.authanticate (C:\Users\yosef\OneDrive\Desktop\NTI\Ecommerce Backend\middlewares\auth.middleware.js:8:15)
    at Layer.handleRequest (C:\Users\yosef\OneDrive\Desktop\NTI\Ecommerce Backend\node_modules\router\lib\layer.js:152:17)
    at next (C:\Users\yosef\OneDrive\Desktop\NTI\Ecommerce Backend\node_modules\router\lib\route.js:157:13)
    at Route.dispatch (C:\Users\yosef\OneDrive\Desktop\NTI\Ecommerce Backend\node_modules\router\lib\route.js:117:3)
    at handle (C:\Users\yosef\OneDrive\Desktop\NTI\Ecommerce Backend\node_modules\router\index.js:435:11)
    at Layer.handleRequest (C:\Users\yosef\OneDrive\Desktop\NTI\Ecommerce Backend\node_modules\router\lib\layer.js:152:17)
    at C:\Users\yosef\OneDrive\Desktop\NTI\Ecommerce Backend\node_modules\router\index.js:295:15
    at processParams (C:\Users\yosef\OneDrive\Desktop\NTI\Ecommerce Backend\node_modules\router\index.js:582:12)
    at next (C:\Users\yosef\OneDrive\Desktop\NTI\Ecommerce Backend\node_modules\router\index.js:291:5)
    at router.handle (C:\Users\yosef\OneDrive\Desktop\NTI\Ecommerce Backend\node_modules\router\index.js:186:3)
14-05-2026 10:42:05 |ERROR| Error | GET | /api/v1/cart : unauthorized, no token provided! 
Error: unauthorized, no token provided!
    at exports.authanticate (C:\Users\yosef\OneDrive\Desktop\NTI\Ecommerce Backend\middlewares\auth.middleware.js:8:15)
    at Layer.handleRequest (C:\Users\yosef\OneDrive\Desktop\NTI\Ecommerce Backend\node_modules\router\lib\layer.js:152:17)
    at next (C:\Users\yosef\OneDrive\Desktop\NTI\Ecommerce Backend\node_modules\router\lib\route.js:157:13)
    at Route.dispatch (C:\Users\yosef\OneDrive\Desktop\NTI\Ecommerce Backend\node_modules\router\lib\route.js:117:3)
    at handle (C:\Users\yosef\OneDrive\Desktop\NTI\Ecommerce Backend\node_modules\router\index.js:435:11)
    at Layer.handleRequest (C:\Users\yosef\OneDrive\Desktop\NTI\Ecommerce Backend\node_modules\router\lib\layer.js:152:17)
    at C:\Users\yosef\OneDrive\Desktop\NTI\Ecommerce Backend\node_modules\router\index.js:295:15
    at processParams (C:\Users\yosef\OneDrive\Desktop\NTI\Ecommerce Backend\node_modules\router\index.js:582:12)
    at next (C:\Users\yosef\OneDrive\Desktop\NTI\Ecommerce Backend\node_modules\router\index.js:291:5)
    at router.handle (C:\Users\yosef\OneDrive\Desktop\NTI\Ecommerce Backend\node_modules\router\index.js:186:3)
14-05-2026 11:13:57 |ERROR| Error | POST | /api/v1/order : order validation failed: address.addressText: Path `address.addressText` is required., address.label: Path `address.label` is required. 
ValidationError: order validation failed: address.addressText: Path `address.addressText` is required., address.label: Path `address.label` is required.
    at model.validate (C:\Users\yosef\OneDrive\Desktop\NTI\Ecommerce Backend\node_modules\mongoose\lib\document.js:2864:36)
    at process.processTicksAndRejections (node:internal/process/task_queues:104:5)
    at async model.$__save (C:\Users\yosef\OneDrive\Desktop\NTI\Ecommerce Backend\node_modules\mongoose\lib\model.js:393:7)
    at async model.save (C:\Users\yosef\OneDrive\Desktop\NTI\Ecommerce Backend\node_modules\mongoose\lib\model.js:667:5)
    at async C:\Users\yosef\OneDrive\Desktop\NTI\Ecommerce Backend\node_modules\mongoose\lib\model.js:2816:9
    at async Promise.all (index 0)
    at async model.create (C:\Users\yosef\OneDrive\Desktop\NTI\Ecommerce Backend\node_modules\mongoose\lib\model.js:2801:11)
    at async C:\Users\yosef\OneDrive\Desktop\NTI\Ecommerce Backend\controller\order.controller.js:42:19
14-05-2026 11:14:31 |ERROR| Error | POST | /api/v1/order : order validation failed: address.addressText: Path `address.addressText` is required., address.label: Path `address.label` is required. 
ValidationError: order validation failed: address.addressText: Path `address.addressText` is required., address.label: Path `address.label` is required.
    at model.validate (C:\Users\yosef\OneDrive\Desktop\NTI\Ecommerce Backend\node_modules\mongoose\lib\document.js:2864:36)
    at process.processTicksAndRejections (node:internal/process/task_queues:104:5)
    at async model.$__save (C:\Users\yosef\OneDrive\Desktop\NTI\Ecommerce Backend\node_modules\mongoose\lib\model.js:393:7)
    at async model.save (C:\Users\yosef\OneDrive\Desktop\NTI\Ecommerce Backend\node_modules\mongoose\lib\model.js:667:5)
    at async C:\Users\yosef\OneDrive\Desktop\NTI\Ecommerce Backend\node_modules\mongoose\lib\model.js:2816:9
    at async Promise.all (index 0)
    at async model.create (C:\Users\yosef\OneDrive\Desktop\NTI\Ecommerce Backend\node_modules\mongoose\lib\model.js:2801:11)
    at async C:\Users\yosef\OneDrive\Desktop\NTI\Ecommerce Backend\controller\order.controller.js:42:19
14-05-2026 11:37:19 |ERROR| Error | PATCH | /api/v1/order/cancel/6a0589b34d22caf7fdedeefe : Order is shipped and cant be cancelled! 
Error: Order is shipped and cant be cancelled!
    at C:\Users\yosef\OneDrive\Desktop\NTI\Ecommerce Backend\controller\order.controller.js:115:15
    at process.processTicksAndRejections (node:internal/process/task_queues:104:5)
14-05-2026 11:43:43 |ERROR| Error | POST | /api/v1/auth/login : data and hash arguments required 
Error: data and hash arguments required
    at Object.compare (C:\Users\yosef\OneDrive\Desktop\NTI\Ecommerce Backend\node_modules\bcrypt\bcrypt.js:204:17)
    at C:\Users\yosef\OneDrive\Desktop\NTI\Ecommerce Backend\node_modules\bcrypt\promises.js:26:12
    at new Promise (<anonymous>)
    at Object.promise (C:\Users\yosef\OneDrive\Desktop\NTI\Ecommerce Backend\node_modules\bcrypt\promises.js:17:12)
    at Object.compare (C:\Users\yosef\OneDrive\Desktop\NTI\Ecommerce Backend\node_modules\bcrypt\bcrypt.js:200:25)
    at userSchema.methods.correctpassword (C:\Users\yosef\OneDrive\Desktop\NTI\Ecommerce Backend\models\user.model.js:59:22)
    at C:\Users\yosef\OneDrive\Desktop\NTI\Ecommerce Backend\controller\auth.controller.js:18:30
    at process.processTicksAndRejections (node:internal/process/task_queues:104:5)
14-05-2026 11:43:44 |ERROR| Error | POST | /api/v1/auth/login : data and hash arguments required 
Error: data and hash arguments required
    at Object.compare (C:\Users\yosef\OneDrive\Desktop\NTI\Ecommerce Backend\node_modules\bcrypt\bcrypt.js:204:17)
    at C:\Users\yosef\OneDrive\Desktop\NTI\Ecommerce Backend\node_modules\bcrypt\promises.js:26:12
    at new Promise (<anonymous>)
    at Object.promise (C:\Users\yosef\OneDrive\Desktop\NTI\Ecommerce Backend\node_modules\bcrypt\promises.js:17:12)
    at Object.compare (C:\Users\yosef\OneDrive\Desktop\NTI\Ecommerce Backend\node_modules\bcrypt\bcrypt.js:200:25)
    at userSchema.methods.correctpassword (C:\Users\yosef\OneDrive\Desktop\NTI\Ecommerce Backend\models\user.model.js:59:22)
    at C:\Users\yosef\OneDrive\Desktop\NTI\Ecommerce Backend\controller\auth.controller.js:18:30
    at process.processTicksAndRejections (node:internal/process/task_queues:104:5)
14-05-2026 11:43:48 |ERROR| Error | POST | /api/v1/auth/login : data and hash arguments required 
Error: data and hash arguments required
    at Object.compare (C:\Users\yosef\OneDrive\Desktop\NTI\Ecommerce Backend\node_modules\bcrypt\bcrypt.js:204:17)
    at C:\Users\yosef\OneDrive\Desktop\NTI\Ecommerce Backend\node_modules\bcrypt\promises.js:26:12
    at new Promise (<anonymous>)
    at Object.promise (C:\Users\yosef\OneDrive\Desktop\NTI\Ecommerce Backend\node_modules\bcrypt\promises.js:17:12)
    at Object.compare (C:\Users\yosef\OneDrive\Desktop\NTI\Ecommerce Backend\node_modules\bcrypt\bcrypt.js:200:25)
    at userSchema.methods.correctpassword (C:\Users\yosef\OneDrive\Desktop\NTI\Ecommerce Backend\models\user.model.js:59:22)
    at C:\Users\yosef\OneDrive\Desktop\NTI\Ecommerce Backend\controller\auth.controller.js:18:30
    at process.processTicksAndRejections (node:internal/process/task_queues:104:5)
14-05-2026 11:43:48 |ERROR| Error | POST | /api/v1/auth/login : data and hash arguments required 
Error: data and hash arguments required
    at Object.compare (C:\Users\yosef\OneDrive\Desktop\NTI\Ecommerce Backend\node_modules\bcrypt\bcrypt.js:204:17)
    at C:\Users\yosef\OneDrive\Desktop\NTI\Ecommerce Backend\node_modules\bcrypt\promises.js:26:12
    at new Promise (<anonymous>)
    at Object.promise (C:\Users\yosef\OneDrive\Desktop\NTI\Ecommerce Backend\node_modules\bcrypt\promises.js:17:12)
    at Object.compare (C:\Users\yosef\OneDrive\Desktop\NTI\Ecommerce Backend\node_modules\bcrypt\bcrypt.js:200:25)
    at userSchema.methods.correctpassword (C:\Users\yosef\OneDrive\Desktop\NTI\Ecommerce Backend\models\user.model.js:59:22)
    at C:\Users\yosef\OneDrive\Desktop\NTI\Ecommerce Backend\controller\auth.controller.js:18:30
    at process.processTicksAndRejections (node:internal/process/task_queues:104:5)
14-05-2026 11:43:49 |ERROR| Error | POST | /api/v1/auth/login : data and hash arguments required 
Error: data and hash arguments required
    at Object.compare (C:\Users\yosef\OneDrive\Desktop\NTI\Ecommerce Backend\node_modules\bcrypt\bcrypt.js:204:17)
    at C:\Users\yosef\OneDrive\Desktop\NTI\Ecommerce Backend\node_modules\bcrypt\promises.js:26:12
    at new Promise (<anonymous>)
    at Object.promise (C:\Users\yosef\OneDrive\Desktop\NTI\Ecommerce Backend\node_modules\bcrypt\promises.js:17:12)
    at Object.compare (C:\Users\yosef\OneDrive\Desktop\NTI\Ecommerce Backend\node_modules\bcrypt\bcrypt.js:200:25)
    at userSchema.methods.correctpassword (C:\Users\yosef\OneDrive\Desktop\NTI\Ecommerce Backend\models\user.model.js:59:22)
    at C:\Users\yosef\OneDrive\Desktop\NTI\Ecommerce Backend\controller\auth.controller.js:18:30
    at process.processTicksAndRejections (node:internal/process/task_queues:104:5)
14-05-2026 11:43:50 |ERROR| Error | POST | /api/v1/auth/login : data and hash arguments required 
Error: data and hash arguments required
    at Object.compare (C:\Users\yosef\OneDrive\Desktop\NTI\Ecommerce Backend\node_modules\bcrypt\bcrypt.js:204:17)
    at C:\Users\yosef\OneDrive\Desktop\NTI\Ecommerce Backend\node_modules\bcrypt\promises.js:26:12
    at new Promise (<anonymous>)
    at Object.promise (C:\Users\yosef\OneDrive\Desktop\NTI\Ecommerce Backend\node_modules\bcrypt\promises.js:17:12)
    at Object.compare (C:\Users\yosef\OneDrive\Desktop\NTI\Ecommerce Backend\node_modules\bcrypt\bcrypt.js:200:25)
    at userSchema.methods.correctpassword (C:\Users\yosef\OneDrive\Desktop\NTI\Ecommerce Backend\models\user.model.js:59:22)
    at C:\Users\yosef\OneDrive\Desktop\NTI\Ecommerce Backend\controller\auth.controller.js:18:30
    at process.processTicksAndRejections (node:internal/process/task_queues:104:5)
14-05-2026 11:43:54 |ERROR| Error | POST | /api/v1/auth/login : data and hash arguments required 
Error: data and hash arguments required
    at Object.compare (C:\Users\yosef\OneDrive\Desktop\NTI\Ecommerce Backend\node_modules\bcrypt\bcrypt.js:204:17)
    at C:\Users\yosef\OneDrive\Desktop\NTI\Ecommerce Backend\node_modules\bcrypt\promises.js:26:12
    at new Promise (<anonymous>)
    at Object.promise (C:\Users\yosef\OneDrive\Desktop\NTI\Ecommerce Backend\node_modules\bcrypt\promises.js:17:12)
    at Object.compare (C:\Users\yosef\OneDrive\Desktop\NTI\Ecommerce Backend\node_modules\bcrypt\bcrypt.js:200:25)
    at userSchema.methods.correctpassword (C:\Users\yosef\OneDrive\Desktop\NTI\Ecommerce Backend\models\user.model.js:59:22)
    at C:\Users\yosef\OneDrive\Desktop\NTI\Ecommerce Backend\controller\auth.controller.js:18:30
    at process.processTicksAndRejections (node:internal/process/task_queues:104:5)
14-05-2026 11:43:55 |ERROR| Error | POST | /api/v1/auth/login : data and hash arguments required 
Error: data and hash arguments required
    at Object.compare (C:\Users\yosef\OneDrive\Desktop\NTI\Ecommerce Backend\node_modules\bcrypt\bcrypt.js:204:17)
    at C:\Users\yosef\OneDrive\Desktop\NTI\Ecommerce Backend\node_modules\bcrypt\promises.js:26:12
    at new Promise (<anonymous>)
    at Object.promise (C:\Users\yosef\OneDrive\Desktop\NTI\Ecommerce Backend\node_modules\bcrypt\promises.js:17:12)
    at Object.compare (C:\Users\yosef\OneDrive\Desktop\NTI\Ecommerce Backend\node_modules\bcrypt\bcrypt.js:200:25)
    at userSchema.methods.correctpassword (C:\Users\yosef\OneDrive\Desktop\NTI\Ecommerce Backend\models\user.model.js:59:22)
    at C:\Users\yosef\OneDrive\Desktop\NTI\Ecommerce Backend\controller\auth.controller.js:18:30
    at process.processTicksAndRejections (node:internal/process/task_queues:104:5)
14-05-2026 11:43:55 |ERROR| Error | POST | /api/v1/auth/login : data and hash arguments required 
Error: data and hash arguments required
    at Object.compare (C:\Users\yosef\OneDrive\Desktop\NTI\Ecommerce Backend\node_modules\bcrypt\bcrypt.js:204:17)
    at C:\Users\yosef\OneDrive\Desktop\NTI\Ecommerce Backend\node_modules\bcrypt\promises.js:26:12
    at new Promise (<anonymous>)
    at Object.promise (C:\Users\yosef\OneDrive\Desktop\NTI\Ecommerce Backend\node_modules\bcrypt\promises.js:17:12)
    at Object.compare (C:\Users\yosef\OneDrive\Desktop\NTI\Ecommerce Backend\node_modules\bcrypt\bcrypt.js:200:25)
    at userSchema.methods.correctpassword (C:\Users\yosef\OneDrive\Desktop\NTI\Ecommerce Backend\models\user.model.js:59:22)
    at C:\Users\yosef\OneDrive\Desktop\NTI\Ecommerce Backend\controller\auth.controller.js:18:30
    at process.processTicksAndRejections (node:internal/process/task_queues:104:5)
14-05-2026 11:43:56 |ERROR| Error | POST | /api/v1/auth/login : data and hash arguments required 
Error: data and hash arguments required
    at Object.compare (C:\Users\yosef\OneDrive\Desktop\NTI\Ecommerce Backend\node_modules\bcrypt\bcrypt.js:204:17)
    at C:\Users\yosef\OneDrive\Desktop\NTI\Ecommerce Backend\node_modules\bcrypt\promises.js:26:12
    at new Promise (<anonymous>)
    at Object.promise (C:\Users\yosef\OneDrive\Desktop\NTI\Ecommerce Backend\node_modules\bcrypt\promises.js:17:12)
    at Object.compare (C:\Users\yosef\OneDrive\Desktop\NTI\Ecommerce Backend\node_modules\bcrypt\bcrypt.js:200:25)
    at userSchema.methods.correctpassword (C:\Users\yosef\OneDrive\Desktop\NTI\Ecommerce Backend\models\user.model.js:59:22)
    at C:\Users\yosef\OneDrive\Desktop\NTI\Ecommerce Backend\controller\auth.controller.js:18:30
    at process.processTicksAndRejections (node:internal/process/task_queues:104:5)
14-05-2026 11:44:43 |ERROR| Error | POST | /api/v1/auth/login : data and hash arguments required 
Error: data and hash arguments required
    at Object.compare (C:\Users\yosef\OneDrive\Desktop\NTI\Ecommerce Backend\node_modules\bcrypt\bcrypt.js:204:17)
    at C:\Users\yosef\OneDrive\Desktop\NTI\Ecommerce Backend\node_modules\bcrypt\promises.js:26:12
    at new Promise (<anonymous>)
    at Object.promise (C:\Users\yosef\OneDrive\Desktop\NTI\Ecommerce Backend\node_modules\bcrypt\promises.js:17:12)
    at Object.compare (C:\Users\yosef\OneDrive\Desktop\NTI\Ecommerce Backend\node_modules\bcrypt\bcrypt.js:200:25)
    at userSchema.methods.correctpassword (C:\Users\yosef\OneDrive\Desktop\NTI\Ecommerce Backend\models\user.model.js:59:22)
    at C:\Users\yosef\OneDrive\Desktop\NTI\Ecommerce Backend\controller\auth.controller.js:18:30
    at process.processTicksAndRejections (node:internal/process/task_queues:104:5)
14-05-2026 11:44:43 |ERROR| Error | POST | /api/v1/auth/login : data and hash arguments required 
Error: data and hash arguments required
    at Object.compare (C:\Users\yosef\OneDrive\Desktop\NTI\Ecommerce Backend\node_modules\bcrypt\bcrypt.js:204:17)
    at C:\Users\yosef\OneDrive\Desktop\NTI\Ecommerce Backend\node_modules\bcrypt\promises.js:26:12
    at new Promise (<anonymous>)
    at Object.promise (C:\Users\yosef\OneDrive\Desktop\NTI\Ecommerce Backend\node_modules\bcrypt\promises.js:17:12)
    at Object.compare (C:\Users\yosef\OneDrive\Desktop\NTI\Ecommerce Backend\node_modules\bcrypt\bcrypt.js:200:25)
    at userSchema.methods.correctpassword (C:\Users\yosef\OneDrive\Desktop\NTI\Ecommerce Backend\models\user.model.js:59:22)
    at C:\Users\yosef\OneDrive\Desktop\NTI\Ecommerce Backend\controller\auth.controller.js:18:30
    at process.processTicksAndRejections (node:internal/process/task_queues:104:5)
14-05-2026 11:44:44 |ERROR| Error | POST | /api/v1/auth/login : data and hash arguments required 
Error: data and hash arguments required
    at Object.compare (C:\Users\yosef\OneDrive\Desktop\NTI\Ecommerce Backend\node_modules\bcrypt\bcrypt.js:204:17)
    at C:\Users\yosef\OneDrive\Desktop\NTI\Ecommerce Backend\node_modules\bcrypt\promises.js:26:12
    at new Promise (<anonymous>)
    at Object.promise (C:\Users\yosef\OneDrive\Desktop\NTI\Ecommerce Backend\node_modules\bcrypt\promises.js:17:12)
    at Object.compare (C:\Users\yosef\OneDrive\Desktop\NTI\Ecommerce Backend\node_modules\bcrypt\bcrypt.js:200:25)
    at userSchema.methods.correctpassword (C:\Users\yosef\OneDrive\Desktop\NTI\Ecommerce Backend\models\user.model.js:59:22)
    at C:\Users\yosef\OneDrive\Desktop\NTI\Ecommerce Backend\controller\auth.controller.js:18:30
    at process.processTicksAndRejections (node:internal/process/task_queues:104:5)
14-05-2026 11:44:54 |ERROR| Error | POST | /api/v1/auth/login : data and hash arguments required 
Error: data and hash arguments required
    at Object.compare (C:\Users\yosef\OneDrive\Desktop\NTI\Ecommerce Backend\node_modules\bcrypt\bcrypt.js:204:17)
    at C:\Users\yosef\OneDrive\Desktop\NTI\Ecommerce Backend\node_modules\bcrypt\promises.js:26:12
    at new Promise (<anonymous>)
    at Object.promise (C:\Users\yosef\OneDrive\Desktop\NTI\Ecommerce Backend\node_modules\bcrypt\promises.js:17:12)
    at Object.compare (C:\Users\yosef\OneDrive\Desktop\NTI\Ecommerce Backend\node_modules\bcrypt\bcrypt.js:200:25)
    at userSchema.methods.correctpassword (C:\Users\yosef\OneDrive\Desktop\NTI\Ecommerce Backend\models\user.model.js:59:22)
    at C:\Users\yosef\OneDrive\Desktop\NTI\Ecommerce Backend\controller\auth.controller.js:18:30
    at process.processTicksAndRejections (node:internal/process/task_queues:104:5)
14-05-2026 11:44:55 |ERROR| Error | POST | /api/v1/auth/login : data and hash arguments required 
Error: data and hash arguments required
    at Object.compare (C:\Users\yosef\OneDrive\Desktop\NTI\Ecommerce Backend\node_modules\bcrypt\bcrypt.js:204:17)
    at C:\Users\yosef\OneDrive\Desktop\NTI\Ecommerce Backend\node_modules\bcrypt\promises.js:26:12
    at new Promise (<anonymous>)
    at Object.promise (C:\Users\yosef\OneDrive\Desktop\NTI\Ecommerce Backend\node_modules\bcrypt\promises.js:17:12)
    at Object.compare (C:\Users\yosef\OneDrive\Desktop\NTI\Ecommerce Backend\node_modules\bcrypt\bcrypt.js:200:25)
    at userSchema.methods.correctpassword (C:\Users\yosef\OneDrive\Desktop\NTI\Ecommerce Backend\models\user.model.js:59:22)
    at C:\Users\yosef\OneDrive\Desktop\NTI\Ecommerce Backend\controller\auth.controller.js:18:30
    at process.processTicksAndRejections (node:internal/process/task_queues:104:5)
14-05-2026 13:25:06 |ERROR| Error | GET | /api/v1/order : No orders found! 
Error: No orders found!
    at C:\Users\yosef\OneDrive\Desktop\NTI\Ecommerce Backend\controller\order.controller.js:84:15
    at process.processTicksAndRejections (node:internal/process/task_queues:104:5)
14-05-2026 13:25:08 |ERROR| Error | GET | /api/v1/order : No orders found! 
Error: No orders found!
    at C:\Users\yosef\OneDrive\Desktop\NTI\Ecommerce Backend\controller\order.controller.js:84:15
    at process.processTicksAndRejections (node:internal/process/task_queues:104:5)
14-05-2026 13:25:22 |ERROR| Error | GET | /api/v1/order : No orders found! 
Error: No orders found!
    at C:\Users\yosef\OneDrive\Desktop\NTI\Ecommerce Backend\controller\order.controller.js:84:15
    at process.processTicksAndRejections (node:internal/process/task_queues:104:5)
14-05-2026 13:25:23 |ERROR| Error | GET | /api/v1/order : No orders found! 
Error: No orders found!
    at C:\Users\yosef\OneDrive\Desktop\NTI\Ecommerce Backend\controller\order.controller.js:84:15
    at process.processTicksAndRejections (node:internal/process/task_queues:104:5)
14-05-2026 13:25:38 |ERROR| Error | GET | /api/v1/order : No orders found! 
Error: No orders found!
    at C:\Users\yosef\OneDrive\Desktop\NTI\Ecommerce Backend\controller\order.controller.js:84:15
    at process.processTicksAndRejections (node:internal/process/task_queues:104:5)
14-05-2026 13:25:40 |ERROR| Error | GET | /api/v1/cart : Access denied! 
Error: Access denied!
    at C:\Users\yosef\OneDrive\Desktop\NTI\Ecommerce Backend\middlewares\role.middleware.js:6:16
    at Layer.handleRequest (C:\Users\yosef\OneDrive\Desktop\NTI\Ecommerce Backend\node_modules\router\lib\layer.js:152:17)
    at next (C:\Users\yosef\OneDrive\Desktop\NTI\Ecommerce Backend\node_modules\router\lib\route.js:157:13)
    at exports.authanticate (C:\Users\yosef\OneDrive\Desktop\NTI\Ecommerce Backend\middlewares\auth.middleware.js:17:2)
    at process.processTicksAndRejections (node:internal/process/task_queues:104:5)
14-05-2026 13:25:46 |ERROR| Error | GET | /api/v1/order : No orders found! 
Error: No orders found!
    at C:\Users\yosef\OneDrive\Desktop\NTI\Ecommerce Backend\controller\order.controller.js:84:15
    at process.processTicksAndRejections (node:internal/process/task_queues:104:5)
14-05-2026 13:26:25 |ERROR| Error | GET | /api/v1/order : No orders found! 
Error: No orders found!
    at C:\Users\yosef\OneDrive\Desktop\NTI\Ecommerce Backend\controller\order.controller.js:84:15
    at process.processTicksAndRejections (node:internal/process/task_queues:104:5)
14-05-2026 13:26:26 |ERROR| Error | GET | /api/v1/cart : Access denied! 
Error: Access denied!
    at C:\Users\yosef\OneDrive\Desktop\NTI\Ecommerce Backend\middlewares\role.middleware.js:6:16
    at Layer.handleRequest (C:\Users\yosef\OneDrive\Desktop\NTI\Ecommerce Backend\node_modules\router\lib\layer.js:152:17)
    at next (C:\Users\yosef\OneDrive\Desktop\NTI\Ecommerce Backend\node_modules\router\lib\route.js:157:13)
    at exports.authanticate (C:\Users\yosef\OneDrive\Desktop\NTI\Ecommerce Backend\middlewares\auth.middleware.js:17:2)
    at process.processTicksAndRejections (node:internal/process/task_queues:104:5)
14-05-2026 13:26:38 |ERROR| Error | GET | /api/v1/order : No orders found! 
Error: No orders found!
    at C:\Users\yosef\OneDrive\Desktop\NTI\Ecommerce Backend\controller\order.controller.js:84:15
    at process.processTicksAndRejections (node:internal/process/task_queues:104:5)
14-05-2026 13:31:16 |ERROR| Error | GET | /api/v1/order : Access denied! 
Error: Access denied!
    at C:\Users\yosef\OneDrive\Desktop\NTI\Ecommerce Backend\middlewares\role.middleware.js:6:16
    at Layer.handleRequest (C:\Users\yosef\OneDrive\Desktop\NTI\Ecommerce Backend\node_modules\router\lib\layer.js:152:17)
    at next (C:\Users\yosef\OneDrive\Desktop\NTI\Ecommerce Backend\node_modules\router\lib\route.js:157:13)
    at exports.authanticate (C:\Users\yosef\OneDrive\Desktop\NTI\Ecommerce Backend\middlewares\auth.middleware.js:17:2)
    at process.processTicksAndRejections (node:internal/process/task_queues:104:5)
14-05-2026 13:31:22 |ERROR| Error | GET | /api/v1/order : Access denied! 
Error: Access denied!
    at C:\Users\yosef\OneDrive\Desktop\NTI\Ecommerce Backend\middlewares\role.middleware.js:6:16
    at Layer.handleRequest (C:\Users\yosef\OneDrive\Desktop\NTI\Ecommerce Backend\node_modules\router\lib\layer.js:152:17)
    at next (C:\Users\yosef\OneDrive\Desktop\NTI\Ecommerce Backend\node_modules\router\lib\route.js:157:13)
    at exports.authanticate (C:\Users\yosef\OneDrive\Desktop\NTI\Ecommerce Backend\middlewares\auth.middleware.js:17:2)
    at process.processTicksAndRejections (node:internal/process/task_queues:104:5)
14-05-2026 13:31:33 |ERROR| Error | GET | /api/v1/order : Access denied! 
Error: Access denied!
    at C:\Users\yosef\OneDrive\Desktop\NTI\Ecommerce Backend\middlewares\role.middleware.js:6:16
    at Layer.handleRequest (C:\Users\yosef\OneDrive\Desktop\NTI\Ecommerce Backend\node_modules\router\lib\layer.js:152:17)
    at next (C:\Users\yosef\OneDrive\Desktop\NTI\Ecommerce Backend\node_modules\router\lib\route.js:157:13)
    at exports.authanticate (C:\Users\yosef\OneDrive\Desktop\NTI\Ecommerce Backend\middlewares\auth.middleware.js:17:2)
    at process.processTicksAndRejections (node:internal/process/task_queues:104:5)
14-05-2026 13:43:44 |ERROR| Error | PATCH | /api/v1/order/updateStatus/6a0254b200a7fff0d484def9 : Cannot move order from received to shipped 
Error: Cannot move order from received to shipped
    at C:\Users\yosef\OneDrive\Desktop\NTI\Ecommerce Backend\controller\order.controller.js:208:4
    at process.processTicksAndRejections (node:internal/process/task_queues:104:5)
14-05-2026 13:44:08 |ERROR| Error | PATCH | /api/v1/order/updateStatus/6a0584f0ad5bc5eb35420f0c : Cannot move order from cancelledByUser to pending 
Error: Cannot move order from cancelledByUser to pending
    at C:\Users\yosef\OneDrive\Desktop\NTI\Ecommerce Backend\controller\order.controller.js:208:4
    at process.processTicksAndRejections (node:internal/process/task_queues:104:5)
14-05-2026 13:50:15 |ERROR| Error | PATCH | /api/v1/order/updateStatus/6a0254b200a7fff0d484def9 : Cannot move order from received to shipped 
Error: Cannot move order from received to shipped
    at C:\Users\yosef\OneDrive\Desktop\NTI\Ecommerce Backend\controller\order.controller.js:208:4
    at process.processTicksAndRejections (node:internal/process/task_queues:104:5)
15-05-2026 15:15:54 |ERROR| Error | PATCH | /api/v1/order/updateStatus/6a0584f0ad5bc5eb35420f0c : Cannot move order from cancelledByUser to pending 
Error: Cannot move order from cancelledByUser to pending
    at C:\Users\yosef\OneDrive\Desktop\NTI\Ecommerce Backend\controller\order.controller.js:208:4
    at process.processTicksAndRejections (node:internal/process/task_queues:104:5)
15-05-2026 19:00:56 |ERROR| Error | GET | /api/v1/reports/sales : can't find /api/v1/reports/sales 
Error: can't find /api/v1/reports/sales
    at C:\Users\yosef\OneDrive\Desktop\NTI\Ecommerce Backend\server.js:29:7
    at Layer.handleRequest (C:\Users\yosef\OneDrive\Desktop\NTI\Ecommerce Backend\node_modules\router\lib\layer.js:152:17)
    at trimPrefix (C:\Users\yosef\OneDrive\Desktop\NTI\Ecommerce Backend\node_modules\router\index.js:342:13)
    at C:\Users\yosef\OneDrive\Desktop\NTI\Ecommerce Backend\node_modules\router\index.js:297:9
    at processParams (C:\Users\yosef\OneDrive\Desktop\NTI\Ecommerce Backend\node_modules\router\index.js:582:12)
    at next (C:\Users\yosef\OneDrive\Desktop\NTI\Ecommerce Backend\node_modules\router\index.js:291:5)
    at cors (C:\Users\yosef\OneDrive\Desktop\NTI\Ecommerce Backend\node_modules\cors\lib\index.js:188:7)
    at C:\Users\yosef\OneDrive\Desktop\NTI\Ecommerce Backend\node_modules\cors\lib\index.js:224:17
    at origin (C:\Users\yosef\OneDrive\Desktop\NTI\Ecommerce Backend\middlewares\cors.middleware.js:11:12)
    at C:\Users\yosef\OneDrive\Desktop\NTI\Ecommerce Backend\node_modules\cors\lib\index.js:219:13
15-05-2026 19:01:00 |ERROR| Error | GET | /api/v1/reports/sales : can't find /api/v1/reports/sales 
Error: can't find /api/v1/reports/sales
    at C:\Users\yosef\OneDrive\Desktop\NTI\Ecommerce Backend\server.js:29:7
    at Layer.handleRequest (C:\Users\yosef\OneDrive\Desktop\NTI\Ecommerce Backend\node_modules\router\lib\layer.js:152:17)
    at trimPrefix (C:\Users\yosef\OneDrive\Desktop\NTI\Ecommerce Backend\node_modules\router\index.js:342:13)
    at C:\Users\yosef\OneDrive\Desktop\NTI\Ecommerce Backend\node_modules\router\index.js:297:9
    at processParams (C:\Users\yosef\OneDrive\Desktop\NTI\Ecommerce Backend\node_modules\router\index.js:582:12)
    at next (C:\Users\yosef\OneDrive\Desktop\NTI\Ecommerce Backend\node_modules\router\index.js:291:5)
    at cors (C:\Users\yosef\OneDrive\Desktop\NTI\Ecommerce Backend\node_modules\cors\lib\index.js:188:7)
    at C:\Users\yosef\OneDrive\Desktop\NTI\Ecommerce Backend\node_modules\cors\lib\index.js:224:17
    at origin (C:\Users\yosef\OneDrive\Desktop\NTI\Ecommerce Backend\middlewares\cors.middleware.js:11:12)
    at C:\Users\yosef\OneDrive\Desktop\NTI\Ecommerce Backend\node_modules\cors\lib\index.js:219:13
15-05-2026 19:01:10 |ERROR| Error | GET | /api/v1/reports/sales : can't find /api/v1/reports/sales 
Error: can't find /api/v1/reports/sales
    at C:\Users\yosef\OneDrive\Desktop\NTI\Ecommerce Backend\server.js:29:7
    at Layer.handleRequest (C:\Users\yosef\OneDrive\Desktop\NTI\Ecommerce Backend\node_modules\router\lib\layer.js:152:17)
    at trimPrefix (C:\Users\yosef\OneDrive\Desktop\NTI\Ecommerce Backend\node_modules\router\index.js:342:13)
    at C:\Users\yosef\OneDrive\Desktop\NTI\Ecommerce Backend\node_modules\router\index.js:297:9
    at processParams (C:\Users\yosef\OneDrive\Desktop\NTI\Ecommerce Backend\node_modules\router\index.js:582:12)
    at next (C:\Users\yosef\OneDrive\Desktop\NTI\Ecommerce Backend\node_modules\router\index.js:291:5)
    at cors (C:\Users\yosef\OneDrive\Desktop\NTI\Ecommerce Backend\node_modules\cors\lib\index.js:188:7)
    at C:\Users\yosef\OneDrive\Desktop\NTI\Ecommerce Backend\node_modules\cors\lib\index.js:224:17
    at origin (C:\Users\yosef\OneDrive\Desktop\NTI\Ecommerce Backend\middlewares\cors.middleware.js:11:12)
    at C:\Users\yosef\OneDrive\Desktop\NTI\Ecommerce Backend\node_modules\cors\lib\index.js:219:13
15-05-2026 19:01:28 |ERROR| Error | GET | /api/v1/reports/sales : can't find /api/v1/reports/sales 
Error: can't find /api/v1/reports/sales
    at C:\Users\yosef\OneDrive\Desktop\NTI\Ecommerce Backend\server.js:29:7
    at Layer.handleRequest (C:\Users\yosef\OneDrive\Desktop\NTI\Ecommerce Backend\node_modules\router\lib\layer.js:152:17)
    at trimPrefix (C:\Users\yosef\OneDrive\Desktop\NTI\Ecommerce Backend\node_modules\router\index.js:342:13)
    at C:\Users\yosef\OneDrive\Desktop\NTI\Ecommerce Backend\node_modules\router\index.js:297:9
    at processParams (C:\Users\yosef\OneDrive\Desktop\NTI\Ecommerce Backend\node_modules\router\index.js:582:12)
    at next (C:\Users\yosef\OneDrive\Desktop\NTI\Ecommerce Backend\node_modules\router\index.js:291:5)
    at cors (C:\Users\yosef\OneDrive\Desktop\NTI\Ecommerce Backend\node_modules\cors\lib\index.js:188:7)
    at C:\Users\yosef\OneDrive\Desktop\NTI\Ecommerce Backend\node_modules\cors\lib\index.js:224:17
    at origin (C:\Users\yosef\OneDrive\Desktop\NTI\Ecommerce Backend\middlewares\cors.middleware.js:11:12)
    at C:\Users\yosef\OneDrive\Desktop\NTI\Ecommerce Backend\node_modules\cors\lib\index.js:219:13
15-05-2026 19:12:22 |ERROR| Error | GET | /api/v1/reports/sales : can't find /api/v1/reports/sales 
Error: can't find /api/v1/reports/sales
    at C:\Users\yosef\OneDrive\Desktop\NTI\Ecommerce Backend\server.js:29:7
    at Layer.handleRequest (C:\Users\yosef\OneDrive\Desktop\NTI\Ecommerce Backend\node_modules\router\lib\layer.js:152:17)
    at trimPrefix (C:\Users\yosef\OneDrive\Desktop\NTI\Ecommerce Backend\node_modules\router\index.js:342:13)
    at C:\Users\yosef\OneDrive\Desktop\NTI\Ecommerce Backend\node_modules\router\index.js:297:9
    at processParams (C:\Users\yosef\OneDrive\Desktop\NTI\Ecommerce Backend\node_modules\router\index.js:582:12)
    at next (C:\Users\yosef\OneDrive\Desktop\NTI\Ecommerce Backend\node_modules\router\index.js:291:5)
    at cors (C:\Users\yosef\OneDrive\Desktop\NTI\Ecommerce Backend\node_modules\cors\lib\index.js:188:7)
    at C:\Users\yosef\OneDrive\Desktop\NTI\Ecommerce Backend\node_modules\cors\lib\index.js:224:17
    at origin (C:\Users\yosef\OneDrive\Desktop\NTI\Ecommerce Backend\middlewares\cors.middleware.js:11:12)
    at C:\Users\yosef\OneDrive\Desktop\NTI\Ecommerce Backend\node_modules\cors\lib\index.js:219:13
15-05-2026 19:12:35 |ERROR| Error | GET | /api/v1/reports/sales : can't find /api/v1/reports/sales 
Error: can't find /api/v1/reports/sales
    at C:\Users\yosef\OneDrive\Desktop\NTI\Ecommerce Backend\server.js:29:7
    at Layer.handleRequest (C:\Users\yosef\OneDrive\Desktop\NTI\Ecommerce Backend\node_modules\router\lib\layer.js:152:17)
    at trimPrefix (C:\Users\yosef\OneDrive\Desktop\NTI\Ecommerce Backend\node_modules\router\index.js:342:13)
    at C:\Users\yosef\OneDrive\Desktop\NTI\Ecommerce Backend\node_modules\router\index.js:297:9
    at processParams (C:\Users\yosef\OneDrive\Desktop\NTI\Ecommerce Backend\node_modules\router\index.js:582:12)
    at next (C:\Users\yosef\OneDrive\Desktop\NTI\Ecommerce Backend\node_modules\router\index.js:291:5)
    at cors (C:\Users\yosef\OneDrive\Desktop\NTI\Ecommerce Backend\node_modules\cors\lib\index.js:188:7)
    at C:\Users\yosef\OneDrive\Desktop\NTI\Ecommerce Backend\node_modules\cors\lib\index.js:224:17
    at origin (C:\Users\yosef\OneDrive\Desktop\NTI\Ecommerce Backend\middlewares\cors.middleware.js:11:12)
    at C:\Users\yosef\OneDrive\Desktop\NTI\Ecommerce Backend\node_modules\cors\lib\index.js:219:13
15-05-2026 19:13:39 |ERROR| Error | GET | /api/v1/reports/sales : can't find /api/v1/reports/sales 
Error: can't find /api/v1/reports/sales
    at C:\Users\yosef\OneDrive\Desktop\NTI\Ecommerce Backend\server.js:29:7
    at Layer.handleRequest (C:\Users\yosef\OneDrive\Desktop\NTI\Ecommerce Backend\node_modules\router\lib\layer.js:152:17)
    at trimPrefix (C:\Users\yosef\OneDrive\Desktop\NTI\Ecommerce Backend\node_modules\router\index.js:342:13)
    at C:\Users\yosef\OneDrive\Desktop\NTI\Ecommerce Backend\node_modules\router\index.js:297:9
    at processParams (C:\Users\yosef\OneDrive\Desktop\NTI\Ecommerce Backend\node_modules\router\index.js:582:12)
    at next (C:\Users\yosef\OneDrive\Desktop\NTI\Ecommerce Backend\node_modules\router\index.js:291:5)
    at cors (C:\Users\yosef\OneDrive\Desktop\NTI\Ecommerce Backend\node_modules\cors\lib\index.js:188:7)
    at C:\Users\yosef\OneDrive\Desktop\NTI\Ecommerce Backend\node_modules\cors\lib\index.js:224:17
    at origin (C:\Users\yosef\OneDrive\Desktop\NTI\Ecommerce Backend\middlewares\cors.middleware.js:11:12)
    at C:\Users\yosef\OneDrive\Desktop\NTI\Ecommerce Backend\node_modules\cors\lib\index.js:219:13
15-05-2026 19:13:53 |ERROR| Error | GET | /api/v1/reports/sales : can't find /api/v1/reports/sales 
Error: can't find /api/v1/reports/sales
    at C:\Users\yosef\OneDrive\Desktop\NTI\Ecommerce Backend\server.js:29:7
    at Layer.handleRequest (C:\Users\yosef\OneDrive\Desktop\NTI\Ecommerce Backend\node_modules\router\lib\layer.js:152:17)
    at trimPrefix (C:\Users\yosef\OneDrive\Desktop\NTI\Ecommerce Backend\node_modules\router\index.js:342:13)
    at C:\Users\yosef\OneDrive\Desktop\NTI\Ecommerce Backend\node_modules\router\index.js:297:9
    at processParams (C:\Users\yosef\OneDrive\Desktop\NTI\Ecommerce Backend\node_modules\router\index.js:582:12)
    at next (C:\Users\yosef\OneDrive\Desktop\NTI\Ecommerce Backend\node_modules\router\index.js:291:5)
    at cors (C:\Users\yosef\OneDrive\Desktop\NTI\Ecommerce Backend\node_modules\cors\lib\index.js:188:7)
    at C:\Users\yosef\OneDrive\Desktop\NTI\Ecommerce Backend\node_modules\cors\lib\index.js:224:17
    at origin (C:\Users\yosef\OneDrive\Desktop\NTI\Ecommerce Backend\middlewares\cors.middleware.js:11:12)
    at C:\Users\yosef\OneDrive\Desktop\NTI\Ecommerce Backend\node_modules\cors\lib\index.js:219:13
15-05-2026 19:14:57 |ERROR| Error | GET | /api/v1/reports/sales : can't find /api/v1/reports/sales 
Error: can't find /api/v1/reports/sales
    at C:\Users\yosef\OneDrive\Desktop\NTI\Ecommerce Backend\server.js:29:7
    at Layer.handleRequest (C:\Users\yosef\OneDrive\Desktop\NTI\Ecommerce Backend\node_modules\router\lib\layer.js:152:17)
    at trimPrefix (C:\Users\yosef\OneDrive\Desktop\NTI\Ecommerce Backend\node_modules\router\index.js:342:13)
    at C:\Users\yosef\OneDrive\Desktop\NTI\Ecommerce Backend\node_modules\router\index.js:297:9
    at processParams (C:\Users\yosef\OneDrive\Desktop\NTI\Ecommerce Backend\node_modules\router\index.js:582:12)
    at next (C:\Users\yosef\OneDrive\Desktop\NTI\Ecommerce Backend\node_modules\router\index.js:291:5)
    at cors (C:\Users\yosef\OneDrive\Desktop\NTI\Ecommerce Backend\node_modules\cors\lib\index.js:188:7)
    at C:\Users\yosef\OneDrive\Desktop\NTI\Ecommerce Backend\node_modules\cors\lib\index.js:224:17
    at origin (C:\Users\yosef\OneDrive\Desktop\NTI\Ecommerce Backend\middlewares\cors.middleware.js:11:12)
    at C:\Users\yosef\OneDrive\Desktop\NTI\Ecommerce Backend\node_modules\cors\lib\index.js:219:13
15-05-2026 19:15:08 |ERROR| Error | GET | /api/v1/reports/sales : can't find /api/v1/reports/sales 
Error: can't find /api/v1/reports/sales
    at C:\Users\yosef\OneDrive\Desktop\NTI\Ecommerce Backend\server.js:29:7
    at Layer.handleRequest (C:\Users\yosef\OneDrive\Desktop\NTI\Ecommerce Backend\node_modules\router\lib\layer.js:152:17)
    at trimPrefix (C:\Users\yosef\OneDrive\Desktop\NTI\Ecommerce Backend\node_modules\router\index.js:342:13)
    at C:\Users\yosef\OneDrive\Desktop\NTI\Ecommerce Backend\node_modules\router\index.js:297:9
    at processParams (C:\Users\yosef\OneDrive\Desktop\NTI\Ecommerce Backend\node_modules\router\index.js:582:12)
    at next (C:\Users\yosef\OneDrive\Desktop\NTI\Ecommerce Backend\node_modules\router\index.js:291:5)
    at cors (C:\Users\yosef\OneDrive\Desktop\NTI\Ecommerce Backend\node_modules\cors\lib\index.js:188:7)
    at C:\Users\yosef\OneDrive\Desktop\NTI\Ecommerce Backend\node_modules\cors\lib\index.js:224:17
    at origin (C:\Users\yosef\OneDrive\Desktop\NTI\Ecommerce Backend\middlewares\cors.middleware.js:11:12)
    at C:\Users\yosef\OneDrive\Desktop\NTI\Ecommerce Backend\node_modules\cors\lib\index.js:219:13
15-05-2026 19:15:17 |ERROR| Error | GET | /api/v1/reports/sales : can't find /api/v1/reports/sales 
Error: can't find /api/v1/reports/sales
    at C:\Users\yosef\OneDrive\Desktop\NTI\Ecommerce Backend\server.js:29:7
    at Layer.handleRequest (C:\Users\yosef\OneDrive\Desktop\NTI\Ecommerce Backend\node_modules\router\lib\layer.js:152:17)
    at trimPrefix (C:\Users\yosef\OneDrive\Desktop\NTI\Ecommerce Backend\node_modules\router\index.js:342:13)
    at C:\Users\yosef\OneDrive\Desktop\NTI\Ecommerce Backend\node_modules\router\index.js:297:9
    at processParams (C:\Users\yosef\OneDrive\Desktop\NTI\Ecommerce Backend\node_modules\router\index.js:582:12)
    at next (C:\Users\yosef\OneDrive\Desktop\NTI\Ecommerce Backend\node_modules\router\index.js:291:5)
    at cors (C:\Users\yosef\OneDrive\Desktop\NTI\Ecommerce Backend\node_modules\cors\lib\index.js:188:7)
    at C:\Users\yosef\OneDrive\Desktop\NTI\Ecommerce Backend\node_modules\cors\lib\index.js:224:17
    at origin (C:\Users\yosef\OneDrive\Desktop\NTI\Ecommerce Backend\middlewares\cors.middleware.js:11:12)
    at C:\Users\yosef\OneDrive\Desktop\NTI\Ecommerce Backend\node_modules\cors\lib\index.js:219:13
15-05-2026 19:15:22 |ERROR| Error | GET | /api/v1/reports/sales : can't find /api/v1/reports/sales 
Error: can't find /api/v1/reports/sales
    at C:\Users\yosef\OneDrive\Desktop\NTI\Ecommerce Backend\server.js:29:7
    at Layer.handleRequest (C:\Users\yosef\OneDrive\Desktop\NTI\Ecommerce Backend\node_modules\router\lib\layer.js:152:17)
    at trimPrefix (C:\Users\yosef\OneDrive\Desktop\NTI\Ecommerce Backend\node_modules\router\index.js:342:13)
    at C:\Users\yosef\OneDrive\Desktop\NTI\Ecommerce Backend\node_modules\router\index.js:297:9
    at processParams (C:\Users\yosef\OneDrive\Desktop\NTI\Ecommerce Backend\node_modules\router\index.js:582:12)
    at next (C:\Users\yosef\OneDrive\Desktop\NTI\Ecommerce Backend\node_modules\router\index.js:291:5)
    at cors (C:\Users\yosef\OneDrive\Desktop\NTI\Ecommerce Backend\node_modules\cors\lib\index.js:188:7)
    at C:\Users\yosef\OneDrive\Desktop\NTI\Ecommerce Backend\node_modules\cors\lib\index.js:224:17
    at origin (C:\Users\yosef\OneDrive\Desktop\NTI\Ecommerce Backend\middlewares\cors.middleware.js:8:11)
    at C:\Users\yosef\OneDrive\Desktop\NTI\Ecommerce Backend\node_modules\cors\lib\index.js:219:13
15-05-2026 19:15:22 |ERROR| Error | GET | /favicon.ico : can't find /favicon.ico 
Error: can't find /favicon.ico
    at C:\Users\yosef\OneDrive\Desktop\NTI\Ecommerce Backend\server.js:29:7
    at Layer.handleRequest (C:\Users\yosef\OneDrive\Desktop\NTI\Ecommerce Backend\node_modules\router\lib\layer.js:152:17)
    at trimPrefix (C:\Users\yosef\OneDrive\Desktop\NTI\Ecommerce Backend\node_modules\router\index.js:342:13)
    at C:\Users\yosef\OneDrive\Desktop\NTI\Ecommerce Backend\node_modules\router\index.js:297:9
    at processParams (C:\Users\yosef\OneDrive\Desktop\NTI\Ecommerce Backend\node_modules\router\index.js:582:12)
    at next (C:\Users\yosef\OneDrive\Desktop\NTI\Ecommerce Backend\node_modules\router\index.js:291:5)
    at cors (C:\Users\yosef\OneDrive\Desktop\NTI\Ecommerce Backend\node_modules\cors\lib\index.js:188:7)
    at C:\Users\yosef\OneDrive\Desktop\NTI\Ecommerce Backend\node_modules\cors\lib\index.js:224:17
    at origin (C:\Users\yosef\OneDrive\Desktop\NTI\Ecommerce Backend\middlewares\cors.middleware.js:8:11)
    at C:\Users\yosef\OneDrive\Desktop\NTI\Ecommerce Backend\node_modules\cors\lib\index.js:219:13
15-05-2026 19:33:33 |ERROR| Error | GET | /api/v1/reports/sales : can't find /api/v1/reports/sales 
Error: can't find /api/v1/reports/sales
    at C:\Users\yosef\OneDrive\Desktop\NTI\Ecommerce Backend\server.js:29:7
    at Layer.handleRequest (C:\Users\yosef\OneDrive\Desktop\NTI\Ecommerce Backend\node_modules\router\lib\layer.js:152:17)
    at trimPrefix (C:\Users\yosef\OneDrive\Desktop\NTI\Ecommerce Backend\node_modules\router\index.js:342:13)
    at C:\Users\yosef\OneDrive\Desktop\NTI\Ecommerce Backend\node_modules\router\index.js:297:9
    at processParams (C:\Users\yosef\OneDrive\Desktop\NTI\Ecommerce Backend\node_modules\router\index.js:582:12)
    at next (C:\Users\yosef\OneDrive\Desktop\NTI\Ecommerce Backend\node_modules\router\index.js:291:5)
    at cors (C:\Users\yosef\OneDrive\Desktop\NTI\Ecommerce Backend\node_modules\cors\lib\index.js:188:7)
    at C:\Users\yosef\OneDrive\Desktop\NTI\Ecommerce Backend\node_modules\cors\lib\index.js:224:17
    at origin (C:\Users\yosef\OneDrive\Desktop\NTI\Ecommerce Backend\middlewares\cors.middleware.js:8:11)
    at C:\Users\yosef\OneDrive\Desktop\NTI\Ecommerce Backend\node_modules\cors\lib\index.js:219:13
15-05-2026 20:07:19 |ERROR| Error | GET | /api/v1/order/allOrders : No orders found! 
Error: No orders found!
    at C:\Users\yosef\OneDrive\Desktop\NTI\Ecommerce Backend\controller\order.controller.js:93:15
    at process.processTicksAndRejections (node:internal/process/task_queues:104:5)
15-05-2026 20:07:22 |ERROR| Error | GET | /api/v1/order/allOrders : No orders found! 
Error: No orders found!
    at C:\Users\yosef\OneDrive\Desktop\NTI\Ecommerce Backend\controller\order.controller.js:93:15
    at process.processTicksAndRejections (node:internal/process/task_queues:104:5)
15-05-2026 20:07:39 |ERROR| Error | GET | /api/v1/order/allOrders : No orders found! 
Error: No orders found!
    at C:\Users\yosef\OneDrive\Desktop\NTI\Ecommerce Backend\controller\order.controller.js:93:15
    at process.processTicksAndRejections (node:internal/process/task_queues:104:5)
15-05-2026 20:08:30 |ERROR| Error | GET | /api/v1/order/allOrders : No orders found! 
Error: No orders found!
    at C:\Users\yosef\OneDrive\Desktop\NTI\Ecommerce Backend\controller\order.controller.js:93:15
    at process.processTicksAndRejections (node:internal/process/task_queues:104:5)
15-05-2026 20:08:54 |ERROR| Error | GET | /api/v1/order/allOrders : No orders found! 
Error: No orders found!
    at C:\Users\yosef\OneDrive\Desktop\NTI\Ecommerce Backend\controller\order.controller.js:93:15
    at process.processTicksAndRejections (node:internal/process/task_queues:104:5)
15-05-2026 20:08:56 |ERROR| Error | GET | /api/v1/order/allOrders : No orders found! 
Error: No orders found!
    at C:\Users\yosef\OneDrive\Desktop\NTI\Ecommerce Backend\controller\order.controller.js:93:15
    at process.processTicksAndRejections (node:internal/process/task_queues:104:5)
15-05-2026 20:09:26 |ERROR| Error | GET | /api/v1/order/allOrders : No orders found! 
Error: No orders found!
    at C:\Users\yosef\OneDrive\Desktop\NTI\Ecommerce Backend\controller\order.controller.js:93:15
    at process.processTicksAndRejections (node:internal/process/task_queues:104:5)
15-05-2026 20:12:55 |ERROR| Error | GET | /api/v1/order/allOrders : No orders found! 
Error: No orders found!
    at C:\Users\yosef\OneDrive\Desktop\NTI\Ecommerce Backend\controller\order.controller.js:93:15
    at process.processTicksAndRejections (node:internal/process/task_queues:104:5)
15-05-2026 20:27:23 |ERROR| Error | GET | /api/v1/order/allOrders : No orders found! 
Error: No orders found!
    at C:\Users\yosef\OneDrive\Desktop\NTI\Ecommerce Backend\controller\order.controller.js:93:15
    at process.processTicksAndRejections (node:internal/process/task_queues:104:5)
15-05-2026 20:36:08 |ERROR| Error | GET | /api/v1/order/allOrders : No orders found! 
Error: No orders found!
    at C:\Users\yosef\OneDrive\Desktop\NTI\Ecommerce Backend\controller\order.controller.js:93:15
    at process.processTicksAndRejections (node:internal/process/task_queues:104:5)
15-05-2026 20:36:21 |ERROR| Error | GET | /api/v1/order/allOrders : No orders found! 
Error: No orders found!
    at C:\Users\yosef\OneDrive\Desktop\NTI\Ecommerce Backend\controller\order.controller.js:93:15
    at process.processTicksAndRejections (node:internal/process/task_queues:104:5)
15-05-2026 20:36:23 |ERROR| Error | GET | /api/v1/order/allOrders : No orders found! 
Error: No orders found!
    at C:\Users\yosef\OneDrive\Desktop\NTI\Ecommerce Backend\controller\order.controller.js:93:15
    at process.processTicksAndRejections (node:internal/process/task_queues:104:5)
15-05-2026 20:36:25 |ERROR| Error | GET | /api/v1/order/allOrders : No orders found! 
Error: No orders found!
    at C:\Users\yosef\OneDrive\Desktop\NTI\Ecommerce Backend\controller\order.controller.js:93:15
    at process.processTicksAndRejections (node:internal/process/task_queues:104:5)
15-05-2026 21:39:01 |ERROR| Error | GET | /uploads/1778064367846-a.png : can't find /uploads/1778064367846-a.png 
Error: can't find /uploads/1778064367846-a.png
    at C:\Users\yosef\OneDrive\Desktop\NTI\Ecommerce Backend\server.js:29:7
    at Layer.handleRequest (C:\Users\yosef\OneDrive\Desktop\NTI\Ecommerce Backend\node_modules\router\lib\layer.js:152:17)
    at trimPrefix (C:\Users\yosef\OneDrive\Desktop\NTI\Ecommerce Backend\node_modules\router\index.js:342:13)
    at C:\Users\yosef\OneDrive\Desktop\NTI\Ecommerce Backend\node_modules\router\index.js:297:9
    at processParams (C:\Users\yosef\OneDrive\Desktop\NTI\Ecommerce Backend\node_modules\router\index.js:582:12)
    at next (C:\Users\yosef\OneDrive\Desktop\NTI\Ecommerce Backend\node_modules\router\index.js:291:5)
    at cors (C:\Users\yosef\OneDrive\Desktop\NTI\Ecommerce Backend\node_modules\cors\lib\index.js:188:7)
    at C:\Users\yosef\OneDrive\Desktop\NTI\Ecommerce Backend\node_modules\cors\lib\index.js:224:17
    at origin (C:\Users\yosef\OneDrive\Desktop\NTI\Ecommerce Backend\middlewares\cors.middleware.js:8:11)
    at C:\Users\yosef\OneDrive\Desktop\NTI\Ecommerce Backend\node_modules\cors\lib\index.js:219:13
15-05-2026 21:39:21 |ERROR| Error | GET | /uploads/1778064367846-a.png : can't find /uploads/1778064367846-a.png 
Error: can't find /uploads/1778064367846-a.png
    at C:\Users\yosef\OneDrive\Desktop\NTI\Ecommerce Backend\server.js:29:7
    at Layer.handleRequest (C:\Users\yosef\OneDrive\Desktop\NTI\Ecommerce Backend\node_modules\router\lib\layer.js:152:17)
    at trimPrefix (C:\Users\yosef\OneDrive\Desktop\NTI\Ecommerce Backend\node_modules\router\index.js:342:13)
    at C:\Users\yosef\OneDrive\Desktop\NTI\Ecommerce Backend\node_modules\router\index.js:297:9
    at processParams (C:\Users\yosef\OneDrive\Desktop\NTI\Ecommerce Backend\node_modules\router\index.js:582:12)
    at next (C:\Users\yosef\OneDrive\Desktop\NTI\Ecommerce Backend\node_modules\router\index.js:291:5)
    at cors (C:\Users\yosef\OneDrive\Desktop\NTI\Ecommerce Backend\node_modules\cors\lib\index.js:188:7)
    at C:\Users\yosef\OneDrive\Desktop\NTI\Ecommerce Backend\node_modules\cors\lib\index.js:224:17
    at origin (C:\Users\yosef\OneDrive\Desktop\NTI\Ecommerce Backend\middlewares\cors.middleware.js:8:11)
    at C:\Users\yosef\OneDrive\Desktop\NTI\Ecommerce Backend\node_modules\cors\lib\index.js:219:13
15-05-2026 21:40:41 |ERROR| Error | GET | /uploads/1778064367846-a.png : can't find /uploads/1778064367846-a.png 
Error: can't find /uploads/1778064367846-a.png
    at C:\Users\yosef\OneDrive\Desktop\NTI\Ecommerce Backend\server.js:29:7
    at Layer.handleRequest (C:\Users\yosef\OneDrive\Desktop\NTI\Ecommerce Backend\node_modules\router\lib\layer.js:152:17)
    at trimPrefix (C:\Users\yosef\OneDrive\Desktop\NTI\Ecommerce Backend\node_modules\router\index.js:342:13)
    at C:\Users\yosef\OneDrive\Desktop\NTI\Ecommerce Backend\node_modules\router\index.js:297:9
    at processParams (C:\Users\yosef\OneDrive\Desktop\NTI\Ecommerce Backend\node_modules\router\index.js:582:12)
    at next (C:\Users\yosef\OneDrive\Desktop\NTI\Ecommerce Backend\node_modules\router\index.js:291:5)
    at cors (C:\Users\yosef\OneDrive\Desktop\NTI\Ecommerce Backend\node_modules\cors\lib\index.js:188:7)
    at C:\Users\yosef\OneDrive\Desktop\NTI\Ecommerce Backend\node_modules\cors\lib\index.js:224:17
    at origin (C:\Users\yosef\OneDrive\Desktop\NTI\Ecommerce Backend\middlewares\cors.middleware.js:8:11)
    at C:\Users\yosef\OneDrive\Desktop\NTI\Ecommerce Backend\node_modules\cors\lib\index.js:219:13
15-05-2026 21:40:49 |ERROR| Error | GET | /uploads/1778064367846-a.png : can't find /uploads/1778064367846-a.png 
Error: can't find /uploads/1778064367846-a.png
    at C:\Users\yosef\OneDrive\Desktop\NTI\Ecommerce Backend\server.js:29:7
    at Layer.handleRequest (C:\Users\yosef\OneDrive\Desktop\NTI\Ecommerce Backend\node_modules\router\lib\layer.js:152:17)
    at trimPrefix (C:\Users\yosef\OneDrive\Desktop\NTI\Ecommerce Backend\node_modules\router\index.js:342:13)
    at C:\Users\yosef\OneDrive\Desktop\NTI\Ecommerce Backend\node_modules\router\index.js:297:9
    at processParams (C:\Users\yosef\OneDrive\Desktop\NTI\Ecommerce Backend\node_modules\router\index.js:582:12)
    at next (C:\Users\yosef\OneDrive\Desktop\NTI\Ecommerce Backend\node_modules\router\index.js:291:5)
    at cors (C:\Users\yosef\OneDrive\Desktop\NTI\Ecommerce Backend\node_modules\cors\lib\index.js:188:7)
    at C:\Users\yosef\OneDrive\Desktop\NTI\Ecommerce Backend\node_modules\cors\lib\index.js:224:17
    at origin (C:\Users\yosef\OneDrive\Desktop\NTI\Ecommerce Backend\middlewares\cors.middleware.js:8:11)
    at C:\Users\yosef\OneDrive\Desktop\NTI\Ecommerce Backend\node_modules\cors\lib\index.js:219:13
15-05-2026 21:41:21 |ERROR| Error | GET | /uploads/1778064367846-a.png : can't find /uploads/1778064367846-a.png 
Error: can't find /uploads/1778064367846-a.png
    at C:\Users\yosef\OneDrive\Desktop\NTI\Ecommerce Backend\server.js:29:7
    at Layer.handleRequest (C:\Users\yosef\OneDrive\Desktop\NTI\Ecommerce Backend\node_modules\router\lib\layer.js:152:17)
    at trimPrefix (C:\Users\yosef\OneDrive\Desktop\NTI\Ecommerce Backend\node_modules\router\index.js:342:13)
    at C:\Users\yosef\OneDrive\Desktop\NTI\Ecommerce Backend\node_modules\router\index.js:297:9
    at processParams (C:\Users\yosef\OneDrive\Desktop\NTI\Ecommerce Backend\node_modules\router\index.js:582:12)
    at next (C:\Users\yosef\OneDrive\Desktop\NTI\Ecommerce Backend\node_modules\router\index.js:291:5)
    at cors (C:\Users\yosef\OneDrive\Desktop\NTI\Ecommerce Backend\node_modules\cors\lib\index.js:188:7)
    at C:\Users\yosef\OneDrive\Desktop\NTI\Ecommerce Backend\node_modules\cors\lib\index.js:224:17
    at origin (C:\Users\yosef\OneDrive\Desktop\NTI\Ecommerce Backend\middlewares\cors.middleware.js:8:11)
    at C:\Users\yosef\OneDrive\Desktop\NTI\Ecommerce Backend\node_modules\cors\lib\index.js:219:13
15-05-2026 21:41:50 |ERROR| Error | GET | /uploads/1778064367846-a.png : can't find /uploads/1778064367846-a.png 
Error: can't find /uploads/1778064367846-a.png
    at C:\Users\yosef\OneDrive\Desktop\NTI\Ecommerce Backend\server.js:29:7
    at Layer.handleRequest (C:\Users\yosef\OneDrive\Desktop\NTI\Ecommerce Backend\node_modules\router\lib\layer.js:152:17)
    at trimPrefix (C:\Users\yosef\OneDrive\Desktop\NTI\Ecommerce Backend\node_modules\router\index.js:342:13)
    at C:\Users\yosef\OneDrive\Desktop\NTI\Ecommerce Backend\node_modules\router\index.js:297:9
    at processParams (C:\Users\yosef\OneDrive\Desktop\NTI\Ecommerce Backend\node_modules\router\index.js:582:12)
    at next (C:\Users\yosef\OneDrive\Desktop\NTI\Ecommerce Backend\node_modules\router\index.js:291:5)
    at cors (C:\Users\yosef\OneDrive\Desktop\NTI\Ecommerce Backend\node_modules\cors\lib\index.js:188:7)
    at C:\Users\yosef\OneDrive\Desktop\NTI\Ecommerce Backend\node_modules\cors\lib\index.js:224:17
    at origin (C:\Users\yosef\OneDrive\Desktop\NTI\Ecommerce Backend\middlewares\cors.middleware.js:8:11)
    at C:\Users\yosef\OneDrive\Desktop\NTI\Ecommerce Backend\node_modules\cors\lib\index.js:219:13
15-05-2026 21:42:03 |ERROR| Error | GET | /uploads/1778064367846-a.png : can't find /uploads/1778064367846-a.png 
Error: can't find /uploads/1778064367846-a.png
    at C:\Users\yosef\OneDrive\Desktop\NTI\Ecommerce Backend\server.js:29:7
    at Layer.handleRequest (C:\Users\yosef\OneDrive\Desktop\NTI\Ecommerce Backend\node_modules\router\lib\layer.js:152:17)
    at trimPrefix (C:\Users\yosef\OneDrive\Desktop\NTI\Ecommerce Backend\node_modules\router\index.js:342:13)
    at C:\Users\yosef\OneDrive\Desktop\NTI\Ecommerce Backend\node_modules\router\index.js:297:9
    at processParams (C:\Users\yosef\OneDrive\Desktop\NTI\Ecommerce Backend\node_modules\router\index.js:582:12)
    at next (C:\Users\yosef\OneDrive\Desktop\NTI\Ecommerce Backend\node_modules\router\index.js:291:5)
    at cors (C:\Users\yosef\OneDrive\Desktop\NTI\Ecommerce Backend\node_modules\cors\lib\index.js:188:7)
    at C:\Users\yosef\OneDrive\Desktop\NTI\Ecommerce Backend\node_modules\cors\lib\index.js:224:17
    at origin (C:\Users\yosef\OneDrive\Desktop\NTI\Ecommerce Backend\middlewares\cors.middleware.js:8:11)
    at C:\Users\yosef\OneDrive\Desktop\NTI\Ecommerce Backend\node_modules\cors\lib\index.js:219:13
15-05-2026 21:42:11 |ERROR| Error | GET | /uploads/1778064367846-a.png : can't find /uploads/1778064367846-a.png 
Error: can't find /uploads/1778064367846-a.png
    at C:\Users\yosef\OneDrive\Desktop\NTI\Ecommerce Backend\server.js:29:7
    at Layer.handleRequest (C:\Users\yosef\OneDrive\Desktop\NTI\Ecommerce Backend\node_modules\router\lib\layer.js:152:17)
    at trimPrefix (C:\Users\yosef\OneDrive\Desktop\NTI\Ecommerce Backend\node_modules\router\index.js:342:13)
    at C:\Users\yosef\OneDrive\Desktop\NTI\Ecommerce Backend\node_modules\router\index.js:297:9
    at processParams (C:\Users\yosef\OneDrive\Desktop\NTI\Ecommerce Backend\node_modules\router\index.js:582:12)
    at next (C:\Users\yosef\OneDrive\Desktop\NTI\Ecommerce Backend\node_modules\router\index.js:291:5)
    at cors (C:\Users\yosef\OneDrive\Desktop\NTI\Ecommerce Backend\node_modules\cors\lib\index.js:188:7)
    at C:\Users\yosef\OneDrive\Desktop\NTI\Ecommerce Backend\node_modules\cors\lib\index.js:224:17
    at origin (C:\Users\yosef\OneDrive\Desktop\NTI\Ecommerce Backend\middlewares\cors.middleware.js:8:11)
    at C:\Users\yosef\OneDrive\Desktop\NTI\Ecommerce Backend\node_modules\cors\lib\index.js:219:13
15-05-2026 21:42:13 |ERROR| Error | GET | /uploads/1778064367846-a.png : can't find /uploads/1778064367846-a.png 
Error: can't find /uploads/1778064367846-a.png
    at C:\Users\yosef\OneDrive\Desktop\NTI\Ecommerce Backend\server.js:29:7
    at Layer.handleRequest (C:\Users\yosef\OneDrive\Desktop\NTI\Ecommerce Backend\node_modules\router\lib\layer.js:152:17)
    at trimPrefix (C:\Users\yosef\OneDrive\Desktop\NTI\Ecommerce Backend\node_modules\router\index.js:342:13)
    at C:\Users\yosef\OneDrive\Desktop\NTI\Ecommerce Backend\node_modules\router\index.js:297:9
    at processParams (C:\Users\yosef\OneDrive\Desktop\NTI\Ecommerce Backend\node_modules\router\index.js:582:12)
    at next (C:\Users\yosef\OneDrive\Desktop\NTI\Ecommerce Backend\node_modules\router\index.js:291:5)
    at cors (C:\Users\yosef\OneDrive\Desktop\NTI\Ecommerce Backend\node_modules\cors\lib\index.js:188:7)
    at C:\Users\yosef\OneDrive\Desktop\NTI\Ecommerce Backend\node_modules\cors\lib\index.js:224:17
    at origin (C:\Users\yosef\OneDrive\Desktop\NTI\Ecommerce Backend\middlewares\cors.middleware.js:8:11)
    at C:\Users\yosef\OneDrive\Desktop\NTI\Ecommerce Backend\node_modules\cors\lib\index.js:219:13
15-05-2026 21:42:17 |ERROR| Error | GET | /uploads/1778064367846-a.png : can't find /uploads/1778064367846-a.png 
Error: can't find /uploads/1778064367846-a.png
    at C:\Users\yosef\OneDrive\Desktop\NTI\Ecommerce Backend\server.js:29:7
    at Layer.handleRequest (C:\Users\yosef\OneDrive\Desktop\NTI\Ecommerce Backend\node_modules\router\lib\layer.js:152:17)
    at trimPrefix (C:\Users\yosef\OneDrive\Desktop\NTI\Ecommerce Backend\node_modules\router\index.js:342:13)
    at C:\Users\yosef\OneDrive\Desktop\NTI\Ecommerce Backend\node_modules\router\index.js:297:9
    at processParams (C:\Users\yosef\OneDrive\Desktop\NTI\Ecommerce Backend\node_modules\router\index.js:582:12)
    at next (C:\Users\yosef\OneDrive\Desktop\NTI\Ecommerce Backend\node_modules\router\index.js:291:5)
    at cors (C:\Users\yosef\OneDrive\Desktop\NTI\Ecommerce Backend\node_modules\cors\lib\index.js:188:7)
    at C:\Users\yosef\OneDrive\Desktop\NTI\Ecommerce Backend\node_modules\cors\lib\index.js:224:17
    at origin (C:\Users\yosef\OneDrive\Desktop\NTI\Ecommerce Backend\middlewares\cors.middleware.js:8:11)
    at C:\Users\yosef\OneDrive\Desktop\NTI\Ecommerce Backend\node_modules\cors\lib\index.js:219:13
15-05-2026 21:42:21 |ERROR| Error | GET | /uploads/1778064367846-a.png : can't find /uploads/1778064367846-a.png 
Error: can't find /uploads/1778064367846-a.png
    at C:\Users\yosef\OneDrive\Desktop\NTI\Ecommerce Backend\server.js:29:7
    at Layer.handleRequest (C:\Users\yosef\OneDrive\Desktop\NTI\Ecommerce Backend\node_modules\router\lib\layer.js:152:17)
    at trimPrefix (C:\Users\yosef\OneDrive\Desktop\NTI\Ecommerce Backend\node_modules\router\index.js:342:13)
    at C:\Users\yosef\OneDrive\Desktop\NTI\Ecommerce Backend\node_modules\router\index.js:297:9
    at processParams (C:\Users\yosef\OneDrive\Desktop\NTI\Ecommerce Backend\node_modules\router\index.js:582:12)
    at next (C:\Users\yosef\OneDrive\Desktop\NTI\Ecommerce Backend\node_modules\router\index.js:291:5)
    at cors (C:\Users\yosef\OneDrive\Desktop\NTI\Ecommerce Backend\node_modules\cors\lib\index.js:188:7)
    at C:\Users\yosef\OneDrive\Desktop\NTI\Ecommerce Backend\node_modules\cors\lib\index.js:224:17
    at origin (C:\Users\yosef\OneDrive\Desktop\NTI\Ecommerce Backend\middlewares\cors.middleware.js:8:11)
    at C:\Users\yosef\OneDrive\Desktop\NTI\Ecommerce Backend\node_modules\cors\lib\index.js:219:13
15-05-2026 21:42:22 |ERROR| Error | GET | /uploads/1778064367846-a.png : can't find /uploads/1778064367846-a.png 
Error: can't find /uploads/1778064367846-a.png
    at C:\Users\yosef\OneDrive\Desktop\NTI\Ecommerce Backend\server.js:29:7
    at Layer.handleRequest (C:\Users\yosef\OneDrive\Desktop\NTI\Ecommerce Backend\node_modules\router\lib\layer.js:152:17)
    at trimPrefix (C:\Users\yosef\OneDrive\Desktop\NTI\Ecommerce Backend\node_modules\router\index.js:342:13)
    at C:\Users\yosef\OneDrive\Desktop\NTI\Ecommerce Backend\node_modules\router\index.js:297:9
    at processParams (C:\Users\yosef\OneDrive\Desktop\NTI\Ecommerce Backend\node_modules\router\index.js:582:12)
    at next (C:\Users\yosef\OneDrive\Desktop\NTI\Ecommerce Backend\node_modules\router\index.js:291:5)
    at cors (C:\Users\yosef\OneDrive\Desktop\NTI\Ecommerce Backend\node_modules\cors\lib\index.js:188:7)
    at C:\Users\yosef\OneDrive\Desktop\NTI\Ecommerce Backend\node_modules\cors\lib\index.js:224:17
    at origin (C:\Users\yosef\OneDrive\Desktop\NTI\Ecommerce Backend\middlewares\cors.middleware.js:8:11)
    at C:\Users\yosef\OneDrive\Desktop\NTI\Ecommerce Backend\node_modules\cors\lib\index.js:219:13
15-05-2026 21:42:22 |ERROR| Error | GET | /uploads/1778064367846-a.png : can't find /uploads/1778064367846-a.png 
Error: can't find /uploads/1778064367846-a.png
    at C:\Users\yosef\OneDrive\Desktop\NTI\Ecommerce Backend\server.js:29:7
    at Layer.handleRequest (C:\Users\yosef\OneDrive\Desktop\NTI\Ecommerce Backend\node_modules\router\lib\layer.js:152:17)
    at trimPrefix (C:\Users\yosef\OneDrive\Desktop\NTI\Ecommerce Backend\node_modules\router\index.js:342:13)
    at C:\Users\yosef\OneDrive\Desktop\NTI\Ecommerce Backend\node_modules\router\index.js:297:9
    at processParams (C:\Users\yosef\OneDrive\Desktop\NTI\Ecommerce Backend\node_modules\router\index.js:582:12)
    at next (C:\Users\yosef\OneDrive\Desktop\NTI\Ecommerce Backend\node_modules\router\index.js:291:5)
    at cors (C:\Users\yosef\OneDrive\Desktop\NTI\Ecommerce Backend\node_modules\cors\lib\index.js:188:7)
    at C:\Users\yosef\OneDrive\Desktop\NTI\Ecommerce Backend\node_modules\cors\lib\index.js:224:17
    at origin (C:\Users\yosef\OneDrive\Desktop\NTI\Ecommerce Backend\middlewares\cors.middleware.js:8:11)
    at C:\Users\yosef\OneDrive\Desktop\NTI\Ecommerce Backend\node_modules\cors\lib\index.js:219:13
15-05-2026 21:42:24 |ERROR| Error | GET | /uploads/1778064367846-a.png : can't find /uploads/1778064367846-a.png 
Error: can't find /uploads/1778064367846-a.png
    at C:\Users\yosef\OneDrive\Desktop\NTI\Ecommerce Backend\server.js:29:7
    at Layer.handleRequest (C:\Users\yosef\OneDrive\Desktop\NTI\Ecommerce Backend\node_modules\router\lib\layer.js:152:17)
    at trimPrefix (C:\Users\yosef\OneDrive\Desktop\NTI\Ecommerce Backend\node_modules\router\index.js:342:13)
    at C:\Users\yosef\OneDrive\Desktop\NTI\Ecommerce Backend\node_modules\router\index.js:297:9
    at processParams (C:\Users\yosef\OneDrive\Desktop\NTI\Ecommerce Backend\node_modules\router\index.js:582:12)
    at next (C:\Users\yosef\OneDrive\Desktop\NTI\Ecommerce Backend\node_modules\router\index.js:291:5)
    at cors (C:\Users\yosef\OneDrive\Desktop\NTI\Ecommerce Backend\node_modules\cors\lib\index.js:188:7)
    at C:\Users\yosef\OneDrive\Desktop\NTI\Ecommerce Backend\node_modules\cors\lib\index.js:224:17
    at origin (C:\Users\yosef\OneDrive\Desktop\NTI\Ecommerce Backend\middlewares\cors.middleware.js:8:11)
    at C:\Users\yosef\OneDrive\Desktop\NTI\Ecommerce Backend\node_modules\cors\lib\index.js:219:13
15-05-2026 22:13:00 |ERROR| Error | POST | /api/v1/product/addProduct : SubCategory does not belong to this category! 
Error: SubCategory does not belong to this category!
    at C:\Users\yosef\OneDrive\Desktop\NTI\Ecommerce Backend\controller\product.controller.js:44:4
    at process.processTicksAndRejections (node:internal/process/task_queues:104:5)
15-05-2026 22:13:01 |ERROR| Error | POST | /api/v1/product/addProduct : SubCategory does not belong to this category! 
Error: SubCategory does not belong to this category!
    at C:\Users\yosef\OneDrive\Desktop\NTI\Ecommerce Backend\controller\product.controller.js:44:4
    at process.processTicksAndRejections (node:internal/process/task_queues:104:5)
15-05-2026 22:13:03 |ERROR| Error | POST | /api/v1/product/addProduct : SubCategory does not belong to this category! 
Error: SubCategory does not belong to this category!
    at C:\Users\yosef\OneDrive\Desktop\NTI\Ecommerce Backend\controller\product.controller.js:44:4
    at process.processTicksAndRejections (node:internal/process/task_queues:104:5)
15-05-2026 22:13:03 |ERROR| Error | POST | /api/v1/product/addProduct : SubCategory does not belong to this category! 
Error: SubCategory does not belong to this category!
    at C:\Users\yosef\OneDrive\Desktop\NTI\Ecommerce Backend\controller\product.controller.js:44:4
    at process.processTicksAndRejections (node:internal/process/task_queues:104:5)
15-05-2026 22:13:03 |ERROR| Error | POST | /api/v1/product/addProduct : SubCategory does not belong to this category! 
Error: SubCategory does not belong to this category!
    at C:\Users\yosef\OneDrive\Desktop\NTI\Ecommerce Backend\controller\product.controller.js:44:4
    at process.processTicksAndRejections (node:internal/process/task_queues:104:5)
15-05-2026 22:18:10 |ERROR| Error | GET | /uploads/1778872542491-a.png : can't find /uploads/1778872542491-a.png 
Error: can't find /uploads/1778872542491-a.png
    at C:\Users\yosef\OneDrive\Desktop\NTI\Ecommerce Backend\server.js:29:7
    at Layer.handleRequest (C:\Users\yosef\OneDrive\Desktop\NTI\Ecommerce Backend\node_modules\router\lib\layer.js:152:17)
    at trimPrefix (C:\Users\yosef\OneDrive\Desktop\NTI\Ecommerce Backend\node_modules\router\index.js:342:13)
    at C:\Users\yosef\OneDrive\Desktop\NTI\Ecommerce Backend\node_modules\router\index.js:297:9
    at processParams (C:\Users\yosef\OneDrive\Desktop\NTI\Ecommerce Backend\node_modules\router\index.js:582:12)
    at next (C:\Users\yosef\OneDrive\Desktop\NTI\Ecommerce Backend\node_modules\router\index.js:291:5)
    at cors (C:\Users\yosef\OneDrive\Desktop\NTI\Ecommerce Backend\node_modules\cors\lib\index.js:188:7)
    at C:\Users\yosef\OneDrive\Desktop\NTI\Ecommerce Backend\node_modules\cors\lib\index.js:224:17
    at origin (C:\Users\yosef\OneDrive\Desktop\NTI\Ecommerce Backend\middlewares\cors.middleware.js:8:11)
    at C:\Users\yosef\OneDrive\Desktop\NTI\Ecommerce Backend\node_modules\cors\lib\index.js:219:13
15-05-2026 22:18:10 |ERROR| Error | GET | /uploads/1778872514763-a.png : can't find /uploads/1778872514763-a.png 
Error: can't find /uploads/1778872514763-a.png
    at C:\Users\yosef\OneDrive\Desktop\NTI\Ecommerce Backend\server.js:29:7
    at Layer.handleRequest (C:\Users\yosef\OneDrive\Desktop\NTI\Ecommerce Backend\node_modules\router\lib\layer.js:152:17)
    at trimPrefix (C:\Users\yosef\OneDrive\Desktop\NTI\Ecommerce Backend\node_modules\router\index.js:342:13)
    at C:\Users\yosef\OneDrive\Desktop\NTI\Ecommerce Backend\node_modules\router\index.js:297:9
    at processParams (C:\Users\yosef\OneDrive\Desktop\NTI\Ecommerce Backend\node_modules\router\index.js:582:12)
    at next (C:\Users\yosef\OneDrive\Desktop\NTI\Ecommerce Backend\node_modules\router\index.js:291:5)
    at cors (C:\Users\yosef\OneDrive\Desktop\NTI\Ecommerce Backend\node_modules\cors\lib\index.js:188:7)
    at C:\Users\yosef\OneDrive\Desktop\NTI\Ecommerce Backend\node_modules\cors\lib\index.js:224:17
    at origin (C:\Users\yosef\OneDrive\Desktop\NTI\Ecommerce Backend\middlewares\cors.middleware.js:8:11)
    at C:\Users\yosef\OneDrive\Desktop\NTI\Ecommerce Backend\node_modules\cors\lib\index.js:219:13
15-05-2026 22:18:10 |ERROR| Error | GET | /uploads/1778872483665-a.png : can't find /uploads/1778872483665-a.png 
Error: can't find /uploads/1778872483665-a.png
    at C:\Users\yosef\OneDrive\Desktop\NTI\Ecommerce Backend\server.js:29:7
    at Layer.handleRequest (C:\Users\yosef\OneDrive\Desktop\NTI\Ecommerce Backend\node_modules\router\lib\layer.js:152:17)
    at trimPrefix (C:\Users\yosef\OneDrive\Desktop\NTI\Ecommerce Backend\node_modules\router\index.js:342:13)
    at C:\Users\yosef\OneDrive\Desktop\NTI\Ecommerce Backend\node_modules\router\index.js:297:9
    at processParams (C:\Users\yosef\OneDrive\Desktop\NTI\Ecommerce Backend\node_modules\router\index.js:582:12)
    at next (C:\Users\yosef\OneDrive\Desktop\NTI\Ecommerce Backend\node_modules\router\index.js:291:5)
    at cors (C:\Users\yosef\OneDrive\Desktop\NTI\Ecommerce Backend\node_modules\cors\lib\index.js:188:7)
    at C:\Users\yosef\OneDrive\Desktop\NTI\Ecommerce Backend\node_modules\cors\lib\index.js:224:17
    at origin (C:\Users\yosef\OneDrive\Desktop\NTI\Ecommerce Backend\middlewares\cors.middleware.js:8:11)
    at C:\Users\yosef\OneDrive\Desktop\NTI\Ecommerce Backend\node_modules\cors\lib\index.js:219:13
15-05-2026 22:18:10 |ERROR| Error | GET | /uploads/1778872457977-a.png : can't find /uploads/1778872457977-a.png 
Error: can't find /uploads/1778872457977-a.png
    at C:\Users\yosef\OneDrive\Desktop\NTI\Ecommerce Backend\server.js:29:7
    at Layer.handleRequest (C:\Users\yosef\OneDrive\Desktop\NTI\Ecommerce Backend\node_modules\router\lib\layer.js:152:17)
    at trimPrefix (C:\Users\yosef\OneDrive\Desktop\NTI\Ecommerce Backend\node_modules\router\index.js:342:13)
    at C:\Users\yosef\OneDrive\Desktop\NTI\Ecommerce Backend\node_modules\router\index.js:297:9
    at processParams (C:\Users\yosef\OneDrive\Desktop\NTI\Ecommerce Backend\node_modules\router\index.js:582:12)
    at next (C:\Users\yosef\OneDrive\Desktop\NTI\Ecommerce Backend\node_modules\router\index.js:291:5)
    at cors (C:\Users\yosef\OneDrive\Desktop\NTI\Ecommerce Backend\node_modules\cors\lib\index.js:188:7)
    at C:\Users\yosef\OneDrive\Desktop\NTI\Ecommerce Backend\node_modules\cors\lib\index.js:224:17
    at origin (C:\Users\yosef\OneDrive\Desktop\NTI\Ecommerce Backend\middlewares\cors.middleware.js:8:11)
    at C:\Users\yosef\OneDrive\Desktop\NTI\Ecommerce Backend\node_modules\cors\lib\index.js:219:13
15-05-2026 22:20:10 |ERROR| Error | GET | /uploads/1778872542491-a.png : can't find /uploads/1778872542491-a.png 
Error: can't find /uploads/1778872542491-a.png
    at C:\Users\yosef\OneDrive\Desktop\NTI\Ecommerce Backend\server.js:29:7
    at Layer.handleRequest (C:\Users\yosef\OneDrive\Desktop\NTI\Ecommerce Backend\node_modules\router\lib\layer.js:152:17)
    at trimPrefix (C:\Users\yosef\OneDrive\Desktop\NTI\Ecommerce Backend\node_modules\router\index.js:342:13)
    at C:\Users\yosef\OneDrive\Desktop\NTI\Ecommerce Backend\node_modules\router\index.js:297:9
    at processParams (C:\Users\yosef\OneDrive\Desktop\NTI\Ecommerce Backend\node_modules\router\index.js:582:12)
    at next (C:\Users\yosef\OneDrive\Desktop\NTI\Ecommerce Backend\node_modules\router\index.js:291:5)
    at cors (C:\Users\yosef\OneDrive\Desktop\NTI\Ecommerce Backend\node_modules\cors\lib\index.js:188:7)
    at C:\Users\yosef\OneDrive\Desktop\NTI\Ecommerce Backend\node_modules\cors\lib\index.js:224:17
    at origin (C:\Users\yosef\OneDrive\Desktop\NTI\Ecommerce Backend\middlewares\cors.middleware.js:8:11)
    at C:\Users\yosef\OneDrive\Desktop\NTI\Ecommerce Backend\node_modules\cors\lib\index.js:219:13
15-05-2026 22:20:10 |ERROR| Error | GET | /uploads/1778872514763-a.png : can't find /uploads/1778872514763-a.png 
Error: can't find /uploads/1778872514763-a.png
    at C:\Users\yosef\OneDrive\Desktop\NTI\Ecommerce Backend\server.js:29:7
    at Layer.handleRequest (C:\Users\yosef\OneDrive\Desktop\NTI\Ecommerce Backend\node_modules\router\lib\layer.js:152:17)
    at trimPrefix (C:\Users\yosef\OneDrive\Desktop\NTI\Ecommerce Backend\node_modules\router\index.js:342:13)
    at C:\Users\yosef\OneDrive\Desktop\NTI\Ecommerce Backend\node_modules\router\index.js:297:9
    at processParams (C:\Users\yosef\OneDrive\Desktop\NTI\Ecommerce Backend\node_modules\router\index.js:582:12)
    at next (C:\Users\yosef\OneDrive\Desktop\NTI\Ecommerce Backend\node_modules\router\index.js:291:5)
    at cors (C:\Users\yosef\OneDrive\Desktop\NTI\Ecommerce Backend\node_modules\cors\lib\index.js:188:7)
    at C:\Users\yosef\OneDrive\Desktop\NTI\Ecommerce Backend\node_modules\cors\lib\index.js:224:17
    at origin (C:\Users\yosef\OneDrive\Desktop\NTI\Ecommerce Backend\middlewares\cors.middleware.js:8:11)
    at C:\Users\yosef\OneDrive\Desktop\NTI\Ecommerce Backend\node_modules\cors\lib\index.js:219:13
15-05-2026 22:20:10 |ERROR| Error | GET | /uploads/1778872483665-a.png : can't find /uploads/1778872483665-a.png 
Error: can't find /uploads/1778872483665-a.png
    at C:\Users\yosef\OneDrive\Desktop\NTI\Ecommerce Backend\server.js:29:7
    at Layer.handleRequest (C:\Users\yosef\OneDrive\Desktop\NTI\Ecommerce Backend\node_modules\router\lib\layer.js:152:17)
    at trimPrefix (C:\Users\yosef\OneDrive\Desktop\NTI\Ecommerce Backend\node_modules\router\index.js:342:13)
    at C:\Users\yosef\OneDrive\Desktop\NTI\Ecommerce Backend\node_modules\router\index.js:297:9
    at processParams (C:\Users\yosef\OneDrive\Desktop\NTI\Ecommerce Backend\node_modules\router\index.js:582:12)
    at next (C:\Users\yosef\OneDrive\Desktop\NTI\Ecommerce Backend\node_modules\router\index.js:291:5)
    at cors (C:\Users\yosef\OneDrive\Desktop\NTI\Ecommerce Backend\node_modules\cors\lib\index.js:188:7)
    at C:\Users\yosef\OneDrive\Desktop\NTI\Ecommerce Backend\node_modules\cors\lib\index.js:224:17
    at origin (C:\Users\yosef\OneDrive\Desktop\NTI\Ecommerce Backend\middlewares\cors.middleware.js:8:11)
    at C:\Users\yosef\OneDrive\Desktop\NTI\Ecommerce Backend\node_modules\cors\lib\index.js:219:13
15-05-2026 22:20:10 |ERROR| Error | GET | /uploads/1778872457977-a.png : can't find /uploads/1778872457977-a.png 
Error: can't find /uploads/1778872457977-a.png
    at C:\Users\yosef\OneDrive\Desktop\NTI\Ecommerce Backend\server.js:29:7
    at Layer.handleRequest (C:\Users\yosef\OneDrive\Desktop\NTI\Ecommerce Backend\node_modules\router\lib\layer.js:152:17)
    at trimPrefix (C:\Users\yosef\OneDrive\Desktop\NTI\Ecommerce Backend\node_modules\router\index.js:342:13)
    at C:\Users\yosef\OneDrive\Desktop\NTI\Ecommerce Backend\node_modules\router\index.js:297:9
    at processParams (C:\Users\yosef\OneDrive\Desktop\NTI\Ecommerce Backend\node_modules\router\index.js:582:12)
    at next (C:\Users\yosef\OneDrive\Desktop\NTI\Ecommerce Backend\node_modules\router\index.js:291:5)
    at cors (C:\Users\yosef\OneDrive\Desktop\NTI\Ecommerce Backend\node_modules\cors\lib\index.js:188:7)
    at C:\Users\yosef\OneDrive\Desktop\NTI\Ecommerce Backend\node_modules\cors\lib\index.js:224:17
    at origin (C:\Users\yosef\OneDrive\Desktop\NTI\Ecommerce Backend\middlewares\cors.middleware.js:8:11)
    at C:\Users\yosef\OneDrive\Desktop\NTI\Ecommerce Backend\node_modules\cors\lib\index.js:219:13
15-05-2026 22:20:25 |ERROR| Error | PATCH | /api/v1/cart : Not enough stock available! 
Error: Not enough stock available!
    at C:\Users\yosef\OneDrive\Desktop\NTI\Ecommerce Backend\controller\cart.controller.js:135:15
    at process.processTicksAndRejections (node:internal/process/task_queues:104:5)
15-05-2026 22:20:27 |ERROR| Error | PATCH | /api/v1/cart : Not enough stock available! 
Error: Not enough stock available!
    at C:\Users\yosef\OneDrive\Desktop\NTI\Ecommerce Backend\controller\cart.controller.js:135:15
    at process.processTicksAndRejections (node:internal/process/task_queues:104:5)
15-05-2026 22:20:27 |ERROR| Error | PATCH | /api/v1/cart : Not enough stock available! 
Error: Not enough stock available!
    at C:\Users\yosef\OneDrive\Desktop\NTI\Ecommerce Backend\controller\cart.controller.js:135:15
    at process.processTicksAndRejections (node:internal/process/task_queues:104:5)
15-05-2026 22:20:28 |ERROR| Error | PATCH | /api/v1/cart : Not enough stock available! 
Error: Not enough stock available!
    at C:\Users\yosef\OneDrive\Desktop\NTI\Ecommerce Backend\controller\cart.controller.js:135:15
    at process.processTicksAndRejections (node:internal/process/task_queues:104:5)
15-05-2026 22:20:29 |ERROR| Error | PATCH | /api/v1/cart : Not enough stock available! 
Error: Not enough stock available!
    at C:\Users\yosef\OneDrive\Desktop\NTI\Ecommerce Backend\controller\cart.controller.js:135:15
    at process.processTicksAndRejections (node:internal/process/task_queues:104:5)
15-05-2026 22:20:35 |ERROR| Error | PATCH | /api/v1/cart : Not enough stock available! 
Error: Not enough stock available!
    at C:\Users\yosef\OneDrive\Desktop\NTI\Ecommerce Backend\controller\cart.controller.js:135:15
    at process.processTicksAndRejections (node:internal/process/task_queues:104:5)
15-05-2026 22:20:35 |ERROR| Error | PATCH | /api/v1/cart : Not enough stock available! 
Error: Not enough stock available!
    at C:\Users\yosef\OneDrive\Desktop\NTI\Ecommerce Backend\controller\cart.controller.js:135:15
    at process.processTicksAndRejections (node:internal/process/task_queues:104:5)
15-05-2026 22:20:36 |ERROR| Error | PATCH | /api/v1/cart : Not enough stock available! 
Error: Not enough stock available!
    at C:\Users\yosef\OneDrive\Desktop\NTI\Ecommerce Backend\controller\cart.controller.js:135:15
    at process.processTicksAndRejections (node:internal/process/task_queues:104:5)
15-05-2026 22:20:36 |ERROR| Error | PATCH | /api/v1/cart : Not enough stock available! 
Error: Not enough stock available!
    at C:\Users\yosef\OneDrive\Desktop\NTI\Ecommerce Backend\controller\cart.controller.js:135:15
    at process.processTicksAndRejections (node:internal/process/task_queues:104:5)
15-05-2026 22:20:36 |ERROR| Error | PATCH | /api/v1/cart : Not enough stock available! 
Error: Not enough stock available!
    at C:\Users\yosef\OneDrive\Desktop\NTI\Ecommerce Backend\controller\cart.controller.js:135:15
    at process.processTicksAndRejections (node:internal/process/task_queues:104:5)
15-05-2026 22:20:36 |ERROR| Error | PATCH | /api/v1/cart : Not enough stock available! 
Error: Not enough stock available!
    at C:\Users\yosef\OneDrive\Desktop\NTI\Ecommerce Backend\controller\cart.controller.js:135:15
    at process.processTicksAndRejections (node:internal/process/task_queues:104:5)
15-05-2026 22:20:44 |ERROR| Error | GET | /uploads/1778872542491-a.png : can't find /uploads/1778872542491-a.png 
Error: can't find /uploads/1778872542491-a.png
    at C:\Users\yosef\OneDrive\Desktop\NTI\Ecommerce Backend\server.js:29:7
    at Layer.handleRequest (C:\Users\yosef\OneDrive\Desktop\NTI\Ecommerce Backend\node_modules\router\lib\layer.js:152:17)
    at trimPrefix (C:\Users\yosef\OneDrive\Desktop\NTI\Ecommerce Backend\node_modules\router\index.js:342:13)
    at C:\Users\yosef\OneDrive\Desktop\NTI\Ecommerce Backend\node_modules\router\index.js:297:9
    at processParams (C:\Users\yosef\OneDrive\Desktop\NTI\Ecommerce Backend\node_modules\router\index.js:582:12)
    at next (C:\Users\yosef\OneDrive\Desktop\NTI\Ecommerce Backend\node_modules\router\index.js:291:5)
    at cors (C:\Users\yosef\OneDrive\Desktop\NTI\Ecommerce Backend\node_modules\cors\lib\index.js:188:7)
    at C:\Users\yosef\OneDrive\Desktop\NTI\Ecommerce Backend\node_modules\cors\lib\index.js:224:17
    at origin (C:\Users\yosef\OneDrive\Desktop\NTI\Ecommerce Backend\middlewares\cors.middleware.js:8:11)
    at C:\Users\yosef\OneDrive\Desktop\NTI\Ecommerce Backend\node_modules\cors\lib\index.js:219:13
15-05-2026 22:20:44 |ERROR| Error | GET | /uploads/1778872514763-a.png : can't find /uploads/1778872514763-a.png 
Error: can't find /uploads/1778872514763-a.png
    at C:\Users\yosef\OneDrive\Desktop\NTI\Ecommerce Backend\server.js:29:7
    at Layer.handleRequest (C:\Users\yosef\OneDrive\Desktop\NTI\Ecommerce Backend\node_modules\router\lib\layer.js:152:17)
    at trimPrefix (C:\Users\yosef\OneDrive\Desktop\NTI\Ecommerce Backend\node_modules\router\index.js:342:13)
    at C:\Users\yosef\OneDrive\Desktop\NTI\Ecommerce Backend\node_modules\router\index.js:297:9
    at processParams (C:\Users\yosef\OneDrive\Desktop\NTI\Ecommerce Backend\node_modules\router\index.js:582:12)
    at next (C:\Users\yosef\OneDrive\Desktop\NTI\Ecommerce Backend\node_modules\router\index.js:291:5)
    at cors (C:\Users\yosef\OneDrive\Desktop\NTI\Ecommerce Backend\node_modules\cors\lib\index.js:188:7)
    at C:\Users\yosef\OneDrive\Desktop\NTI\Ecommerce Backend\node_modules\cors\lib\index.js:224:17
    at origin (C:\Users\yosef\OneDrive\Desktop\NTI\Ecommerce Backend\middlewares\cors.middleware.js:8:11)
    at C:\Users\yosef\OneDrive\Desktop\NTI\Ecommerce Backend\node_modules\cors\lib\index.js:219:13
15-05-2026 22:20:44 |ERROR| Error | GET | /uploads/1778872483665-a.png : can't find /uploads/1778872483665-a.png 
Error: can't find /uploads/1778872483665-a.png
    at C:\Users\yosef\OneDrive\Desktop\NTI\Ecommerce Backend\server.js:29:7
    at Layer.handleRequest (C:\Users\yosef\OneDrive\Desktop\NTI\Ecommerce Backend\node_modules\router\lib\layer.js:152:17)
    at trimPrefix (C:\Users\yosef\OneDrive\Desktop\NTI\Ecommerce Backend\node_modules\router\index.js:342:13)
    at C:\Users\yosef\OneDrive\Desktop\NTI\Ecommerce Backend\node_modules\router\index.js:297:9
    at processParams (C:\Users\yosef\OneDrive\Desktop\NTI\Ecommerce Backend\node_modules\router\index.js:582:12)
    at next (C:\Users\yosef\OneDrive\Desktop\NTI\Ecommerce Backend\node_modules\router\index.js:291:5)
    at cors (C:\Users\yosef\OneDrive\Desktop\NTI\Ecommerce Backend\node_modules\cors\lib\index.js:188:7)
    at C:\Users\yosef\OneDrive\Desktop\NTI\Ecommerce Backend\node_modules\cors\lib\index.js:224:17
    at origin (C:\Users\yosef\OneDrive\Desktop\NTI\Ecommerce Backend\middlewares\cors.middleware.js:8:11)
    at C:\Users\yosef\OneDrive\Desktop\NTI\Ecommerce Backend\node_modules\cors\lib\index.js:219:13
15-05-2026 22:20:44 |ERROR| Error | GET | /uploads/1778872457977-a.png : can't find /uploads/1778872457977-a.png 
Error: can't find /uploads/1778872457977-a.png
    at C:\Users\yosef\OneDrive\Desktop\NTI\Ecommerce Backend\server.js:29:7
    at Layer.handleRequest (C:\Users\yosef\OneDrive\Desktop\NTI\Ecommerce Backend\node_modules\router\lib\layer.js:152:17)
    at trimPrefix (C:\Users\yosef\OneDrive\Desktop\NTI\Ecommerce Backend\node_modules\router\index.js:342:13)
    at C:\Users\yosef\OneDrive\Desktop\NTI\Ecommerce Backend\node_modules\router\index.js:297:9
    at processParams (C:\Users\yosef\OneDrive\Desktop\NTI\Ecommerce Backend\node_modules\router\index.js:582:12)
    at next (C:\Users\yosef\OneDrive\Desktop\NTI\Ecommerce Backend\node_modules\router\index.js:291:5)
    at cors (C:\Users\yosef\OneDrive\Desktop\NTI\Ecommerce Backend\node_modules\cors\lib\index.js:188:7)
    at C:\Users\yosef\OneDrive\Desktop\NTI\Ecommerce Backend\node_modules\cors\lib\index.js:224:17
    at origin (C:\Users\yosef\OneDrive\Desktop\NTI\Ecommerce Backend\middlewares\cors.middleware.js:8:11)
    at C:\Users\yosef\OneDrive\Desktop\NTI\Ecommerce Backend\node_modules\cors\lib\index.js:219:13
15-05-2026 22:21:53 |ERROR| Error | GET | /uploads/1778872542491-a.png : can't find /uploads/1778872542491-a.png 
Error: can't find /uploads/1778872542491-a.png
    at C:\Users\yosef\OneDrive\Desktop\NTI\Ecommerce Backend\server.js:29:7
    at Layer.handleRequest (C:\Users\yosef\OneDrive\Desktop\NTI\Ecommerce Backend\node_modules\router\lib\layer.js:152:17)
    at trimPrefix (C:\Users\yosef\OneDrive\Desktop\NTI\Ecommerce Backend\node_modules\router\index.js:342:13)
    at C:\Users\yosef\OneDrive\Desktop\NTI\Ecommerce Backend\node_modules\router\index.js:297:9
    at processParams (C:\Users\yosef\OneDrive\Desktop\NTI\Ecommerce Backend\node_modules\router\index.js:582:12)
    at next (C:\Users\yosef\OneDrive\Desktop\NTI\Ecommerce Backend\node_modules\router\index.js:291:5)
    at cors (C:\Users\yosef\OneDrive\Desktop\NTI\Ecommerce Backend\node_modules\cors\lib\index.js:188:7)
    at C:\Users\yosef\OneDrive\Desktop\NTI\Ecommerce Backend\node_modules\cors\lib\index.js:224:17
    at origin (C:\Users\yosef\OneDrive\Desktop\NTI\Ecommerce Backend\middlewares\cors.middleware.js:8:11)
    at C:\Users\yosef\OneDrive\Desktop\NTI\Ecommerce Backend\node_modules\cors\lib\index.js:219:13
15-05-2026 22:21:53 |ERROR| Error | GET | /uploads/1778872514763-a.png : can't find /uploads/1778872514763-a.png 
Error: can't find /uploads/1778872514763-a.png
    at C:\Users\yosef\OneDrive\Desktop\NTI\Ecommerce Backend\server.js:29:7
    at Layer.handleRequest (C:\Users\yosef\OneDrive\Desktop\NTI\Ecommerce Backend\node_modules\router\lib\layer.js:152:17)
    at trimPrefix (C:\Users\yosef\OneDrive\Desktop\NTI\Ecommerce Backend\node_modules\router\index.js:342:13)
    at C:\Users\yosef\OneDrive\Desktop\NTI\Ecommerce Backend\node_modules\router\index.js:297:9
    at processParams (C:\Users\yosef\OneDrive\Desktop\NTI\Ecommerce Backend\node_modules\router\index.js:582:12)
    at next (C:\Users\yosef\OneDrive\Desktop\NTI\Ecommerce Backend\node_modules\router\index.js:291:5)
    at cors (C:\Users\yosef\OneDrive\Desktop\NTI\Ecommerce Backend\node_modules\cors\lib\index.js:188:7)
    at C:\Users\yosef\OneDrive\Desktop\NTI\Ecommerce Backend\node_modules\cors\lib\index.js:224:17
    at origin (C:\Users\yosef\OneDrive\Desktop\NTI\Ecommerce Backend\middlewares\cors.middleware.js:8:11)
    at C:\Users\yosef\OneDrive\Desktop\NTI\Ecommerce Backend\node_modules\cors\lib\index.js:219:13
15-05-2026 22:21:53 |ERROR| Error | GET | /uploads/1778872483665-a.png : can't find /uploads/1778872483665-a.png 
Error: can't find /uploads/1778872483665-a.png
    at C:\Users\yosef\OneDrive\Desktop\NTI\Ecommerce Backend\server.js:29:7
    at Layer.handleRequest (C:\Users\yosef\OneDrive\Desktop\NTI\Ecommerce Backend\node_modules\router\lib\layer.js:152:17)
    at trimPrefix (C:\Users\yosef\OneDrive\Desktop\NTI\Ecommerce Backend\node_modules\router\index.js:342:13)
    at C:\Users\yosef\OneDrive\Desktop\NTI\Ecommerce Backend\node_modules\router\index.js:297:9
    at processParams (C:\Users\yosef\OneDrive\Desktop\NTI\Ecommerce Backend\node_modules\router\index.js:582:12)
    at next (C:\Users\yosef\OneDrive\Desktop\NTI\Ecommerce Backend\node_modules\router\index.js:291:5)
    at cors (C:\Users\yosef\OneDrive\Desktop\NTI\Ecommerce Backend\node_modules\cors\lib\index.js:188:7)
    at C:\Users\yosef\OneDrive\Desktop\NTI\Ecommerce Backend\node_modules\cors\lib\index.js:224:17
    at origin (C:\Users\yosef\OneDrive\Desktop\NTI\Ecommerce Backend\middlewares\cors.middleware.js:8:11)
    at C:\Users\yosef\OneDrive\Desktop\NTI\Ecommerce Backend\node_modules\cors\lib\index.js:219:13
15-05-2026 22:21:53 |ERROR| Error | GET | /uploads/1778872457977-a.png : can't find /uploads/1778872457977-a.png 
Error: can't find /uploads/1778872457977-a.png
    at C:\Users\yosef\OneDrive\Desktop\NTI\Ecommerce Backend\server.js:29:7
    at Layer.handleRequest (C:\Users\yosef\OneDrive\Desktop\NTI\Ecommerce Backend\node_modules\router\lib\layer.js:152:17)
    at trimPrefix (C:\Users\yosef\OneDrive\Desktop\NTI\Ecommerce Backend\node_modules\router\index.js:342:13)
    at C:\Users\yosef\OneDrive\Desktop\NTI\Ecommerce Backend\node_modules\router\index.js:297:9
    at processParams (C:\Users\yosef\OneDrive\Desktop\NTI\Ecommerce Backend\node_modules\router\index.js:582:12)
    at next (C:\Users\yosef\OneDrive\Desktop\NTI\Ecommerce Backend\node_modules\router\index.js:291:5)
    at cors (C:\Users\yosef\OneDrive\Desktop\NTI\Ecommerce Backend\node_modules\cors\lib\index.js:188:7)
    at C:\Users\yosef\OneDrive\Desktop\NTI\Ecommerce Backend\node_modules\cors\lib\index.js:224:17
    at origin (C:\Users\yosef\OneDrive\Desktop\NTI\Ecommerce Backend\middlewares\cors.middleware.js:8:11)
    at C:\Users\yosef\OneDrive\Desktop\NTI\Ecommerce Backend\node_modules\cors\lib\index.js:219:13
15-05-2026 22:22:17 |ERROR| Error | GET | /uploads/1778872542491-a.png : can't find /uploads/1778872542491-a.png 
Error: can't find /uploads/1778872542491-a.png
    at C:\Users\yosef\OneDrive\Desktop\NTI\Ecommerce Backend\server.js:29:7
    at Layer.handleRequest (C:\Users\yosef\OneDrive\Desktop\NTI\Ecommerce Backend\node_modules\router\lib\layer.js:152:17)
    at trimPrefix (C:\Users\yosef\OneDrive\Desktop\NTI\Ecommerce Backend\node_modules\router\index.js:342:13)
    at C:\Users\yosef\OneDrive\Desktop\NTI\Ecommerce Backend\node_modules\router\index.js:297:9
    at processParams (C:\Users\yosef\OneDrive\Desktop\NTI\Ecommerce Backend\node_modules\router\index.js:582:12)
    at next (C:\Users\yosef\OneDrive\Desktop\NTI\Ecommerce Backend\node_modules\router\index.js:291:5)
    at cors (C:\Users\yosef\OneDrive\Desktop\NTI\Ecommerce Backend\node_modules\cors\lib\index.js:188:7)
    at C:\Users\yosef\OneDrive\Desktop\NTI\Ecommerce Backend\node_modules\cors\lib\index.js:224:17
    at origin (C:\Users\yosef\OneDrive\Desktop\NTI\Ecommerce Backend\middlewares\cors.middleware.js:8:11)
    at C:\Users\yosef\OneDrive\Desktop\NTI\Ecommerce Backend\node_modules\cors\lib\index.js:219:13
15-05-2026 22:22:17 |ERROR| Error | GET | /uploads/1778872514763-a.png : can't find /uploads/1778872514763-a.png 
Error: can't find /uploads/1778872514763-a.png
    at C:\Users\yosef\OneDrive\Desktop\NTI\Ecommerce Backend\server.js:29:7
    at Layer.handleRequest (C:\Users\yosef\OneDrive\Desktop\NTI\Ecommerce Backend\node_modules\router\lib\layer.js:152:17)
    at trimPrefix (C:\Users\yosef\OneDrive\Desktop\NTI\Ecommerce Backend\node_modules\router\index.js:342:13)
    at C:\Users\yosef\OneDrive\Desktop\NTI\Ecommerce Backend\node_modules\router\index.js:297:9
    at processParams (C:\Users\yosef\OneDrive\Desktop\NTI\Ecommerce Backend\node_modules\router\index.js:582:12)
    at next (C:\Users\yosef\OneDrive\Desktop\NTI\Ecommerce Backend\node_modules\router\index.js:291:5)
    at cors (C:\Users\yosef\OneDrive\Desktop\NTI\Ecommerce Backend\node_modules\cors\lib\index.js:188:7)
    at C:\Users\yosef\OneDrive\Desktop\NTI\Ecommerce Backend\node_modules\cors\lib\index.js:224:17
    at origin (C:\Users\yosef\OneDrive\Desktop\NTI\Ecommerce Backend\middlewares\cors.middleware.js:8:11)
    at C:\Users\yosef\OneDrive\Desktop\NTI\Ecommerce Backend\node_modules\cors\lib\index.js:219:13
15-05-2026 22:22:17 |ERROR| Error | GET | /uploads/1778872483665-a.png : can't find /uploads/1778872483665-a.png 
Error: can't find /uploads/1778872483665-a.png
    at C:\Users\yosef\OneDrive\Desktop\NTI\Ecommerce Backend\server.js:29:7
    at Layer.handleRequest (C:\Users\yosef\OneDrive\Desktop\NTI\Ecommerce Backend\node_modules\router\lib\layer.js:152:17)
    at trimPrefix (C:\Users\yosef\OneDrive\Desktop\NTI\Ecommerce Backend\node_modules\router\index.js:342:13)
    at C:\Users\yosef\OneDrive\Desktop\NTI\Ecommerce Backend\node_modules\router\index.js:297:9
    at processParams (C:\Users\yosef\OneDrive\Desktop\NTI\Ecommerce Backend\node_modules\router\index.js:582:12)
    at next (C:\Users\yosef\OneDrive\Desktop\NTI\Ecommerce Backend\node_modules\router\index.js:291:5)
    at cors (C:\Users\yosef\OneDrive\Desktop\NTI\Ecommerce Backend\node_modules\cors\lib\index.js:188:7)
    at C:\Users\yosef\OneDrive\Desktop\NTI\Ecommerce Backend\node_modules\cors\lib\index.js:224:17
    at origin (C:\Users\yosef\OneDrive\Desktop\NTI\Ecommerce Backend\middlewares\cors.middleware.js:8:11)
    at C:\Users\yosef\OneDrive\Desktop\NTI\Ecommerce Backend\node_modules\cors\lib\index.js:219:13
15-05-2026 22:22:17 |ERROR| Error | GET | /uploads/1778872457977-a.png : can't find /uploads/1778872457977-a.png 
Error: can't find /uploads/1778872457977-a.png
    at C:\Users\yosef\OneDrive\Desktop\NTI\Ecommerce Backend\server.js:29:7
    at Layer.handleRequest (C:\Users\yosef\OneDrive\Desktop\NTI\Ecommerce Backend\node_modules\router\lib\layer.js:152:17)
    at trimPrefix (C:\Users\yosef\OneDrive\Desktop\NTI\Ecommerce Backend\node_modules\router\index.js:342:13)
    at C:\Users\yosef\OneDrive\Desktop\NTI\Ecommerce Backend\node_modules\router\index.js:297:9
    at processParams (C:\Users\yosef\OneDrive\Desktop\NTI\Ecommerce Backend\node_modules\router\index.js:582:12)
    at next (C:\Users\yosef\OneDrive\Desktop\NTI\Ecommerce Backend\node_modules\router\index.js:291:5)
    at cors (C:\Users\yosef\OneDrive\Desktop\NTI\Ecommerce Backend\node_modules\cors\lib\index.js:188:7)
    at C:\Users\yosef\OneDrive\Desktop\NTI\Ecommerce Backend\node_modules\cors\lib\index.js:224:17
    at origin (C:\Users\yosef\OneDrive\Desktop\NTI\Ecommerce Backend\middlewares\cors.middleware.js:8:11)
    at C:\Users\yosef\OneDrive\Desktop\NTI\Ecommerce Backend\node_modules\cors\lib\index.js:219:13
15-05-2026 22:23:08 |ERROR| Error | GET | /uploads/1778872542491-a.png : can't find /uploads/1778872542491-a.png 
Error: can't find /uploads/1778872542491-a.png
    at C:\Users\yosef\OneDrive\Desktop\NTI\Ecommerce Backend\server.js:29:7
    at Layer.handleRequest (C:\Users\yosef\OneDrive\Desktop\NTI\Ecommerce Backend\node_modules\router\lib\layer.js:152:17)
    at trimPrefix (C:\Users\yosef\OneDrive\Desktop\NTI\Ecommerce Backend\node_modules\router\index.js:342:13)
    at C:\Users\yosef\OneDrive\Desktop\NTI\Ecommerce Backend\node_modules\router\index.js:297:9
    at processParams (C:\Users\yosef\OneDrive\Desktop\NTI\Ecommerce Backend\node_modules\router\index.js:582:12)
    at next (C:\Users\yosef\OneDrive\Desktop\NTI\Ecommerce Backend\node_modules\router\index.js:291:5)
    at cors (C:\Users\yosef\OneDrive\Desktop\NTI\Ecommerce Backend\node_modules\cors\lib\index.js:188:7)
    at C:\Users\yosef\OneDrive\Desktop\NTI\Ecommerce Backend\node_modules\cors\lib\index.js:224:17
    at origin (C:\Users\yosef\OneDrive\Desktop\NTI\Ecommerce Backend\middlewares\cors.middleware.js:8:11)
    at C:\Users\yosef\OneDrive\Desktop\NTI\Ecommerce Backend\node_modules\cors\lib\index.js:219:13
15-05-2026 22:23:08 |ERROR| Error | GET | /uploads/1778872514763-a.png : can't find /uploads/1778872514763-a.png 
Error: can't find /uploads/1778872514763-a.png
    at C:\Users\yosef\OneDrive\Desktop\NTI\Ecommerce Backend\server.js:29:7
    at Layer.handleRequest (C:\Users\yosef\OneDrive\Desktop\NTI\Ecommerce Backend\node_modules\router\lib\layer.js:152:17)
    at trimPrefix (C:\Users\yosef\OneDrive\Desktop\NTI\Ecommerce Backend\node_modules\router\index.js:342:13)
    at C:\Users\yosef\OneDrive\Desktop\NTI\Ecommerce Backend\node_modules\router\index.js:297:9
    at processParams (C:\Users\yosef\OneDrive\Desktop\NTI\Ecommerce Backend\node_modules\router\index.js:582:12)
    at next (C:\Users\yosef\OneDrive\Desktop\NTI\Ecommerce Backend\node_modules\router\index.js:291:5)
    at cors (C:\Users\yosef\OneDrive\Desktop\NTI\Ecommerce Backend\node_modules\cors\lib\index.js:188:7)
    at C:\Users\yosef\OneDrive\Desktop\NTI\Ecommerce Backend\node_modules\cors\lib\index.js:224:17
    at origin (C:\Users\yosef\OneDrive\Desktop\NTI\Ecommerce Backend\middlewares\cors.middleware.js:8:11)
    at C:\Users\yosef\OneDrive\Desktop\NTI\Ecommerce Backend\node_modules\cors\lib\index.js:219:13
15-05-2026 22:23:08 |ERROR| Error | GET | /uploads/1778872483665-a.png : can't find /uploads/1778872483665-a.png 
Error: can't find /uploads/1778872483665-a.png
    at C:\Users\yosef\OneDrive\Desktop\NTI\Ecommerce Backend\server.js:29:7
    at Layer.handleRequest (C:\Users\yosef\OneDrive\Desktop\NTI\Ecommerce Backend\node_modules\router\lib\layer.js:152:17)
    at trimPrefix (C:\Users\yosef\OneDrive\Desktop\NTI\Ecommerce Backend\node_modules\router\index.js:342:13)
    at C:\Users\yosef\OneDrive\Desktop\NTI\Ecommerce Backend\node_modules\router\index.js:297:9
    at processParams (C:\Users\yosef\OneDrive\Desktop\NTI\Ecommerce Backend\node_modules\router\index.js:582:12)
    at next (C:\Users\yosef\OneDrive\Desktop\NTI\Ecommerce Backend\node_modules\router\index.js:291:5)
    at cors (C:\Users\yosef\OneDrive\Desktop\NTI\Ecommerce Backend\node_modules\cors\lib\index.js:188:7)
    at C:\Users\yosef\OneDrive\Desktop\NTI\Ecommerce Backend\node_modules\cors\lib\index.js:224:17
    at origin (C:\Users\yosef\OneDrive\Desktop\NTI\Ecommerce Backend\middlewares\cors.middleware.js:8:11)
    at C:\Users\yosef\OneDrive\Desktop\NTI\Ecommerce Backend\node_modules\cors\lib\index.js:219:13
15-05-2026 22:23:08 |ERROR| Error | GET | /uploads/1778872457977-a.png : can't find /uploads/1778872457977-a.png 
Error: can't find /uploads/1778872457977-a.png
    at C:\Users\yosef\OneDrive\Desktop\NTI\Ecommerce Backend\server.js:29:7
    at Layer.handleRequest (C:\Users\yosef\OneDrive\Desktop\NTI\Ecommerce Backend\node_modules\router\lib\layer.js:152:17)
    at trimPrefix (C:\Users\yosef\OneDrive\Desktop\NTI\Ecommerce Backend\node_modules\router\index.js:342:13)
    at C:\Users\yosef\OneDrive\Desktop\NTI\Ecommerce Backend\node_modules\router\index.js:297:9
    at processParams (C:\Users\yosef\OneDrive\Desktop\NTI\Ecommerce Backend\node_modules\router\index.js:582:12)
    at next (C:\Users\yosef\OneDrive\Desktop\NTI\Ecommerce Backend\node_modules\router\index.js:291:5)
    at cors (C:\Users\yosef\OneDrive\Desktop\NTI\Ecommerce Backend\node_modules\cors\lib\index.js:188:7)
    at C:\Users\yosef\OneDrive\Desktop\NTI\Ecommerce Backend\node_modules\cors\lib\index.js:224:17
    at origin (C:\Users\yosef\OneDrive\Desktop\NTI\Ecommerce Backend\middlewares\cors.middleware.js:8:11)
    at C:\Users\yosef\OneDrive\Desktop\NTI\Ecommerce Backend\node_modules\cors\lib\index.js:219:13
15-05-2026 22:23:37 |ERROR| Error | GET | /uploads/1778872542491-a.png : can't find /uploads/1778872542491-a.png 
Error: can't find /uploads/1778872542491-a.png
    at C:\Users\yosef\OneDrive\Desktop\NTI\Ecommerce Backend\server.js:29:7
    at Layer.handleRequest (C:\Users\yosef\OneDrive\Desktop\NTI\Ecommerce Backend\node_modules\router\lib\layer.js:152:17)
    at trimPrefix (C:\Users\yosef\OneDrive\Desktop\NTI\Ecommerce Backend\node_modules\router\index.js:342:13)
    at C:\Users\yosef\OneDrive\Desktop\NTI\Ecommerce Backend\node_modules\router\index.js:297:9
    at processParams (C:\Users\yosef\OneDrive\Desktop\NTI\Ecommerce Backend\node_modules\router\index.js:582:12)
    at next (C:\Users\yosef\OneDrive\Desktop\NTI\Ecommerce Backend\node_modules\router\index.js:291:5)
    at cors (C:\Users\yosef\OneDrive\Desktop\NTI\Ecommerce Backend\node_modules\cors\lib\index.js:188:7)
    at C:\Users\yosef\OneDrive\Desktop\NTI\Ecommerce Backend\node_modules\cors\lib\index.js:224:17
    at origin (C:\Users\yosef\OneDrive\Desktop\NTI\Ecommerce Backend\middlewares\cors.middleware.js:8:11)
    at C:\Users\yosef\OneDrive\Desktop\NTI\Ecommerce Backend\node_modules\cors\lib\index.js:219:13
15-05-2026 22:23:37 |ERROR| Error | GET | /uploads/1778872514763-a.png : can't find /uploads/1778872514763-a.png 
Error: can't find /uploads/1778872514763-a.png
    at C:\Users\yosef\OneDrive\Desktop\NTI\Ecommerce Backend\server.js:29:7
    at Layer.handleRequest (C:\Users\yosef\OneDrive\Desktop\NTI\Ecommerce Backend\node_modules\router\lib\layer.js:152:17)
    at trimPrefix (C:\Users\yosef\OneDrive\Desktop\NTI\Ecommerce Backend\node_modules\router\index.js:342:13)
    at C:\Users\yosef\OneDrive\Desktop\NTI\Ecommerce Backend\node_modules\router\index.js:297:9
    at processParams (C:\Users\yosef\OneDrive\Desktop\NTI\Ecommerce Backend\node_modules\router\index.js:582:12)
    at next (C:\Users\yosef\OneDrive\Desktop\NTI\Ecommerce Backend\node_modules\router\index.js:291:5)
    at cors (C:\Users\yosef\OneDrive\Desktop\NTI\Ecommerce Backend\node_modules\cors\lib\index.js:188:7)
    at C:\Users\yosef\OneDrive\Desktop\NTI\Ecommerce Backend\node_modules\cors\lib\index.js:224:17
    at origin (C:\Users\yosef\OneDrive\Desktop\NTI\Ecommerce Backend\middlewares\cors.middleware.js:8:11)
    at C:\Users\yosef\OneDrive\Desktop\NTI\Ecommerce Backend\node_modules\cors\lib\index.js:219:13
15-05-2026 22:23:37 |ERROR| Error | GET | /uploads/1778872483665-a.png : can't find /uploads/1778872483665-a.png 
Error: can't find /uploads/1778872483665-a.png
    at C:\Users\yosef\OneDrive\Desktop\NTI\Ecommerce Backend\server.js:29:7
    at Layer.handleRequest (C:\Users\yosef\OneDrive\Desktop\NTI\Ecommerce Backend\node_modules\router\lib\layer.js:152:17)
    at trimPrefix (C:\Users\yosef\OneDrive\Desktop\NTI\Ecommerce Backend\node_modules\router\index.js:342:13)
    at C:\Users\yosef\OneDrive\Desktop\NTI\Ecommerce Backend\node_modules\router\index.js:297:9
    at processParams (C:\Users\yosef\OneDrive\Desktop\NTI\Ecommerce Backend\node_modules\router\index.js:582:12)
    at next (C:\Users\yosef\OneDrive\Desktop\NTI\Ecommerce Backend\node_modules\router\index.js:291:5)
    at cors (C:\Users\yosef\OneDrive\Desktop\NTI\Ecommerce Backend\node_modules\cors\lib\index.js:188:7)
    at C:\Users\yosef\OneDrive\Desktop\NTI\Ecommerce Backend\node_modules\cors\lib\index.js:224:17
    at origin (C:\Users\yosef\OneDrive\Desktop\NTI\Ecommerce Backend\middlewares\cors.middleware.js:8:11)
    at C:\Users\yosef\OneDrive\Desktop\NTI\Ecommerce Backend\node_modules\cors\lib\index.js:219:13
15-05-2026 22:23:37 |ERROR| Error | GET | /uploads/1778872457977-a.png : can't find /uploads/1778872457977-a.png 
Error: can't find /uploads/1778872457977-a.png
    at C:\Users\yosef\OneDrive\Desktop\NTI\Ecommerce Backend\server.js:29:7
    at Layer.handleRequest (C:\Users\yosef\OneDrive\Desktop\NTI\Ecommerce Backend\node_modules\router\lib\layer.js:152:17)
    at trimPrefix (C:\Users\yosef\OneDrive\Desktop\NTI\Ecommerce Backend\node_modules\router\index.js:342:13)
    at C:\Users\yosef\OneDrive\Desktop\NTI\Ecommerce Backend\node_modules\router\index.js:297:9
    at processParams (C:\Users\yosef\OneDrive\Desktop\NTI\Ecommerce Backend\node_modules\router\index.js:582:12)
    at next (C:\Users\yosef\OneDrive\Desktop\NTI\Ecommerce Backend\node_modules\router\index.js:291:5)
    at cors (C:\Users\yosef\OneDrive\Desktop\NTI\Ecommerce Backend\node_modules\cors\lib\index.js:188:7)
    at C:\Users\yosef\OneDrive\Desktop\NTI\Ecommerce Backend\node_modules\cors\lib\index.js:224:17
    at origin (C:\Users\yosef\OneDrive\Desktop\NTI\Ecommerce Backend\middlewares\cors.middleware.js:8:11)
    at C:\Users\yosef\OneDrive\Desktop\NTI\Ecommerce Backend\node_modules\cors\lib\index.js:219:13
15-05-2026 22:23:45 |ERROR| Error | GET | /uploads/1778872542491-a.png : can't find /uploads/1778872542491-a.png 
Error: can't find /uploads/1778872542491-a.png
    at C:\Users\yosef\OneDrive\Desktop\NTI\Ecommerce Backend\server.js:29:7
    at Layer.handleRequest (C:\Users\yosef\OneDrive\Desktop\NTI\Ecommerce Backend\node_modules\router\lib\layer.js:152:17)
    at trimPrefix (C:\Users\yosef\OneDrive\Desktop\NTI\Ecommerce Backend\node_modules\router\index.js:342:13)
    at C:\Users\yosef\OneDrive\Desktop\NTI\Ecommerce Backend\node_modules\router\index.js:297:9
    at processParams (C:\Users\yosef\OneDrive\Desktop\NTI\Ecommerce Backend\node_modules\router\index.js:582:12)
    at next (C:\Users\yosef\OneDrive\Desktop\NTI\Ecommerce Backend\node_modules\router\index.js:291:5)
    at cors (C:\Users\yosef\OneDrive\Desktop\NTI\Ecommerce Backend\node_modules\cors\lib\index.js:188:7)
    at C:\Users\yosef\OneDrive\Desktop\NTI\Ecommerce Backend\node_modules\cors\lib\index.js:224:17
    at origin (C:\Users\yosef\OneDrive\Desktop\NTI\Ecommerce Backend\middlewares\cors.middleware.js:8:11)
    at C:\Users\yosef\OneDrive\Desktop\NTI\Ecommerce Backend\node_modules\cors\lib\index.js:219:13
15-05-2026 22:23:45 |ERROR| Error | GET | /uploads/1778872514763-a.png : can't find /uploads/1778872514763-a.png 
Error: can't find /uploads/1778872514763-a.png
    at C:\Users\yosef\OneDrive\Desktop\NTI\Ecommerce Backend\server.js:29:7
    at Layer.handleRequest (C:\Users\yosef\OneDrive\Desktop\NTI\Ecommerce Backend\node_modules\router\lib\layer.js:152:17)
    at trimPrefix (C:\Users\yosef\OneDrive\Desktop\NTI\Ecommerce Backend\node_modules\router\index.js:342:13)
    at C:\Users\yosef\OneDrive\Desktop\NTI\Ecommerce Backend\node_modules\router\index.js:297:9
    at processParams (C:\Users\yosef\OneDrive\Desktop\NTI\Ecommerce Backend\node_modules\router\index.js:582:12)
    at next (C:\Users\yosef\OneDrive\Desktop\NTI\Ecommerce Backend\node_modules\router\index.js:291:5)
    at cors (C:\Users\yosef\OneDrive\Desktop\NTI\Ecommerce Backend\node_modules\cors\lib\index.js:188:7)
    at C:\Users\yosef\OneDrive\Desktop\NTI\Ecommerce Backend\node_modules\cors\lib\index.js:224:17
    at origin (C:\Users\yosef\OneDrive\Desktop\NTI\Ecommerce Backend\middlewares\cors.middleware.js:8:11)
    at C:\Users\yosef\OneDrive\Desktop\NTI\Ecommerce Backend\node_modules\cors\lib\index.js:219:13
15-05-2026 22:23:45 |ERROR| Error | GET | /uploads/1778872483665-a.png : can't find /uploads/1778872483665-a.png 
Error: can't find /uploads/1778872483665-a.png
    at C:\Users\yosef\OneDrive\Desktop\NTI\Ecommerce Backend\server.js:29:7
    at Layer.handleRequest (C:\Users\yosef\OneDrive\Desktop\NTI\Ecommerce Backend\node_modules\router\lib\layer.js:152:17)
    at trimPrefix (C:\Users\yosef\OneDrive\Desktop\NTI\Ecommerce Backend\node_modules\router\index.js:342:13)
    at C:\Users\yosef\OneDrive\Desktop\NTI\Ecommerce Backend\node_modules\router\index.js:297:9
    at processParams (C:\Users\yosef\OneDrive\Desktop\NTI\Ecommerce Backend\node_modules\router\index.js:582:12)
    at next (C:\Users\yosef\OneDrive\Desktop\NTI\Ecommerce Backend\node_modules\router\index.js:291:5)
    at cors (C:\Users\yosef\OneDrive\Desktop\NTI\Ecommerce Backend\node_modules\cors\lib\index.js:188:7)
    at C:\Users\yosef\OneDrive\Desktop\NTI\Ecommerce Backend\node_modules\cors\lib\index.js:224:17
    at origin (C:\Users\yosef\OneDrive\Desktop\NTI\Ecommerce Backend\middlewares\cors.middleware.js:8:11)
    at C:\Users\yosef\OneDrive\Desktop\NTI\Ecommerce Backend\node_modules\cors\lib\index.js:219:13
15-05-2026 22:23:45 |ERROR| Error | GET | /uploads/1778872457977-a.png : can't find /uploads/1778872457977-a.png 
Error: can't find /uploads/1778872457977-a.png
    at C:\Users\yosef\OneDrive\Desktop\NTI\Ecommerce Backend\server.js:29:7
    at Layer.handleRequest (C:\Users\yosef\OneDrive\Desktop\NTI\Ecommerce Backend\node_modules\router\lib\layer.js:152:17)
    at trimPrefix (C:\Users\yosef\OneDrive\Desktop\NTI\Ecommerce Backend\node_modules\router\index.js:342:13)
    at C:\Users\yosef\OneDrive\Desktop\NTI\Ecommerce Backend\node_modules\router\index.js:297:9
    at processParams (C:\Users\yosef\OneDrive\Desktop\NTI\Ecommerce Backend\node_modules\router\index.js:582:12)
    at next (C:\Users\yosef\OneDrive\Desktop\NTI\Ecommerce Backend\node_modules\router\index.js:291:5)
    at cors (C:\Users\yosef\OneDrive\Desktop\NTI\Ecommerce Backend\node_modules\cors\lib\index.js:188:7)
    at C:\Users\yosef\OneDrive\Desktop\NTI\Ecommerce Backend\node_modules\cors\lib\index.js:224:17
    at origin (C:\Users\yosef\OneDrive\Desktop\NTI\Ecommerce Backend\middlewares\cors.middleware.js:8:11)
    at C:\Users\yosef\OneDrive\Desktop\NTI\Ecommerce Backend\node_modules\cors\lib\index.js:219:13
15-05-2026 22:23:48 |ERROR| Error | GET | /uploads/1778872542491-a.png : can't find /uploads/1778872542491-a.png 
Error: can't find /uploads/1778872542491-a.png
    at C:\Users\yosef\OneDrive\Desktop\NTI\Ecommerce Backend\server.js:29:7
    at Layer.handleRequest (C:\Users\yosef\OneDrive\Desktop\NTI\Ecommerce Backend\node_modules\router\lib\layer.js:152:17)
    at trimPrefix (C:\Users\yosef\OneDrive\Desktop\NTI\Ecommerce Backend\node_modules\router\index.js:342:13)
    at C:\Users\yosef\OneDrive\Desktop\NTI\Ecommerce Backend\node_modules\router\index.js:297:9
    at processParams (C:\Users\yosef\OneDrive\Desktop\NTI\Ecommerce Backend\node_modules\router\index.js:582:12)
    at next (C:\Users\yosef\OneDrive\Desktop\NTI\Ecommerce Backend\node_modules\router\index.js:291:5)
    at cors (C:\Users\yosef\OneDrive\Desktop\NTI\Ecommerce Backend\node_modules\cors\lib\index.js:188:7)
    at C:\Users\yosef\OneDrive\Desktop\NTI\Ecommerce Backend\node_modules\cors\lib\index.js:224:17
    at origin (C:\Users\yosef\OneDrive\Desktop\NTI\Ecommerce Backend\middlewares\cors.middleware.js:8:11)
    at C:\Users\yosef\OneDrive\Desktop\NTI\Ecommerce Backend\node_modules\cors\lib\index.js:219:13
15-05-2026 22:23:48 |ERROR| Error | GET | /uploads/1778872514763-a.png : can't find /uploads/1778872514763-a.png 
Error: can't find /uploads/1778872514763-a.png
    at C:\Users\yosef\OneDrive\Desktop\NTI\Ecommerce Backend\server.js:29:7
    at Layer.handleRequest (C:\Users\yosef\OneDrive\Desktop\NTI\Ecommerce Backend\node_modules\router\lib\layer.js:152:17)
    at trimPrefix (C:\Users\yosef\OneDrive\Desktop\NTI\Ecommerce Backend\node_modules\router\index.js:342:13)
    at C:\Users\yosef\OneDrive\Desktop\NTI\Ecommerce Backend\node_modules\router\index.js:297:9
    at processParams (C:\Users\yosef\OneDrive\Desktop\NTI\Ecommerce Backend\node_modules\router\index.js:582:12)
    at next (C:\Users\yosef\OneDrive\Desktop\NTI\Ecommerce Backend\node_modules\router\index.js:291:5)
    at cors (C:\Users\yosef\OneDrive\Desktop\NTI\Ecommerce Backend\node_modules\cors\lib\index.js:188:7)
    at C:\Users\yosef\OneDrive\Desktop\NTI\Ecommerce Backend\node_modules\cors\lib\index.js:224:17
    at origin (C:\Users\yosef\OneDrive\Desktop\NTI\Ecommerce Backend\middlewares\cors.middleware.js:8:11)
    at C:\Users\yosef\OneDrive\Desktop\NTI\Ecommerce Backend\node_modules\cors\lib\index.js:219:13
15-05-2026 22:23:48 |ERROR| Error | GET | /uploads/1778872483665-a.png : can't find /uploads/1778872483665-a.png 
Error: can't find /uploads/1778872483665-a.png
    at C:\Users\yosef\OneDrive\Desktop\NTI\Ecommerce Backend\server.js:29:7
    at Layer.handleRequest (C:\Users\yosef\OneDrive\Desktop\NTI\Ecommerce Backend\node_modules\router\lib\layer.js:152:17)
    at trimPrefix (C:\Users\yosef\OneDrive\Desktop\NTI\Ecommerce Backend\node_modules\router\index.js:342:13)
    at C:\Users\yosef\OneDrive\Desktop\NTI\Ecommerce Backend\node_modules\router\index.js:297:9
    at processParams (C:\Users\yosef\OneDrive\Desktop\NTI\Ecommerce Backend\node_modules\router\index.js:582:12)
    at next (C:\Users\yosef\OneDrive\Desktop\NTI\Ecommerce Backend\node_modules\router\index.js:291:5)
    at cors (C:\Users\yosef\OneDrive\Desktop\NTI\Ecommerce Backend\node_modules\cors\lib\index.js:188:7)
    at C:\Users\yosef\OneDrive\Desktop\NTI\Ecommerce Backend\node_modules\cors\lib\index.js:224:17
    at origin (C:\Users\yosef\OneDrive\Desktop\NTI\Ecommerce Backend\middlewares\cors.middleware.js:8:11)
    at C:\Users\yosef\OneDrive\Desktop\NTI\Ecommerce Backend\node_modules\cors\lib\index.js:219:13
15-05-2026 22:23:48 |ERROR| Error | GET | /uploads/1778872457977-a.png : can't find /uploads/1778872457977-a.png 
Error: can't find /uploads/1778872457977-a.png
    at C:\Users\yosef\OneDrive\Desktop\NTI\Ecommerce Backend\server.js:29:7
    at Layer.handleRequest (C:\Users\yosef\OneDrive\Desktop\NTI\Ecommerce Backend\node_modules\router\lib\layer.js:152:17)
    at trimPrefix (C:\Users\yosef\OneDrive\Desktop\NTI\Ecommerce Backend\node_modules\router\index.js:342:13)
    at C:\Users\yosef\OneDrive\Desktop\NTI\Ecommerce Backend\node_modules\router\index.js:297:9
    at processParams (C:\Users\yosef\OneDrive\Desktop\NTI\Ecommerce Backend\node_modules\router\index.js:582:12)
    at next (C:\Users\yosef\OneDrive\Desktop\NTI\Ecommerce Backend\node_modules\router\index.js:291:5)
    at cors (C:\Users\yosef\OneDrive\Desktop\NTI\Ecommerce Backend\node_modules\cors\lib\index.js:188:7)
    at C:\Users\yosef\OneDrive\Desktop\NTI\Ecommerce Backend\node_modules\cors\lib\index.js:224:17
    at origin (C:\Users\yosef\OneDrive\Desktop\NTI\Ecommerce Backend\middlewares\cors.middleware.js:8:11)
    at C:\Users\yosef\OneDrive\Desktop\NTI\Ecommerce Backend\node_modules\cors\lib\index.js:219:13
15-05-2026 22:23:59 |ERROR| Error | GET | /uploads/1778872542491-a.png : can't find /uploads/1778872542491-a.png 
Error: can't find /uploads/1778872542491-a.png
    at C:\Users\yosef\OneDrive\Desktop\NTI\Ecommerce Backend\server.js:29:7
    at Layer.handleRequest (C:\Users\yosef\OneDrive\Desktop\NTI\Ecommerce Backend\node_modules\router\lib\layer.js:152:17)
    at trimPrefix (C:\Users\yosef\OneDrive\Desktop\NTI\Ecommerce Backend\node_modules\router\index.js:342:13)
    at C:\Users\yosef\OneDrive\Desktop\NTI\Ecommerce Backend\node_modules\router\index.js:297:9
    at processParams (C:\Users\yosef\OneDrive\Desktop\NTI\Ecommerce Backend\node_modules\router\index.js:582:12)
    at next (C:\Users\yosef\OneDrive\Desktop\NTI\Ecommerce Backend\node_modules\router\index.js:291:5)
    at cors (C:\Users\yosef\OneDrive\Desktop\NTI\Ecommerce Backend\node_modules\cors\lib\index.js:188:7)
    at C:\Users\yosef\OneDrive\Desktop\NTI\Ecommerce Backend\node_modules\cors\lib\index.js:224:17
    at origin (C:\Users\yosef\OneDrive\Desktop\NTI\Ecommerce Backend\middlewares\cors.middleware.js:8:11)
    at C:\Users\yosef\OneDrive\Desktop\NTI\Ecommerce Backend\node_modules\cors\lib\index.js:219:13
15-05-2026 22:23:59 |ERROR| Error | GET | /uploads/1778872514763-a.png : can't find /uploads/1778872514763-a.png 
Error: can't find /uploads/1778872514763-a.png
    at C:\Users\yosef\OneDrive\Desktop\NTI\Ecommerce Backend\server.js:29:7
    at Layer.handleRequest (C:\Users\yosef\OneDrive\Desktop\NTI\Ecommerce Backend\node_modules\router\lib\layer.js:152:17)
    at trimPrefix (C:\Users\yosef\OneDrive\Desktop\NTI\Ecommerce Backend\node_modules\router\index.js:342:13)
    at C:\Users\yosef\OneDrive\Desktop\NTI\Ecommerce Backend\node_modules\router\index.js:297:9
    at processParams (C:\Users\yosef\OneDrive\Desktop\NTI\Ecommerce Backend\node_modules\router\index.js:582:12)
    at next (C:\Users\yosef\OneDrive\Desktop\NTI\Ecommerce Backend\node_modules\router\index.js:291:5)
    at cors (C:\Users\yosef\OneDrive\Desktop\NTI\Ecommerce Backend\node_modules\cors\lib\index.js:188:7)
    at C:\Users\yosef\OneDrive\Desktop\NTI\Ecommerce Backend\node_modules\cors\lib\index.js:224:17
    at origin (C:\Users\yosef\OneDrive\Desktop\NTI\Ecommerce Backend\middlewares\cors.middleware.js:8:11)
    at C:\Users\yosef\OneDrive\Desktop\NTI\Ecommerce Backend\node_modules\cors\lib\index.js:219:13
15-05-2026 22:23:59 |ERROR| Error | GET | /uploads/1778872483665-a.png : can't find /uploads/1778872483665-a.png 
Error: can't find /uploads/1778872483665-a.png
    at C:\Users\yosef\OneDrive\Desktop\NTI\Ecommerce Backend\server.js:29:7
    at Layer.handleRequest (C:\Users\yosef\OneDrive\Desktop\NTI\Ecommerce Backend\node_modules\router\lib\layer.js:152:17)
    at trimPrefix (C:\Users\yosef\OneDrive\Desktop\NTI\Ecommerce Backend\node_modules\router\index.js:342:13)
    at C:\Users\yosef\OneDrive\Desktop\NTI\Ecommerce Backend\node_modules\router\index.js:297:9
    at processParams (C:\Users\yosef\OneDrive\Desktop\NTI\Ecommerce Backend\node_modules\router\index.js:582:12)
    at next (C:\Users\yosef\OneDrive\Desktop\NTI\Ecommerce Backend\node_modules\router\index.js:291:5)
    at cors (C:\Users\yosef\OneDrive\Desktop\NTI\Ecommerce Backend\node_modules\cors\lib\index.js:188:7)
    at C:\Users\yosef\OneDrive\Desktop\NTI\Ecommerce Backend\node_modules\cors\lib\index.js:224:17
    at origin (C:\Users\yosef\OneDrive\Desktop\NTI\Ecommerce Backend\middlewares\cors.middleware.js:8:11)
    at C:\Users\yosef\OneDrive\Desktop\NTI\Ecommerce Backend\node_modules\cors\lib\index.js:219:13
15-05-2026 22:23:59 |ERROR| Error | GET | /uploads/1778872457977-a.png : can't find /uploads/1778872457977-a.png 
Error: can't find /uploads/1778872457977-a.png
    at C:\Users\yosef\OneDrive\Desktop\NTI\Ecommerce Backend\server.js:29:7
    at Layer.handleRequest (C:\Users\yosef\OneDrive\Desktop\NTI\Ecommerce Backend\node_modules\router\lib\layer.js:152:17)
    at trimPrefix (C:\Users\yosef\OneDrive\Desktop\NTI\Ecommerce Backend\node_modules\router\index.js:342:13)
    at C:\Users\yosef\OneDrive\Desktop\NTI\Ecommerce Backend\node_modules\router\index.js:297:9
    at processParams (C:\Users\yosef\OneDrive\Desktop\NTI\Ecommerce Backend\node_modules\router\index.js:582:12)
    at next (C:\Users\yosef\OneDrive\Desktop\NTI\Ecommerce Backend\node_modules\router\index.js:291:5)
    at cors (C:\Users\yosef\OneDrive\Desktop\NTI\Ecommerce Backend\node_modules\cors\lib\index.js:188:7)
    at C:\Users\yosef\OneDrive\Desktop\NTI\Ecommerce Backend\node_modules\cors\lib\index.js:224:17
    at origin (C:\Users\yosef\OneDrive\Desktop\NTI\Ecommerce Backend\middlewares\cors.middleware.js:8:11)
    at C:\Users\yosef\OneDrive\Desktop\NTI\Ecommerce Backend\node_modules\cors\lib\index.js:219:13
15-05-2026 22:24:11 |ERROR| Error | POST | /api/v1/cart : Not enough stock available! 
Error: Not enough stock available!
    at C:\Users\yosef\OneDrive\Desktop\NTI\Ecommerce Backend\controller\cart.controller.js:36:16
    at process.processTicksAndRejections (node:internal/process/task_queues:104:5)
15-05-2026 22:24:11 |ERROR| Error | POST | /api/v1/cart : Not enough stock available! 
Error: Not enough stock available!
    at C:\Users\yosef\OneDrive\Desktop\NTI\Ecommerce Backend\controller\cart.controller.js:36:16
    at process.processTicksAndRejections (node:internal/process/task_queues:104:5)
15-05-2026 22:24:15 |ERROR| Error | PATCH | /api/v1/cart : Not enough stock available! 
Error: Not enough stock available!
    at C:\Users\yosef\OneDrive\Desktop\NTI\Ecommerce Backend\controller\cart.controller.js:135:15
    at process.processTicksAndRejections (node:internal/process/task_queues:104:5)
15-05-2026 22:24:22 |ERROR| Error | PATCH | /api/v1/cart : Not enough stock available! 
Error: Not enough stock available!
    at C:\Users\yosef\OneDrive\Desktop\NTI\Ecommerce Backend\controller\cart.controller.js:135:15
    at process.processTicksAndRejections (node:internal/process/task_queues:104:5)
15-05-2026 22:24:22 |ERROR| Error | PATCH | /api/v1/cart : Not enough stock available! 
Error: Not enough stock available!
    at C:\Users\yosef\OneDrive\Desktop\NTI\Ecommerce Backend\controller\cart.controller.js:135:15
    at process.processTicksAndRejections (node:internal/process/task_queues:104:5)
15-05-2026 22:25:39 |ERROR| Error | POST | /api/v1/auth/signup : User validation failed: mobile: Path `mobile` is invalid (0151234156). 
ValidationError: User validation failed: mobile: Path `mobile` is invalid (0151234156).
    at model.validate (C:\Users\yosef\OneDrive\Desktop\NTI\Ecommerce Backend\node_modules\mongoose\lib\document.js:2864:36)
    at process.processTicksAndRejections (node:internal/process/task_queues:104:5)
    at async model.$__save (C:\Users\yosef\OneDrive\Desktop\NTI\Ecommerce Backend\node_modules\mongoose\lib\model.js:393:7)
    at async model.save (C:\Users\yosef\OneDrive\Desktop\NTI\Ecommerce Backend\node_modules\mongoose\lib\model.js:667:5)
    at async model.create (C:\Users\yosef\OneDrive\Desktop\NTI\Ecommerce Backend\node_modules\mongoose\lib\model.js:2747:5)
    at async C:\Users\yosef\OneDrive\Desktop\NTI\Ecommerce Backend\controller\auth.controller.js:29:18
15-05-2026 22:25:48 |ERROR| Error | POST | /api/v1/auth/signup : E11000 duplicate key error collection: eCommerece.users index: mobile_1 dup key: { mobile: "01512341565" } 
MongoServerError: E11000 duplicate key error collection: eCommerece.users index: mobile_1 dup key: { mobile: "01512341565" }
    at InsertOneOperation.handleOk (C:\Users\yosef\OneDrive\Desktop\NTI\Ecommerce Backend\node_modules\mongodb\lib\operations\insert.js:51:19)
    at executeOperationWithRetries (C:\Users\yosef\OneDrive\Desktop\NTI\Ecommerce Backend\node_modules\mongodb\lib\operations\execute_operation.js:194:34)
    at process.processTicksAndRejections (node:internal/process/task_queues:104:5)
    at async executeOperation (C:\Users\yosef\OneDrive\Desktop\NTI\Ecommerce Backend\node_modules\mongodb\lib\operations\execute_operation.js:83:16)
    at async Collection.insertOne (C:\Users\yosef\OneDrive\Desktop\NTI\Ecommerce Backend\node_modules\mongodb\lib\collection.js:154:16)
    at async model.$__save (C:\Users\yosef\OneDrive\Desktop\NTI\Ecommerce Backend\node_modules\mongoose\lib\model.js:428:16)
    at async model.save (C:\Users\yosef\OneDrive\Desktop\NTI\Ecommerce Backend\node_modules\mongoose\lib\model.js:667:5)
    at async model.create (C:\Users\yosef\OneDrive\Desktop\NTI\Ecommerce Backend\node_modules\mongoose\lib\model.js:2747:5)
    at async C:\Users\yosef\OneDrive\Desktop\NTI\Ecommerce Backend\controller\auth.controller.js:29:18
15-05-2026 22:26:15 |ERROR| Error | POST | /api/v1/auth/signup : E11000 duplicate key error collection: eCommerece.users index: email_1 dup key: { email: "mohamed@gmail.com" } 
MongoServerError: E11000 duplicate key error collection: eCommerece.users index: email_1 dup key: { email: "mohamed@gmail.com" }
    at InsertOneOperation.handleOk (C:\Users\yosef\OneDrive\Desktop\NTI\Ecommerce Backend\node_modules\mongodb\lib\operations\insert.js:51:19)
    at executeOperationWithRetries (C:\Users\yosef\OneDrive\Desktop\NTI\Ecommerce Backend\node_modules\mongodb\lib\operations\execute_operation.js:194:34)
    at process.processTicksAndRejections (node:internal/process/task_queues:104:5)
    at async executeOperation (C:\Users\yosef\OneDrive\Desktop\NTI\Ecommerce Backend\node_modules\mongodb\lib\operations\execute_operation.js:83:16)
    at async Collection.insertOne (C:\Users\yosef\OneDrive\Desktop\NTI\Ecommerce Backend\node_modules\mongodb\lib\collection.js:154:16)
    at async model.$__save (C:\Users\yosef\OneDrive\Desktop\NTI\Ecommerce Backend\node_modules\mongoose\lib\model.js:428:16)
    at async model.save (C:\Users\yosef\OneDrive\Desktop\NTI\Ecommerce Backend\node_modules\mongoose\lib\model.js:667:5)
    at async model.create (C:\Users\yosef\OneDrive\Desktop\NTI\Ecommerce Backend\node_modules\mongoose\lib\model.js:2747:5)
    at async C:\Users\yosef\OneDrive\Desktop\NTI\Ecommerce Backend\controller\auth.controller.js:29:18
15-05-2026 22:26:46 |ERROR| Error | GET | /uploads/1778872542491-a.png : can't find /uploads/1778872542491-a.png 
Error: can't find /uploads/1778872542491-a.png
    at C:\Users\yosef\OneDrive\Desktop\NTI\Ecommerce Backend\server.js:29:7
    at Layer.handleRequest (C:\Users\yosef\OneDrive\Desktop\NTI\Ecommerce Backend\node_modules\router\lib\layer.js:152:17)
    at trimPrefix (C:\Users\yosef\OneDrive\Desktop\NTI\Ecommerce Backend\node_modules\router\index.js:342:13)
    at C:\Users\yosef\OneDrive\Desktop\NTI\Ecommerce Backend\node_modules\router\index.js:297:9
    at processParams (C:\Users\yosef\OneDrive\Desktop\NTI\Ecommerce Backend\node_modules\router\index.js:582:12)
    at next (C:\Users\yosef\OneDrive\Desktop\NTI\Ecommerce Backend\node_modules\router\index.js:291:5)
    at cors (C:\Users\yosef\OneDrive\Desktop\NTI\Ecommerce Backend\node_modules\cors\lib\index.js:188:7)
    at C:\Users\yosef\OneDrive\Desktop\NTI\Ecommerce Backend\node_modules\cors\lib\index.js:224:17
    at origin (C:\Users\yosef\OneDrive\Desktop\NTI\Ecommerce Backend\middlewares\cors.middleware.js:8:11)
    at C:\Users\yosef\OneDrive\Desktop\NTI\Ecommerce Backend\node_modules\cors\lib\index.js:219:13
15-05-2026 22:26:46 |ERROR| Error | GET | /uploads/1778872514763-a.png : can't find /uploads/1778872514763-a.png 
Error: can't find /uploads/1778872514763-a.png
    at C:\Users\yosef\OneDrive\Desktop\NTI\Ecommerce Backend\server.js:29:7
    at Layer.handleRequest (C:\Users\yosef\OneDrive\Desktop\NTI\Ecommerce Backend\node_modules\router\lib\layer.js:152:17)
    at trimPrefix (C:\Users\yosef\OneDrive\Desktop\NTI\Ecommerce Backend\node_modules\router\index.js:342:13)
    at C:\Users\yosef\OneDrive\Desktop\NTI\Ecommerce Backend\node_modules\router\index.js:297:9
    at processParams (C:\Users\yosef\OneDrive\Desktop\NTI\Ecommerce Backend\node_modules\router\index.js:582:12)
    at next (C:\Users\yosef\OneDrive\Desktop\NTI\Ecommerce Backend\node_modules\router\index.js:291:5)
    at cors (C:\Users\yosef\OneDrive\Desktop\NTI\Ecommerce Backend\node_modules\cors\lib\index.js:188:7)
    at C:\Users\yosef\OneDrive\Desktop\NTI\Ecommerce Backend\node_modules\cors\lib\index.js:224:17
    at origin (C:\Users\yosef\OneDrive\Desktop\NTI\Ecommerce Backend\middlewares\cors.middleware.js:8:11)
    at C:\Users\yosef\OneDrive\Desktop\NTI\Ecommerce Backend\node_modules\cors\lib\index.js:219:13
15-05-2026 22:26:46 |ERROR| Error | GET | /uploads/1778872483665-a.png : can't find /uploads/1778872483665-a.png 
Error: can't find /uploads/1778872483665-a.png
    at C:\Users\yosef\OneDrive\Desktop\NTI\Ecommerce Backend\server.js:29:7
    at Layer.handleRequest (C:\Users\yosef\OneDrive\Desktop\NTI\Ecommerce Backend\node_modules\router\lib\layer.js:152:17)
    at trimPrefix (C:\Users\yosef\OneDrive\Desktop\NTI\Ecommerce Backend\node_modules\router\index.js:342:13)
    at C:\Users\yosef\OneDrive\Desktop\NTI\Ecommerce Backend\node_modules\router\index.js:297:9
    at processParams (C:\Users\yosef\OneDrive\Desktop\NTI\Ecommerce Backend\node_modules\router\index.js:582:12)
    at next (C:\Users\yosef\OneDrive\Desktop\NTI\Ecommerce Backend\node_modules\router\index.js:291:5)
    at cors (C:\Users\yosef\OneDrive\Desktop\NTI\Ecommerce Backend\node_modules\cors\lib\index.js:188:7)
    at C:\Users\yosef\OneDrive\Desktop\NTI\Ecommerce Backend\node_modules\cors\lib\index.js:224:17
    at origin (C:\Users\yosef\OneDrive\Desktop\NTI\Ecommerce Backend\middlewares\cors.middleware.js:8:11)
    at C:\Users\yosef\OneDrive\Desktop\NTI\Ecommerce Backend\node_modules\cors\lib\index.js:219:13
15-05-2026 22:26:46 |ERROR| Error | GET | /uploads/1778872457977-a.png : can't find /uploads/1778872457977-a.png 
Error: can't find /uploads/1778872457977-a.png
    at C:\Users\yosef\OneDrive\Desktop\NTI\Ecommerce Backend\server.js:29:7
    at Layer.handleRequest (C:\Users\yosef\OneDrive\Desktop\NTI\Ecommerce Backend\node_modules\router\lib\layer.js:152:17)
    at trimPrefix (C:\Users\yosef\OneDrive\Desktop\NTI\Ecommerce Backend\node_modules\router\index.js:342:13)
    at C:\Users\yosef\OneDrive\Desktop\NTI\Ecommerce Backend\node_modules\router\index.js:297:9
    at processParams (C:\Users\yosef\OneDrive\Desktop\NTI\Ecommerce Backend\node_modules\router\index.js:582:12)
    at next (C:\Users\yosef\OneDrive\Desktop\NTI\Ecommerce Backend\node_modules\router\index.js:291:5)
    at cors (C:\Users\yosef\OneDrive\Desktop\NTI\Ecommerce Backend\node_modules\cors\lib\index.js:188:7)
    at C:\Users\yosef\OneDrive\Desktop\NTI\Ecommerce Backend\node_modules\cors\lib\index.js:224:17
    at origin (C:\Users\yosef\OneDrive\Desktop\NTI\Ecommerce Backend\middlewares\cors.middleware.js:8:11)
    at C:\Users\yosef\OneDrive\Desktop\NTI\Ecommerce Backend\node_modules\cors\lib\index.js:219:13
15-05-2026 22:30:49 |ERROR| Error | GET | /uploads/1778872542491-a.png : can't find /uploads/1778872542491-a.png 
Error: can't find /uploads/1778872542491-a.png
    at C:\Users\yosef\OneDrive\Desktop\NTI\Ecommerce Backend\server.js:29:7
    at Layer.handleRequest (C:\Users\yosef\OneDrive\Desktop\NTI\Ecommerce Backend\node_modules\router\lib\layer.js:152:17)
    at trimPrefix (C:\Users\yosef\OneDrive\Desktop\NTI\Ecommerce Backend\node_modules\router\index.js:342:13)
    at C:\Users\yosef\OneDrive\Desktop\NTI\Ecommerce Backend\node_modules\router\index.js:297:9
    at processParams (C:\Users\yosef\OneDrive\Desktop\NTI\Ecommerce Backend\node_modules\router\index.js:582:12)
    at next (C:\Users\yosef\OneDrive\Desktop\NTI\Ecommerce Backend\node_modules\router\index.js:291:5)
    at cors (C:\Users\yosef\OneDrive\Desktop\NTI\Ecommerce Backend\node_modules\cors\lib\index.js:188:7)
    at C:\Users\yosef\OneDrive\Desktop\NTI\Ecommerce Backend\node_modules\cors\lib\index.js:224:17
    at origin (C:\Users\yosef\OneDrive\Desktop\NTI\Ecommerce Backend\middlewares\cors.middleware.js:8:11)
    at C:\Users\yosef\OneDrive\Desktop\NTI\Ecommerce Backend\node_modules\cors\lib\index.js:219:13
15-05-2026 22:30:49 |ERROR| Error | GET | /uploads/1778872514763-a.png : can't find /uploads/1778872514763-a.png 
Error: can't find /uploads/1778872514763-a.png
    at C:\Users\yosef\OneDrive\Desktop\NTI\Ecommerce Backend\server.js:29:7
    at Layer.handleRequest (C:\Users\yosef\OneDrive\Desktop\NTI\Ecommerce Backend\node_modules\router\lib\layer.js:152:17)
    at trimPrefix (C:\Users\yosef\OneDrive\Desktop\NTI\Ecommerce Backend\node_modules\router\index.js:342:13)
    at C:\Users\yosef\OneDrive\Desktop\NTI\Ecommerce Backend\node_modules\router\index.js:297:9
    at processParams (C:\Users\yosef\OneDrive\Desktop\NTI\Ecommerce Backend\node_modules\router\index.js:582:12)
    at next (C:\Users\yosef\OneDrive\Desktop\NTI\Ecommerce Backend\node_modules\router\index.js:291:5)
    at cors (C:\Users\yosef\OneDrive\Desktop\NTI\Ecommerce Backend\node_modules\cors\lib\index.js:188:7)
    at C:\Users\yosef\OneDrive\Desktop\NTI\Ecommerce Backend\node_modules\cors\lib\index.js:224:17
    at origin (C:\Users\yosef\OneDrive\Desktop\NTI\Ecommerce Backend\middlewares\cors.middleware.js:8:11)
    at C:\Users\yosef\OneDrive\Desktop\NTI\Ecommerce Backend\node_modules\cors\lib\index.js:219:13
15-05-2026 22:30:49 |ERROR| Error | GET | /uploads/1778872483665-a.png : can't find /uploads/1778872483665-a.png 
Error: can't find /uploads/1778872483665-a.png
    at C:\Users\yosef\OneDrive\Desktop\NTI\Ecommerce Backend\server.js:29:7
    at Layer.handleRequest (C:\Users\yosef\OneDrive\Desktop\NTI\Ecommerce Backend\node_modules\router\lib\layer.js:152:17)
    at trimPrefix (C:\Users\yosef\OneDrive\Desktop\NTI\Ecommerce Backend\node_modules\router\index.js:342:13)
    at C:\Users\yosef\OneDrive\Desktop\NTI\Ecommerce Backend\node_modules\router\index.js:297:9
    at processParams (C:\Users\yosef\OneDrive\Desktop\NTI\Ecommerce Backend\node_modules\router\index.js:582:12)
    at next (C:\Users\yosef\OneDrive\Desktop\NTI\Ecommerce Backend\node_modules\router\index.js:291:5)
    at cors (C:\Users\yosef\OneDrive\Desktop\NTI\Ecommerce Backend\node_modules\cors\lib\index.js:188:7)
    at C:\Users\yosef\OneDrive\Desktop\NTI\Ecommerce Backend\node_modules\cors\lib\index.js:224:17
    at origin (C:\Users\yosef\OneDrive\Desktop\NTI\Ecommerce Backend\middlewares\cors.middleware.js:8:11)
    at C:\Users\yosef\OneDrive\Desktop\NTI\Ecommerce Backend\node_modules\cors\lib\index.js:219:13
15-05-2026 22:30:49 |ERROR| Error | GET | /uploads/1778872457977-a.png : can't find /uploads/1778872457977-a.png 
Error: can't find /uploads/1778872457977-a.png
    at C:\Users\yosef\OneDrive\Desktop\NTI\Ecommerce Backend\server.js:29:7
    at Layer.handleRequest (C:\Users\yosef\OneDrive\Desktop\NTI\Ecommerce Backend\node_modules\router\lib\layer.js:152:17)
    at trimPrefix (C:\Users\yosef\OneDrive\Desktop\NTI\Ecommerce Backend\node_modules\router\index.js:342:13)
    at C:\Users\yosef\OneDrive\Desktop\NTI\Ecommerce Backend\node_modules\router\index.js:297:9
    at processParams (C:\Users\yosef\OneDrive\Desktop\NTI\Ecommerce Backend\node_modules\router\index.js:582:12)
    at next (C:\Users\yosef\OneDrive\Desktop\NTI\Ecommerce Backend\node_modules\router\index.js:291:5)
    at cors (C:\Users\yosef\OneDrive\Desktop\NTI\Ecommerce Backend\node_modules\cors\lib\index.js:188:7)
    at C:\Users\yosef\OneDrive\Desktop\NTI\Ecommerce Backend\node_modules\cors\lib\index.js:224:17
    at origin (C:\Users\yosef\OneDrive\Desktop\NTI\Ecommerce Backend\middlewares\cors.middleware.js:8:11)
    at C:\Users\yosef\OneDrive\Desktop\NTI\Ecommerce Backend\node_modules\cors\lib\index.js:219:13
15-05-2026 22:30:55 |ERROR| Error | GET | /uploads/1778872542491-a.png : can't find /uploads/1778872542491-a.png 
Error: can't find /uploads/1778872542491-a.png
    at C:\Users\yosef\OneDrive\Desktop\NTI\Ecommerce Backend\server.js:29:7
    at Layer.handleRequest (C:\Users\yosef\OneDrive\Desktop\NTI\Ecommerce Backend\node_modules\router\lib\layer.js:152:17)
    at trimPrefix (C:\Users\yosef\OneDrive\Desktop\NTI\Ecommerce Backend\node_modules\router\index.js:342:13)
    at C:\Users\yosef\OneDrive\Desktop\NTI\Ecommerce Backend\node_modules\router\index.js:297:9
    at processParams (C:\Users\yosef\OneDrive\Desktop\NTI\Ecommerce Backend\node_modules\router\index.js:582:12)
    at next (C:\Users\yosef\OneDrive\Desktop\NTI\Ecommerce Backend\node_modules\router\index.js:291:5)
    at cors (C:\Users\yosef\OneDrive\Desktop\NTI\Ecommerce Backend\node_modules\cors\lib\index.js:188:7)
    at C:\Users\yosef\OneDrive\Desktop\NTI\Ecommerce Backend\node_modules\cors\lib\index.js:224:17
    at origin (C:\Users\yosef\OneDrive\Desktop\NTI\Ecommerce Backend\middlewares\cors.middleware.js:8:11)
    at C:\Users\yosef\OneDrive\Desktop\NTI\Ecommerce Backend\node_modules\cors\lib\index.js:219:13
15-05-2026 22:30:55 |ERROR| Error | GET | /uploads/1778872514763-a.png : can't find /uploads/1778872514763-a.png 
Error: can't find /uploads/1778872514763-a.png
    at C:\Users\yosef\OneDrive\Desktop\NTI\Ecommerce Backend\server.js:29:7
    at Layer.handleRequest (C:\Users\yosef\OneDrive\Desktop\NTI\Ecommerce Backend\node_modules\router\lib\layer.js:152:17)
    at trimPrefix (C:\Users\yosef\OneDrive\Desktop\NTI\Ecommerce Backend\node_modules\router\index.js:342:13)
    at C:\Users\yosef\OneDrive\Desktop\NTI\Ecommerce Backend\node_modules\router\index.js:297:9
    at processParams (C:\Users\yosef\OneDrive\Desktop\NTI\Ecommerce Backend\node_modules\router\index.js:582:12)
    at next (C:\Users\yosef\OneDrive\Desktop\NTI\Ecommerce Backend\node_modules\router\index.js:291:5)
    at cors (C:\Users\yosef\OneDrive\Desktop\NTI\Ecommerce Backend\node_modules\cors\lib\index.js:188:7)
    at C:\Users\yosef\OneDrive\Desktop\NTI\Ecommerce Backend\node_modules\cors\lib\index.js:224:17
    at origin (C:\Users\yosef\OneDrive\Desktop\NTI\Ecommerce Backend\middlewares\cors.middleware.js:8:11)
    at C:\Users\yosef\OneDrive\Desktop\NTI\Ecommerce Backend\node_modules\cors\lib\index.js:219:13
15-05-2026 22:30:55 |ERROR| Error | GET | /uploads/1778872483665-a.png : can't find /uploads/1778872483665-a.png 
Error: can't find /uploads/1778872483665-a.png
    at C:\Users\yosef\OneDrive\Desktop\NTI\Ecommerce Backend\server.js:29:7
    at Layer.handleRequest (C:\Users\yosef\OneDrive\Desktop\NTI\Ecommerce Backend\node_modules\router\lib\layer.js:152:17)
    at trimPrefix (C:\Users\yosef\OneDrive\Desktop\NTI\Ecommerce Backend\node_modules\router\index.js:342:13)
    at C:\Users\yosef\OneDrive\Desktop\NTI\Ecommerce Backend\node_modules\router\index.js:297:9
    at processParams (C:\Users\yosef\OneDrive\Desktop\NTI\Ecommerce Backend\node_modules\router\index.js:582:12)
    at next (C:\Users\yosef\OneDrive\Desktop\NTI\Ecommerce Backend\node_modules\router\index.js:291:5)
    at cors (C:\Users\yosef\OneDrive\Desktop\NTI\Ecommerce Backend\node_modules\cors\lib\index.js:188:7)
    at C:\Users\yosef\OneDrive\Desktop\NTI\Ecommerce Backend\node_modules\cors\lib\index.js:224:17
    at origin (C:\Users\yosef\OneDrive\Desktop\NTI\Ecommerce Backend\middlewares\cors.middleware.js:8:11)
    at C:\Users\yosef\OneDrive\Desktop\NTI\Ecommerce Backend\node_modules\cors\lib\index.js:219:13
15-05-2026 22:30:55 |ERROR| Error | GET | /uploads/1778872457977-a.png : can't find /uploads/1778872457977-a.png 
Error: can't find /uploads/1778872457977-a.png
    at C:\Users\yosef\OneDrive\Desktop\NTI\Ecommerce Backend\server.js:29:7
    at Layer.handleRequest (C:\Users\yosef\OneDrive\Desktop\NTI\Ecommerce Backend\node_modules\router\lib\layer.js:152:17)
    at trimPrefix (C:\Users\yosef\OneDrive\Desktop\NTI\Ecommerce Backend\node_modules\router\index.js:342:13)
    at C:\Users\yosef\OneDrive\Desktop\NTI\Ecommerce Backend\node_modules\router\index.js:297:9
    at processParams (C:\Users\yosef\OneDrive\Desktop\NTI\Ecommerce Backend\node_modules\router\index.js:582:12)
    at next (C:\Users\yosef\OneDrive\Desktop\NTI\Ecommerce Backend\node_modules\router\index.js:291:5)
    at cors (C:\Users\yosef\OneDrive\Desktop\NTI\Ecommerce Backend\node_modules\cors\lib\index.js:188:7)
    at C:\Users\yosef\OneDrive\Desktop\NTI\Ecommerce Backend\node_modules\cors\lib\index.js:224:17
    at origin (C:\Users\yosef\OneDrive\Desktop\NTI\Ecommerce Backend\middlewares\cors.middleware.js:8:11)
    at C:\Users\yosef\OneDrive\Desktop\NTI\Ecommerce Backend\node_modules\cors\lib\index.js:219:13
15-05-2026 22:31:02 |ERROR| Error | GET | /uploads/1778872542491-a.png : can't find /uploads/1778872542491-a.png 
Error: can't find /uploads/1778872542491-a.png
    at C:\Users\yosef\OneDrive\Desktop\NTI\Ecommerce Backend\server.js:29:7
    at Layer.handleRequest (C:\Users\yosef\OneDrive\Desktop\NTI\Ecommerce Backend\node_modules\router\lib\layer.js:152:17)
    at trimPrefix (C:\Users\yosef\OneDrive\Desktop\NTI\Ecommerce Backend\node_modules\router\index.js:342:13)
    at C:\Users\yosef\OneDrive\Desktop\NTI\Ecommerce Backend\node_modules\router\index.js:297:9
    at processParams (C:\Users\yosef\OneDrive\Desktop\NTI\Ecommerce Backend\node_modules\router\index.js:582:12)
    at next (C:\Users\yosef\OneDrive\Desktop\NTI\Ecommerce Backend\node_modules\router\index.js:291:5)
    at cors (C:\Users\yosef\OneDrive\Desktop\NTI\Ecommerce Backend\node_modules\cors\lib\index.js:188:7)
    at C:\Users\yosef\OneDrive\Desktop\NTI\Ecommerce Backend\node_modules\cors\lib\index.js:224:17
    at origin (C:\Users\yosef\OneDrive\Desktop\NTI\Ecommerce Backend\middlewares\cors.middleware.js:8:11)
    at C:\Users\yosef\OneDrive\Desktop\NTI\Ecommerce Backend\node_modules\cors\lib\index.js:219:13
15-05-2026 22:31:02 |ERROR| Error | GET | /uploads/1778872514763-a.png : can't find /uploads/1778872514763-a.png 
Error: can't find /uploads/1778872514763-a.png
    at C:\Users\yosef\OneDrive\Desktop\NTI\Ecommerce Backend\server.js:29:7
    at Layer.handleRequest (C:\Users\yosef\OneDrive\Desktop\NTI\Ecommerce Backend\node_modules\router\lib\layer.js:152:17)
    at trimPrefix (C:\Users\yosef\OneDrive\Desktop\NTI\Ecommerce Backend\node_modules\router\index.js:342:13)
    at C:\Users\yosef\OneDrive\Desktop\NTI\Ecommerce Backend\node_modules\router\index.js:297:9
    at processParams (C:\Users\yosef\OneDrive\Desktop\NTI\Ecommerce Backend\node_modules\router\index.js:582:12)
    at next (C:\Users\yosef\OneDrive\Desktop\NTI\Ecommerce Backend\node_modules\router\index.js:291:5)
    at cors (C:\Users\yosef\OneDrive\Desktop\NTI\Ecommerce Backend\node_modules\cors\lib\index.js:188:7)
    at C:\Users\yosef\OneDrive\Desktop\NTI\Ecommerce Backend\node_modules\cors\lib\index.js:224:17
    at origin (C:\Users\yosef\OneDrive\Desktop\NTI\Ecommerce Backend\middlewares\cors.middleware.js:8:11)
    at C:\Users\yosef\OneDrive\Desktop\NTI\Ecommerce Backend\node_modules\cors\lib\index.js:219:13
15-05-2026 22:31:02 |ERROR| Error | GET | /uploads/1778872483665-a.png : can't find /uploads/1778872483665-a.png 
Error: can't find /uploads/1778872483665-a.png
    at C:\Users\yosef\OneDrive\Desktop\NTI\Ecommerce Backend\server.js:29:7
    at Layer.handleRequest (C:\Users\yosef\OneDrive\Desktop\NTI\Ecommerce Backend\node_modules\router\lib\layer.js:152:17)
    at trimPrefix (C:\Users\yosef\OneDrive\Desktop\NTI\Ecommerce Backend\node_modules\router\index.js:342:13)
    at C:\Users\yosef\OneDrive\Desktop\NTI\Ecommerce Backend\node_modules\router\index.js:297:9
    at processParams (C:\Users\yosef\OneDrive\Desktop\NTI\Ecommerce Backend\node_modules\router\index.js:582:12)
    at next (C:\Users\yosef\OneDrive\Desktop\NTI\Ecommerce Backend\node_modules\router\index.js:291:5)
    at cors (C:\Users\yosef\OneDrive\Desktop\NTI\Ecommerce Backend\node_modules\cors\lib\index.js:188:7)
    at C:\Users\yosef\OneDrive\Desktop\NTI\Ecommerce Backend\node_modules\cors\lib\index.js:224:17
    at origin (C:\Users\yosef\OneDrive\Desktop\NTI\Ecommerce Backend\middlewares\cors.middleware.js:8:11)
    at C:\Users\yosef\OneDrive\Desktop\NTI\Ecommerce Backend\node_modules\cors\lib\index.js:219:13
15-05-2026 22:31:02 |ERROR| Error | GET | /uploads/1778872457977-a.png : can't find /uploads/1778872457977-a.png 
Error: can't find /uploads/1778872457977-a.png
    at C:\Users\yosef\OneDrive\Desktop\NTI\Ecommerce Backend\server.js:29:7
    at Layer.handleRequest (C:\Users\yosef\OneDrive\Desktop\NTI\Ecommerce Backend\node_modules\router\lib\layer.js:152:17)
    at trimPrefix (C:\Users\yosef\OneDrive\Desktop\NTI\Ecommerce Backend\node_modules\router\index.js:342:13)
    at C:\Users\yosef\OneDrive\Desktop\NTI\Ecommerce Backend\node_modules\router\index.js:297:9
    at processParams (C:\Users\yosef\OneDrive\Desktop\NTI\Ecommerce Backend\node_modules\router\index.js:582:12)
    at next (C:\Users\yosef\OneDrive\Desktop\NTI\Ecommerce Backend\node_modules\router\index.js:291:5)
    at cors (C:\Users\yosef\OneDrive\Desktop\NTI\Ecommerce Backend\node_modules\cors\lib\index.js:188:7)
    at C:\Users\yosef\OneDrive\Desktop\NTI\Ecommerce Backend\node_modules\cors\lib\index.js:224:17
    at origin (C:\Users\yosef\OneDrive\Desktop\NTI\Ecommerce Backend\middlewares\cors.middleware.js:8:11)
    at C:\Users\yosef\OneDrive\Desktop\NTI\Ecommerce Backend\node_modules\cors\lib\index.js:219:13
15-05-2026 22:58:03 |ERROR| Error | GET | /uploads/1778872542491-a.png : can't find /uploads/1778872542491-a.png 
Error: can't find /uploads/1778872542491-a.png
    at C:\Users\yosef\OneDrive\Desktop\NTI\Ecommerce Backend\server.js:29:7
    at Layer.handleRequest (C:\Users\yosef\OneDrive\Desktop\NTI\Ecommerce Backend\node_modules\router\lib\layer.js:152:17)
    at trimPrefix (C:\Users\yosef\OneDrive\Desktop\NTI\Ecommerce Backend\node_modules\router\index.js:342:13)
    at C:\Users\yosef\OneDrive\Desktop\NTI\Ecommerce Backend\node_modules\router\index.js:297:9
    at processParams (C:\Users\yosef\OneDrive\Desktop\NTI\Ecommerce Backend\node_modules\router\index.js:582:12)
    at next (C:\Users\yosef\OneDrive\Desktop\NTI\Ecommerce Backend\node_modules\router\index.js:291:5)
    at cors (C:\Users\yosef\OneDrive\Desktop\NTI\Ecommerce Backend\node_modules\cors\lib\index.js:188:7)
    at C:\Users\yosef\OneDrive\Desktop\NTI\Ecommerce Backend\node_modules\cors\lib\index.js:224:17
    at origin (C:\Users\yosef\OneDrive\Desktop\NTI\Ecommerce Backend\middlewares\cors.middleware.js:8:11)
    at C:\Users\yosef\OneDrive\Desktop\NTI\Ecommerce Backend\node_modules\cors\lib\index.js:219:13
15-05-2026 22:58:03 |ERROR| Error | GET | /uploads/1778872514763-a.png : can't find /uploads/1778872514763-a.png 
Error: can't find /uploads/1778872514763-a.png
    at C:\Users\yosef\OneDrive\Desktop\NTI\Ecommerce Backend\server.js:29:7
    at Layer.handleRequest (C:\Users\yosef\OneDrive\Desktop\NTI\Ecommerce Backend\node_modules\router\lib\layer.js:152:17)
    at trimPrefix (C:\Users\yosef\OneDrive\Desktop\NTI\Ecommerce Backend\node_modules\router\index.js:342:13)
    at C:\Users\yosef\OneDrive\Desktop\NTI\Ecommerce Backend\node_modules\router\index.js:297:9
    at processParams (C:\Users\yosef\OneDrive\Desktop\NTI\Ecommerce Backend\node_modules\router\index.js:582:12)
    at next (C:\Users\yosef\OneDrive\Desktop\NTI\Ecommerce Backend\node_modules\router\index.js:291:5)
    at cors (C:\Users\yosef\OneDrive\Desktop\NTI\Ecommerce Backend\node_modules\cors\lib\index.js:188:7)
    at C:\Users\yosef\OneDrive\Desktop\NTI\Ecommerce Backend\node_modules\cors\lib\index.js:224:17
    at origin (C:\Users\yosef\OneDrive\Desktop\NTI\Ecommerce Backend\middlewares\cors.middleware.js:8:11)
    at C:\Users\yosef\OneDrive\Desktop\NTI\Ecommerce Backend\node_modules\cors\lib\index.js:219:13
15-05-2026 22:58:03 |ERROR| Error | GET | /uploads/1778872483665-a.png : can't find /uploads/1778872483665-a.png 
Error: can't find /uploads/1778872483665-a.png
    at C:\Users\yosef\OneDrive\Desktop\NTI\Ecommerce Backend\server.js:29:7
    at Layer.handleRequest (C:\Users\yosef\OneDrive\Desktop\NTI\Ecommerce Backend\node_modules\router\lib\layer.js:152:17)
    at trimPrefix (C:\Users\yosef\OneDrive\Desktop\NTI\Ecommerce Backend\node_modules\router\index.js:342:13)
    at C:\Users\yosef\OneDrive\Desktop\NTI\Ecommerce Backend\node_modules\router\index.js:297:9
    at processParams (C:\Users\yosef\OneDrive\Desktop\NTI\Ecommerce Backend\node_modules\router\index.js:582:12)
    at next (C:\Users\yosef\OneDrive\Desktop\NTI\Ecommerce Backend\node_modules\router\index.js:291:5)
    at cors (C:\Users\yosef\OneDrive\Desktop\NTI\Ecommerce Backend\node_modules\cors\lib\index.js:188:7)
    at C:\Users\yosef\OneDrive\Desktop\NTI\Ecommerce Backend\node_modules\cors\lib\index.js:224:17
    at origin (C:\Users\yosef\OneDrive\Desktop\NTI\Ecommerce Backend\middlewares\cors.middleware.js:8:11)
    at C:\Users\yosef\OneDrive\Desktop\NTI\Ecommerce Backend\node_modules\cors\lib\index.js:219:13
15-05-2026 22:58:03 |ERROR| Error | GET | /uploads/1778872457977-a.png : can't find /uploads/1778872457977-a.png 
Error: can't find /uploads/1778872457977-a.png
    at C:\Users\yosef\OneDrive\Desktop\NTI\Ecommerce Backend\server.js:29:7
    at Layer.handleRequest (C:\Users\yosef\OneDrive\Desktop\NTI\Ecommerce Backend\node_modules\router\lib\layer.js:152:17)
    at trimPrefix (C:\Users\yosef\OneDrive\Desktop\NTI\Ecommerce Backend\node_modules\router\index.js:342:13)
    at C:\Users\yosef\OneDrive\Desktop\NTI\Ecommerce Backend\node_modules\router\index.js:297:9
    at processParams (C:\Users\yosef\OneDrive\Desktop\NTI\Ecommerce Backend\node_modules\router\index.js:582:12)
    at next (C:\Users\yosef\OneDrive\Desktop\NTI\Ecommerce Backend\node_modules\router\index.js:291:5)
    at cors (C:\Users\yosef\OneDrive\Desktop\NTI\Ecommerce Backend\node_modules\cors\lib\index.js:188:7)
    at C:\Users\yosef\OneDrive\Desktop\NTI\Ecommerce Backend\node_modules\cors\lib\index.js:224:17
    at origin (C:\Users\yosef\OneDrive\Desktop\NTI\Ecommerce Backend\middlewares\cors.middleware.js:8:11)
    at C:\Users\yosef\OneDrive\Desktop\NTI\Ecommerce Backend\node_modules\cors\lib\index.js:219:13
15-05-2026 23:04:06 |ERROR| Error | GET | /uploads/1778872542491-a.png : can't find /uploads/1778872542491-a.png 
Error: can't find /uploads/1778872542491-a.png
    at C:\Users\yosef\OneDrive\Desktop\NTI\Ecommerce Backend\server.js:29:7
    at Layer.handleRequest (C:\Users\yosef\OneDrive\Desktop\NTI\Ecommerce Backend\node_modules\router\lib\layer.js:152:17)
    at trimPrefix (C:\Users\yosef\OneDrive\Desktop\NTI\Ecommerce Backend\node_modules\router\index.js:342:13)
    at C:\Users\yosef\OneDrive\Desktop\NTI\Ecommerce Backend\node_modules\router\index.js:297:9
    at processParams (C:\Users\yosef\OneDrive\Desktop\NTI\Ecommerce Backend\node_modules\router\index.js:582:12)
    at next (C:\Users\yosef\OneDrive\Desktop\NTI\Ecommerce Backend\node_modules\router\index.js:291:5)
    at cors (C:\Users\yosef\OneDrive\Desktop\NTI\Ecommerce Backend\node_modules\cors\lib\index.js:188:7)
    at C:\Users\yosef\OneDrive\Desktop\NTI\Ecommerce Backend\node_modules\cors\lib\index.js:224:17
    at origin (C:\Users\yosef\OneDrive\Desktop\NTI\Ecommerce Backend\middlewares\cors.middleware.js:8:11)
    at C:\Users\yosef\OneDrive\Desktop\NTI\Ecommerce Backend\node_modules\cors\lib\index.js:219:13
15-05-2026 23:04:06 |ERROR| Error | GET | /uploads/1778872514763-a.png : can't find /uploads/1778872514763-a.png 
Error: can't find /uploads/1778872514763-a.png
    at C:\Users\yosef\OneDrive\Desktop\NTI\Ecommerce Backend\server.js:29:7
    at Layer.handleRequest (C:\Users\yosef\OneDrive\Desktop\NTI\Ecommerce Backend\node_modules\router\lib\layer.js:152:17)
    at trimPrefix (C:\Users\yosef\OneDrive\Desktop\NTI\Ecommerce Backend\node_modules\router\index.js:342:13)
    at C:\Users\yosef\OneDrive\Desktop\NTI\Ecommerce Backend\node_modules\router\index.js:297:9
    at processParams (C:\Users\yosef\OneDrive\Desktop\NTI\Ecommerce Backend\node_modules\router\index.js:582:12)
    at next (C:\Users\yosef\OneDrive\Desktop\NTI\Ecommerce Backend\node_modules\router\index.js:291:5)
    at cors (C:\Users\yosef\OneDrive\Desktop\NTI\Ecommerce Backend\node_modules\cors\lib\index.js:188:7)
    at C:\Users\yosef\OneDrive\Desktop\NTI\Ecommerce Backend\node_modules\cors\lib\index.js:224:17
    at origin (C:\Users\yosef\OneDrive\Desktop\NTI\Ecommerce Backend\middlewares\cors.middleware.js:8:11)
    at C:\Users\yosef\OneDrive\Desktop\NTI\Ecommerce Backend\node_modules\cors\lib\index.js:219:13
15-05-2026 23:04:06 |ERROR| Error | GET | /uploads/1778872483665-a.png : can't find /uploads/1778872483665-a.png 
Error: can't find /uploads/1778872483665-a.png
    at C:\Users\yosef\OneDrive\Desktop\NTI\Ecommerce Backend\server.js:29:7
    at Layer.handleRequest (C:\Users\yosef\OneDrive\Desktop\NTI\Ecommerce Backend\node_modules\router\lib\layer.js:152:17)
    at trimPrefix (C:\Users\yosef\OneDrive\Desktop\NTI\Ecommerce Backend\node_modules\router\index.js:342:13)
    at C:\Users\yosef\OneDrive\Desktop\NTI\Ecommerce Backend\node_modules\router\index.js:297:9
    at processParams (C:\Users\yosef\OneDrive\Desktop\NTI\Ecommerce Backend\node_modules\router\index.js:582:12)
    at next (C:\Users\yosef\OneDrive\Desktop\NTI\Ecommerce Backend\node_modules\router\index.js:291:5)
    at cors (C:\Users\yosef\OneDrive\Desktop\NTI\Ecommerce Backend\node_modules\cors\lib\index.js:188:7)
    at C:\Users\yosef\OneDrive\Desktop\NTI\Ecommerce Backend\node_modules\cors\lib\index.js:224:17
    at origin (C:\Users\yosef\OneDrive\Desktop\NTI\Ecommerce Backend\middlewares\cors.middleware.js:8:11)
    at C:\Users\yosef\OneDrive\Desktop\NTI\Ecommerce Backend\node_modules\cors\lib\index.js:219:13
15-05-2026 23:04:06 |ERROR| Error | GET | /uploads/1778872457977-a.png : can't find /uploads/1778872457977-a.png 
Error: can't find /uploads/1778872457977-a.png
    at C:\Users\yosef\OneDrive\Desktop\NTI\Ecommerce Backend\server.js:29:7
    at Layer.handleRequest (C:\Users\yosef\OneDrive\Desktop\NTI\Ecommerce Backend\node_modules\router\lib\layer.js:152:17)
    at trimPrefix (C:\Users\yosef\OneDrive\Desktop\NTI\Ecommerce Backend\node_modules\router\index.js:342:13)
    at C:\Users\yosef\OneDrive\Desktop\NTI\Ecommerce Backend\node_modules\router\index.js:297:9
    at processParams (C:\Users\yosef\OneDrive\Desktop\NTI\Ecommerce Backend\node_modules\router\index.js:582:12)
    at next (C:\Users\yosef\OneDrive\Desktop\NTI\Ecommerce Backend\node_modules\router\index.js:291:5)
    at cors (C:\Users\yosef\OneDrive\Desktop\NTI\Ecommerce Backend\node_modules\cors\lib\index.js:188:7)
    at C:\Users\yosef\OneDrive\Desktop\NTI\Ecommerce Backend\node_modules\cors\lib\index.js:224:17
    at origin (C:\Users\yosef\OneDrive\Desktop\NTI\Ecommerce Backend\middlewares\cors.middleware.js:8:11)
    at C:\Users\yosef\OneDrive\Desktop\NTI\Ecommerce Backend\node_modules\cors\lib\index.js:219:13
15-05-2026 23:04:13 |ERROR| Error | GET | /uploads/1778872542491-a.png : can't find /uploads/1778872542491-a.png 
Error: can't find /uploads/1778872542491-a.png
    at C:\Users\yosef\OneDrive\Desktop\NTI\Ecommerce Backend\server.js:29:7
    at Layer.handleRequest (C:\Users\yosef\OneDrive\Desktop\NTI\Ecommerce Backend\node_modules\router\lib\layer.js:152:17)
    at trimPrefix (C:\Users\yosef\OneDrive\Desktop\NTI\Ecommerce Backend\node_modules\router\index.js:342:13)
    at C:\Users\yosef\OneDrive\Desktop\NTI\Ecommerce Backend\node_modules\router\index.js:297:9
    at processParams (C:\Users\yosef\OneDrive\Desktop\NTI\Ecommerce Backend\node_modules\router\index.js:582:12)
    at next (C:\Users\yosef\OneDrive\Desktop\NTI\Ecommerce Backend\node_modules\router\index.js:291:5)
    at cors (C:\Users\yosef\OneDrive\Desktop\NTI\Ecommerce Backend\node_modules\cors\lib\index.js:188:7)
    at C:\Users\yosef\OneDrive\Desktop\NTI\Ecommerce Backend\node_modules\cors\lib\index.js:224:17
    at origin (C:\Users\yosef\OneDrive\Desktop\NTI\Ecommerce Backend\middlewares\cors.middleware.js:8:11)
    at C:\Users\yosef\OneDrive\Desktop\NTI\Ecommerce Backend\node_modules\cors\lib\index.js:219:13
15-05-2026 23:04:13 |ERROR| Error | GET | /uploads/1778872514763-a.png : can't find /uploads/1778872514763-a.png 
Error: can't find /uploads/1778872514763-a.png
    at C:\Users\yosef\OneDrive\Desktop\NTI\Ecommerce Backend\server.js:29:7
    at Layer.handleRequest (C:\Users\yosef\OneDrive\Desktop\NTI\Ecommerce Backend\node_modules\router\lib\layer.js:152:17)
    at trimPrefix (C:\Users\yosef\OneDrive\Desktop\NTI\Ecommerce Backend\node_modules\router\index.js:342:13)
    at C:\Users\yosef\OneDrive\Desktop\NTI\Ecommerce Backend\node_modules\router\index.js:297:9
    at processParams (C:\Users\yosef\OneDrive\Desktop\NTI\Ecommerce Backend\node_modules\router\index.js:582:12)
    at next (C:\Users\yosef\OneDrive\Desktop\NTI\Ecommerce Backend\node_modules\router\index.js:291:5)
    at cors (C:\Users\yosef\OneDrive\Desktop\NTI\Ecommerce Backend\node_modules\cors\lib\index.js:188:7)
    at C:\Users\yosef\OneDrive\Desktop\NTI\Ecommerce Backend\node_modules\cors\lib\index.js:224:17
    at origin (C:\Users\yosef\OneDrive\Desktop\NTI\Ecommerce Backend\middlewares\cors.middleware.js:8:11)
    at C:\Users\yosef\OneDrive\Desktop\NTI\Ecommerce Backend\node_modules\cors\lib\index.js:219:13
15-05-2026 23:04:13 |ERROR| Error | GET | /uploads/1778872483665-a.png : can't find /uploads/1778872483665-a.png 
Error: can't find /uploads/1778872483665-a.png
    at C:\Users\yosef\OneDrive\Desktop\NTI\Ecommerce Backend\server.js:29:7
    at Layer.handleRequest (C:\Users\yosef\OneDrive\Desktop\NTI\Ecommerce Backend\node_modules\router\lib\layer.js:152:17)
    at trimPrefix (C:\Users\yosef\OneDrive\Desktop\NTI\Ecommerce Backend\node_modules\router\index.js:342:13)
    at C:\Users\yosef\OneDrive\Desktop\NTI\Ecommerce Backend\node_modules\router\index.js:297:9
    at processParams (C:\Users\yosef\OneDrive\Desktop\NTI\Ecommerce Backend\node_modules\router\index.js:582:12)
    at next (C:\Users\yosef\OneDrive\Desktop\NTI\Ecommerce Backend\node_modules\router\index.js:291:5)
    at cors (C:\Users\yosef\OneDrive\Desktop\NTI\Ecommerce Backend\node_modules\cors\lib\index.js:188:7)
    at C:\Users\yosef\OneDrive\Desktop\NTI\Ecommerce Backend\node_modules\cors\lib\index.js:224:17
    at origin (C:\Users\yosef\OneDrive\Desktop\NTI\Ecommerce Backend\middlewares\cors.middleware.js:8:11)
    at C:\Users\yosef\OneDrive\Desktop\NTI\Ecommerce Backend\node_modules\cors\lib\index.js:219:13
15-05-2026 23:04:13 |ERROR| Error | GET | /uploads/1778872457977-a.png : can't find /uploads/1778872457977-a.png 
Error: can't find /uploads/1778872457977-a.png
    at C:\Users\yosef\OneDrive\Desktop\NTI\Ecommerce Backend\server.js:29:7
    at Layer.handleRequest (C:\Users\yosef\OneDrive\Desktop\NTI\Ecommerce Backend\node_modules\router\lib\layer.js:152:17)
    at trimPrefix (C:\Users\yosef\OneDrive\Desktop\NTI\Ecommerce Backend\node_modules\router\index.js:342:13)
    at C:\Users\yosef\OneDrive\Desktop\NTI\Ecommerce Backend\node_modules\router\index.js:297:9
    at processParams (C:\Users\yosef\OneDrive\Desktop\NTI\Ecommerce Backend\node_modules\router\index.js:582:12)
    at next (C:\Users\yosef\OneDrive\Desktop\NTI\Ecommerce Backend\node_modules\router\index.js:291:5)
    at cors (C:\Users\yosef\OneDrive\Desktop\NTI\Ecommerce Backend\node_modules\cors\lib\index.js:188:7)
    at C:\Users\yosef\OneDrive\Desktop\NTI\Ecommerce Backend\node_modules\cors\lib\index.js:224:17
    at origin (C:\Users\yosef\OneDrive\Desktop\NTI\Ecommerce Backend\middlewares\cors.middleware.js:8:11)
    at C:\Users\yosef\OneDrive\Desktop\NTI\Ecommerce Backend\node_modules\cors\lib\index.js:219:13
15-05-2026 23:04:17 |ERROR| Error | GET | /uploads/1778872542491-a.png : can't find /uploads/1778872542491-a.png 
Error: can't find /uploads/1778872542491-a.png
    at C:\Users\yosef\OneDrive\Desktop\NTI\Ecommerce Backend\server.js:29:7
    at Layer.handleRequest (C:\Users\yosef\OneDrive\Desktop\NTI\Ecommerce Backend\node_modules\router\lib\layer.js:152:17)
    at trimPrefix (C:\Users\yosef\OneDrive\Desktop\NTI\Ecommerce Backend\node_modules\router\index.js:342:13)
    at C:\Users\yosef\OneDrive\Desktop\NTI\Ecommerce Backend\node_modules\router\index.js:297:9
    at processParams (C:\Users\yosef\OneDrive\Desktop\NTI\Ecommerce Backend\node_modules\router\index.js:582:12)
    at next (C:\Users\yosef\OneDrive\Desktop\NTI\Ecommerce Backend\node_modules\router\index.js:291:5)
    at cors (C:\Users\yosef\OneDrive\Desktop\NTI\Ecommerce Backend\node_modules\cors\lib\index.js:188:7)
    at C:\Users\yosef\OneDrive\Desktop\NTI\Ecommerce Backend\node_modules\cors\lib\index.js:224:17
    at origin (C:\Users\yosef\OneDrive\Desktop\NTI\Ecommerce Backend\middlewares\cors.middleware.js:8:11)
    at C:\Users\yosef\OneDrive\Desktop\NTI\Ecommerce Backend\node_modules\cors\lib\index.js:219:13
15-05-2026 23:04:17 |ERROR| Error | GET | /uploads/1778872514763-a.png : can't find /uploads/1778872514763-a.png 
Error: can't find /uploads/1778872514763-a.png
    at C:\Users\yosef\OneDrive\Desktop\NTI\Ecommerce Backend\server.js:29:7
    at Layer.handleRequest (C:\Users\yosef\OneDrive\Desktop\NTI\Ecommerce Backend\node_modules\router\lib\layer.js:152:17)
    at trimPrefix (C:\Users\yosef\OneDrive\Desktop\NTI\Ecommerce Backend\node_modules\router\index.js:342:13)
    at C:\Users\yosef\OneDrive\Desktop\NTI\Ecommerce Backend\node_modules\router\index.js:297:9
    at processParams (C:\Users\yosef\OneDrive\Desktop\NTI\Ecommerce Backend\node_modules\router\index.js:582:12)
    at next (C:\Users\yosef\OneDrive\Desktop\NTI\Ecommerce Backend\node_modules\router\index.js:291:5)
    at cors (C:\Users\yosef\OneDrive\Desktop\NTI\Ecommerce Backend\node_modules\cors\lib\index.js:188:7)
    at C:\Users\yosef\OneDrive\Desktop\NTI\Ecommerce Backend\node_modules\cors\lib\index.js:224:17
    at origin (C:\Users\yosef\OneDrive\Desktop\NTI\Ecommerce Backend\middlewares\cors.middleware.js:8:11)
    at C:\Users\yosef\OneDrive\Desktop\NTI\Ecommerce Backend\node_modules\cors\lib\index.js:219:13
15-05-2026 23:04:17 |ERROR| Error | GET | /uploads/1778872483665-a.png : can't find /uploads/1778872483665-a.png 
Error: can't find /uploads/1778872483665-a.png
    at C:\Users\yosef\OneDrive\Desktop\NTI\Ecommerce Backend\server.js:29:7
    at Layer.handleRequest (C:\Users\yosef\OneDrive\Desktop\NTI\Ecommerce Backend\node_modules\router\lib\layer.js:152:17)
    at trimPrefix (C:\Users\yosef\OneDrive\Desktop\NTI\Ecommerce Backend\node_modules\router\index.js:342:13)
    at C:\Users\yosef\OneDrive\Desktop\NTI\Ecommerce Backend\node_modules\router\index.js:297:9
    at processParams (C:\Users\yosef\OneDrive\Desktop\NTI\Ecommerce Backend\node_modules\router\index.js:582:12)
    at next (C:\Users\yosef\OneDrive\Desktop\NTI\Ecommerce Backend\node_modules\router\index.js:291:5)
    at cors (C:\Users\yosef\OneDrive\Desktop\NTI\Ecommerce Backend\node_modules\cors\lib\index.js:188:7)
    at C:\Users\yosef\OneDrive\Desktop\NTI\Ecommerce Backend\node_modules\cors\lib\index.js:224:17
    at origin (C:\Users\yosef\OneDrive\Desktop\NTI\Ecommerce Backend\middlewares\cors.middleware.js:8:11)
    at C:\Users\yosef\OneDrive\Desktop\NTI\Ecommerce Backend\node_modules\cors\lib\index.js:219:13
15-05-2026 23:04:17 |ERROR| Error | GET | /uploads/1778872457977-a.png : can't find /uploads/1778872457977-a.png 
Error: can't find /uploads/1778872457977-a.png
    at C:\Users\yosef\OneDrive\Desktop\NTI\Ecommerce Backend\server.js:29:7
    at Layer.handleRequest (C:\Users\yosef\OneDrive\Desktop\NTI\Ecommerce Backend\node_modules\router\lib\layer.js:152:17)
    at trimPrefix (C:\Users\yosef\OneDrive\Desktop\NTI\Ecommerce Backend\node_modules\router\index.js:342:13)
    at C:\Users\yosef\OneDrive\Desktop\NTI\Ecommerce Backend\node_modules\router\index.js:297:9
    at processParams (C:\Users\yosef\OneDrive\Desktop\NTI\Ecommerce Backend\node_modules\router\index.js:582:12)
    at next (C:\Users\yosef\OneDrive\Desktop\NTI\Ecommerce Backend\node_modules\router\index.js:291:5)
    at cors (C:\Users\yosef\OneDrive\Desktop\NTI\Ecommerce Backend\node_modules\cors\lib\index.js:188:7)
    at C:\Users\yosef\OneDrive\Desktop\NTI\Ecommerce Backend\node_modules\cors\lib\index.js:224:17
    at origin (C:\Users\yosef\OneDrive\Desktop\NTI\Ecommerce Backend\middlewares\cors.middleware.js:8:11)
    at C:\Users\yosef\OneDrive\Desktop\NTI\Ecommerce Backend\node_modules\cors\lib\index.js:219:13
15-05-2026 23:05:52 |ERROR| Error | GET | /uploads/1778872542491-a.png : can't find /uploads/1778872542491-a.png 
Error: can't find /uploads/1778872542491-a.png
    at C:\Users\yosef\OneDrive\Desktop\NTI\Ecommerce Backend\server.js:29:7
    at Layer.handleRequest (C:\Users\yosef\OneDrive\Desktop\NTI\Ecommerce Backend\node_modules\router\lib\layer.js:152:17)
    at trimPrefix (C:\Users\yosef\OneDrive\Desktop\NTI\Ecommerce Backend\node_modules\router\index.js:342:13)
    at C:\Users\yosef\OneDrive\Desktop\NTI\Ecommerce Backend\node_modules\router\index.js:297:9
    at processParams (C:\Users\yosef\OneDrive\Desktop\NTI\Ecommerce Backend\node_modules\router\index.js:582:12)
    at next (C:\Users\yosef\OneDrive\Desktop\NTI\Ecommerce Backend\node_modules\router\index.js:291:5)
    at cors (C:\Users\yosef\OneDrive\Desktop\NTI\Ecommerce Backend\node_modules\cors\lib\index.js:188:7)
    at C:\Users\yosef\OneDrive\Desktop\NTI\Ecommerce Backend\node_modules\cors\lib\index.js:224:17
    at origin (C:\Users\yosef\OneDrive\Desktop\NTI\Ecommerce Backend\middlewares\cors.middleware.js:8:11)
    at C:\Users\yosef\OneDrive\Desktop\NTI\Ecommerce Backend\node_modules\cors\lib\index.js:219:13
15-05-2026 23:05:52 |ERROR| Error | GET | /uploads/1778872514763-a.png : can't find /uploads/1778872514763-a.png 
Error: can't find /uploads/1778872514763-a.png
    at C:\Users\yosef\OneDrive\Desktop\NTI\Ecommerce Backend\server.js:29:7
    at Layer.handleRequest (C:\Users\yosef\OneDrive\Desktop\NTI\Ecommerce Backend\node_modules\router\lib\layer.js:152:17)
    at trimPrefix (C:\Users\yosef\OneDrive\Desktop\NTI\Ecommerce Backend\node_modules\router\index.js:342:13)
    at C:\Users\yosef\OneDrive\Desktop\NTI\Ecommerce Backend\node_modules\router\index.js:297:9
    at processParams (C:\Users\yosef\OneDrive\Desktop\NTI\Ecommerce Backend\node_modules\router\index.js:582:12)
    at next (C:\Users\yosef\OneDrive\Desktop\NTI\Ecommerce Backend\node_modules\router\index.js:291:5)
    at cors (C:\Users\yosef\OneDrive\Desktop\NTI\Ecommerce Backend\node_modules\cors\lib\index.js:188:7)
    at C:\Users\yosef\OneDrive\Desktop\NTI\Ecommerce Backend\node_modules\cors\lib\index.js:224:17
    at origin (C:\Users\yosef\OneDrive\Desktop\NTI\Ecommerce Backend\middlewares\cors.middleware.js:8:11)
    at C:\Users\yosef\OneDrive\Desktop\NTI\Ecommerce Backend\node_modules\cors\lib\index.js:219:13
15-05-2026 23:05:52 |ERROR| Error | GET | /uploads/1778872483665-a.png : can't find /uploads/1778872483665-a.png 
Error: can't find /uploads/1778872483665-a.png
    at C:\Users\yosef\OneDrive\Desktop\NTI\Ecommerce Backend\server.js:29:7
    at Layer.handleRequest (C:\Users\yosef\OneDrive\Desktop\NTI\Ecommerce Backend\node_modules\router\lib\layer.js:152:17)
    at trimPrefix (C:\Users\yosef\OneDrive\Desktop\NTI\Ecommerce Backend\node_modules\router\index.js:342:13)
    at C:\Users\yosef\OneDrive\Desktop\NTI\Ecommerce Backend\node_modules\router\index.js:297:9
    at processParams (C:\Users\yosef\OneDrive\Desktop\NTI\Ecommerce Backend\node_modules\router\index.js:582:12)
    at next (C:\Users\yosef\OneDrive\Desktop\NTI\Ecommerce Backend\node_modules\router\index.js:291:5)
    at cors (C:\Users\yosef\OneDrive\Desktop\NTI\Ecommerce Backend\node_modules\cors\lib\index.js:188:7)
    at C:\Users\yosef\OneDrive\Desktop\NTI\Ecommerce Backend\node_modules\cors\lib\index.js:224:17
    at origin (C:\Users\yosef\OneDrive\Desktop\NTI\Ecommerce Backend\middlewares\cors.middleware.js:8:11)
    at C:\Users\yosef\OneDrive\Desktop\NTI\Ecommerce Backend\node_modules\cors\lib\index.js:219:13
15-05-2026 23:05:52 |ERROR| Error | GET | /uploads/1778872457977-a.png : can't find /uploads/1778872457977-a.png 
Error: can't find /uploads/1778872457977-a.png
    at C:\Users\yosef\OneDrive\Desktop\NTI\Ecommerce Backend\server.js:29:7
    at Layer.handleRequest (C:\Users\yosef\OneDrive\Desktop\NTI\Ecommerce Backend\node_modules\router\lib\layer.js:152:17)
    at trimPrefix (C:\Users\yosef\OneDrive\Desktop\NTI\Ecommerce Backend\node_modules\router\index.js:342:13)
    at C:\Users\yosef\OneDrive\Desktop\NTI\Ecommerce Backend\node_modules\router\index.js:297:9
    at processParams (C:\Users\yosef\OneDrive\Desktop\NTI\Ecommerce Backend\node_modules\router\index.js:582:12)
    at next (C:\Users\yosef\OneDrive\Desktop\NTI\Ecommerce Backend\node_modules\router\index.js:291:5)
    at cors (C:\Users\yosef\OneDrive\Desktop\NTI\Ecommerce Backend\node_modules\cors\lib\index.js:188:7)
    at C:\Users\yosef\OneDrive\Desktop\NTI\Ecommerce Backend\node_modules\cors\lib\index.js:224:17
    at origin (C:\Users\yosef\OneDrive\Desktop\NTI\Ecommerce Backend\middlewares\cors.middleware.js:8:11)
    at C:\Users\yosef\OneDrive\Desktop\NTI\Ecommerce Backend\node_modules\cors\lib\index.js:219:13
16-05-2026 21:56:48 |ERROR| Error | GET | /uploads/1778872542491-a.png : can't find /uploads/1778872542491-a.png 
Error: can't find /uploads/1778872542491-a.png
    at C:\Users\yosef\OneDrive\Desktop\NTI\Ecommerce Backend\server.js:29:7
    at Layer.handleRequest (C:\Users\yosef\OneDrive\Desktop\NTI\Ecommerce Backend\node_modules\router\lib\layer.js:152:17)
    at trimPrefix (C:\Users\yosef\OneDrive\Desktop\NTI\Ecommerce Backend\node_modules\router\index.js:342:13)
    at C:\Users\yosef\OneDrive\Desktop\NTI\Ecommerce Backend\node_modules\router\index.js:297:9
    at processParams (C:\Users\yosef\OneDrive\Desktop\NTI\Ecommerce Backend\node_modules\router\index.js:582:12)
    at next (C:\Users\yosef\OneDrive\Desktop\NTI\Ecommerce Backend\node_modules\router\index.js:291:5)
    at cors (C:\Users\yosef\OneDrive\Desktop\NTI\Ecommerce Backend\node_modules\cors\lib\index.js:188:7)
    at C:\Users\yosef\OneDrive\Desktop\NTI\Ecommerce Backend\node_modules\cors\lib\index.js:224:17
    at origin (C:\Users\yosef\OneDrive\Desktop\NTI\Ecommerce Backend\middlewares\cors.middleware.js:8:11)
    at C:\Users\yosef\OneDrive\Desktop\NTI\Ecommerce Backend\node_modules\cors\lib\index.js:219:13
16-05-2026 21:56:48 |ERROR| Error | GET | /uploads/1778872514763-a.png : can't find /uploads/1778872514763-a.png 
Error: can't find /uploads/1778872514763-a.png
    at C:\Users\yosef\OneDrive\Desktop\NTI\Ecommerce Backend\server.js:29:7
    at Layer.handleRequest (C:\Users\yosef\OneDrive\Desktop\NTI\Ecommerce Backend\node_modules\router\lib\layer.js:152:17)
    at trimPrefix (C:\Users\yosef\OneDrive\Desktop\NTI\Ecommerce Backend\node_modules\router\index.js:342:13)
    at C:\Users\yosef\OneDrive\Desktop\NTI\Ecommerce Backend\node_modules\router\index.js:297:9
    at processParams (C:\Users\yosef\OneDrive\Desktop\NTI\Ecommerce Backend\node_modules\router\index.js:582:12)
    at next (C:\Users\yosef\OneDrive\Desktop\NTI\Ecommerce Backend\node_modules\router\index.js:291:5)
    at cors (C:\Users\yosef\OneDrive\Desktop\NTI\Ecommerce Backend\node_modules\cors\lib\index.js:188:7)
    at C:\Users\yosef\OneDrive\Desktop\NTI\Ecommerce Backend\node_modules\cors\lib\index.js:224:17
    at origin (C:\Users\yosef\OneDrive\Desktop\NTI\Ecommerce Backend\middlewares\cors.middleware.js:8:11)
    at C:\Users\yosef\OneDrive\Desktop\NTI\Ecommerce Backend\node_modules\cors\lib\index.js:219:13
16-05-2026 21:56:48 |ERROR| Error | GET | /uploads/1778872483665-a.png : can't find /uploads/1778872483665-a.png 
Error: can't find /uploads/1778872483665-a.png
    at C:\Users\yosef\OneDrive\Desktop\NTI\Ecommerce Backend\server.js:29:7
    at Layer.handleRequest (C:\Users\yosef\OneDrive\Desktop\NTI\Ecommerce Backend\node_modules\router\lib\layer.js:152:17)
    at trimPrefix (C:\Users\yosef\OneDrive\Desktop\NTI\Ecommerce Backend\node_modules\router\index.js:342:13)
    at C:\Users\yosef\OneDrive\Desktop\NTI\Ecommerce Backend\node_modules\router\index.js:297:9
    at processParams (C:\Users\yosef\OneDrive\Desktop\NTI\Ecommerce Backend\node_modules\router\index.js:582:12)
    at next (C:\Users\yosef\OneDrive\Desktop\NTI\Ecommerce Backend\node_modules\router\index.js:291:5)
    at cors (C:\Users\yosef\OneDrive\Desktop\NTI\Ecommerce Backend\node_modules\cors\lib\index.js:188:7)
    at C:\Users\yosef\OneDrive\Desktop\NTI\Ecommerce Backend\node_modules\cors\lib\index.js:224:17
    at origin (C:\Users\yosef\OneDrive\Desktop\NTI\Ecommerce Backend\middlewares\cors.middleware.js:8:11)
    at C:\Users\yosef\OneDrive\Desktop\NTI\Ecommerce Backend\node_modules\cors\lib\index.js:219:13
16-05-2026 21:56:48 |ERROR| Error | GET | /uploads/1778872457977-a.png : can't find /uploads/1778872457977-a.png 
Error: can't find /uploads/1778872457977-a.png
    at C:\Users\yosef\OneDrive\Desktop\NTI\Ecommerce Backend\server.js:29:7
    at Layer.handleRequest (C:\Users\yosef\OneDrive\Desktop\NTI\Ecommerce Backend\node_modules\router\lib\layer.js:152:17)
    at trimPrefix (C:\Users\yosef\OneDrive\Desktop\NTI\Ecommerce Backend\node_modules\router\index.js:342:13)
    at C:\Users\yosef\OneDrive\Desktop\NTI\Ecommerce Backend\node_modules\router\index.js:297:9
    at processParams (C:\Users\yosef\OneDrive\Desktop\NTI\Ecommerce Backend\node_modules\router\index.js:582:12)
    at next (C:\Users\yosef\OneDrive\Desktop\NTI\Ecommerce Backend\node_modules\router\index.js:291:5)
    at cors (C:\Users\yosef\OneDrive\Desktop\NTI\Ecommerce Backend\node_modules\cors\lib\index.js:188:7)
    at C:\Users\yosef\OneDrive\Desktop\NTI\Ecommerce Backend\node_modules\cors\lib\index.js:224:17
    at origin (C:\Users\yosef\OneDrive\Desktop\NTI\Ecommerce Backend\middlewares\cors.middleware.js:8:11)
    at C:\Users\yosef\OneDrive\Desktop\NTI\Ecommerce Backend\node_modules\cors\lib\index.js:219:13
16-05-2026 21:57:28 |ERROR| Error | GET | /uploads/1778872542491-a.png : can't find /uploads/1778872542491-a.png 
Error: can't find /uploads/1778872542491-a.png
    at C:\Users\yosef\OneDrive\Desktop\NTI\Ecommerce Backend\server.js:29:7
    at Layer.handleRequest (C:\Users\yosef\OneDrive\Desktop\NTI\Ecommerce Backend\node_modules\router\lib\layer.js:152:17)
    at trimPrefix (C:\Users\yosef\OneDrive\Desktop\NTI\Ecommerce Backend\node_modules\router\index.js:342:13)
    at C:\Users\yosef\OneDrive\Desktop\NTI\Ecommerce Backend\node_modules\router\index.js:297:9
    at processParams (C:\Users\yosef\OneDrive\Desktop\NTI\Ecommerce Backend\node_modules\router\index.js:582:12)
    at next (C:\Users\yosef\OneDrive\Desktop\NTI\Ecommerce Backend\node_modules\router\index.js:291:5)
    at cors (C:\Users\yosef\OneDrive\Desktop\NTI\Ecommerce Backend\node_modules\cors\lib\index.js:188:7)
    at C:\Users\yosef\OneDrive\Desktop\NTI\Ecommerce Backend\node_modules\cors\lib\index.js:224:17
    at origin (C:\Users\yosef\OneDrive\Desktop\NTI\Ecommerce Backend\middlewares\cors.middleware.js:8:11)
    at C:\Users\yosef\OneDrive\Desktop\NTI\Ecommerce Backend\node_modules\cors\lib\index.js:219:13
16-05-2026 21:57:28 |ERROR| Error | GET | /uploads/1778872514763-a.png : can't find /uploads/1778872514763-a.png 
Error: can't find /uploads/1778872514763-a.png
    at C:\Users\yosef\OneDrive\Desktop\NTI\Ecommerce Backend\server.js:29:7
    at Layer.handleRequest (C:\Users\yosef\OneDrive\Desktop\NTI\Ecommerce Backend\node_modules\router\lib\layer.js:152:17)
    at trimPrefix (C:\Users\yosef\OneDrive\Desktop\NTI\Ecommerce Backend\node_modules\router\index.js:342:13)
    at C:\Users\yosef\OneDrive\Desktop\NTI\Ecommerce Backend\node_modules\router\index.js:297:9
    at processParams (C:\Users\yosef\OneDrive\Desktop\NTI\Ecommerce Backend\node_modules\router\index.js:582:12)
    at next (C:\Users\yosef\OneDrive\Desktop\NTI\Ecommerce Backend\node_modules\router\index.js:291:5)
    at cors (C:\Users\yosef\OneDrive\Desktop\NTI\Ecommerce Backend\node_modules\cors\lib\index.js:188:7)
    at C:\Users\yosef\OneDrive\Desktop\NTI\Ecommerce Backend\node_modules\cors\lib\index.js:224:17
    at origin (C:\Users\yosef\OneDrive\Desktop\NTI\Ecommerce Backend\middlewares\cors.middleware.js:8:11)
    at C:\Users\yosef\OneDrive\Desktop\NTI\Ecommerce Backend\node_modules\cors\lib\index.js:219:13
16-05-2026 21:57:28 |ERROR| Error | GET | /uploads/1778872483665-a.png : can't find /uploads/1778872483665-a.png 
Error: can't find /uploads/1778872483665-a.png
    at C:\Users\yosef\OneDrive\Desktop\NTI\Ecommerce Backend\server.js:29:7
    at Layer.handleRequest (C:\Users\yosef\OneDrive\Desktop\NTI\Ecommerce Backend\node_modules\router\lib\layer.js:152:17)
    at trimPrefix (C:\Users\yosef\OneDrive\Desktop\NTI\Ecommerce Backend\node_modules\router\index.js:342:13)
    at C:\Users\yosef\OneDrive\Desktop\NTI\Ecommerce Backend\node_modules\router\index.js:297:9
    at processParams (C:\Users\yosef\OneDrive\Desktop\NTI\Ecommerce Backend\node_modules\router\index.js:582:12)
    at next (C:\Users\yosef\OneDrive\Desktop\NTI\Ecommerce Backend\node_modules\router\index.js:291:5)
    at cors (C:\Users\yosef\OneDrive\Desktop\NTI\Ecommerce Backend\node_modules\cors\lib\index.js:188:7)
    at C:\Users\yosef\OneDrive\Desktop\NTI\Ecommerce Backend\node_modules\cors\lib\index.js:224:17
    at origin (C:\Users\yosef\OneDrive\Desktop\NTI\Ecommerce Backend\middlewares\cors.middleware.js:8:11)
    at C:\Users\yosef\OneDrive\Desktop\NTI\Ecommerce Backend\node_modules\cors\lib\index.js:219:13
16-05-2026 21:57:28 |ERROR| Error | GET | /uploads/1778872457977-a.png : can't find /uploads/1778872457977-a.png 
Error: can't find /uploads/1778872457977-a.png
    at C:\Users\yosef\OneDrive\Desktop\NTI\Ecommerce Backend\server.js:29:7
    at Layer.handleRequest (C:\Users\yosef\OneDrive\Desktop\NTI\Ecommerce Backend\node_modules\router\lib\layer.js:152:17)
    at trimPrefix (C:\Users\yosef\OneDrive\Desktop\NTI\Ecommerce Backend\node_modules\router\index.js:342:13)
    at C:\Users\yosef\OneDrive\Desktop\NTI\Ecommerce Backend\node_modules\router\index.js:297:9
    at processParams (C:\Users\yosef\OneDrive\Desktop\NTI\Ecommerce Backend\node_modules\router\index.js:582:12)
    at next (C:\Users\yosef\OneDrive\Desktop\NTI\Ecommerce Backend\node_modules\router\index.js:291:5)
    at cors (C:\Users\yosef\OneDrive\Desktop\NTI\Ecommerce Backend\node_modules\cors\lib\index.js:188:7)
    at C:\Users\yosef\OneDrive\Desktop\NTI\Ecommerce Backend\node_modules\cors\lib\index.js:224:17
    at origin (C:\Users\yosef\OneDrive\Desktop\NTI\Ecommerce Backend\middlewares\cors.middleware.js:8:11)
    at C:\Users\yosef\OneDrive\Desktop\NTI\Ecommerce Backend\node_modules\cors\lib\index.js:219:13
16-05-2026 21:57:53 |ERROR| Error | GET | /uploads/1778872542491-a.png : can't find /uploads/1778872542491-a.png 
Error: can't find /uploads/1778872542491-a.png
    at C:\Users\yosef\OneDrive\Desktop\NTI\Ecommerce Backend\server.js:29:7
    at Layer.handleRequest (C:\Users\yosef\OneDrive\Desktop\NTI\Ecommerce Backend\node_modules\router\lib\layer.js:152:17)
    at trimPrefix (C:\Users\yosef\OneDrive\Desktop\NTI\Ecommerce Backend\node_modules\router\index.js:342:13)
    at C:\Users\yosef\OneDrive\Desktop\NTI\Ecommerce Backend\node_modules\router\index.js:297:9
    at processParams (C:\Users\yosef\OneDrive\Desktop\NTI\Ecommerce Backend\node_modules\router\index.js:582:12)
    at next (C:\Users\yosef\OneDrive\Desktop\NTI\Ecommerce Backend\node_modules\router\index.js:291:5)
    at cors (C:\Users\yosef\OneDrive\Desktop\NTI\Ecommerce Backend\node_modules\cors\lib\index.js:188:7)
    at C:\Users\yosef\OneDrive\Desktop\NTI\Ecommerce Backend\node_modules\cors\lib\index.js:224:17
    at origin (C:\Users\yosef\OneDrive\Desktop\NTI\Ecommerce Backend\middlewares\cors.middleware.js:8:11)
    at C:\Users\yosef\OneDrive\Desktop\NTI\Ecommerce Backend\node_modules\cors\lib\index.js:219:13
16-05-2026 21:57:53 |ERROR| Error | GET | /uploads/1778872514763-a.png : can't find /uploads/1778872514763-a.png 
Error: can't find /uploads/1778872514763-a.png
    at C:\Users\yosef\OneDrive\Desktop\NTI\Ecommerce Backend\server.js:29:7
    at Layer.handleRequest (C:\Users\yosef\OneDrive\Desktop\NTI\Ecommerce Backend\node_modules\router\lib\layer.js:152:17)
    at trimPrefix (C:\Users\yosef\OneDrive\Desktop\NTI\Ecommerce Backend\node_modules\router\index.js:342:13)
    at C:\Users\yosef\OneDrive\Desktop\NTI\Ecommerce Backend\node_modules\router\index.js:297:9
    at processParams (C:\Users\yosef\OneDrive\Desktop\NTI\Ecommerce Backend\node_modules\router\index.js:582:12)
    at next (C:\Users\yosef\OneDrive\Desktop\NTI\Ecommerce Backend\node_modules\router\index.js:291:5)
    at cors (C:\Users\yosef\OneDrive\Desktop\NTI\Ecommerce Backend\node_modules\cors\lib\index.js:188:7)
    at C:\Users\yosef\OneDrive\Desktop\NTI\Ecommerce Backend\node_modules\cors\lib\index.js:224:17
    at origin (C:\Users\yosef\OneDrive\Desktop\NTI\Ecommerce Backend\middlewares\cors.middleware.js:8:11)
    at C:\Users\yosef\OneDrive\Desktop\NTI\Ecommerce Backend\node_modules\cors\lib\index.js:219:13
16-05-2026 21:57:53 |ERROR| Error | GET | /uploads/1778872483665-a.png : can't find /uploads/1778872483665-a.png 
Error: can't find /uploads/1778872483665-a.png
    at C:\Users\yosef\OneDrive\Desktop\NTI\Ecommerce Backend\server.js:29:7
    at Layer.handleRequest (C:\Users\yosef\OneDrive\Desktop\NTI\Ecommerce Backend\node_modules\router\lib\layer.js:152:17)
    at trimPrefix (C:\Users\yosef\OneDrive\Desktop\NTI\Ecommerce Backend\node_modules\router\index.js:342:13)
    at C:\Users\yosef\OneDrive\Desktop\NTI\Ecommerce Backend\node_modules\router\index.js:297:9
    at processParams (C:\Users\yosef\OneDrive\Desktop\NTI\Ecommerce Backend\node_modules\router\index.js:582:12)
    at next (C:\Users\yosef\OneDrive\Desktop\NTI\Ecommerce Backend\node_modules\router\index.js:291:5)
    at cors (C:\Users\yosef\OneDrive\Desktop\NTI\Ecommerce Backend\node_modules\cors\lib\index.js:188:7)
    at C:\Users\yosef\OneDrive\Desktop\NTI\Ecommerce Backend\node_modules\cors\lib\index.js:224:17
    at origin (C:\Users\yosef\OneDrive\Desktop\NTI\Ecommerce Backend\middlewares\cors.middleware.js:8:11)
    at C:\Users\yosef\OneDrive\Desktop\NTI\Ecommerce Backend\node_modules\cors\lib\index.js:219:13
16-05-2026 21:57:53 |ERROR| Error | GET | /uploads/1778872457977-a.png : can't find /uploads/1778872457977-a.png 
Error: can't find /uploads/1778872457977-a.png
    at C:\Users\yosef\OneDrive\Desktop\NTI\Ecommerce Backend\server.js:29:7
    at Layer.handleRequest (C:\Users\yosef\OneDrive\Desktop\NTI\Ecommerce Backend\node_modules\router\lib\layer.js:152:17)
    at trimPrefix (C:\Users\yosef\OneDrive\Desktop\NTI\Ecommerce Backend\node_modules\router\index.js:342:13)
    at C:\Users\yosef\OneDrive\Desktop\NTI\Ecommerce Backend\node_modules\router\index.js:297:9
    at processParams (C:\Users\yosef\OneDrive\Desktop\NTI\Ecommerce Backend\node_modules\router\index.js:582:12)
    at next (C:\Users\yosef\OneDrive\Desktop\NTI\Ecommerce Backend\node_modules\router\index.js:291:5)
    at cors (C:\Users\yosef\OneDrive\Desktop\NTI\Ecommerce Backend\node_modules\cors\lib\index.js:188:7)
    at C:\Users\yosef\OneDrive\Desktop\NTI\Ecommerce Backend\node_modules\cors\lib\index.js:224:17
    at origin (C:\Users\yosef\OneDrive\Desktop\NTI\Ecommerce Backend\middlewares\cors.middleware.js:8:11)
    at C:\Users\yosef\OneDrive\Desktop\NTI\Ecommerce Backend\node_modules\cors\lib\index.js:219:13
16-05-2026 21:58:32 |ERROR| Error | GET | /uploads/1778872542491-a.png : can't find /uploads/1778872542491-a.png 
Error: can't find /uploads/1778872542491-a.png
    at C:\Users\yosef\OneDrive\Desktop\NTI\Ecommerce Backend\server.js:29:7
    at Layer.handleRequest (C:\Users\yosef\OneDrive\Desktop\NTI\Ecommerce Backend\node_modules\router\lib\layer.js:152:17)
    at trimPrefix (C:\Users\yosef\OneDrive\Desktop\NTI\Ecommerce Backend\node_modules\router\index.js:342:13)
    at C:\Users\yosef\OneDrive\Desktop\NTI\Ecommerce Backend\node_modules\router\index.js:297:9
    at processParams (C:\Users\yosef\OneDrive\Desktop\NTI\Ecommerce Backend\node_modules\router\index.js:582:12)
    at next (C:\Users\yosef\OneDrive\Desktop\NTI\Ecommerce Backend\node_modules\router\index.js:291:5)
    at cors (C:\Users\yosef\OneDrive\Desktop\NTI\Ecommerce Backend\node_modules\cors\lib\index.js:188:7)
    at C:\Users\yosef\OneDrive\Desktop\NTI\Ecommerce Backend\node_modules\cors\lib\index.js:224:17
    at origin (C:\Users\yosef\OneDrive\Desktop\NTI\Ecommerce Backend\middlewares\cors.middleware.js:8:11)
    at C:\Users\yosef\OneDrive\Desktop\NTI\Ecommerce Backend\node_modules\cors\lib\index.js:219:13
16-05-2026 21:58:32 |ERROR| Error | GET | /uploads/1778872514763-a.png : can't find /uploads/1778872514763-a.png 
Error: can't find /uploads/1778872514763-a.png
    at C:\Users\yosef\OneDrive\Desktop\NTI\Ecommerce Backend\server.js:29:7
    at Layer.handleRequest (C:\Users\yosef\OneDrive\Desktop\NTI\Ecommerce Backend\node_modules\router\lib\layer.js:152:17)
    at trimPrefix (C:\Users\yosef\OneDrive\Desktop\NTI\Ecommerce Backend\node_modules\router\index.js:342:13)
    at C:\Users\yosef\OneDrive\Desktop\NTI\Ecommerce Backend\node_modules\router\index.js:297:9
    at processParams (C:\Users\yosef\OneDrive\Desktop\NTI\Ecommerce Backend\node_modules\router\index.js:582:12)
    at next (C:\Users\yosef\OneDrive\Desktop\NTI\Ecommerce Backend\node_modules\router\index.js:291:5)
    at cors (C:\Users\yosef\OneDrive\Desktop\NTI\Ecommerce Backend\node_modules\cors\lib\index.js:188:7)
    at C:\Users\yosef\OneDrive\Desktop\NTI\Ecommerce Backend\node_modules\cors\lib\index.js:224:17
    at origin (C:\Users\yosef\OneDrive\Desktop\NTI\Ecommerce Backend\middlewares\cors.middleware.js:8:11)
    at C:\Users\yosef\OneDrive\Desktop\NTI\Ecommerce Backend\node_modules\cors\lib\index.js:219:13
16-05-2026 21:58:32 |ERROR| Error | GET | /uploads/1778872483665-a.png : can't find /uploads/1778872483665-a.png 
Error: can't find /uploads/1778872483665-a.png
    at C:\Users\yosef\OneDrive\Desktop\NTI\Ecommerce Backend\server.js:29:7
    at Layer.handleRequest (C:\Users\yosef\OneDrive\Desktop\NTI\Ecommerce Backend\node_modules\router\lib\layer.js:152:17)
    at trimPrefix (C:\Users\yosef\OneDrive\Desktop\NTI\Ecommerce Backend\node_modules\router\index.js:342:13)
    at C:\Users\yosef\OneDrive\Desktop\NTI\Ecommerce Backend\node_modules\router\index.js:297:9
    at processParams (C:\Users\yosef\OneDrive\Desktop\NTI\Ecommerce Backend\node_modules\router\index.js:582:12)
    at next (C:\Users\yosef\OneDrive\Desktop\NTI\Ecommerce Backend\node_modules\router\index.js:291:5)
    at cors (C:\Users\yosef\OneDrive\Desktop\NTI\Ecommerce Backend\node_modules\cors\lib\index.js:188:7)
    at C:\Users\yosef\OneDrive\Desktop\NTI\Ecommerce Backend\node_modules\cors\lib\index.js:224:17
    at origin (C:\Users\yosef\OneDrive\Desktop\NTI\Ecommerce Backend\middlewares\cors.middleware.js:8:11)
    at C:\Users\yosef\OneDrive\Desktop\NTI\Ecommerce Backend\node_modules\cors\lib\index.js:219:13
16-05-2026 21:58:32 |ERROR| Error | GET | /uploads/1778872457977-a.png : can't find /uploads/1778872457977-a.png 
Error: can't find /uploads/1778872457977-a.png
    at C:\Users\yosef\OneDrive\Desktop\NTI\Ecommerce Backend\server.js:29:7
    at Layer.handleRequest (C:\Users\yosef\OneDrive\Desktop\NTI\Ecommerce Backend\node_modules\router\lib\layer.js:152:17)
    at trimPrefix (C:\Users\yosef\OneDrive\Desktop\NTI\Ecommerce Backend\node_modules\router\index.js:342:13)
    at C:\Users\yosef\OneDrive\Desktop\NTI\Ecommerce Backend\node_modules\router\index.js:297:9
    at processParams (C:\Users\yosef\OneDrive\Desktop\NTI\Ecommerce Backend\node_modules\router\index.js:582:12)
    at next (C:\Users\yosef\OneDrive\Desktop\NTI\Ecommerce Backend\node_modules\router\index.js:291:5)
    at cors (C:\Users\yosef\OneDrive\Desktop\NTI\Ecommerce Backend\node_modules\cors\lib\index.js:188:7)
    at C:\Users\yosef\OneDrive\Desktop\NTI\Ecommerce Backend\node_modules\cors\lib\index.js:224:17
    at origin (C:\Users\yosef\OneDrive\Desktop\NTI\Ecommerce Backend\middlewares\cors.middleware.js:8:11)
    at C:\Users\yosef\OneDrive\Desktop\NTI\Ecommerce Backend\node_modules\cors\lib\index.js:219:13
16-05-2026 21:58:38 |ERROR| Error | POST | /api/v1/cart : Not enough stock available! 
Error: Not enough stock available!
    at C:\Users\yosef\OneDrive\Desktop\NTI\Ecommerce Backend\controller\cart.controller.js:36:16
    at process.processTicksAndRejections (node:internal/process/task_queues:104:5)
16-05-2026 21:58:38 |ERROR| Error | POST | /api/v1/cart : Not enough stock available! 
Error: Not enough stock available!
    at C:\Users\yosef\OneDrive\Desktop\NTI\Ecommerce Backend\controller\cart.controller.js:36:16
    at process.processTicksAndRejections (node:internal/process/task_queues:104:5)
16-05-2026 21:58:38 |ERROR| Error | POST | /api/v1/cart : Not enough stock available! 
Error: Not enough stock available!
    at C:\Users\yosef\OneDrive\Desktop\NTI\Ecommerce Backend\controller\cart.controller.js:36:16
    at process.processTicksAndRejections (node:internal/process/task_queues:104:5)
16-05-2026 21:58:39 |ERROR| Error | POST | /api/v1/cart : Not enough stock available! 
Error: Not enough stock available!
    at C:\Users\yosef\OneDrive\Desktop\NTI\Ecommerce Backend\controller\cart.controller.js:36:16
    at process.processTicksAndRejections (node:internal/process/task_queues:104:5)
16-05-2026 21:58:41 |ERROR| Error | PATCH | /api/v1/cart : Not enough stock available! 
Error: Not enough stock available!
    at C:\Users\yosef\OneDrive\Desktop\NTI\Ecommerce Backend\controller\cart.controller.js:135:15
    at process.processTicksAndRejections (node:internal/process/task_queues:104:5)
16-05-2026 21:58:41 |ERROR| Error | PATCH | /api/v1/cart : Not enough stock available! 
Error: Not enough stock available!
    at C:\Users\yosef\OneDrive\Desktop\NTI\Ecommerce Backend\controller\cart.controller.js:135:15
    at process.processTicksAndRejections (node:internal/process/task_queues:104:5)
16-05-2026 21:59:01 |ERROR| Error | GET | /uploads/1778872542491-a.png : can't find /uploads/1778872542491-a.png 
Error: can't find /uploads/1778872542491-a.png
    at C:\Users\yosef\OneDrive\Desktop\NTI\Ecommerce Backend\server.js:29:7
    at Layer.handleRequest (C:\Users\yosef\OneDrive\Desktop\NTI\Ecommerce Backend\node_modules\router\lib\layer.js:152:17)
    at trimPrefix (C:\Users\yosef\OneDrive\Desktop\NTI\Ecommerce Backend\node_modules\router\index.js:342:13)
    at C:\Users\yosef\OneDrive\Desktop\NTI\Ecommerce Backend\node_modules\router\index.js:297:9
    at processParams (C:\Users\yosef\OneDrive\Desktop\NTI\Ecommerce Backend\node_modules\router\index.js:582:12)
    at next (C:\Users\yosef\OneDrive\Desktop\NTI\Ecommerce Backend\node_modules\router\index.js:291:5)
    at cors (C:\Users\yosef\OneDrive\Desktop\NTI\Ecommerce Backend\node_modules\cors\lib\index.js:188:7)
    at C:\Users\yosef\OneDrive\Desktop\NTI\Ecommerce Backend\node_modules\cors\lib\index.js:224:17
    at origin (C:\Users\yosef\OneDrive\Desktop\NTI\Ecommerce Backend\middlewares\cors.middleware.js:8:11)
    at C:\Users\yosef\OneDrive\Desktop\NTI\Ecommerce Backend\node_modules\cors\lib\index.js:219:13
16-05-2026 21:59:01 |ERROR| Error | GET | /uploads/1778872514763-a.png : can't find /uploads/1778872514763-a.png 
Error: can't find /uploads/1778872514763-a.png
    at C:\Users\yosef\OneDrive\Desktop\NTI\Ecommerce Backend\server.js:29:7
    at Layer.handleRequest (C:\Users\yosef\OneDrive\Desktop\NTI\Ecommerce Backend\node_modules\router\lib\layer.js:152:17)
    at trimPrefix (C:\Users\yosef\OneDrive\Desktop\NTI\Ecommerce Backend\node_modules\router\index.js:342:13)
    at C:\Users\yosef\OneDrive\Desktop\NTI\Ecommerce Backend\node_modules\router\index.js:297:9
    at processParams (C:\Users\yosef\OneDrive\Desktop\NTI\Ecommerce Backend\node_modules\router\index.js:582:12)
    at next (C:\Users\yosef\OneDrive\Desktop\NTI\Ecommerce Backend\node_modules\router\index.js:291:5)
    at cors (C:\Users\yosef\OneDrive\Desktop\NTI\Ecommerce Backend\node_modules\cors\lib\index.js:188:7)
    at C:\Users\yosef\OneDrive\Desktop\NTI\Ecommerce Backend\node_modules\cors\lib\index.js:224:17
    at origin (C:\Users\yosef\OneDrive\Desktop\NTI\Ecommerce Backend\middlewares\cors.middleware.js:8:11)
    at C:\Users\yosef\OneDrive\Desktop\NTI\Ecommerce Backend\node_modules\cors\lib\index.js:219:13
16-05-2026 21:59:01 |ERROR| Error | GET | /uploads/1778872483665-a.png : can't find /uploads/1778872483665-a.png 
Error: can't find /uploads/1778872483665-a.png
    at C:\Users\yosef\OneDrive\Desktop\NTI\Ecommerce Backend\server.js:29:7
    at Layer.handleRequest (C:\Users\yosef\OneDrive\Desktop\NTI\Ecommerce Backend\node_modules\router\lib\layer.js:152:17)
    at trimPrefix (C:\Users\yosef\OneDrive\Desktop\NTI\Ecommerce Backend\node_modules\router\index.js:342:13)
    at C:\Users\yosef\OneDrive\Desktop\NTI\Ecommerce Backend\node_modules\router\index.js:297:9
    at processParams (C:\Users\yosef\OneDrive\Desktop\NTI\Ecommerce Backend\node_modules\router\index.js:582:12)
    at next (C:\Users\yosef\OneDrive\Desktop\NTI\Ecommerce Backend\node_modules\router\index.js:291:5)
    at cors (C:\Users\yosef\OneDrive\Desktop\NTI\Ecommerce Backend\node_modules\cors\lib\index.js:188:7)
    at C:\Users\yosef\OneDrive\Desktop\NTI\Ecommerce Backend\node_modules\cors\lib\index.js:224:17
    at origin (C:\Users\yosef\OneDrive\Desktop\NTI\Ecommerce Backend\middlewares\cors.middleware.js:8:11)
    at C:\Users\yosef\OneDrive\Desktop\NTI\Ecommerce Backend\node_modules\cors\lib\index.js:219:13
16-05-2026 21:59:01 |ERROR| Error | GET | /uploads/1778872457977-a.png : can't find /uploads/1778872457977-a.png 
Error: can't find /uploads/1778872457977-a.png
    at C:\Users\yosef\OneDrive\Desktop\NTI\Ecommerce Backend\server.js:29:7
    at Layer.handleRequest (C:\Users\yosef\OneDrive\Desktop\NTI\Ecommerce Backend\node_modules\router\lib\layer.js:152:17)
    at trimPrefix (C:\Users\yosef\OneDrive\Desktop\NTI\Ecommerce Backend\node_modules\router\index.js:342:13)
    at C:\Users\yosef\OneDrive\Desktop\NTI\Ecommerce Backend\node_modules\router\index.js:297:9
    at processParams (C:\Users\yosef\OneDrive\Desktop\NTI\Ecommerce Backend\node_modules\router\index.js:582:12)
    at next (C:\Users\yosef\OneDrive\Desktop\NTI\Ecommerce Backend\node_modules\router\index.js:291:5)
    at cors (C:\Users\yosef\OneDrive\Desktop\NTI\Ecommerce Backend\node_modules\cors\lib\index.js:188:7)
    at C:\Users\yosef\OneDrive\Desktop\NTI\Ecommerce Backend\node_modules\cors\lib\index.js:224:17
    at origin (C:\Users\yosef\OneDrive\Desktop\NTI\Ecommerce Backend\middlewares\cors.middleware.js:8:11)
    at C:\Users\yosef\OneDrive\Desktop\NTI\Ecommerce Backend\node_modules\cors\lib\index.js:219:13
16-05-2026 21:59:11 |ERROR| Error | GET | /uploads/1778872542491-a.png : can't find /uploads/1778872542491-a.png 
Error: can't find /uploads/1778872542491-a.png
    at C:\Users\yosef\OneDrive\Desktop\NTI\Ecommerce Backend\server.js:29:7
    at Layer.handleRequest (C:\Users\yosef\OneDrive\Desktop\NTI\Ecommerce Backend\node_modules\router\lib\layer.js:152:17)
    at trimPrefix (C:\Users\yosef\OneDrive\Desktop\NTI\Ecommerce Backend\node_modules\router\index.js:342:13)
    at C:\Users\yosef\OneDrive\Desktop\NTI\Ecommerce Backend\node_modules\router\index.js:297:9
    at processParams (C:\Users\yosef\OneDrive\Desktop\NTI\Ecommerce Backend\node_modules\router\index.js:582:12)
    at next (C:\Users\yosef\OneDrive\Desktop\NTI\Ecommerce Backend\node_modules\router\index.js:291:5)
    at cors (C:\Users\yosef\OneDrive\Desktop\NTI\Ecommerce Backend\node_modules\cors\lib\index.js:188:7)
    at C:\Users\yosef\OneDrive\Desktop\NTI\Ecommerce Backend\node_modules\cors\lib\index.js:224:17
    at origin (C:\Users\yosef\OneDrive\Desktop\NTI\Ecommerce Backend\middlewares\cors.middleware.js:8:11)
    at C:\Users\yosef\OneDrive\Desktop\NTI\Ecommerce Backend\node_modules\cors\lib\index.js:219:13
16-05-2026 21:59:11 |ERROR| Error | GET | /uploads/1778872514763-a.png : can't find /uploads/1778872514763-a.png 
Error: can't find /uploads/1778872514763-a.png
    at C:\Users\yosef\OneDrive\Desktop\NTI\Ecommerce Backend\server.js:29:7
    at Layer.handleRequest (C:\Users\yosef\OneDrive\Desktop\NTI\Ecommerce Backend\node_modules\router\lib\layer.js:152:17)
    at trimPrefix (C:\Users\yosef\OneDrive\Desktop\NTI\Ecommerce Backend\node_modules\router\index.js:342:13)
    at C:\Users\yosef\OneDrive\Desktop\NTI\Ecommerce Backend\node_modules\router\index.js:297:9
    at processParams (C:\Users\yosef\OneDrive\Desktop\NTI\Ecommerce Backend\node_modules\router\index.js:582:12)
    at next (C:\Users\yosef\OneDrive\Desktop\NTI\Ecommerce Backend\node_modules\router\index.js:291:5)
    at cors (C:\Users\yosef\OneDrive\Desktop\NTI\Ecommerce Backend\node_modules\cors\lib\index.js:188:7)
    at C:\Users\yosef\OneDrive\Desktop\NTI\Ecommerce Backend\node_modules\cors\lib\index.js:224:17
    at origin (C:\Users\yosef\OneDrive\Desktop\NTI\Ecommerce Backend\middlewares\cors.middleware.js:8:11)
    at C:\Users\yosef\OneDrive\Desktop\NTI\Ecommerce Backend\node_modules\cors\lib\index.js:219:13
16-05-2026 21:59:11 |ERROR| Error | GET | /uploads/1778872483665-a.png : can't find /uploads/1778872483665-a.png 
Error: can't find /uploads/1778872483665-a.png
    at C:\Users\yosef\OneDrive\Desktop\NTI\Ecommerce Backend\server.js:29:7
    at Layer.handleRequest (C:\Users\yosef\OneDrive\Desktop\NTI\Ecommerce Backend\node_modules\router\lib\layer.js:152:17)
    at trimPrefix (C:\Users\yosef\OneDrive\Desktop\NTI\Ecommerce Backend\node_modules\router\index.js:342:13)
    at C:\Users\yosef\OneDrive\Desktop\NTI\Ecommerce Backend\node_modules\router\index.js:297:9
    at processParams (C:\Users\yosef\OneDrive\Desktop\NTI\Ecommerce Backend\node_modules\router\index.js:582:12)
    at next (C:\Users\yosef\OneDrive\Desktop\NTI\Ecommerce Backend\node_modules\router\index.js:291:5)
    at cors (C:\Users\yosef\OneDrive\Desktop\NTI\Ecommerce Backend\node_modules\cors\lib\index.js:188:7)
    at C:\Users\yosef\OneDrive\Desktop\NTI\Ecommerce Backend\node_modules\cors\lib\index.js:224:17
    at origin (C:\Users\yosef\OneDrive\Desktop\NTI\Ecommerce Backend\middlewares\cors.middleware.js:8:11)
    at C:\Users\yosef\OneDrive\Desktop\NTI\Ecommerce Backend\node_modules\cors\lib\index.js:219:13
16-05-2026 21:59:11 |ERROR| Error | GET | /uploads/1778872457977-a.png : can't find /uploads/1778872457977-a.png 
Error: can't find /uploads/1778872457977-a.png
    at C:\Users\yosef\OneDrive\Desktop\NTI\Ecommerce Backend\server.js:29:7
    at Layer.handleRequest (C:\Users\yosef\OneDrive\Desktop\NTI\Ecommerce Backend\node_modules\router\lib\layer.js:152:17)
    at trimPrefix (C:\Users\yosef\OneDrive\Desktop\NTI\Ecommerce Backend\node_modules\router\index.js:342:13)
    at C:\Users\yosef\OneDrive\Desktop\NTI\Ecommerce Backend\node_modules\router\index.js:297:9
    at processParams (C:\Users\yosef\OneDrive\Desktop\NTI\Ecommerce Backend\node_modules\router\index.js:582:12)
    at next (C:\Users\yosef\OneDrive\Desktop\NTI\Ecommerce Backend\node_modules\router\index.js:291:5)
    at cors (C:\Users\yosef\OneDrive\Desktop\NTI\Ecommerce Backend\node_modules\cors\lib\index.js:188:7)
    at C:\Users\yosef\OneDrive\Desktop\NTI\Ecommerce Backend\node_modules\cors\lib\index.js:224:17
    at origin (C:\Users\yosef\OneDrive\Desktop\NTI\Ecommerce Backend\middlewares\cors.middleware.js:8:11)
    at C:\Users\yosef\OneDrive\Desktop\NTI\Ecommerce Backend\node_modules\cors\lib\index.js:219:13
16-05-2026 22:00:05 |ERROR| Error | GET | /uploads/1778872542491-a.png : can't find /uploads/1778872542491-a.png 
Error: can't find /uploads/1778872542491-a.png
    at C:\Users\yosef\OneDrive\Desktop\NTI\Ecommerce Backend\server.js:29:7
    at Layer.handleRequest (C:\Users\yosef\OneDrive\Desktop\NTI\Ecommerce Backend\node_modules\router\lib\layer.js:152:17)
    at trimPrefix (C:\Users\yosef\OneDrive\Desktop\NTI\Ecommerce Backend\node_modules\router\index.js:342:13)
    at C:\Users\yosef\OneDrive\Desktop\NTI\Ecommerce Backend\node_modules\router\index.js:297:9
    at processParams (C:\Users\yosef\OneDrive\Desktop\NTI\Ecommerce Backend\node_modules\router\index.js:582:12)
    at next (C:\Users\yosef\OneDrive\Desktop\NTI\Ecommerce Backend\node_modules\router\index.js:291:5)
    at cors (C:\Users\yosef\OneDrive\Desktop\NTI\Ecommerce Backend\node_modules\cors\lib\index.js:188:7)
    at C:\Users\yosef\OneDrive\Desktop\NTI\Ecommerce Backend\node_modules\cors\lib\index.js:224:17
    at origin (C:\Users\yosef\OneDrive\Desktop\NTI\Ecommerce Backend\middlewares\cors.middleware.js:8:11)
    at C:\Users\yosef\OneDrive\Desktop\NTI\Ecommerce Backend\node_modules\cors\lib\index.js:219:13
16-05-2026 22:00:05 |ERROR| Error | GET | /uploads/1778872514763-a.png : can't find /uploads/1778872514763-a.png 
Error: can't find /uploads/1778872514763-a.png
    at C:\Users\yosef\OneDrive\Desktop\NTI\Ecommerce Backend\server.js:29:7
    at Layer.handleRequest (C:\Users\yosef\OneDrive\Desktop\NTI\Ecommerce Backend\node_modules\router\lib\layer.js:152:17)
    at trimPrefix (C:\Users\yosef\OneDrive\Desktop\NTI\Ecommerce Backend\node_modules\router\index.js:342:13)
    at C:\Users\yosef\OneDrive\Desktop\NTI\Ecommerce Backend\node_modules\router\index.js:297:9
    at processParams (C:\Users\yosef\OneDrive\Desktop\NTI\Ecommerce Backend\node_modules\router\index.js:582:12)
    at next (C:\Users\yosef\OneDrive\Desktop\NTI\Ecommerce Backend\node_modules\router\index.js:291:5)
    at cors (C:\Users\yosef\OneDrive\Desktop\NTI\Ecommerce Backend\node_modules\cors\lib\index.js:188:7)
    at C:\Users\yosef\OneDrive\Desktop\NTI\Ecommerce Backend\node_modules\cors\lib\index.js:224:17
    at origin (C:\Users\yosef\OneDrive\Desktop\NTI\Ecommerce Backend\middlewares\cors.middleware.js:8:11)
    at C:\Users\yosef\OneDrive\Desktop\NTI\Ecommerce Backend\node_modules\cors\lib\index.js:219:13
16-05-2026 22:00:05 |ERROR| Error | GET | /uploads/1778872483665-a.png : can't find /uploads/1778872483665-a.png 
Error: can't find /uploads/1778872483665-a.png
    at C:\Users\yosef\OneDrive\Desktop\NTI\Ecommerce Backend\server.js:29:7
    at Layer.handleRequest (C:\Users\yosef\OneDrive\Desktop\NTI\Ecommerce Backend\node_modules\router\lib\layer.js:152:17)
    at trimPrefix (C:\Users\yosef\OneDrive\Desktop\NTI\Ecommerce Backend\node_modules\router\index.js:342:13)
    at C:\Users\yosef\OneDrive\Desktop\NTI\Ecommerce Backend\node_modules\router\index.js:297:9
    at processParams (C:\Users\yosef\OneDrive\Desktop\NTI\Ecommerce Backend\node_modules\router\index.js:582:12)
    at next (C:\Users\yosef\OneDrive\Desktop\NTI\Ecommerce Backend\node_modules\router\index.js:291:5)
    at cors (C:\Users\yosef\OneDrive\Desktop\NTI\Ecommerce Backend\node_modules\cors\lib\index.js:188:7)
    at C:\Users\yosef\OneDrive\Desktop\NTI\Ecommerce Backend\node_modules\cors\lib\index.js:224:17
    at origin (C:\Users\yosef\OneDrive\Desktop\NTI\Ecommerce Backend\middlewares\cors.middleware.js:8:11)
    at C:\Users\yosef\OneDrive\Desktop\NTI\Ecommerce Backend\node_modules\cors\lib\index.js:219:13
16-05-2026 22:00:05 |ERROR| Error | GET | /uploads/1778872457977-a.png : can't find /uploads/1778872457977-a.png 
Error: can't find /uploads/1778872457977-a.png
    at C:\Users\yosef\OneDrive\Desktop\NTI\Ecommerce Backend\server.js:29:7
    at Layer.handleRequest (C:\Users\yosef\OneDrive\Desktop\NTI\Ecommerce Backend\node_modules\router\lib\layer.js:152:17)
    at trimPrefix (C:\Users\yosef\OneDrive\Desktop\NTI\Ecommerce Backend\node_modules\router\index.js:342:13)
    at C:\Users\yosef\OneDrive\Desktop\NTI\Ecommerce Backend\node_modules\router\index.js:297:9
    at processParams (C:\Users\yosef\OneDrive\Desktop\NTI\Ecommerce Backend\node_modules\router\index.js:582:12)
    at next (C:\Users\yosef\OneDrive\Desktop\NTI\Ecommerce Backend\node_modules\router\index.js:291:5)
    at cors (C:\Users\yosef\OneDrive\Desktop\NTI\Ecommerce Backend\node_modules\cors\lib\index.js:188:7)
    at C:\Users\yosef\OneDrive\Desktop\NTI\Ecommerce Backend\node_modules\cors\lib\index.js:224:17
    at origin (C:\Users\yosef\OneDrive\Desktop\NTI\Ecommerce Backend\middlewares\cors.middleware.js:8:11)
    at C:\Users\yosef\OneDrive\Desktop\NTI\Ecommerce Backend\node_modules\cors\lib\index.js:219:13
16-05-2026 22:00:11 |ERROR| Error | GET | /uploads/1778872542491-a.png : can't find /uploads/1778872542491-a.png 
Error: can't find /uploads/1778872542491-a.png
    at C:\Users\yosef\OneDrive\Desktop\NTI\Ecommerce Backend\server.js:29:7
    at Layer.handleRequest (C:\Users\yosef\OneDrive\Desktop\NTI\Ecommerce Backend\node_modules\router\lib\layer.js:152:17)
    at trimPrefix (C:\Users\yosef\OneDrive\Desktop\NTI\Ecommerce Backend\node_modules\router\index.js:342:13)
    at C:\Users\yosef\OneDrive\Desktop\NTI\Ecommerce Backend\node_modules\router\index.js:297:9
    at processParams (C:\Users\yosef\OneDrive\Desktop\NTI\Ecommerce Backend\node_modules\router\index.js:582:12)
    at next (C:\Users\yosef\OneDrive\Desktop\NTI\Ecommerce Backend\node_modules\router\index.js:291:5)
    at cors (C:\Users\yosef\OneDrive\Desktop\NTI\Ecommerce Backend\node_modules\cors\lib\index.js:188:7)
    at C:\Users\yosef\OneDrive\Desktop\NTI\Ecommerce Backend\node_modules\cors\lib\index.js:224:17
    at origin (C:\Users\yosef\OneDrive\Desktop\NTI\Ecommerce Backend\middlewares\cors.middleware.js:8:11)
    at C:\Users\yosef\OneDrive\Desktop\NTI\Ecommerce Backend\node_modules\cors\lib\index.js:219:13
16-05-2026 22:00:11 |ERROR| Error | GET | /uploads/1778872514763-a.png : can't find /uploads/1778872514763-a.png 
Error: can't find /uploads/1778872514763-a.png
    at C:\Users\yosef\OneDrive\Desktop\NTI\Ecommerce Backend\server.js:29:7
    at Layer.handleRequest (C:\Users\yosef\OneDrive\Desktop\NTI\Ecommerce Backend\node_modules\router\lib\layer.js:152:17)
    at trimPrefix (C:\Users\yosef\OneDrive\Desktop\NTI\Ecommerce Backend\node_modules\router\index.js:342:13)
    at C:\Users\yosef\OneDrive\Desktop\NTI\Ecommerce Backend\node_modules\router\index.js:297:9
    at processParams (C:\Users\yosef\OneDrive\Desktop\NTI\Ecommerce Backend\node_modules\router\index.js:582:12)
    at next (C:\Users\yosef\OneDrive\Desktop\NTI\Ecommerce Backend\node_modules\router\index.js:291:5)
    at cors (C:\Users\yosef\OneDrive\Desktop\NTI\Ecommerce Backend\node_modules\cors\lib\index.js:188:7)
    at C:\Users\yosef\OneDrive\Desktop\NTI\Ecommerce Backend\node_modules\cors\lib\index.js:224:17
    at origin (C:\Users\yosef\OneDrive\Desktop\NTI\Ecommerce Backend\middlewares\cors.middleware.js:8:11)
    at C:\Users\yosef\OneDrive\Desktop\NTI\Ecommerce Backend\node_modules\cors\lib\index.js:219:13
16-05-2026 22:00:11 |ERROR| Error | GET | /uploads/1778872483665-a.png : can't find /uploads/1778872483665-a.png 
Error: can't find /uploads/1778872483665-a.png
    at C:\Users\yosef\OneDrive\Desktop\NTI\Ecommerce Backend\server.js:29:7
    at Layer.handleRequest (C:\Users\yosef\OneDrive\Desktop\NTI\Ecommerce Backend\node_modules\router\lib\layer.js:152:17)
    at trimPrefix (C:\Users\yosef\OneDrive\Desktop\NTI\Ecommerce Backend\node_modules\router\index.js:342:13)
    at C:\Users\yosef\OneDrive\Desktop\NTI\Ecommerce Backend\node_modules\router\index.js:297:9
    at processParams (C:\Users\yosef\OneDrive\Desktop\NTI\Ecommerce Backend\node_modules\router\index.js:582:12)
    at next (C:\Users\yosef\OneDrive\Desktop\NTI\Ecommerce Backend\node_modules\router\index.js:291:5)
    at cors (C:\Users\yosef\OneDrive\Desktop\NTI\Ecommerce Backend\node_modules\cors\lib\index.js:188:7)
    at C:\Users\yosef\OneDrive\Desktop\NTI\Ecommerce Backend\node_modules\cors\lib\index.js:224:17
    at origin (C:\Users\yosef\OneDrive\Desktop\NTI\Ecommerce Backend\middlewares\cors.middleware.js:8:11)
    at C:\Users\yosef\OneDrive\Desktop\NTI\Ecommerce Backend\node_modules\cors\lib\index.js:219:13
16-05-2026 22:00:11 |ERROR| Error | GET | /uploads/1778872457977-a.png : can't find /uploads/1778872457977-a.png 
Error: can't find /uploads/1778872457977-a.png
    at C:\Users\yosef\OneDrive\Desktop\NTI\Ecommerce Backend\server.js:29:7
    at Layer.handleRequest (C:\Users\yosef\OneDrive\Desktop\NTI\Ecommerce Backend\node_modules\router\lib\layer.js:152:17)
    at trimPrefix (C:\Users\yosef\OneDrive\Desktop\NTI\Ecommerce Backend\node_modules\router\index.js:342:13)
    at C:\Users\yosef\OneDrive\Desktop\NTI\Ecommerce Backend\node_modules\router\index.js:297:9
    at processParams (C:\Users\yosef\OneDrive\Desktop\NTI\Ecommerce Backend\node_modules\router\index.js:582:12)
    at next (C:\Users\yosef\OneDrive\Desktop\NTI\Ecommerce Backend\node_modules\router\index.js:291:5)
    at cors (C:\Users\yosef\OneDrive\Desktop\NTI\Ecommerce Backend\node_modules\cors\lib\index.js:188:7)
    at C:\Users\yosef\OneDrive\Desktop\NTI\Ecommerce Backend\node_modules\cors\lib\index.js:224:17
    at origin (C:\Users\yosef\OneDrive\Desktop\NTI\Ecommerce Backend\middlewares\cors.middleware.js:8:11)
    at C:\Users\yosef\OneDrive\Desktop\NTI\Ecommerce Backend\node_modules\cors\lib\index.js:219:13
16-05-2026 22:00:15 |ERROR| Error | POST | /api/v1/cart : Not enough stock available! 
Error: Not enough stock available!
    at C:\Users\yosef\OneDrive\Desktop\NTI\Ecommerce Backend\controller\cart.controller.js:36:16
    at process.processTicksAndRejections (node:internal/process/task_queues:104:5)
16-05-2026 22:00:16 |ERROR| Error | GET | /uploads/1778872542491-a.png : can't find /uploads/1778872542491-a.png 
Error: can't find /uploads/1778872542491-a.png
    at C:\Users\yosef\OneDrive\Desktop\NTI\Ecommerce Backend\server.js:29:7
    at Layer.handleRequest (C:\Users\yosef\OneDrive\Desktop\NTI\Ecommerce Backend\node_modules\router\lib\layer.js:152:17)
    at trimPrefix (C:\Users\yosef\OneDrive\Desktop\NTI\Ecommerce Backend\node_modules\router\index.js:342:13)
    at C:\Users\yosef\OneDrive\Desktop\NTI\Ecommerce Backend\node_modules\router\index.js:297:9
    at processParams (C:\Users\yosef\OneDrive\Desktop\NTI\Ecommerce Backend\node_modules\router\index.js:582:12)
    at next (C:\Users\yosef\OneDrive\Desktop\NTI\Ecommerce Backend\node_modules\router\index.js:291:5)
    at cors (C:\Users\yosef\OneDrive\Desktop\NTI\Ecommerce Backend\node_modules\cors\lib\index.js:188:7)
    at C:\Users\yosef\OneDrive\Desktop\NTI\Ecommerce Backend\node_modules\cors\lib\index.js:224:17
    at origin (C:\Users\yosef\OneDrive\Desktop\NTI\Ecommerce Backend\middlewares\cors.middleware.js:8:11)
    at C:\Users\yosef\OneDrive\Desktop\NTI\Ecommerce Backend\node_modules\cors\lib\index.js:219:13
16-05-2026 22:00:16 |ERROR| Error | GET | /uploads/1778872514763-a.png : can't find /uploads/1778872514763-a.png 
Error: can't find /uploads/1778872514763-a.png
    at C:\Users\yosef\OneDrive\Desktop\NTI\Ecommerce Backend\server.js:29:7
    at Layer.handleRequest (C:\Users\yosef\OneDrive\Desktop\NTI\Ecommerce Backend\node_modules\router\lib\layer.js:152:17)
    at trimPrefix (C:\Users\yosef\OneDrive\Desktop\NTI\Ecommerce Backend\node_modules\router\index.js:342:13)
    at C:\Users\yosef\OneDrive\Desktop\NTI\Ecommerce Backend\node_modules\router\index.js:297:9
    at processParams (C:\Users\yosef\OneDrive\Desktop\NTI\Ecommerce Backend\node_modules\router\index.js:582:12)
    at next (C:\Users\yosef\OneDrive\Desktop\NTI\Ecommerce Backend\node_modules\router\index.js:291:5)
    at cors (C:\Users\yosef\OneDrive\Desktop\NTI\Ecommerce Backend\node_modules\cors\lib\index.js:188:7)
    at C:\Users\yosef\OneDrive\Desktop\NTI\Ecommerce Backend\node_modules\cors\lib\index.js:224:17
    at origin (C:\Users\yosef\OneDrive\Desktop\NTI\Ecommerce Backend\middlewares\cors.middleware.js:8:11)
    at C:\Users\yosef\OneDrive\Desktop\NTI\Ecommerce Backend\node_modules\cors\lib\index.js:219:13
16-05-2026 22:00:16 |ERROR| Error | GET | /uploads/1778872483665-a.png : can't find /uploads/1778872483665-a.png 
Error: can't find /uploads/1778872483665-a.png
    at C:\Users\yosef\OneDrive\Desktop\NTI\Ecommerce Backend\server.js:29:7
    at Layer.handleRequest (C:\Users\yosef\OneDrive\Desktop\NTI\Ecommerce Backend\node_modules\router\lib\layer.js:152:17)
    at trimPrefix (C:\Users\yosef\OneDrive\Desktop\NTI\Ecommerce Backend\node_modules\router\index.js:342:13)
    at C:\Users\yosef\OneDrive\Desktop\NTI\Ecommerce Backend\node_modules\router\index.js:297:9
    at processParams (C:\Users\yosef\OneDrive\Desktop\NTI\Ecommerce Backend\node_modules\router\index.js:582:12)
    at next (C:\Users\yosef\OneDrive\Desktop\NTI\Ecommerce Backend\node_modules\router\index.js:291:5)
    at cors (C:\Users\yosef\OneDrive\Desktop\NTI\Ecommerce Backend\node_modules\cors\lib\index.js:188:7)
    at C:\Users\yosef\OneDrive\Desktop\NTI\Ecommerce Backend\node_modules\cors\lib\index.js:224:17
    at origin (C:\Users\yosef\OneDrive\Desktop\NTI\Ecommerce Backend\middlewares\cors.middleware.js:8:11)
    at C:\Users\yosef\OneDrive\Desktop\NTI\Ecommerce Backend\node_modules\cors\lib\index.js:219:13
16-05-2026 22:00:16 |ERROR| Error | GET | /uploads/1778872457977-a.png : can't find /uploads/1778872457977-a.png 
Error: can't find /uploads/1778872457977-a.png
    at C:\Users\yosef\OneDrive\Desktop\NTI\Ecommerce Backend\server.js:29:7
    at Layer.handleRequest (C:\Users\yosef\OneDrive\Desktop\NTI\Ecommerce Backend\node_modules\router\lib\layer.js:152:17)
    at trimPrefix (C:\Users\yosef\OneDrive\Desktop\NTI\Ecommerce Backend\node_modules\router\index.js:342:13)
    at C:\Users\yosef\OneDrive\Desktop\NTI\Ecommerce Backend\node_modules\router\index.js:297:9
    at processParams (C:\Users\yosef\OneDrive\Desktop\NTI\Ecommerce Backend\node_modules\router\index.js:582:12)
    at next (C:\Users\yosef\OneDrive\Desktop\NTI\Ecommerce Backend\node_modules\router\index.js:291:5)
    at cors (C:\Users\yosef\OneDrive\Desktop\NTI\Ecommerce Backend\node_modules\cors\lib\index.js:188:7)
    at C:\Users\yosef\OneDrive\Desktop\NTI\Ecommerce Backend\node_modules\cors\lib\index.js:224:17
    at origin (C:\Users\yosef\OneDrive\Desktop\NTI\Ecommerce Backend\middlewares\cors.middleware.js:8:11)
    at C:\Users\yosef\OneDrive\Desktop\NTI\Ecommerce Backend\node_modules\cors\lib\index.js:219:13
16-05-2026 22:00:24 |ERROR| Error | PATCH | /api/v1/cart : Not enough stock available! 
Error: Not enough stock available!
    at C:\Users\yosef\OneDrive\Desktop\NTI\Ecommerce Backend\controller\cart.controller.js:135:15
    at process.processTicksAndRejections (node:internal/process/task_queues:104:5)
16-05-2026 22:00:24 |ERROR| Error | PATCH | /api/v1/cart : Not enough stock available! 
Error: Not enough stock available!
    at C:\Users\yosef\OneDrive\Desktop\NTI\Ecommerce Backend\controller\cart.controller.js:135:15
    at process.processTicksAndRejections (node:internal/process/task_queues:104:5)
16-05-2026 22:00:24 |ERROR| Error | PATCH | /api/v1/cart : Not enough stock available! 
Error: Not enough stock available!
    at C:\Users\yosef\OneDrive\Desktop\NTI\Ecommerce Backend\controller\cart.controller.js:135:15
    at process.processTicksAndRejections (node:internal/process/task_queues:104:5)
16-05-2026 22:00:58 |ERROR| Error | GET | /api/v1/cart : Access denied! 
Error: Access denied!
    at C:\Users\yosef\OneDrive\Desktop\NTI\Ecommerce Backend\middlewares\role.middleware.js:6:16
    at Layer.handleRequest (C:\Users\yosef\OneDrive\Desktop\NTI\Ecommerce Backend\node_modules\router\lib\layer.js:152:17)
    at next (C:\Users\yosef\OneDrive\Desktop\NTI\Ecommerce Backend\node_modules\router\lib\route.js:157:13)
    at exports.authanticate (C:\Users\yosef\OneDrive\Desktop\NTI\Ecommerce Backend\middlewares\auth.middleware.js:17:2)
    at process.processTicksAndRejections (node:internal/process/task_queues:104:5)
16-05-2026 22:01:03 |ERROR| Error | GET | /uploads/1778872542491-a.png : can't find /uploads/1778872542491-a.png 
Error: can't find /uploads/1778872542491-a.png
    at C:\Users\yosef\OneDrive\Desktop\NTI\Ecommerce Backend\server.js:29:7
    at Layer.handleRequest (C:\Users\yosef\OneDrive\Desktop\NTI\Ecommerce Backend\node_modules\router\lib\layer.js:152:17)
    at trimPrefix (C:\Users\yosef\OneDrive\Desktop\NTI\Ecommerce Backend\node_modules\router\index.js:342:13)
    at C:\Users\yosef\OneDrive\Desktop\NTI\Ecommerce Backend\node_modules\router\index.js:297:9
    at processParams (C:\Users\yosef\OneDrive\Desktop\NTI\Ecommerce Backend\node_modules\router\index.js:582:12)
    at next (C:\Users\yosef\OneDrive\Desktop\NTI\Ecommerce Backend\node_modules\router\index.js:291:5)
    at cors (C:\Users\yosef\OneDrive\Desktop\NTI\Ecommerce Backend\node_modules\cors\lib\index.js:188:7)
    at C:\Users\yosef\OneDrive\Desktop\NTI\Ecommerce Backend\node_modules\cors\lib\index.js:224:17
    at origin (C:\Users\yosef\OneDrive\Desktop\NTI\Ecommerce Backend\middlewares\cors.middleware.js:8:11)
    at C:\Users\yosef\OneDrive\Desktop\NTI\Ecommerce Backend\node_modules\cors\lib\index.js:219:13
16-05-2026 22:01:03 |ERROR| Error | GET | /uploads/1778872514763-a.png : can't find /uploads/1778872514763-a.png 
Error: can't find /uploads/1778872514763-a.png
    at C:\Users\yosef\OneDrive\Desktop\NTI\Ecommerce Backend\server.js:29:7
    at Layer.handleRequest (C:\Users\yosef\OneDrive\Desktop\NTI\Ecommerce Backend\node_modules\router\lib\layer.js:152:17)
    at trimPrefix (C:\Users\yosef\OneDrive\Desktop\NTI\Ecommerce Backend\node_modules\router\index.js:342:13)
    at C:\Users\yosef\OneDrive\Desktop\NTI\Ecommerce Backend\node_modules\router\index.js:297:9
    at processParams (C:\Users\yosef\OneDrive\Desktop\NTI\Ecommerce Backend\node_modules\router\index.js:582:12)
    at next (C:\Users\yosef\OneDrive\Desktop\NTI\Ecommerce Backend\node_modules\router\index.js:291:5)
    at cors (C:\Users\yosef\OneDrive\Desktop\NTI\Ecommerce Backend\node_modules\cors\lib\index.js:188:7)
    at C:\Users\yosef\OneDrive\Desktop\NTI\Ecommerce Backend\node_modules\cors\lib\index.js:224:17
    at origin (C:\Users\yosef\OneDrive\Desktop\NTI\Ecommerce Backend\middlewares\cors.middleware.js:8:11)
    at C:\Users\yosef\OneDrive\Desktop\NTI\Ecommerce Backend\node_modules\cors\lib\index.js:219:13
16-05-2026 22:01:03 |ERROR| Error | GET | /uploads/1778872483665-a.png : can't find /uploads/1778872483665-a.png 
Error: can't find /uploads/1778872483665-a.png
    at C:\Users\yosef\OneDrive\Desktop\NTI\Ecommerce Backend\server.js:29:7
    at Layer.handleRequest (C:\Users\yosef\OneDrive\Desktop\NTI\Ecommerce Backend\node_modules\router\lib\layer.js:152:17)
    at trimPrefix (C:\Users\yosef\OneDrive\Desktop\NTI\Ecommerce Backend\node_modules\router\index.js:342:13)
    at C:\Users\yosef\OneDrive\Desktop\NTI\Ecommerce Backend\node_modules\router\index.js:297:9
    at processParams (C:\Users\yosef\OneDrive\Desktop\NTI\Ecommerce Backend\node_modules\router\index.js:582:12)
    at next (C:\Users\yosef\OneDrive\Desktop\NTI\Ecommerce Backend\node_modules\router\index.js:291:5)
    at cors (C:\Users\yosef\OneDrive\Desktop\NTI\Ecommerce Backend\node_modules\cors\lib\index.js:188:7)
    at C:\Users\yosef\OneDrive\Desktop\NTI\Ecommerce Backend\node_modules\cors\lib\index.js:224:17
    at origin (C:\Users\yosef\OneDrive\Desktop\NTI\Ecommerce Backend\middlewares\cors.middleware.js:8:11)
    at C:\Users\yosef\OneDrive\Desktop\NTI\Ecommerce Backend\node_modules\cors\lib\index.js:219:13
16-05-2026 22:01:03 |ERROR| Error | GET | /uploads/1778872457977-a.png : can't find /uploads/1778872457977-a.png 
Error: can't find /uploads/1778872457977-a.png
    at C:\Users\yosef\OneDrive\Desktop\NTI\Ecommerce Backend\server.js:29:7
    at Layer.handleRequest (C:\Users\yosef\OneDrive\Desktop\NTI\Ecommerce Backend\node_modules\router\lib\layer.js:152:17)
    at trimPrefix (C:\Users\yosef\OneDrive\Desktop\NTI\Ecommerce Backend\node_modules\router\index.js:342:13)
    at C:\Users\yosef\OneDrive\Desktop\NTI\Ecommerce Backend\node_modules\router\index.js:297:9
    at processParams (C:\Users\yosef\OneDrive\Desktop\NTI\Ecommerce Backend\node_modules\router\index.js:582:12)
    at next (C:\Users\yosef\OneDrive\Desktop\NTI\Ecommerce Backend\node_modules\router\index.js:291:5)
    at cors (C:\Users\yosef\OneDrive\Desktop\NTI\Ecommerce Backend\node_modules\cors\lib\index.js:188:7)
    at C:\Users\yosef\OneDrive\Desktop\NTI\Ecommerce Backend\node_modules\cors\lib\index.js:224:17
    at origin (C:\Users\yosef\OneDrive\Desktop\NTI\Ecommerce Backend\middlewares\cors.middleware.js:8:11)
    at C:\Users\yosef\OneDrive\Desktop\NTI\Ecommerce Backend\node_modules\cors\lib\index.js:219:13
16-05-2026 22:02:55 |ERROR| Error | GET | /uploads/1778872514763-a.png : can't find /uploads/1778872514763-a.png 
Error: can't find /uploads/1778872514763-a.png
    at C:\Users\yosef\OneDrive\Desktop\NTI\Ecommerce Backend\server.js:29:7
    at Layer.handleRequest (C:\Users\yosef\OneDrive\Desktop\NTI\Ecommerce Backend\node_modules\router\lib\layer.js:152:17)
    at trimPrefix (C:\Users\yosef\OneDrive\Desktop\NTI\Ecommerce Backend\node_modules\router\index.js:342:13)
    at C:\Users\yosef\OneDrive\Desktop\NTI\Ecommerce Backend\node_modules\router\index.js:297:9
    at processParams (C:\Users\yosef\OneDrive\Desktop\NTI\Ecommerce Backend\node_modules\router\index.js:582:12)
    at next (C:\Users\yosef\OneDrive\Desktop\NTI\Ecommerce Backend\node_modules\router\index.js:291:5)
    at cors (C:\Users\yosef\OneDrive\Desktop\NTI\Ecommerce Backend\node_modules\cors\lib\index.js:188:7)
    at C:\Users\yosef\OneDrive\Desktop\NTI\Ecommerce Backend\node_modules\cors\lib\index.js:224:17
    at origin (C:\Users\yosef\OneDrive\Desktop\NTI\Ecommerce Backend\middlewares\cors.middleware.js:8:11)
    at C:\Users\yosef\OneDrive\Desktop\NTI\Ecommerce Backend\node_modules\cors\lib\index.js:219:13
16-05-2026 22:02:55 |ERROR| Error | GET | /uploads/1778872483665-a.png : can't find /uploads/1778872483665-a.png 
Error: can't find /uploads/1778872483665-a.png
    at C:\Users\yosef\OneDrive\Desktop\NTI\Ecommerce Backend\server.js:29:7
    at Layer.handleRequest (C:\Users\yosef\OneDrive\Desktop\NTI\Ecommerce Backend\node_modules\router\lib\layer.js:152:17)
    at trimPrefix (C:\Users\yosef\OneDrive\Desktop\NTI\Ecommerce Backend\node_modules\router\index.js:342:13)
    at C:\Users\yosef\OneDrive\Desktop\NTI\Ecommerce Backend\node_modules\router\index.js:297:9
    at processParams (C:\Users\yosef\OneDrive\Desktop\NTI\Ecommerce Backend\node_modules\router\index.js:582:12)
    at next (C:\Users\yosef\OneDrive\Desktop\NTI\Ecommerce Backend\node_modules\router\index.js:291:5)
    at cors (C:\Users\yosef\OneDrive\Desktop\NTI\Ecommerce Backend\node_modules\cors\lib\index.js:188:7)
    at C:\Users\yosef\OneDrive\Desktop\NTI\Ecommerce Backend\node_modules\cors\lib\index.js:224:17
    at origin (C:\Users\yosef\OneDrive\Desktop\NTI\Ecommerce Backend\middlewares\cors.middleware.js:8:11)
    at C:\Users\yosef\OneDrive\Desktop\NTI\Ecommerce Backend\node_modules\cors\lib\index.js:219:13
16-05-2026 22:02:55 |ERROR| Error | GET | /uploads/1778872457977-a.png : can't find /uploads/1778872457977-a.png 
Error: can't find /uploads/1778872457977-a.png
    at C:\Users\yosef\OneDrive\Desktop\NTI\Ecommerce Backend\server.js:29:7
    at Layer.handleRequest (C:\Users\yosef\OneDrive\Desktop\NTI\Ecommerce Backend\node_modules\router\lib\layer.js:152:17)
    at trimPrefix (C:\Users\yosef\OneDrive\Desktop\NTI\Ecommerce Backend\node_modules\router\index.js:342:13)
    at C:\Users\yosef\OneDrive\Desktop\NTI\Ecommerce Backend\node_modules\router\index.js:297:9
    at processParams (C:\Users\yosef\OneDrive\Desktop\NTI\Ecommerce Backend\node_modules\router\index.js:582:12)
    at next (C:\Users\yosef\OneDrive\Desktop\NTI\Ecommerce Backend\node_modules\router\index.js:291:5)
    at cors (C:\Users\yosef\OneDrive\Desktop\NTI\Ecommerce Backend\node_modules\cors\lib\index.js:188:7)
    at C:\Users\yosef\OneDrive\Desktop\NTI\Ecommerce Backend\node_modules\cors\lib\index.js:224:17
    at origin (C:\Users\yosef\OneDrive\Desktop\NTI\Ecommerce Backend\middlewares\cors.middleware.js:8:11)
    at C:\Users\yosef\OneDrive\Desktop\NTI\Ecommerce Backend\node_modules\cors\lib\index.js:219:13
16-05-2026 22:02:55 |ERROR| Error | GET | /uploads/1778872430510-a.png : can't find /uploads/1778872430510-a.png 
Error: can't find /uploads/1778872430510-a.png
    at C:\Users\yosef\OneDrive\Desktop\NTI\Ecommerce Backend\server.js:29:7
    at Layer.handleRequest (C:\Users\yosef\OneDrive\Desktop\NTI\Ecommerce Backend\node_modules\router\lib\layer.js:152:17)
    at trimPrefix (C:\Users\yosef\OneDrive\Desktop\NTI\Ecommerce Backend\node_modules\router\index.js:342:13)
    at C:\Users\yosef\OneDrive\Desktop\NTI\Ecommerce Backend\node_modules\router\index.js:297:9
    at processParams (C:\Users\yosef\OneDrive\Desktop\NTI\Ecommerce Backend\node_modules\router\index.js:582:12)
    at next (C:\Users\yosef\OneDrive\Desktop\NTI\Ecommerce Backend\node_modules\router\index.js:291:5)
    at cors (C:\Users\yosef\OneDrive\Desktop\NTI\Ecommerce Backend\node_modules\cors\lib\index.js:188:7)
    at C:\Users\yosef\OneDrive\Desktop\NTI\Ecommerce Backend\node_modules\cors\lib\index.js:224:17
    at origin (C:\Users\yosef\OneDrive\Desktop\NTI\Ecommerce Backend\middlewares\cors.middleware.js:8:11)
    at C:\Users\yosef\OneDrive\Desktop\NTI\Ecommerce Backend\node_modules\cors\lib\index.js:219:13
16-05-2026 22:03:15 |ERROR| Error | PATCH | /api/v1/cart : Not enough stock available! 
Error: Not enough stock available!
    at C:\Users\yosef\OneDrive\Desktop\NTI\Ecommerce Backend\controller\cart.controller.js:135:15
    at process.processTicksAndRejections (node:internal/process/task_queues:104:5)
16-05-2026 22:03:16 |ERROR| Error | PATCH | /api/v1/cart : Not enough stock available! 
Error: Not enough stock available!
    at C:\Users\yosef\OneDrive\Desktop\NTI\Ecommerce Backend\controller\cart.controller.js:135:15
    at process.processTicksAndRejections (node:internal/process/task_queues:104:5)
16-05-2026 22:03:16 |ERROR| Error | PATCH | /api/v1/cart : Not enough stock available! 
Error: Not enough stock available!
    at C:\Users\yosef\OneDrive\Desktop\NTI\Ecommerce Backend\controller\cart.controller.js:135:15
    at process.processTicksAndRejections (node:internal/process/task_queues:104:5)
16-05-2026 22:03:42 |ERROR| Error | POST | /api/v1/order : Not enough stock for undefined 
Error: Not enough stock for undefined
    at C:\Users\yosef\OneDrive\Desktop\NTI\Ecommerce Backend\controller\order.controller.js:23:5
    at process.processTicksAndRejections (node:internal/process/task_queues:104:5)
16-05-2026 22:04:31 |ERROR| Error | GET | /uploads/1778872514763-a.png : can't find /uploads/1778872514763-a.png 
Error: can't find /uploads/1778872514763-a.png
    at C:\Users\yosef\OneDrive\Desktop\NTI\Ecommerce Backend\server.js:29:7
    at Layer.handleRequest (C:\Users\yosef\OneDrive\Desktop\NTI\Ecommerce Backend\node_modules\router\lib\layer.js:152:17)
    at trimPrefix (C:\Users\yosef\OneDrive\Desktop\NTI\Ecommerce Backend\node_modules\router\index.js:342:13)
    at C:\Users\yosef\OneDrive\Desktop\NTI\Ecommerce Backend\node_modules\router\index.js:297:9
    at processParams (C:\Users\yosef\OneDrive\Desktop\NTI\Ecommerce Backend\node_modules\router\index.js:582:12)
    at next (C:\Users\yosef\OneDrive\Desktop\NTI\Ecommerce Backend\node_modules\router\index.js:291:5)
    at cors (C:\Users\yosef\OneDrive\Desktop\NTI\Ecommerce Backend\node_modules\cors\lib\index.js:188:7)
    at C:\Users\yosef\OneDrive\Desktop\NTI\Ecommerce Backend\node_modules\cors\lib\index.js:224:17
    at origin (C:\Users\yosef\OneDrive\Desktop\NTI\Ecommerce Backend\middlewares\cors.middleware.js:8:11)
    at C:\Users\yosef\OneDrive\Desktop\NTI\Ecommerce Backend\node_modules\cors\lib\index.js:219:13
16-05-2026 22:04:31 |ERROR| Error | GET | /uploads/1778872483665-a.png : can't find /uploads/1778872483665-a.png 
Error: can't find /uploads/1778872483665-a.png
    at C:\Users\yosef\OneDrive\Desktop\NTI\Ecommerce Backend\server.js:29:7
    at Layer.handleRequest (C:\Users\yosef\OneDrive\Desktop\NTI\Ecommerce Backend\node_modules\router\lib\layer.js:152:17)
    at trimPrefix (C:\Users\yosef\OneDrive\Desktop\NTI\Ecommerce Backend\node_modules\router\index.js:342:13)
    at C:\Users\yosef\OneDrive\Desktop\NTI\Ecommerce Backend\node_modules\router\index.js:297:9
    at processParams (C:\Users\yosef\OneDrive\Desktop\NTI\Ecommerce Backend\node_modules\router\index.js:582:12)
    at next (C:\Users\yosef\OneDrive\Desktop\NTI\Ecommerce Backend\node_modules\router\index.js:291:5)
    at cors (C:\Users\yosef\OneDrive\Desktop\NTI\Ecommerce Backend\node_modules\cors\lib\index.js:188:7)
    at C:\Users\yosef\OneDrive\Desktop\NTI\Ecommerce Backend\node_modules\cors\lib\index.js:224:17
    at origin (C:\Users\yosef\OneDrive\Desktop\NTI\Ecommerce Backend\middlewares\cors.middleware.js:8:11)
    at C:\Users\yosef\OneDrive\Desktop\NTI\Ecommerce Backend\node_modules\cors\lib\index.js:219:13
16-05-2026 22:04:31 |ERROR| Error | GET | /uploads/1778872457977-a.png : can't find /uploads/1778872457977-a.png 
Error: can't find /uploads/1778872457977-a.png
    at C:\Users\yosef\OneDrive\Desktop\NTI\Ecommerce Backend\server.js:29:7
    at Layer.handleRequest (C:\Users\yosef\OneDrive\Desktop\NTI\Ecommerce Backend\node_modules\router\lib\layer.js:152:17)
    at trimPrefix (C:\Users\yosef\OneDrive\Desktop\NTI\Ecommerce Backend\node_modules\router\index.js:342:13)
    at C:\Users\yosef\OneDrive\Desktop\NTI\Ecommerce Backend\node_modules\router\index.js:297:9
    at processParams (C:\Users\yosef\OneDrive\Desktop\NTI\Ecommerce Backend\node_modules\router\index.js:582:12)
    at next (C:\Users\yosef\OneDrive\Desktop\NTI\Ecommerce Backend\node_modules\router\index.js:291:5)
    at cors (C:\Users\yosef\OneDrive\Desktop\NTI\Ecommerce Backend\node_modules\cors\lib\index.js:188:7)
    at C:\Users\yosef\OneDrive\Desktop\NTI\Ecommerce Backend\node_modules\cors\lib\index.js:224:17
    at origin (C:\Users\yosef\OneDrive\Desktop\NTI\Ecommerce Backend\middlewares\cors.middleware.js:8:11)
    at C:\Users\yosef\OneDrive\Desktop\NTI\Ecommerce Backend\node_modules\cors\lib\index.js:219:13
16-05-2026 22:04:31 |ERROR| Error | GET | /uploads/1778872430510-a.png : can't find /uploads/1778872430510-a.png 
Error: can't find /uploads/1778872430510-a.png
    at C:\Users\yosef\OneDrive\Desktop\NTI\Ecommerce Backend\server.js:29:7
    at Layer.handleRequest (C:\Users\yosef\OneDrive\Desktop\NTI\Ecommerce Backend\node_modules\router\lib\layer.js:152:17)
    at trimPrefix (C:\Users\yosef\OneDrive\Desktop\NTI\Ecommerce Backend\node_modules\router\index.js:342:13)
    at C:\Users\yosef\OneDrive\Desktop\NTI\Ecommerce Backend\node_modules\router\index.js:297:9
    at processParams (C:\Users\yosef\OneDrive\Desktop\NTI\Ecommerce Backend\node_modules\router\index.js:582:12)
    at next (C:\Users\yosef\OneDrive\Desktop\NTI\Ecommerce Backend\node_modules\router\index.js:291:5)
    at cors (C:\Users\yosef\OneDrive\Desktop\NTI\Ecommerce Backend\node_modules\cors\lib\index.js:188:7)
    at C:\Users\yosef\OneDrive\Desktop\NTI\Ecommerce Backend\node_modules\cors\lib\index.js:224:17
    at origin (C:\Users\yosef\OneDrive\Desktop\NTI\Ecommerce Backend\middlewares\cors.middleware.js:8:11)
    at C:\Users\yosef\OneDrive\Desktop\NTI\Ecommerce Backend\node_modules\cors\lib\index.js:219:13
16-05-2026 22:06:39 |ERROR| Error | GET | /uploads/1778872514763-a.png : can't find /uploads/1778872514763-a.png 
Error: can't find /uploads/1778872514763-a.png
    at C:\Users\yosef\OneDrive\Desktop\NTI\Ecommerce Backend\server.js:29:7
    at Layer.handleRequest (C:\Users\yosef\OneDrive\Desktop\NTI\Ecommerce Backend\node_modules\router\lib\layer.js:152:17)
    at trimPrefix (C:\Users\yosef\OneDrive\Desktop\NTI\Ecommerce Backend\node_modules\router\index.js:342:13)
    at C:\Users\yosef\OneDrive\Desktop\NTI\Ecommerce Backend\node_modules\router\index.js:297:9
    at processParams (C:\Users\yosef\OneDrive\Desktop\NTI\Ecommerce Backend\node_modules\router\index.js:582:12)
    at next (C:\Users\yosef\OneDrive\Desktop\NTI\Ecommerce Backend\node_modules\router\index.js:291:5)
    at cors (C:\Users\yosef\OneDrive\Desktop\NTI\Ecommerce Backend\node_modules\cors\lib\index.js:188:7)
    at C:\Users\yosef\OneDrive\Desktop\NTI\Ecommerce Backend\node_modules\cors\lib\index.js:224:17
    at origin (C:\Users\yosef\OneDrive\Desktop\NTI\Ecommerce Backend\middlewares\cors.middleware.js:8:11)
    at C:\Users\yosef\OneDrive\Desktop\NTI\Ecommerce Backend\node_modules\cors\lib\index.js:219:13
16-05-2026 22:06:39 |ERROR| Error | GET | /uploads/1778872483665-a.png : can't find /uploads/1778872483665-a.png 
Error: can't find /uploads/1778872483665-a.png
    at C:\Users\yosef\OneDrive\Desktop\NTI\Ecommerce Backend\server.js:29:7
    at Layer.handleRequest (C:\Users\yosef\OneDrive\Desktop\NTI\Ecommerce Backend\node_modules\router\lib\layer.js:152:17)
    at trimPrefix (C:\Users\yosef\OneDrive\Desktop\NTI\Ecommerce Backend\node_modules\router\index.js:342:13)
    at C:\Users\yosef\OneDrive\Desktop\NTI\Ecommerce Backend\node_modules\router\index.js:297:9
    at processParams (C:\Users\yosef\OneDrive\Desktop\NTI\Ecommerce Backend\node_modules\router\index.js:582:12)
    at next (C:\Users\yosef\OneDrive\Desktop\NTI\Ecommerce Backend\node_modules\router\index.js:291:5)
    at cors (C:\Users\yosef\OneDrive\Desktop\NTI\Ecommerce Backend\node_modules\cors\lib\index.js:188:7)
    at C:\Users\yosef\OneDrive\Desktop\NTI\Ecommerce Backend\node_modules\cors\lib\index.js:224:17
    at origin (C:\Users\yosef\OneDrive\Desktop\NTI\Ecommerce Backend\middlewares\cors.middleware.js:8:11)
    at C:\Users\yosef\OneDrive\Desktop\NTI\Ecommerce Backend\node_modules\cors\lib\index.js:219:13
16-05-2026 22:06:39 |ERROR| Error | GET | /uploads/1778872457977-a.png : can't find /uploads/1778872457977-a.png 
Error: can't find /uploads/1778872457977-a.png
    at C:\Users\yosef\OneDrive\Desktop\NTI\Ecommerce Backend\server.js:29:7
    at Layer.handleRequest (C:\Users\yosef\OneDrive\Desktop\NTI\Ecommerce Backend\node_modules\router\lib\layer.js:152:17)
    at trimPrefix (C:\Users\yosef\OneDrive\Desktop\NTI\Ecommerce Backend\node_modules\router\index.js:342:13)
    at C:\Users\yosef\OneDrive\Desktop\NTI\Ecommerce Backend\node_modules\router\index.js:297:9
    at processParams (C:\Users\yosef\OneDrive\Desktop\NTI\Ecommerce Backend\node_modules\router\index.js:582:12)
    at next (C:\Users\yosef\OneDrive\Desktop\NTI\Ecommerce Backend\node_modules\router\index.js:291:5)
    at cors (C:\Users\yosef\OneDrive\Desktop\NTI\Ecommerce Backend\node_modules\cors\lib\index.js:188:7)
    at C:\Users\yosef\OneDrive\Desktop\NTI\Ecommerce Backend\node_modules\cors\lib\index.js:224:17
    at origin (C:\Users\yosef\OneDrive\Desktop\NTI\Ecommerce Backend\middlewares\cors.middleware.js:8:11)
    at C:\Users\yosef\OneDrive\Desktop\NTI\Ecommerce Backend\node_modules\cors\lib\index.js:219:13
16-05-2026 22:06:39 |ERROR| Error | GET | /uploads/1778872430510-a.png : can't find /uploads/1778872430510-a.png 
Error: can't find /uploads/1778872430510-a.png
    at C:\Users\yosef\OneDrive\Desktop\NTI\Ecommerce Backend\server.js:29:7
    at Layer.handleRequest (C:\Users\yosef\OneDrive\Desktop\NTI\Ecommerce Backend\node_modules\router\lib\layer.js:152:17)
    at trimPrefix (C:\Users\yosef\OneDrive\Desktop\NTI\Ecommerce Backend\node_modules\router\index.js:342:13)
    at C:\Users\yosef\OneDrive\Desktop\NTI\Ecommerce Backend\node_modules\router\index.js:297:9
    at processParams (C:\Users\yosef\OneDrive\Desktop\NTI\Ecommerce Backend\node_modules\router\index.js:582:12)
    at next (C:\Users\yosef\OneDrive\Desktop\NTI\Ecommerce Backend\node_modules\router\index.js:291:5)
    at cors (C:\Users\yosef\OneDrive\Desktop\NTI\Ecommerce Backend\node_modules\cors\lib\index.js:188:7)
    at C:\Users\yosef\OneDrive\Desktop\NTI\Ecommerce Backend\node_modules\cors\lib\index.js:224:17
    at origin (C:\Users\yosef\OneDrive\Desktop\NTI\Ecommerce Backend\middlewares\cors.middleware.js:8:11)
    at C:\Users\yosef\OneDrive\Desktop\NTI\Ecommerce Backend\node_modules\cors\lib\index.js:219:13
16-05-2026 22:06:47 |ERROR| Error | GET | /uploads/1778872514763-a.png : can't find /uploads/1778872514763-a.png 
Error: can't find /uploads/1778872514763-a.png
    at C:\Users\yosef\OneDrive\Desktop\NTI\Ecommerce Backend\server.js:29:7
    at Layer.handleRequest (C:\Users\yosef\OneDrive\Desktop\NTI\Ecommerce Backend\node_modules\router\lib\layer.js:152:17)
    at trimPrefix (C:\Users\yosef\OneDrive\Desktop\NTI\Ecommerce Backend\node_modules\router\index.js:342:13)
    at C:\Users\yosef\OneDrive\Desktop\NTI\Ecommerce Backend\node_modules\router\index.js:297:9
    at processParams (C:\Users\yosef\OneDrive\Desktop\NTI\Ecommerce Backend\node_modules\router\index.js:582:12)
    at next (C:\Users\yosef\OneDrive\Desktop\NTI\Ecommerce Backend\node_modules\router\index.js:291:5)
    at cors (C:\Users\yosef\OneDrive\Desktop\NTI\Ecommerce Backend\node_modules\cors\lib\index.js:188:7)
    at C:\Users\yosef\OneDrive\Desktop\NTI\Ecommerce Backend\node_modules\cors\lib\index.js:224:17
    at origin (C:\Users\yosef\OneDrive\Desktop\NTI\Ecommerce Backend\middlewares\cors.middleware.js:8:11)
    at C:\Users\yosef\OneDrive\Desktop\NTI\Ecommerce Backend\node_modules\cors\lib\index.js:219:13
16-05-2026 22:06:47 |ERROR| Error | GET | /uploads/1778872483665-a.png : can't find /uploads/1778872483665-a.png 
Error: can't find /uploads/1778872483665-a.png
    at C:\Users\yosef\OneDrive\Desktop\NTI\Ecommerce Backend\server.js:29:7
    at Layer.handleRequest (C:\Users\yosef\OneDrive\Desktop\NTI\Ecommerce Backend\node_modules\router\lib\layer.js:152:17)
    at trimPrefix (C:\Users\yosef\OneDrive\Desktop\NTI\Ecommerce Backend\node_modules\router\index.js:342:13)
    at C:\Users\yosef\OneDrive\Desktop\NTI\Ecommerce Backend\node_modules\router\index.js:297:9
    at processParams (C:\Users\yosef\OneDrive\Desktop\NTI\Ecommerce Backend\node_modules\router\index.js:582:12)
    at next (C:\Users\yosef\OneDrive\Desktop\NTI\Ecommerce Backend\node_modules\router\index.js:291:5)
    at cors (C:\Users\yosef\OneDrive\Desktop\NTI\Ecommerce Backend\node_modules\cors\lib\index.js:188:7)
    at C:\Users\yosef\OneDrive\Desktop\NTI\Ecommerce Backend\node_modules\cors\lib\index.js:224:17
    at origin (C:\Users\yosef\OneDrive\Desktop\NTI\Ecommerce Backend\middlewares\cors.middleware.js:8:11)
    at C:\Users\yosef\OneDrive\Desktop\NTI\Ecommerce Backend\node_modules\cors\lib\index.js:219:13
16-05-2026 22:06:47 |ERROR| Error | GET | /uploads/1778872457977-a.png : can't find /uploads/1778872457977-a.png 
Error: can't find /uploads/1778872457977-a.png
    at C:\Users\yosef\OneDrive\Desktop\NTI\Ecommerce Backend\server.js:29:7
    at Layer.handleRequest (C:\Users\yosef\OneDrive\Desktop\NTI\Ecommerce Backend\node_modules\router\lib\layer.js:152:17)
    at trimPrefix (C:\Users\yosef\OneDrive\Desktop\NTI\Ecommerce Backend\node_modules\router\index.js:342:13)
    at C:\Users\yosef\OneDrive\Desktop\NTI\Ecommerce Backend\node_modules\router\index.js:297:9
    at processParams (C:\Users\yosef\OneDrive\Desktop\NTI\Ecommerce Backend\node_modules\router\index.js:582:12)
    at next (C:\Users\yosef\OneDrive\Desktop\NTI\Ecommerce Backend\node_modules\router\index.js:291:5)
    at cors (C:\Users\yosef\OneDrive\Desktop\NTI\Ecommerce Backend\node_modules\cors\lib\index.js:188:7)
    at C:\Users\yosef\OneDrive\Desktop\NTI\Ecommerce Backend\node_modules\cors\lib\index.js:224:17
    at origin (C:\Users\yosef\OneDrive\Desktop\NTI\Ecommerce Backend\middlewares\cors.middleware.js:8:11)
    at C:\Users\yosef\OneDrive\Desktop\NTI\Ecommerce Backend\node_modules\cors\lib\index.js:219:13
16-05-2026 22:06:47 |ERROR| Error | GET | /uploads/1778872430510-a.png : can't find /uploads/1778872430510-a.png 
Error: can't find /uploads/1778872430510-a.png
    at C:\Users\yosef\OneDrive\Desktop\NTI\Ecommerce Backend\server.js:29:7
    at Layer.handleRequest (C:\Users\yosef\OneDrive\Desktop\NTI\Ecommerce Backend\node_modules\router\lib\layer.js:152:17)
    at trimPrefix (C:\Users\yosef\OneDrive\Desktop\NTI\Ecommerce Backend\node_modules\router\index.js:342:13)
    at C:\Users\yosef\OneDrive\Desktop\NTI\Ecommerce Backend\node_modules\router\index.js:297:9
    at processParams (C:\Users\yosef\OneDrive\Desktop\NTI\Ecommerce Backend\node_modules\router\index.js:582:12)
    at next (C:\Users\yosef\OneDrive\Desktop\NTI\Ecommerce Backend\node_modules\router\index.js:291:5)
    at cors (C:\Users\yosef\OneDrive\Desktop\NTI\Ecommerce Backend\node_modules\cors\lib\index.js:188:7)
    at C:\Users\yosef\OneDrive\Desktop\NTI\Ecommerce Backend\node_modules\cors\lib\index.js:224:17
    at origin (C:\Users\yosef\OneDrive\Desktop\NTI\Ecommerce Backend\middlewares\cors.middleware.js:8:11)
    at C:\Users\yosef\OneDrive\Desktop\NTI\Ecommerce Backend\node_modules\cors\lib\index.js:219:13
16-05-2026 22:07:30 |ERROR| Error | GET | /uploads/1778872483665-a.png : can't find /uploads/1778872483665-a.png 
Error: can't find /uploads/1778872483665-a.png
    at C:\Users\yosef\OneDrive\Desktop\NTI\Ecommerce Backend\server.js:29:7
    at Layer.handleRequest (C:\Users\yosef\OneDrive\Desktop\NTI\Ecommerce Backend\node_modules\router\lib\layer.js:152:17)
    at trimPrefix (C:\Users\yosef\OneDrive\Desktop\NTI\Ecommerce Backend\node_modules\router\index.js:342:13)
    at C:\Users\yosef\OneDrive\Desktop\NTI\Ecommerce Backend\node_modules\router\index.js:297:9
    at processParams (C:\Users\yosef\OneDrive\Desktop\NTI\Ecommerce Backend\node_modules\router\index.js:582:12)
    at next (C:\Users\yosef\OneDrive\Desktop\NTI\Ecommerce Backend\node_modules\router\index.js:291:5)
    at cors (C:\Users\yosef\OneDrive\Desktop\NTI\Ecommerce Backend\node_modules\cors\lib\index.js:188:7)
    at C:\Users\yosef\OneDrive\Desktop\NTI\Ecommerce Backend\node_modules\cors\lib\index.js:224:17
    at origin (C:\Users\yosef\OneDrive\Desktop\NTI\Ecommerce Backend\middlewares\cors.middleware.js:8:11)
    at C:\Users\yosef\OneDrive\Desktop\NTI\Ecommerce Backend\node_modules\cors\lib\index.js:219:13
16-05-2026 22:07:30 |ERROR| Error | GET | /uploads/1778872457977-a.png : can't find /uploads/1778872457977-a.png 
Error: can't find /uploads/1778872457977-a.png
    at C:\Users\yosef\OneDrive\Desktop\NTI\Ecommerce Backend\server.js:29:7
    at Layer.handleRequest (C:\Users\yosef\OneDrive\Desktop\NTI\Ecommerce Backend\node_modules\router\lib\layer.js:152:17)
    at trimPrefix (C:\Users\yosef\OneDrive\Desktop\NTI\Ecommerce Backend\node_modules\router\index.js:342:13)
    at C:\Users\yosef\OneDrive\Desktop\NTI\Ecommerce Backend\node_modules\router\index.js:297:9
    at processParams (C:\Users\yosef\OneDrive\Desktop\NTI\Ecommerce Backend\node_modules\router\index.js:582:12)
    at next (C:\Users\yosef\OneDrive\Desktop\NTI\Ecommerce Backend\node_modules\router\index.js:291:5)
    at cors (C:\Users\yosef\OneDrive\Desktop\NTI\Ecommerce Backend\node_modules\cors\lib\index.js:188:7)
    at C:\Users\yosef\OneDrive\Desktop\NTI\Ecommerce Backend\node_modules\cors\lib\index.js:224:17
    at origin (C:\Users\yosef\OneDrive\Desktop\NTI\Ecommerce Backend\middlewares\cors.middleware.js:8:11)
    at C:\Users\yosef\OneDrive\Desktop\NTI\Ecommerce Backend\node_modules\cors\lib\index.js:219:13
16-05-2026 22:07:30 |ERROR| Error | GET | /uploads/1778872430510-a.png : can't find /uploads/1778872430510-a.png 
Error: can't find /uploads/1778872430510-a.png
    at C:\Users\yosef\OneDrive\Desktop\NTI\Ecommerce Backend\server.js:29:7
    at Layer.handleRequest (C:\Users\yosef\OneDrive\Desktop\NTI\Ecommerce Backend\node_modules\router\lib\layer.js:152:17)
    at trimPrefix (C:\Users\yosef\OneDrive\Desktop\NTI\Ecommerce Backend\node_modules\router\index.js:342:13)
    at C:\Users\yosef\OneDrive\Desktop\NTI\Ecommerce Backend\node_modules\router\index.js:297:9
    at processParams (C:\Users\yosef\OneDrive\Desktop\NTI\Ecommerce Backend\node_modules\router\index.js:582:12)
    at next (C:\Users\yosef\OneDrive\Desktop\NTI\Ecommerce Backend\node_modules\router\index.js:291:5)
    at cors (C:\Users\yosef\OneDrive\Desktop\NTI\Ecommerce Backend\node_modules\cors\lib\index.js:188:7)
    at C:\Users\yosef\OneDrive\Desktop\NTI\Ecommerce Backend\node_modules\cors\lib\index.js:224:17
    at origin (C:\Users\yosef\OneDrive\Desktop\NTI\Ecommerce Backend\middlewares\cors.middleware.js:8:11)
    at C:\Users\yosef\OneDrive\Desktop\NTI\Ecommerce Backend\node_modules\cors\lib\index.js:219:13
16-05-2026 22:07:30 |ERROR| Error | GET | /uploads/1778872392281-a.png : can't find /uploads/1778872392281-a.png 
Error: can't find /uploads/1778872392281-a.png
    at C:\Users\yosef\OneDrive\Desktop\NTI\Ecommerce Backend\server.js:29:7
    at Layer.handleRequest (C:\Users\yosef\OneDrive\Desktop\NTI\Ecommerce Backend\node_modules\router\lib\layer.js:152:17)
    at trimPrefix (C:\Users\yosef\OneDrive\Desktop\NTI\Ecommerce Backend\node_modules\router\index.js:342:13)
    at C:\Users\yosef\OneDrive\Desktop\NTI\Ecommerce Backend\node_modules\router\index.js:297:9
    at processParams (C:\Users\yosef\OneDrive\Desktop\NTI\Ecommerce Backend\node_modules\router\index.js:582:12)
    at next (C:\Users\yosef\OneDrive\Desktop\NTI\Ecommerce Backend\node_modules\router\index.js:291:5)
    at cors (C:\Users\yosef\OneDrive\Desktop\NTI\Ecommerce Backend\node_modules\cors\lib\index.js:188:7)
    at C:\Users\yosef\OneDrive\Desktop\NTI\Ecommerce Backend\node_modules\cors\lib\index.js:224:17
    at origin (C:\Users\yosef\OneDrive\Desktop\NTI\Ecommerce Backend\middlewares\cors.middleware.js:8:11)
    at C:\Users\yosef\OneDrive\Desktop\NTI\Ecommerce Backend\node_modules\cors\lib\index.js:219:13
16-05-2026 22:08:10 |ERROR| Error | POST | /api/v1/order : Not enough stock for undefined 
Error: Not enough stock for undefined
    at C:\Users\yosef\OneDrive\Desktop\NTI\Ecommerce Backend\controller\order.controller.js:23:5
    at process.processTicksAndRejections (node:internal/process/task_queues:104:5)
16-05-2026 22:08:11 |ERROR| Error | POST | /api/v1/order : Not enough stock for undefined 
Error: Not enough stock for undefined
    at C:\Users\yosef\OneDrive\Desktop\NTI\Ecommerce Backend\controller\order.controller.js:23:5
    at process.processTicksAndRejections (node:internal/process/task_queues:104:5)
16-05-2026 22:08:11 |ERROR| Error | POST | /api/v1/order : Not enough stock for undefined 
Error: Not enough stock for undefined
    at C:\Users\yosef\OneDrive\Desktop\NTI\Ecommerce Backend\controller\order.controller.js:23:5
    at process.processTicksAndRejections (node:internal/process/task_queues:104:5)
16-05-2026 22:08:12 |ERROR| Error | POST | /api/v1/order : Not enough stock for undefined 
Error: Not enough stock for undefined
    at C:\Users\yosef\OneDrive\Desktop\NTI\Ecommerce Backend\controller\order.controller.js:23:5
    at process.processTicksAndRejections (node:internal/process/task_queues:104:5)
16-05-2026 22:08:55 |ERROR| Error | GET | /uploads/1778872514763-a.png : can't find /uploads/1778872514763-a.png 
Error: can't find /uploads/1778872514763-a.png
    at C:\Users\yosef\OneDrive\Desktop\NTI\Ecommerce Backend\server.js:29:7
    at Layer.handleRequest (C:\Users\yosef\OneDrive\Desktop\NTI\Ecommerce Backend\node_modules\router\lib\layer.js:152:17)
    at trimPrefix (C:\Users\yosef\OneDrive\Desktop\NTI\Ecommerce Backend\node_modules\router\index.js:342:13)
    at C:\Users\yosef\OneDrive\Desktop\NTI\Ecommerce Backend\node_modules\router\index.js:297:9
    at processParams (C:\Users\yosef\OneDrive\Desktop\NTI\Ecommerce Backend\node_modules\router\index.js:582:12)
    at next (C:\Users\yosef\OneDrive\Desktop\NTI\Ecommerce Backend\node_modules\router\index.js:291:5)
    at cors (C:\Users\yosef\OneDrive\Desktop\NTI\Ecommerce Backend\node_modules\cors\lib\index.js:188:7)
    at C:\Users\yosef\OneDrive\Desktop\NTI\Ecommerce Backend\node_modules\cors\lib\index.js:224:17
    at origin (C:\Users\yosef\OneDrive\Desktop\NTI\Ecommerce Backend\middlewares\cors.middleware.js:8:11)
    at C:\Users\yosef\OneDrive\Desktop\NTI\Ecommerce Backend\node_modules\cors\lib\index.js:219:13
16-05-2026 22:08:55 |ERROR| Error | GET | /uploads/1778872483665-a.png : can't find /uploads/1778872483665-a.png 
Error: can't find /uploads/1778872483665-a.png
    at C:\Users\yosef\OneDrive\Desktop\NTI\Ecommerce Backend\server.js:29:7
    at Layer.handleRequest (C:\Users\yosef\OneDrive\Desktop\NTI\Ecommerce Backend\node_modules\router\lib\layer.js:152:17)
    at trimPrefix (C:\Users\yosef\OneDrive\Desktop\NTI\Ecommerce Backend\node_modules\router\index.js:342:13)
    at C:\Users\yosef\OneDrive\Desktop\NTI\Ecommerce Backend\node_modules\router\index.js:297:9
    at processParams (C:\Users\yosef\OneDrive\Desktop\NTI\Ecommerce Backend\node_modules\router\index.js:582:12)
    at next (C:\Users\yosef\OneDrive\Desktop\NTI\Ecommerce Backend\node_modules\router\index.js:291:5)
    at cors (C:\Users\yosef\OneDrive\Desktop\NTI\Ecommerce Backend\node_modules\cors\lib\index.js:188:7)
    at C:\Users\yosef\OneDrive\Desktop\NTI\Ecommerce Backend\node_modules\cors\lib\index.js:224:17
    at origin (C:\Users\yosef\OneDrive\Desktop\NTI\Ecommerce Backend\middlewares\cors.middleware.js:8:11)
    at C:\Users\yosef\OneDrive\Desktop\NTI\Ecommerce Backend\node_modules\cors\lib\index.js:219:13
16-05-2026 22:08:55 |ERROR| Error | GET | /uploads/1778872457977-a.png : can't find /uploads/1778872457977-a.png 
Error: can't find /uploads/1778872457977-a.png
    at C:\Users\yosef\OneDrive\Desktop\NTI\Ecommerce Backend\server.js:29:7
    at Layer.handleRequest (C:\Users\yosef\OneDrive\Desktop\NTI\Ecommerce Backend\node_modules\router\lib\layer.js:152:17)
    at trimPrefix (C:\Users\yosef\OneDrive\Desktop\NTI\Ecommerce Backend\node_modules\router\index.js:342:13)
    at C:\Users\yosef\OneDrive\Desktop\NTI\Ecommerce Backend\node_modules\router\index.js:297:9
    at processParams (C:\Users\yosef\OneDrive\Desktop\NTI\Ecommerce Backend\node_modules\router\index.js:582:12)
    at next (C:\Users\yosef\OneDrive\Desktop\NTI\Ecommerce Backend\node_modules\router\index.js:291:5)
    at cors (C:\Users\yosef\OneDrive\Desktop\NTI\Ecommerce Backend\node_modules\cors\lib\index.js:188:7)
    at C:\Users\yosef\OneDrive\Desktop\NTI\Ecommerce Backend\node_modules\cors\lib\index.js:224:17
    at origin (C:\Users\yosef\OneDrive\Desktop\NTI\Ecommerce Backend\middlewares\cors.middleware.js:8:11)
    at C:\Users\yosef\OneDrive\Desktop\NTI\Ecommerce Backend\node_modules\cors\lib\index.js:219:13
16-05-2026 22:08:55 |ERROR| Error | GET | /uploads/1778872430510-a.png : can't find /uploads/1778872430510-a.png 
Error: can't find /uploads/1778872430510-a.png
    at C:\Users\yosef\OneDrive\Desktop\NTI\Ecommerce Backend\server.js:29:7
    at Layer.handleRequest (C:\Users\yosef\OneDrive\Desktop\NTI\Ecommerce Backend\node_modules\router\lib\layer.js:152:17)
    at trimPrefix (C:\Users\yosef\OneDrive\Desktop\NTI\Ecommerce Backend\node_modules\router\index.js:342:13)
    at C:\Users\yosef\OneDrive\Desktop\NTI\Ecommerce Backend\node_modules\router\index.js:297:9
    at processParams (C:\Users\yosef\OneDrive\Desktop\NTI\Ecommerce Backend\node_modules\router\index.js:582:12)
    at next (C:\Users\yosef\OneDrive\Desktop\NTI\Ecommerce Backend\node_modules\router\index.js:291:5)
    at cors (C:\Users\yosef\OneDrive\Desktop\NTI\Ecommerce Backend\node_modules\cors\lib\index.js:188:7)
    at C:\Users\yosef\OneDrive\Desktop\NTI\Ecommerce Backend\node_modules\cors\lib\index.js:224:17
    at origin (C:\Users\yosef\OneDrive\Desktop\NTI\Ecommerce Backend\middlewares\cors.middleware.js:8:11)
    at C:\Users\yosef\OneDrive\Desktop\NTI\Ecommerce Backend\node_modules\cors\lib\index.js:219:13
16-05-2026 22:09:00 |ERROR| Error | GET | /uploads/1778872514763-a.png : can't find /uploads/1778872514763-a.png 
Error: can't find /uploads/1778872514763-a.png
    at C:\Users\yosef\OneDrive\Desktop\NTI\Ecommerce Backend\server.js:29:7
    at Layer.handleRequest (C:\Users\yosef\OneDrive\Desktop\NTI\Ecommerce Backend\node_modules\router\lib\layer.js:152:17)
    at trimPrefix (C:\Users\yosef\OneDrive\Desktop\NTI\Ecommerce Backend\node_modules\router\index.js:342:13)
    at C:\Users\yosef\OneDrive\Desktop\NTI\Ecommerce Backend\node_modules\router\index.js:297:9
    at processParams (C:\Users\yosef\OneDrive\Desktop\NTI\Ecommerce Backend\node_modules\router\index.js:582:12)
    at next (C:\Users\yosef\OneDrive\Desktop\NTI\Ecommerce Backend\node_modules\router\index.js:291:5)
    at cors (C:\Users\yosef\OneDrive\Desktop\NTI\Ecommerce Backend\node_modules\cors\lib\index.js:188:7)
    at C:\Users\yosef\OneDrive\Desktop\NTI\Ecommerce Backend\node_modules\cors\lib\index.js:224:17
    at origin (C:\Users\yosef\OneDrive\Desktop\NTI\Ecommerce Backend\middlewares\cors.middleware.js:8:11)
    at C:\Users\yosef\OneDrive\Desktop\NTI\Ecommerce Backend\node_modules\cors\lib\index.js:219:13
16-05-2026 22:09:00 |ERROR| Error | GET | /uploads/1778872483665-a.png : can't find /uploads/1778872483665-a.png 
Error: can't find /uploads/1778872483665-a.png
    at C:\Users\yosef\OneDrive\Desktop\NTI\Ecommerce Backend\server.js:29:7
    at Layer.handleRequest (C:\Users\yosef\OneDrive\Desktop\NTI\Ecommerce Backend\node_modules\router\lib\layer.js:152:17)
    at trimPrefix (C:\Users\yosef\OneDrive\Desktop\NTI\Ecommerce Backend\node_modules\router\index.js:342:13)
    at C:\Users\yosef\OneDrive\Desktop\NTI\Ecommerce Backend\node_modules\router\index.js:297:9
    at processParams (C:\Users\yosef\OneDrive\Desktop\NTI\Ecommerce Backend\node_modules\router\index.js:582:12)
    at next (C:\Users\yosef\OneDrive\Desktop\NTI\Ecommerce Backend\node_modules\router\index.js:291:5)
    at cors (C:\Users\yosef\OneDrive\Desktop\NTI\Ecommerce Backend\node_modules\cors\lib\index.js:188:7)
    at C:\Users\yosef\OneDrive\Desktop\NTI\Ecommerce Backend\node_modules\cors\lib\index.js:224:17
    at origin (C:\Users\yosef\OneDrive\Desktop\NTI\Ecommerce Backend\middlewares\cors.middleware.js:8:11)
    at C:\Users\yosef\OneDrive\Desktop\NTI\Ecommerce Backend\node_modules\cors\lib\index.js:219:13
16-05-2026 22:09:00 |ERROR| Error | GET | /uploads/1778872457977-a.png : can't find /uploads/1778872457977-a.png 
Error: can't find /uploads/1778872457977-a.png
    at C:\Users\yosef\OneDrive\Desktop\NTI\Ecommerce Backend\server.js:29:7
    at Layer.handleRequest (C:\Users\yosef\OneDrive\Desktop\NTI\Ecommerce Backend\node_modules\router\lib\layer.js:152:17)
    at trimPrefix (C:\Users\yosef\OneDrive\Desktop\NTI\Ecommerce Backend\node_modules\router\index.js:342:13)
    at C:\Users\yosef\OneDrive\Desktop\NTI\Ecommerce Backend\node_modules\router\index.js:297:9
    at processParams (C:\Users\yosef\OneDrive\Desktop\NTI\Ecommerce Backend\node_modules\router\index.js:582:12)
    at next (C:\Users\yosef\OneDrive\Desktop\NTI\Ecommerce Backend\node_modules\router\index.js:291:5)
    at cors (C:\Users\yosef\OneDrive\Desktop\NTI\Ecommerce Backend\node_modules\cors\lib\index.js:188:7)
    at C:\Users\yosef\OneDrive\Desktop\NTI\Ecommerce Backend\node_modules\cors\lib\index.js:224:17
    at origin (C:\Users\yosef\OneDrive\Desktop\NTI\Ecommerce Backend\middlewares\cors.middleware.js:8:11)
    at C:\Users\yosef\OneDrive\Desktop\NTI\Ecommerce Backend\node_modules\cors\lib\index.js:219:13
16-05-2026 22:09:00 |ERROR| Error | GET | /uploads/1778872430510-a.png : can't find /uploads/1778872430510-a.png 
Error: can't find /uploads/1778872430510-a.png
    at C:\Users\yosef\OneDrive\Desktop\NTI\Ecommerce Backend\server.js:29:7
    at Layer.handleRequest (C:\Users\yosef\OneDrive\Desktop\NTI\Ecommerce Backend\node_modules\router\lib\layer.js:152:17)
    at trimPrefix (C:\Users\yosef\OneDrive\Desktop\NTI\Ecommerce Backend\node_modules\router\index.js:342:13)
    at C:\Users\yosef\OneDrive\Desktop\NTI\Ecommerce Backend\node_modules\router\index.js:297:9
    at processParams (C:\Users\yosef\OneDrive\Desktop\NTI\Ecommerce Backend\node_modules\router\index.js:582:12)
    at next (C:\Users\yosef\OneDrive\Desktop\NTI\Ecommerce Backend\node_modules\router\index.js:291:5)
    at cors (C:\Users\yosef\OneDrive\Desktop\NTI\Ecommerce Backend\node_modules\cors\lib\index.js:188:7)
    at C:\Users\yosef\OneDrive\Desktop\NTI\Ecommerce Backend\node_modules\cors\lib\index.js:224:17
    at origin (C:\Users\yosef\OneDrive\Desktop\NTI\Ecommerce Backend\middlewares\cors.middleware.js:8:11)
    at C:\Users\yosef\OneDrive\Desktop\NTI\Ecommerce Backend\node_modules\cors\lib\index.js:219:13
16-05-2026 22:09:01 |ERROR| Error | GET | /uploads/1778872483665-a.png : can't find /uploads/1778872483665-a.png 
Error: can't find /uploads/1778872483665-a.png
    at C:\Users\yosef\OneDrive\Desktop\NTI\Ecommerce Backend\server.js:29:7
    at Layer.handleRequest (C:\Users\yosef\OneDrive\Desktop\NTI\Ecommerce Backend\node_modules\router\lib\layer.js:152:17)
    at trimPrefix (C:\Users\yosef\OneDrive\Desktop\NTI\Ecommerce Backend\node_modules\router\index.js:342:13)
    at C:\Users\yosef\OneDrive\Desktop\NTI\Ecommerce Backend\node_modules\router\index.js:297:9
    at processParams (C:\Users\yosef\OneDrive\Desktop\NTI\Ecommerce Backend\node_modules\router\index.js:582:12)
    at next (C:\Users\yosef\OneDrive\Desktop\NTI\Ecommerce Backend\node_modules\router\index.js:291:5)
    at cors (C:\Users\yosef\OneDrive\Desktop\NTI\Ecommerce Backend\node_modules\cors\lib\index.js:188:7)
    at C:\Users\yosef\OneDrive\Desktop\NTI\Ecommerce Backend\node_modules\cors\lib\index.js:224:17
    at origin (C:\Users\yosef\OneDrive\Desktop\NTI\Ecommerce Backend\middlewares\cors.middleware.js:8:11)
    at C:\Users\yosef\OneDrive\Desktop\NTI\Ecommerce Backend\node_modules\cors\lib\index.js:219:13
16-05-2026 22:09:01 |ERROR| Error | GET | /uploads/1778872514763-a.png : can't find /uploads/1778872514763-a.png 
Error: can't find /uploads/1778872514763-a.png
    at C:\Users\yosef\OneDrive\Desktop\NTI\Ecommerce Backend\server.js:29:7
    at Layer.handleRequest (C:\Users\yosef\OneDrive\Desktop\NTI\Ecommerce Backend\node_modules\router\lib\layer.js:152:17)
    at trimPrefix (C:\Users\yosef\OneDrive\Desktop\NTI\Ecommerce Backend\node_modules\router\index.js:342:13)
    at C:\Users\yosef\OneDrive\Desktop\NTI\Ecommerce Backend\node_modules\router\index.js:297:9
    at processParams (C:\Users\yosef\OneDrive\Desktop\NTI\Ecommerce Backend\node_modules\router\index.js:582:12)
    at next (C:\Users\yosef\OneDrive\Desktop\NTI\Ecommerce Backend\node_modules\router\index.js:291:5)
    at cors (C:\Users\yosef\OneDrive\Desktop\NTI\Ecommerce Backend\node_modules\cors\lib\index.js:188:7)
    at C:\Users\yosef\OneDrive\Desktop\NTI\Ecommerce Backend\node_modules\cors\lib\index.js:224:17
    at origin (C:\Users\yosef\OneDrive\Desktop\NTI\Ecommerce Backend\middlewares\cors.middleware.js:8:11)
    at C:\Users\yosef\OneDrive\Desktop\NTI\Ecommerce Backend\node_modules\cors\lib\index.js:219:13
16-05-2026 22:09:01 |ERROR| Error | GET | /uploads/1778872457977-a.png : can't find /uploads/1778872457977-a.png 
Error: can't find /uploads/1778872457977-a.png
    at C:\Users\yosef\OneDrive\Desktop\NTI\Ecommerce Backend\server.js:29:7
    at Layer.handleRequest (C:\Users\yosef\OneDrive\Desktop\NTI\Ecommerce Backend\node_modules\router\lib\layer.js:152:17)
    at trimPrefix (C:\Users\yosef\OneDrive\Desktop\NTI\Ecommerce Backend\node_modules\router\index.js:342:13)
    at C:\Users\yosef\OneDrive\Desktop\NTI\Ecommerce Backend\node_modules\router\index.js:297:9
    at processParams (C:\Users\yosef\OneDrive\Desktop\NTI\Ecommerce Backend\node_modules\router\index.js:582:12)
    at next (C:\Users\yosef\OneDrive\Desktop\NTI\Ecommerce Backend\node_modules\router\index.js:291:5)
    at cors (C:\Users\yosef\OneDrive\Desktop\NTI\Ecommerce Backend\node_modules\cors\lib\index.js:188:7)
    at C:\Users\yosef\OneDrive\Desktop\NTI\Ecommerce Backend\node_modules\cors\lib\index.js:224:17
    at origin (C:\Users\yosef\OneDrive\Desktop\NTI\Ecommerce Backend\middlewares\cors.middleware.js:8:11)
    at C:\Users\yosef\OneDrive\Desktop\NTI\Ecommerce Backend\node_modules\cors\lib\index.js:219:13
16-05-2026 22:09:01 |ERROR| Error | GET | /uploads/1778872430510-a.png : can't find /uploads/1778872430510-a.png 
Error: can't find /uploads/1778872430510-a.png
    at C:\Users\yosef\OneDrive\Desktop\NTI\Ecommerce Backend\server.js:29:7
    at Layer.handleRequest (C:\Users\yosef\OneDrive\Desktop\NTI\Ecommerce Backend\node_modules\router\lib\layer.js:152:17)
    at trimPrefix (C:\Users\yosef\OneDrive\Desktop\NTI\Ecommerce Backend\node_modules\router\index.js:342:13)
    at C:\Users\yosef\OneDrive\Desktop\NTI\Ecommerce Backend\node_modules\router\index.js:297:9
    at processParams (C:\Users\yosef\OneDrive\Desktop\NTI\Ecommerce Backend\node_modules\router\index.js:582:12)
    at next (C:\Users\yosef\OneDrive\Desktop\NTI\Ecommerce Backend\node_modules\router\index.js:291:5)
    at cors (C:\Users\yosef\OneDrive\Desktop\NTI\Ecommerce Backend\node_modules\cors\lib\index.js:188:7)
    at C:\Users\yosef\OneDrive\Desktop\NTI\Ecommerce Backend\node_modules\cors\lib\index.js:224:17
    at origin (C:\Users\yosef\OneDrive\Desktop\NTI\Ecommerce Backend\middlewares\cors.middleware.js:8:11)
    at C:\Users\yosef\OneDrive\Desktop\NTI\Ecommerce Backend\node_modules\cors\lib\index.js:219:13
16-05-2026 22:09:02 |ERROR| Error | GET | /uploads/1778872514763-a.png : can't find /uploads/1778872514763-a.png 
Error: can't find /uploads/1778872514763-a.png
    at C:\Users\yosef\OneDrive\Desktop\NTI\Ecommerce Backend\server.js:29:7
    at Layer.handleRequest (C:\Users\yosef\OneDrive\Desktop\NTI\Ecommerce Backend\node_modules\router\lib\layer.js:152:17)
    at trimPrefix (C:\Users\yosef\OneDrive\Desktop\NTI\Ecommerce Backend\node_modules\router\index.js:342:13)
    at C:\Users\yosef\OneDrive\Desktop\NTI\Ecommerce Backend\node_modules\router\index.js:297:9
    at processParams (C:\Users\yosef\OneDrive\Desktop\NTI\Ecommerce Backend\node_modules\router\index.js:582:12)
    at next (C:\Users\yosef\OneDrive\Desktop\NTI\Ecommerce Backend\node_modules\router\index.js:291:5)
    at cors (C:\Users\yosef\OneDrive\Desktop\NTI\Ecommerce Backend\node_modules\cors\lib\index.js:188:7)
    at C:\Users\yosef\OneDrive\Desktop\NTI\Ecommerce Backend\node_modules\cors\lib\index.js:224:17
    at origin (C:\Users\yosef\OneDrive\Desktop\NTI\Ecommerce Backend\middlewares\cors.middleware.js:8:11)
    at C:\Users\yosef\OneDrive\Desktop\NTI\Ecommerce Backend\node_modules\cors\lib\index.js:219:13
16-05-2026 22:09:02 |ERROR| Error | GET | /uploads/1778872483665-a.png : can't find /uploads/1778872483665-a.png 
Error: can't find /uploads/1778872483665-a.png
    at C:\Users\yosef\OneDrive\Desktop\NTI\Ecommerce Backend\server.js:29:7
    at Layer.handleRequest (C:\Users\yosef\OneDrive\Desktop\NTI\Ecommerce Backend\node_modules\router\lib\layer.js:152:17)
    at trimPrefix (C:\Users\yosef\OneDrive\Desktop\NTI\Ecommerce Backend\node_modules\router\index.js:342:13)
    at C:\Users\yosef\OneDrive\Desktop\NTI\Ecommerce Backend\node_modules\router\index.js:297:9
    at processParams (C:\Users\yosef\OneDrive\Desktop\NTI\Ecommerce Backend\node_modules\router\index.js:582:12)
    at next (C:\Users\yosef\OneDrive\Desktop\NTI\Ecommerce Backend\node_modules\router\index.js:291:5)
    at cors (C:\Users\yosef\OneDrive\Desktop\NTI\Ecommerce Backend\node_modules\cors\lib\index.js:188:7)
    at C:\Users\yosef\OneDrive\Desktop\NTI\Ecommerce Backend\node_modules\cors\lib\index.js:224:17
    at origin (C:\Users\yosef\OneDrive\Desktop\NTI\Ecommerce Backend\middlewares\cors.middleware.js:8:11)
    at C:\Users\yosef\OneDrive\Desktop\NTI\Ecommerce Backend\node_modules\cors\lib\index.js:219:13
16-05-2026 22:09:02 |ERROR| Error | GET | /uploads/1778872457977-a.png : can't find /uploads/1778872457977-a.png 
Error: can't find /uploads/1778872457977-a.png
    at C:\Users\yosef\OneDrive\Desktop\NTI\Ecommerce Backend\server.js:29:7
    at Layer.handleRequest (C:\Users\yosef\OneDrive\Desktop\NTI\Ecommerce Backend\node_modules\router\lib\layer.js:152:17)
    at trimPrefix (C:\Users\yosef\OneDrive\Desktop\NTI\Ecommerce Backend\node_modules\router\index.js:342:13)
    at C:\Users\yosef\OneDrive\Desktop\NTI\Ecommerce Backend\node_modules\router\index.js:297:9
    at processParams (C:\Users\yosef\OneDrive\Desktop\NTI\Ecommerce Backend\node_modules\router\index.js:582:12)
    at next (C:\Users\yosef\OneDrive\Desktop\NTI\Ecommerce Backend\node_modules\router\index.js:291:5)
    at cors (C:\Users\yosef\OneDrive\Desktop\NTI\Ecommerce Backend\node_modules\cors\lib\index.js:188:7)
    at C:\Users\yosef\OneDrive\Desktop\NTI\Ecommerce Backend\node_modules\cors\lib\index.js:224:17
    at origin (C:\Users\yosef\OneDrive\Desktop\NTI\Ecommerce Backend\middlewares\cors.middleware.js:8:11)
    at C:\Users\yosef\OneDrive\Desktop\NTI\Ecommerce Backend\node_modules\cors\lib\index.js:219:13
16-05-2026 22:09:02 |ERROR| Error | GET | /uploads/1778872430510-a.png : can't find /uploads/1778872430510-a.png 
Error: can't find /uploads/1778872430510-a.png
    at C:\Users\yosef\OneDrive\Desktop\NTI\Ecommerce Backend\server.js:29:7
    at Layer.handleRequest (C:\Users\yosef\OneDrive\Desktop\NTI\Ecommerce Backend\node_modules\router\lib\layer.js:152:17)
    at trimPrefix (C:\Users\yosef\OneDrive\Desktop\NTI\Ecommerce Backend\node_modules\router\index.js:342:13)
    at C:\Users\yosef\OneDrive\Desktop\NTI\Ecommerce Backend\node_modules\router\index.js:297:9
    at processParams (C:\Users\yosef\OneDrive\Desktop\NTI\Ecommerce Backend\node_modules\router\index.js:582:12)
    at next (C:\Users\yosef\OneDrive\Desktop\NTI\Ecommerce Backend\node_modules\router\index.js:291:5)
    at cors (C:\Users\yosef\OneDrive\Desktop\NTI\Ecommerce Backend\node_modules\cors\lib\index.js:188:7)
    at C:\Users\yosef\OneDrive\Desktop\NTI\Ecommerce Backend\node_modules\cors\lib\index.js:224:17
    at origin (C:\Users\yosef\OneDrive\Desktop\NTI\Ecommerce Backend\middlewares\cors.middleware.js:8:11)
    at C:\Users\yosef\OneDrive\Desktop\NTI\Ecommerce Backend\node_modules\cors\lib\index.js:219:13
16-05-2026 22:09:10 |ERROR| Error | GET | /uploads/1778872514763-a.png : can't find /uploads/1778872514763-a.png 
Error: can't find /uploads/1778872514763-a.png
    at C:\Users\yosef\OneDrive\Desktop\NTI\Ecommerce Backend\server.js:29:7
    at Layer.handleRequest (C:\Users\yosef\OneDrive\Desktop\NTI\Ecommerce Backend\node_modules\router\lib\layer.js:152:17)
    at trimPrefix (C:\Users\yosef\OneDrive\Desktop\NTI\Ecommerce Backend\node_modules\router\index.js:342:13)
    at C:\Users\yosef\OneDrive\Desktop\NTI\Ecommerce Backend\node_modules\router\index.js:297:9
    at processParams (C:\Users\yosef\OneDrive\Desktop\NTI\Ecommerce Backend\node_modules\router\index.js:582:12)
    at next (C:\Users\yosef\OneDrive\Desktop\NTI\Ecommerce Backend\node_modules\router\index.js:291:5)
    at cors (C:\Users\yosef\OneDrive\Desktop\NTI\Ecommerce Backend\node_modules\cors\lib\index.js:188:7)
    at C:\Users\yosef\OneDrive\Desktop\NTI\Ecommerce Backend\node_modules\cors\lib\index.js:224:17
    at origin (C:\Users\yosef\OneDrive\Desktop\NTI\Ecommerce Backend\middlewares\cors.middleware.js:8:11)
    at C:\Users\yosef\OneDrive\Desktop\NTI\Ecommerce Backend\node_modules\cors\lib\index.js:219:13
16-05-2026 22:09:10 |ERROR| Error | GET | /uploads/1778872483665-a.png : can't find /uploads/1778872483665-a.png 
Error: can't find /uploads/1778872483665-a.png
    at C:\Users\yosef\OneDrive\Desktop\NTI\Ecommerce Backend\server.js:29:7
    at Layer.handleRequest (C:\Users\yosef\OneDrive\Desktop\NTI\Ecommerce Backend\node_modules\router\lib\layer.js:152:17)
    at trimPrefix (C:\Users\yosef\OneDrive\Desktop\NTI\Ecommerce Backend\node_modules\router\index.js:342:13)
    at C:\Users\yosef\OneDrive\Desktop\NTI\Ecommerce Backend\node_modules\router\index.js:297:9
    at processParams (C:\Users\yosef\OneDrive\Desktop\NTI\Ecommerce Backend\node_modules\router\index.js:582:12)
    at next (C:\Users\yosef\OneDrive\Desktop\NTI\Ecommerce Backend\node_modules\router\index.js:291:5)
    at cors (C:\Users\yosef\OneDrive\Desktop\NTI\Ecommerce Backend\node_modules\cors\lib\index.js:188:7)
    at C:\Users\yosef\OneDrive\Desktop\NTI\Ecommerce Backend\node_modules\cors\lib\index.js:224:17
    at origin (C:\Users\yosef\OneDrive\Desktop\NTI\Ecommerce Backend\middlewares\cors.middleware.js:8:11)
    at C:\Users\yosef\OneDrive\Desktop\NTI\Ecommerce Backend\node_modules\cors\lib\index.js:219:13
16-05-2026 22:09:10 |ERROR| Error | GET | /uploads/1778872457977-a.png : can't find /uploads/1778872457977-a.png 
Error: can't find /uploads/1778872457977-a.png
    at C:\Users\yosef\OneDrive\Desktop\NTI\Ecommerce Backend\server.js:29:7
    at Layer.handleRequest (C:\Users\yosef\OneDrive\Desktop\NTI\Ecommerce Backend\node_modules\router\lib\layer.js:152:17)
    at trimPrefix (C:\Users\yosef\OneDrive\Desktop\NTI\Ecommerce Backend\node_modules\router\index.js:342:13)
    at C:\Users\yosef\OneDrive\Desktop\NTI\Ecommerce Backend\node_modules\router\index.js:297:9
    at processParams (C:\Users\yosef\OneDrive\Desktop\NTI\Ecommerce Backend\node_modules\router\index.js:582:12)
    at next (C:\Users\yosef\OneDrive\Desktop\NTI\Ecommerce Backend\node_modules\router\index.js:291:5)
    at cors (C:\Users\yosef\OneDrive\Desktop\NTI\Ecommerce Backend\node_modules\cors\lib\index.js:188:7)
    at C:\Users\yosef\OneDrive\Desktop\NTI\Ecommerce Backend\node_modules\cors\lib\index.js:224:17
    at origin (C:\Users\yosef\OneDrive\Desktop\NTI\Ecommerce Backend\middlewares\cors.middleware.js:8:11)
    at C:\Users\yosef\OneDrive\Desktop\NTI\Ecommerce Backend\node_modules\cors\lib\index.js:219:13
16-05-2026 22:09:10 |ERROR| Error | GET | /uploads/1778872430510-a.png : can't find /uploads/1778872430510-a.png 
Error: can't find /uploads/1778872430510-a.png
    at C:\Users\yosef\OneDrive\Desktop\NTI\Ecommerce Backend\server.js:29:7
    at Layer.handleRequest (C:\Users\yosef\OneDrive\Desktop\NTI\Ecommerce Backend\node_modules\router\lib\layer.js:152:17)
    at trimPrefix (C:\Users\yosef\OneDrive\Desktop\NTI\Ecommerce Backend\node_modules\router\index.js:342:13)
    at C:\Users\yosef\OneDrive\Desktop\NTI\Ecommerce Backend\node_modules\router\index.js:297:9
    at processParams (C:\Users\yosef\OneDrive\Desktop\NTI\Ecommerce Backend\node_modules\router\index.js:582:12)
    at next (C:\Users\yosef\OneDrive\Desktop\NTI\Ecommerce Backend\node_modules\router\index.js:291:5)
    at cors (C:\Users\yosef\OneDrive\Desktop\NTI\Ecommerce Backend\node_modules\cors\lib\index.js:188:7)
    at C:\Users\yosef\OneDrive\Desktop\NTI\Ecommerce Backend\node_modules\cors\lib\index.js:224:17
    at origin (C:\Users\yosef\OneDrive\Desktop\NTI\Ecommerce Backend\middlewares\cors.middleware.js:8:11)
    at C:\Users\yosef\OneDrive\Desktop\NTI\Ecommerce Backend\node_modules\cors\lib\index.js:219:13
16-05-2026 22:10:24 |ERROR| Error | GET | /uploads/1778872483665-a.png : can't find /uploads/1778872483665-a.png 
Error: can't find /uploads/1778872483665-a.png
    at C:\Users\yosef\OneDrive\Desktop\NTI\Ecommerce Backend\server.js:29:7
    at Layer.handleRequest (C:\Users\yosef\OneDrive\Desktop\NTI\Ecommerce Backend\node_modules\router\lib\layer.js:152:17)
    at trimPrefix (C:\Users\yosef\OneDrive\Desktop\NTI\Ecommerce Backend\node_modules\router\index.js:342:13)
    at C:\Users\yosef\OneDrive\Desktop\NTI\Ecommerce Backend\node_modules\router\index.js:297:9
    at processParams (C:\Users\yosef\OneDrive\Desktop\NTI\Ecommerce Backend\node_modules\router\index.js:582:12)
    at next (C:\Users\yosef\OneDrive\Desktop\NTI\Ecommerce Backend\node_modules\router\index.js:291:5)
    at cors (C:\Users\yosef\OneDrive\Desktop\NTI\Ecommerce Backend\node_modules\cors\lib\index.js:188:7)
    at C:\Users\yosef\OneDrive\Desktop\NTI\Ecommerce Backend\node_modules\cors\lib\index.js:224:17
    at origin (C:\Users\yosef\OneDrive\Desktop\NTI\Ecommerce Backend\middlewares\cors.middleware.js:8:11)
    at C:\Users\yosef\OneDrive\Desktop\NTI\Ecommerce Backend\node_modules\cors\lib\index.js:219:13
16-05-2026 22:10:24 |ERROR| Error | GET | /uploads/1778872457977-a.png : can't find /uploads/1778872457977-a.png 
Error: can't find /uploads/1778872457977-a.png
    at C:\Users\yosef\OneDrive\Desktop\NTI\Ecommerce Backend\server.js:29:7
    at Layer.handleRequest (C:\Users\yosef\OneDrive\Desktop\NTI\Ecommerce Backend\node_modules\router\lib\layer.js:152:17)
    at trimPrefix (C:\Users\yosef\OneDrive\Desktop\NTI\Ecommerce Backend\node_modules\router\index.js:342:13)
    at C:\Users\yosef\OneDrive\Desktop\NTI\Ecommerce Backend\node_modules\router\index.js:297:9
    at processParams (C:\Users\yosef\OneDrive\Desktop\NTI\Ecommerce Backend\node_modules\router\index.js:582:12)
    at next (C:\Users\yosef\OneDrive\Desktop\NTI\Ecommerce Backend\node_modules\router\index.js:291:5)
    at cors (C:\Users\yosef\OneDrive\Desktop\NTI\Ecommerce Backend\node_modules\cors\lib\index.js:188:7)
    at C:\Users\yosef\OneDrive\Desktop\NTI\Ecommerce Backend\node_modules\cors\lib\index.js:224:17
    at origin (C:\Users\yosef\OneDrive\Desktop\NTI\Ecommerce Backend\middlewares\cors.middleware.js:8:11)
    at C:\Users\yosef\OneDrive\Desktop\NTI\Ecommerce Backend\node_modules\cors\lib\index.js:219:13
16-05-2026 22:10:24 |ERROR| Error | GET | /uploads/1778872430510-a.png : can't find /uploads/1778872430510-a.png 
Error: can't find /uploads/1778872430510-a.png
    at C:\Users\yosef\OneDrive\Desktop\NTI\Ecommerce Backend\server.js:29:7
    at Layer.handleRequest (C:\Users\yosef\OneDrive\Desktop\NTI\Ecommerce Backend\node_modules\router\lib\layer.js:152:17)
    at trimPrefix (C:\Users\yosef\OneDrive\Desktop\NTI\Ecommerce Backend\node_modules\router\index.js:342:13)
    at C:\Users\yosef\OneDrive\Desktop\NTI\Ecommerce Backend\node_modules\router\index.js:297:9
    at processParams (C:\Users\yosef\OneDrive\Desktop\NTI\Ecommerce Backend\node_modules\router\index.js:582:12)
    at next (C:\Users\yosef\OneDrive\Desktop\NTI\Ecommerce Backend\node_modules\router\index.js:291:5)
    at cors (C:\Users\yosef\OneDrive\Desktop\NTI\Ecommerce Backend\node_modules\cors\lib\index.js:188:7)
    at C:\Users\yosef\OneDrive\Desktop\NTI\Ecommerce Backend\node_modules\cors\lib\index.js:224:17
    at origin (C:\Users\yosef\OneDrive\Desktop\NTI\Ecommerce Backend\middlewares\cors.middleware.js:8:11)
    at C:\Users\yosef\OneDrive\Desktop\NTI\Ecommerce Backend\node_modules\cors\lib\index.js:219:13
16-05-2026 22:10:24 |ERROR| Error | GET | /uploads/1778872392281-a.png : can't find /uploads/1778872392281-a.png 
Error: can't find /uploads/1778872392281-a.png
    at C:\Users\yosef\OneDrive\Desktop\NTI\Ecommerce Backend\server.js:29:7
    at Layer.handleRequest (C:\Users\yosef\OneDrive\Desktop\NTI\Ecommerce Backend\node_modules\router\lib\layer.js:152:17)
    at trimPrefix (C:\Users\yosef\OneDrive\Desktop\NTI\Ecommerce Backend\node_modules\router\index.js:342:13)
    at C:\Users\yosef\OneDrive\Desktop\NTI\Ecommerce Backend\node_modules\router\index.js:297:9
    at processParams (C:\Users\yosef\OneDrive\Desktop\NTI\Ecommerce Backend\node_modules\router\index.js:582:12)
    at next (C:\Users\yosef\OneDrive\Desktop\NTI\Ecommerce Backend\node_modules\router\index.js:291:5)
    at cors (C:\Users\yosef\OneDrive\Desktop\NTI\Ecommerce Backend\node_modules\cors\lib\index.js:188:7)
    at C:\Users\yosef\OneDrive\Desktop\NTI\Ecommerce Backend\node_modules\cors\lib\index.js:224:17
    at origin (C:\Users\yosef\OneDrive\Desktop\NTI\Ecommerce Backend\middlewares\cors.middleware.js:8:11)
    at C:\Users\yosef\OneDrive\Desktop\NTI\Ecommerce Backend\node_modules\cors\lib\index.js:219:13
16-05-2026 22:10:44 |ERROR| Error | GET | /uploads/1778872483665-a.png : can't find /uploads/1778872483665-a.png 
Error: can't find /uploads/1778872483665-a.png
    at C:\Users\yosef\OneDrive\Desktop\NTI\Ecommerce Backend\server.js:29:7
    at Layer.handleRequest (C:\Users\yosef\OneDrive\Desktop\NTI\Ecommerce Backend\node_modules\router\lib\layer.js:152:17)
    at trimPrefix (C:\Users\yosef\OneDrive\Desktop\NTI\Ecommerce Backend\node_modules\router\index.js:342:13)
    at C:\Users\yosef\OneDrive\Desktop\NTI\Ecommerce Backend\node_modules\router\index.js:297:9
    at processParams (C:\Users\yosef\OneDrive\Desktop\NTI\Ecommerce Backend\node_modules\router\index.js:582:12)
    at next (C:\Users\yosef\OneDrive\Desktop\NTI\Ecommerce Backend\node_modules\router\index.js:291:5)
    at cors (C:\Users\yosef\OneDrive\Desktop\NTI\Ecommerce Backend\node_modules\cors\lib\index.js:188:7)
    at C:\Users\yosef\OneDrive\Desktop\NTI\Ecommerce Backend\node_modules\cors\lib\index.js:224:17
    at origin (C:\Users\yosef\OneDrive\Desktop\NTI\Ecommerce Backend\middlewares\cors.middleware.js:8:11)
    at C:\Users\yosef\OneDrive\Desktop\NTI\Ecommerce Backend\node_modules\cors\lib\index.js:219:13
16-05-2026 22:10:44 |ERROR| Error | GET | /uploads/1778872457977-a.png : can't find /uploads/1778872457977-a.png 
Error: can't find /uploads/1778872457977-a.png
    at C:\Users\yosef\OneDrive\Desktop\NTI\Ecommerce Backend\server.js:29:7
    at Layer.handleRequest (C:\Users\yosef\OneDrive\Desktop\NTI\Ecommerce Backend\node_modules\router\lib\layer.js:152:17)
    at trimPrefix (C:\Users\yosef\OneDrive\Desktop\NTI\Ecommerce Backend\node_modules\router\index.js:342:13)
    at C:\Users\yosef\OneDrive\Desktop\NTI\Ecommerce Backend\node_modules\router\index.js:297:9
    at processParams (C:\Users\yosef\OneDrive\Desktop\NTI\Ecommerce Backend\node_modules\router\index.js:582:12)
    at next (C:\Users\yosef\OneDrive\Desktop\NTI\Ecommerce Backend\node_modules\router\index.js:291:5)
    at cors (C:\Users\yosef\OneDrive\Desktop\NTI\Ecommerce Backend\node_modules\cors\lib\index.js:188:7)
    at C:\Users\yosef\OneDrive\Desktop\NTI\Ecommerce Backend\node_modules\cors\lib\index.js:224:17
    at origin (C:\Users\yosef\OneDrive\Desktop\NTI\Ecommerce Backend\middlewares\cors.middleware.js:8:11)
    at C:\Users\yosef\OneDrive\Desktop\NTI\Ecommerce Backend\node_modules\cors\lib\index.js:219:13
16-05-2026 22:10:44 |ERROR| Error | GET | /uploads/1778872430510-a.png : can't find /uploads/1778872430510-a.png 
Error: can't find /uploads/1778872430510-a.png
    at C:\Users\yosef\OneDrive\Desktop\NTI\Ecommerce Backend\server.js:29:7
    at Layer.handleRequest (C:\Users\yosef\OneDrive\Desktop\NTI\Ecommerce Backend\node_modules\router\lib\layer.js:152:17)
    at trimPrefix (C:\Users\yosef\OneDrive\Desktop\NTI\Ecommerce Backend\node_modules\router\index.js:342:13)
    at C:\Users\yosef\OneDrive\Desktop\NTI\Ecommerce Backend\node_modules\router\index.js:297:9
    at processParams (C:\Users\yosef\OneDrive\Desktop\NTI\Ecommerce Backend\node_modules\router\index.js:582:12)
    at next (C:\Users\yosef\OneDrive\Desktop\NTI\Ecommerce Backend\node_modules\router\index.js:291:5)
    at cors (C:\Users\yosef\OneDrive\Desktop\NTI\Ecommerce Backend\node_modules\cors\lib\index.js:188:7)
    at C:\Users\yosef\OneDrive\Desktop\NTI\Ecommerce Backend\node_modules\cors\lib\index.js:224:17
    at origin (C:\Users\yosef\OneDrive\Desktop\NTI\Ecommerce Backend\middlewares\cors.middleware.js:8:11)
    at C:\Users\yosef\OneDrive\Desktop\NTI\Ecommerce Backend\node_modules\cors\lib\index.js:219:13
16-05-2026 22:10:44 |ERROR| Error | GET | /uploads/1778872392281-a.png : can't find /uploads/1778872392281-a.png 
Error: can't find /uploads/1778872392281-a.png
    at C:\Users\yosef\OneDrive\Desktop\NTI\Ecommerce Backend\server.js:29:7
    at Layer.handleRequest (C:\Users\yosef\OneDrive\Desktop\NTI\Ecommerce Backend\node_modules\router\lib\layer.js:152:17)
    at trimPrefix (C:\Users\yosef\OneDrive\Desktop\NTI\Ecommerce Backend\node_modules\router\index.js:342:13)
    at C:\Users\yosef\OneDrive\Desktop\NTI\Ecommerce Backend\node_modules\router\index.js:297:9
    at processParams (C:\Users\yosef\OneDrive\Desktop\NTI\Ecommerce Backend\node_modules\router\index.js:582:12)
    at next (C:\Users\yosef\OneDrive\Desktop\NTI\Ecommerce Backend\node_modules\router\index.js:291:5)
    at cors (C:\Users\yosef\OneDrive\Desktop\NTI\Ecommerce Backend\node_modules\cors\lib\index.js:188:7)
    at C:\Users\yosef\OneDrive\Desktop\NTI\Ecommerce Backend\node_modules\cors\lib\index.js:224:17
    at origin (C:\Users\yosef\OneDrive\Desktop\NTI\Ecommerce Backend\middlewares\cors.middleware.js:8:11)
    at C:\Users\yosef\OneDrive\Desktop\NTI\Ecommerce Backend\node_modules\cors\lib\index.js:219:13
16-05-2026 22:11:28 |ERROR| Error | GET | /uploads/1778872483665-a.png : can't find /uploads/1778872483665-a.png 
Error: can't find /uploads/1778872483665-a.png
    at C:\Users\yosef\OneDrive\Desktop\NTI\Ecommerce Backend\server.js:29:7
    at Layer.handleRequest (C:\Users\yosef\OneDrive\Desktop\NTI\Ecommerce Backend\node_modules\router\lib\layer.js:152:17)
    at trimPrefix (C:\Users\yosef\OneDrive\Desktop\NTI\Ecommerce Backend\node_modules\router\index.js:342:13)
    at C:\Users\yosef\OneDrive\Desktop\NTI\Ecommerce Backend\node_modules\router\index.js:297:9
    at processParams (C:\Users\yosef\OneDrive\Desktop\NTI\Ecommerce Backend\node_modules\router\index.js:582:12)
    at next (C:\Users\yosef\OneDrive\Desktop\NTI\Ecommerce Backend\node_modules\router\index.js:291:5)
    at cors (C:\Users\yosef\OneDrive\Desktop\NTI\Ecommerce Backend\node_modules\cors\lib\index.js:188:7)
    at C:\Users\yosef\OneDrive\Desktop\NTI\Ecommerce Backend\node_modules\cors\lib\index.js:224:17
    at origin (C:\Users\yosef\OneDrive\Desktop\NTI\Ecommerce Backend\middlewares\cors.middleware.js:8:11)
    at C:\Users\yosef\OneDrive\Desktop\NTI\Ecommerce Backend\node_modules\cors\lib\index.js:219:13
16-05-2026 22:11:28 |ERROR| Error | GET | /uploads/1778872457977-a.png : can't find /uploads/1778872457977-a.png 
Error: can't find /uploads/1778872457977-a.png
    at C:\Users\yosef\OneDrive\Desktop\NTI\Ecommerce Backend\server.js:29:7
    at Layer.handleRequest (C:\Users\yosef\OneDrive\Desktop\NTI\Ecommerce Backend\node_modules\router\lib\layer.js:152:17)
    at trimPrefix (C:\Users\yosef\OneDrive\Desktop\NTI\Ecommerce Backend\node_modules\router\index.js:342:13)
    at C:\Users\yosef\OneDrive\Desktop\NTI\Ecommerce Backend\node_modules\router\index.js:297:9
    at processParams (C:\Users\yosef\OneDrive\Desktop\NTI\Ecommerce Backend\node_modules\router\index.js:582:12)
    at next (C:\Users\yosef\OneDrive\Desktop\NTI\Ecommerce Backend\node_modules\router\index.js:291:5)
    at cors (C:\Users\yosef\OneDrive\Desktop\NTI\Ecommerce Backend\node_modules\cors\lib\index.js:188:7)
    at C:\Users\yosef\OneDrive\Desktop\NTI\Ecommerce Backend\node_modules\cors\lib\index.js:224:17
    at origin (C:\Users\yosef\OneDrive\Desktop\NTI\Ecommerce Backend\middlewares\cors.middleware.js:8:11)
    at C:\Users\yosef\OneDrive\Desktop\NTI\Ecommerce Backend\node_modules\cors\lib\index.js:219:13
16-05-2026 22:11:28 |ERROR| Error | GET | /uploads/1778872430510-a.png : can't find /uploads/1778872430510-a.png 
Error: can't find /uploads/1778872430510-a.png
    at C:\Users\yosef\OneDrive\Desktop\NTI\Ecommerce Backend\server.js:29:7
    at Layer.handleRequest (C:\Users\yosef\OneDrive\Desktop\NTI\Ecommerce Backend\node_modules\router\lib\layer.js:152:17)
    at trimPrefix (C:\Users\yosef\OneDrive\Desktop\NTI\Ecommerce Backend\node_modules\router\index.js:342:13)
    at C:\Users\yosef\OneDrive\Desktop\NTI\Ecommerce Backend\node_modules\router\index.js:297:9
    at processParams (C:\Users\yosef\OneDrive\Desktop\NTI\Ecommerce Backend\node_modules\router\index.js:582:12)
    at next (C:\Users\yosef\OneDrive\Desktop\NTI\Ecommerce Backend\node_modules\router\index.js:291:5)
    at cors (C:\Users\yosef\OneDrive\Desktop\NTI\Ecommerce Backend\node_modules\cors\lib\index.js:188:7)
    at C:\Users\yosef\OneDrive\Desktop\NTI\Ecommerce Backend\node_modules\cors\lib\index.js:224:17
    at origin (C:\Users\yosef\OneDrive\Desktop\NTI\Ecommerce Backend\middlewares\cors.middleware.js:8:11)
    at C:\Users\yosef\OneDrive\Desktop\NTI\Ecommerce Backend\node_modules\cors\lib\index.js:219:13
16-05-2026 22:11:28 |ERROR| Error | GET | /uploads/1778872392281-a.png : can't find /uploads/1778872392281-a.png 
Error: can't find /uploads/1778872392281-a.png
    at C:\Users\yosef\OneDrive\Desktop\NTI\Ecommerce Backend\server.js:29:7
    at Layer.handleRequest (C:\Users\yosef\OneDrive\Desktop\NTI\Ecommerce Backend\node_modules\router\lib\layer.js:152:17)
    at trimPrefix (C:\Users\yosef\OneDrive\Desktop\NTI\Ecommerce Backend\node_modules\router\index.js:342:13)
    at C:\Users\yosef\OneDrive\Desktop\NTI\Ecommerce Backend\node_modules\router\index.js:297:9
    at processParams (C:\Users\yosef\OneDrive\Desktop\NTI\Ecommerce Backend\node_modules\router\index.js:582:12)
    at next (C:\Users\yosef\OneDrive\Desktop\NTI\Ecommerce Backend\node_modules\router\index.js:291:5)
    at cors (C:\Users\yosef\OneDrive\Desktop\NTI\Ecommerce Backend\node_modules\cors\lib\index.js:188:7)
    at C:\Users\yosef\OneDrive\Desktop\NTI\Ecommerce Backend\node_modules\cors\lib\index.js:224:17
    at origin (C:\Users\yosef\OneDrive\Desktop\NTI\Ecommerce Backend\middlewares\cors.middleware.js:8:11)
    at C:\Users\yosef\OneDrive\Desktop\NTI\Ecommerce Backend\node_modules\cors\lib\index.js:219:13
16-05-2026 22:11:32 |ERROR| Error | GET | /uploads/1778872483665-a.png : can't find /uploads/1778872483665-a.png 
Error: can't find /uploads/1778872483665-a.png
    at C:\Users\yosef\OneDrive\Desktop\NTI\Ecommerce Backend\server.js:29:7
    at Layer.handleRequest (C:\Users\yosef\OneDrive\Desktop\NTI\Ecommerce Backend\node_modules\router\lib\layer.js:152:17)
    at trimPrefix (C:\Users\yosef\OneDrive\Desktop\NTI\Ecommerce Backend\node_modules\router\index.js:342:13)
    at C:\Users\yosef\OneDrive\Desktop\NTI\Ecommerce Backend\node_modules\router\index.js:297:9
    at processParams (C:\Users\yosef\OneDrive\Desktop\NTI\Ecommerce Backend\node_modules\router\index.js:582:12)
    at next (C:\Users\yosef\OneDrive\Desktop\NTI\Ecommerce Backend\node_modules\router\index.js:291:5)
    at cors (C:\Users\yosef\OneDrive\Desktop\NTI\Ecommerce Backend\node_modules\cors\lib\index.js:188:7)
    at C:\Users\yosef\OneDrive\Desktop\NTI\Ecommerce Backend\node_modules\cors\lib\index.js:224:17
    at origin (C:\Users\yosef\OneDrive\Desktop\NTI\Ecommerce Backend\middlewares\cors.middleware.js:8:11)
    at C:\Users\yosef\OneDrive\Desktop\NTI\Ecommerce Backend\node_modules\cors\lib\index.js:219:13
16-05-2026 22:11:32 |ERROR| Error | GET | /uploads/1778872457977-a.png : can't find /uploads/1778872457977-a.png 
Error: can't find /uploads/1778872457977-a.png
    at C:\Users\yosef\OneDrive\Desktop\NTI\Ecommerce Backend\server.js:29:7
    at Layer.handleRequest (C:\Users\yosef\OneDrive\Desktop\NTI\Ecommerce Backend\node_modules\router\lib\layer.js:152:17)
    at trimPrefix (C:\Users\yosef\OneDrive\Desktop\NTI\Ecommerce Backend\node_modules\router\index.js:342:13)
    at C:\Users\yosef\OneDrive\Desktop\NTI\Ecommerce Backend\node_modules\router\index.js:297:9
    at processParams (C:\Users\yosef\OneDrive\Desktop\NTI\Ecommerce Backend\node_modules\router\index.js:582:12)
    at next (C:\Users\yosef\OneDrive\Desktop\NTI\Ecommerce Backend\node_modules\router\index.js:291:5)
    at cors (C:\Users\yosef\OneDrive\Desktop\NTI\Ecommerce Backend\node_modules\cors\lib\index.js:188:7)
    at C:\Users\yosef\OneDrive\Desktop\NTI\Ecommerce Backend\node_modules\cors\lib\index.js:224:17
    at origin (C:\Users\yosef\OneDrive\Desktop\NTI\Ecommerce Backend\middlewares\cors.middleware.js:8:11)
    at C:\Users\yosef\OneDrive\Desktop\NTI\Ecommerce Backend\node_modules\cors\lib\index.js:219:13
16-05-2026 22:11:32 |ERROR| Error | GET | /uploads/1778872430510-a.png : can't find /uploads/1778872430510-a.png 
Error: can't find /uploads/1778872430510-a.png
    at C:\Users\yosef\OneDrive\Desktop\NTI\Ecommerce Backend\server.js:29:7
    at Layer.handleRequest (C:\Users\yosef\OneDrive\Desktop\NTI\Ecommerce Backend\node_modules\router\lib\layer.js:152:17)
    at trimPrefix (C:\Users\yosef\OneDrive\Desktop\NTI\Ecommerce Backend\node_modules\router\index.js:342:13)
    at C:\Users\yosef\OneDrive\Desktop\NTI\Ecommerce Backend\node_modules\router\index.js:297:9
    at processParams (C:\Users\yosef\OneDrive\Desktop\NTI\Ecommerce Backend\node_modules\router\index.js:582:12)
    at next (C:\Users\yosef\OneDrive\Desktop\NTI\Ecommerce Backend\node_modules\router\index.js:291:5)
    at cors (C:\Users\yosef\OneDrive\Desktop\NTI\Ecommerce Backend\node_modules\cors\lib\index.js:188:7)
    at C:\Users\yosef\OneDrive\Desktop\NTI\Ecommerce Backend\node_modules\cors\lib\index.js:224:17
    at origin (C:\Users\yosef\OneDrive\Desktop\NTI\Ecommerce Backend\middlewares\cors.middleware.js:8:11)
    at C:\Users\yosef\OneDrive\Desktop\NTI\Ecommerce Backend\node_modules\cors\lib\index.js:219:13
16-05-2026 22:11:32 |ERROR| Error | GET | /uploads/1778872392281-a.png : can't find /uploads/1778872392281-a.png 
Error: can't find /uploads/1778872392281-a.png
    at C:\Users\yosef\OneDrive\Desktop\NTI\Ecommerce Backend\server.js:29:7
    at Layer.handleRequest (C:\Users\yosef\OneDrive\Desktop\NTI\Ecommerce Backend\node_modules\router\lib\layer.js:152:17)
    at trimPrefix (C:\Users\yosef\OneDrive\Desktop\NTI\Ecommerce Backend\node_modules\router\index.js:342:13)
    at C:\Users\yosef\OneDrive\Desktop\NTI\Ecommerce Backend\node_modules\router\index.js:297:9
    at processParams (C:\Users\yosef\OneDrive\Desktop\NTI\Ecommerce Backend\node_modules\router\index.js:582:12)
    at next (C:\Users\yosef\OneDrive\Desktop\NTI\Ecommerce Backend\node_modules\router\index.js:291:5)
    at cors (C:\Users\yosef\OneDrive\Desktop\NTI\Ecommerce Backend\node_modules\cors\lib\index.js:188:7)
    at C:\Users\yosef\OneDrive\Desktop\NTI\Ecommerce Backend\node_modules\cors\lib\index.js:224:17
    at origin (C:\Users\yosef\OneDrive\Desktop\NTI\Ecommerce Backend\middlewares\cors.middleware.js:8:11)
    at C:\Users\yosef\OneDrive\Desktop\NTI\Ecommerce Backend\node_modules\cors\lib\index.js:219:13
16-05-2026 22:28:01 |ERROR| Error | GET | /uploads/1778872483665-a.png : can't find /uploads/1778872483665-a.png 
Error: can't find /uploads/1778872483665-a.png
    at C:\Users\yosef\OneDrive\Desktop\NTI\Ecommerce Backend\server.js:29:7
    at Layer.handleRequest (C:\Users\yosef\OneDrive\Desktop\NTI\Ecommerce Backend\node_modules\router\lib\layer.js:152:17)
    at trimPrefix (C:\Users\yosef\OneDrive\Desktop\NTI\Ecommerce Backend\node_modules\router\index.js:342:13)
    at C:\Users\yosef\OneDrive\Desktop\NTI\Ecommerce Backend\node_modules\router\index.js:297:9
    at processParams (C:\Users\yosef\OneDrive\Desktop\NTI\Ecommerce Backend\node_modules\router\index.js:582:12)
    at next (C:\Users\yosef\OneDrive\Desktop\NTI\Ecommerce Backend\node_modules\router\index.js:291:5)
    at cors (C:\Users\yosef\OneDrive\Desktop\NTI\Ecommerce Backend\node_modules\cors\lib\index.js:188:7)
    at C:\Users\yosef\OneDrive\Desktop\NTI\Ecommerce Backend\node_modules\cors\lib\index.js:224:17
    at origin (C:\Users\yosef\OneDrive\Desktop\NTI\Ecommerce Backend\middlewares\cors.middleware.js:8:11)
    at C:\Users\yosef\OneDrive\Desktop\NTI\Ecommerce Backend\node_modules\cors\lib\index.js:219:13
16-05-2026 22:28:01 |ERROR| Error | GET | /uploads/1778872457977-a.png : can't find /uploads/1778872457977-a.png 
Error: can't find /uploads/1778872457977-a.png
    at C:\Users\yosef\OneDrive\Desktop\NTI\Ecommerce Backend\server.js:29:7
    at Layer.handleRequest (C:\Users\yosef\OneDrive\Desktop\NTI\Ecommerce Backend\node_modules\router\lib\layer.js:152:17)
    at trimPrefix (C:\Users\yosef\OneDrive\Desktop\NTI\Ecommerce Backend\node_modules\router\index.js:342:13)
    at C:\Users\yosef\OneDrive\Desktop\NTI\Ecommerce Backend\node_modules\router\index.js:297:9
    at processParams (C:\Users\yosef\OneDrive\Desktop\NTI\Ecommerce Backend\node_modules\router\index.js:582:12)
    at next (C:\Users\yosef\OneDrive\Desktop\NTI\Ecommerce Backend\node_modules\router\index.js:291:5)
    at cors (C:\Users\yosef\OneDrive\Desktop\NTI\Ecommerce Backend\node_modules\cors\lib\index.js:188:7)
    at C:\Users\yosef\OneDrive\Desktop\NTI\Ecommerce Backend\node_modules\cors\lib\index.js:224:17
    at origin (C:\Users\yosef\OneDrive\Desktop\NTI\Ecommerce Backend\middlewares\cors.middleware.js:8:11)
    at C:\Users\yosef\OneDrive\Desktop\NTI\Ecommerce Backend\node_modules\cors\lib\index.js:219:13
16-05-2026 22:28:01 |ERROR| Error | GET | /uploads/1778872430510-a.png : can't find /uploads/1778872430510-a.png 
Error: can't find /uploads/1778872430510-a.png
    at C:\Users\yosef\OneDrive\Desktop\NTI\Ecommerce Backend\server.js:29:7
    at Layer.handleRequest (C:\Users\yosef\OneDrive\Desktop\NTI\Ecommerce Backend\node_modules\router\lib\layer.js:152:17)
    at trimPrefix (C:\Users\yosef\OneDrive\Desktop\NTI\Ecommerce Backend\node_modules\router\index.js:342:13)
    at C:\Users\yosef\OneDrive\Desktop\NTI\Ecommerce Backend\node_modules\router\index.js:297:9
    at processParams (C:\Users\yosef\OneDrive\Desktop\NTI\Ecommerce Backend\node_modules\router\index.js:582:12)
    at next (C:\Users\yosef\OneDrive\Desktop\NTI\Ecommerce Backend\node_modules\router\index.js:291:5)
    at cors (C:\Users\yosef\OneDrive\Desktop\NTI\Ecommerce Backend\node_modules\cors\lib\index.js:188:7)
    at C:\Users\yosef\OneDrive\Desktop\NTI\Ecommerce Backend\node_modules\cors\lib\index.js:224:17
    at origin (C:\Users\yosef\OneDrive\Desktop\NTI\Ecommerce Backend\middlewares\cors.middleware.js:8:11)
    at C:\Users\yosef\OneDrive\Desktop\NTI\Ecommerce Backend\node_modules\cors\lib\index.js:219:13
16-05-2026 22:28:01 |ERROR| Error | GET | /uploads/1778872392281-a.png : can't find /uploads/1778872392281-a.png 
Error: can't find /uploads/1778872392281-a.png
    at C:\Users\yosef\OneDrive\Desktop\NTI\Ecommerce Backend\server.js:29:7
    at Layer.handleRequest (C:\Users\yosef\OneDrive\Desktop\NTI\Ecommerce Backend\node_modules\router\lib\layer.js:152:17)
    at trimPrefix (C:\Users\yosef\OneDrive\Desktop\NTI\Ecommerce Backend\node_modules\router\index.js:342:13)
    at C:\Users\yosef\OneDrive\Desktop\NTI\Ecommerce Backend\node_modules\router\index.js:297:9
    at processParams (C:\Users\yosef\OneDrive\Desktop\NTI\Ecommerce Backend\node_modules\router\index.js:582:12)
    at next (C:\Users\yosef\OneDrive\Desktop\NTI\Ecommerce Backend\node_modules\router\index.js:291:5)
    at cors (C:\Users\yosef\OneDrive\Desktop\NTI\Ecommerce Backend\node_modules\cors\lib\index.js:188:7)
    at C:\Users\yosef\OneDrive\Desktop\NTI\Ecommerce Backend\node_modules\cors\lib\index.js:224:17
    at origin (C:\Users\yosef\OneDrive\Desktop\NTI\Ecommerce Backend\middlewares\cors.middleware.js:8:11)
    at C:\Users\yosef\OneDrive\Desktop\NTI\Ecommerce Backend\node_modules\cors\lib\index.js:219:13
16-05-2026 22:28:46 |ERROR| Error | GET | /uploads/1778872483665-a.png : can't find /uploads/1778872483665-a.png 
Error: can't find /uploads/1778872483665-a.png
    at C:\Users\yosef\OneDrive\Desktop\NTI\Ecommerce Backend\server.js:29:7
    at Layer.handleRequest (C:\Users\yosef\OneDrive\Desktop\NTI\Ecommerce Backend\node_modules\router\lib\layer.js:152:17)
    at trimPrefix (C:\Users\yosef\OneDrive\Desktop\NTI\Ecommerce Backend\node_modules\router\index.js:342:13)
    at C:\Users\yosef\OneDrive\Desktop\NTI\Ecommerce Backend\node_modules\router\index.js:297:9
    at processParams (C:\Users\yosef\OneDrive\Desktop\NTI\Ecommerce Backend\node_modules\router\index.js:582:12)
    at next (C:\Users\yosef\OneDrive\Desktop\NTI\Ecommerce Backend\node_modules\router\index.js:291:5)
    at cors (C:\Users\yosef\OneDrive\Desktop\NTI\Ecommerce Backend\node_modules\cors\lib\index.js:188:7)
    at C:\Users\yosef\OneDrive\Desktop\NTI\Ecommerce Backend\node_modules\cors\lib\index.js:224:17
    at origin (C:\Users\yosef\OneDrive\Desktop\NTI\Ecommerce Backend\middlewares\cors.middleware.js:8:11)
    at C:\Users\yosef\OneDrive\Desktop\NTI\Ecommerce Backend\node_modules\cors\lib\index.js:219:13
16-05-2026 22:28:46 |ERROR| Error | GET | /uploads/1778872457977-a.png : can't find /uploads/1778872457977-a.png 
Error: can't find /uploads/1778872457977-a.png
    at C:\Users\yosef\OneDrive\Desktop\NTI\Ecommerce Backend\server.js:29:7
    at Layer.handleRequest (C:\Users\yosef\OneDrive\Desktop\NTI\Ecommerce Backend\node_modules\router\lib\layer.js:152:17)
    at trimPrefix (C:\Users\yosef\OneDrive\Desktop\NTI\Ecommerce Backend\node_modules\router\index.js:342:13)
    at C:\Users\yosef\OneDrive\Desktop\NTI\Ecommerce Backend\node_modules\router\index.js:297:9
    at processParams (C:\Users\yosef\OneDrive\Desktop\NTI\Ecommerce Backend\node_modules\router\index.js:582:12)
    at next (C:\Users\yosef\OneDrive\Desktop\NTI\Ecommerce Backend\node_modules\router\index.js:291:5)
    at cors (C:\Users\yosef\OneDrive\Desktop\NTI\Ecommerce Backend\node_modules\cors\lib\index.js:188:7)
    at C:\Users\yosef\OneDrive\Desktop\NTI\Ecommerce Backend\node_modules\cors\lib\index.js:224:17
    at origin (C:\Users\yosef\OneDrive\Desktop\NTI\Ecommerce Backend\middlewares\cors.middleware.js:8:11)
    at C:\Users\yosef\OneDrive\Desktop\NTI\Ecommerce Backend\node_modules\cors\lib\index.js:219:13
16-05-2026 22:28:46 |ERROR| Error | GET | /uploads/1778872430510-a.png : can't find /uploads/1778872430510-a.png 
Error: can't find /uploads/1778872430510-a.png
    at C:\Users\yosef\OneDrive\Desktop\NTI\Ecommerce Backend\server.js:29:7
    at Layer.handleRequest (C:\Users\yosef\OneDrive\Desktop\NTI\Ecommerce Backend\node_modules\router\lib\layer.js:152:17)
    at trimPrefix (C:\Users\yosef\OneDrive\Desktop\NTI\Ecommerce Backend\node_modules\router\index.js:342:13)
    at C:\Users\yosef\OneDrive\Desktop\NTI\Ecommerce Backend\node_modules\router\index.js:297:9
    at processParams (C:\Users\yosef\OneDrive\Desktop\NTI\Ecommerce Backend\node_modules\router\index.js:582:12)
    at next (C:\Users\yosef\OneDrive\Desktop\NTI\Ecommerce Backend\node_modules\router\index.js:291:5)
    at cors (C:\Users\yosef\OneDrive\Desktop\NTI\Ecommerce Backend\node_modules\cors\lib\index.js:188:7)
    at C:\Users\yosef\OneDrive\Desktop\NTI\Ecommerce Backend\node_modules\cors\lib\index.js:224:17
    at origin (C:\Users\yosef\OneDrive\Desktop\NTI\Ecommerce Backend\middlewares\cors.middleware.js:8:11)
    at C:\Users\yosef\OneDrive\Desktop\NTI\Ecommerce Backend\node_modules\cors\lib\index.js:219:13
16-05-2026 22:28:46 |ERROR| Error | GET | /uploads/1778872392281-a.png : can't find /uploads/1778872392281-a.png 
Error: can't find /uploads/1778872392281-a.png
    at C:\Users\yosef\OneDrive\Desktop\NTI\Ecommerce Backend\server.js:29:7
    at Layer.handleRequest (C:\Users\yosef\OneDrive\Desktop\NTI\Ecommerce Backend\node_modules\router\lib\layer.js:152:17)
    at trimPrefix (C:\Users\yosef\OneDrive\Desktop\NTI\Ecommerce Backend\node_modules\router\index.js:342:13)
    at C:\Users\yosef\OneDrive\Desktop\NTI\Ecommerce Backend\node_modules\router\index.js:297:9
    at processParams (C:\Users\yosef\OneDrive\Desktop\NTI\Ecommerce Backend\node_modules\router\index.js:582:12)
    at next (C:\Users\yosef\OneDrive\Desktop\NTI\Ecommerce Backend\node_modules\router\index.js:291:5)
    at cors (C:\Users\yosef\OneDrive\Desktop\NTI\Ecommerce Backend\node_modules\cors\lib\index.js:188:7)
    at C:\Users\yosef\OneDrive\Desktop\NTI\Ecommerce Backend\node_modules\cors\lib\index.js:224:17
    at origin (C:\Users\yosef\OneDrive\Desktop\NTI\Ecommerce Backend\middlewares\cors.middleware.js:8:11)
    at C:\Users\yosef\OneDrive\Desktop\NTI\Ecommerce Backend\node_modules\cors\lib\index.js:219:13
16-05-2026 22:29:10 |ERROR| Error | GET | /uploads/1778872457977-a.png : can't find /uploads/1778872457977-a.png 
Error: can't find /uploads/1778872457977-a.png
    at C:\Users\yosef\OneDrive\Desktop\NTI\Ecommerce Backend\server.js:29:7
    at Layer.handleRequest (C:\Users\yosef\OneDrive\Desktop\NTI\Ecommerce Backend\node_modules\router\lib\layer.js:152:17)
    at trimPrefix (C:\Users\yosef\OneDrive\Desktop\NTI\Ecommerce Backend\node_modules\router\index.js:342:13)
    at C:\Users\yosef\OneDrive\Desktop\NTI\Ecommerce Backend\node_modules\router\index.js:297:9
    at processParams (C:\Users\yosef\OneDrive\Desktop\NTI\Ecommerce Backend\node_modules\router\index.js:582:12)
    at next (C:\Users\yosef\OneDrive\Desktop\NTI\Ecommerce Backend\node_modules\router\index.js:291:5)
    at cors (C:\Users\yosef\OneDrive\Desktop\NTI\Ecommerce Backend\node_modules\cors\lib\index.js:188:7)
    at C:\Users\yosef\OneDrive\Desktop\NTI\Ecommerce Backend\node_modules\cors\lib\index.js:224:17
    at origin (C:\Users\yosef\OneDrive\Desktop\NTI\Ecommerce Backend\middlewares\cors.middleware.js:8:11)
    at C:\Users\yosef\OneDrive\Desktop\NTI\Ecommerce Backend\node_modules\cors\lib\index.js:219:13
16-05-2026 22:29:10 |ERROR| Error | GET | /uploads/1778872430510-a.png : can't find /uploads/1778872430510-a.png 
Error: can't find /uploads/1778872430510-a.png
    at C:\Users\yosef\OneDrive\Desktop\NTI\Ecommerce Backend\server.js:29:7
    at Layer.handleRequest (C:\Users\yosef\OneDrive\Desktop\NTI\Ecommerce Backend\node_modules\router\lib\layer.js:152:17)
    at trimPrefix (C:\Users\yosef\OneDrive\Desktop\NTI\Ecommerce Backend\node_modules\router\index.js:342:13)
    at C:\Users\yosef\OneDrive\Desktop\NTI\Ecommerce Backend\node_modules\router\index.js:297:9
    at processParams (C:\Users\yosef\OneDrive\Desktop\NTI\Ecommerce Backend\node_modules\router\index.js:582:12)
    at next (C:\Users\yosef\OneDrive\Desktop\NTI\Ecommerce Backend\node_modules\router\index.js:291:5)
    at cors (C:\Users\yosef\OneDrive\Desktop\NTI\Ecommerce Backend\node_modules\cors\lib\index.js:188:7)
    at C:\Users\yosef\OneDrive\Desktop\NTI\Ecommerce Backend\node_modules\cors\lib\index.js:224:17
    at origin (C:\Users\yosef\OneDrive\Desktop\NTI\Ecommerce Backend\middlewares\cors.middleware.js:8:11)
    at C:\Users\yosef\OneDrive\Desktop\NTI\Ecommerce Backend\node_modules\cors\lib\index.js:219:13
16-05-2026 22:29:10 |ERROR| Error | GET | /uploads/1778872392281-a.png : can't find /uploads/1778872392281-a.png 
Error: can't find /uploads/1778872392281-a.png
    at C:\Users\yosef\OneDrive\Desktop\NTI\Ecommerce Backend\server.js:29:7
    at Layer.handleRequest (C:\Users\yosef\OneDrive\Desktop\NTI\Ecommerce Backend\node_modules\router\lib\layer.js:152:17)
    at trimPrefix (C:\Users\yosef\OneDrive\Desktop\NTI\Ecommerce Backend\node_modules\router\index.js:342:13)
    at C:\Users\yosef\OneDrive\Desktop\NTI\Ecommerce Backend\node_modules\router\index.js:297:9
    at processParams (C:\Users\yosef\OneDrive\Desktop\NTI\Ecommerce Backend\node_modules\router\index.js:582:12)
    at next (C:\Users\yosef\OneDrive\Desktop\NTI\Ecommerce Backend\node_modules\router\index.js:291:5)
    at cors (C:\Users\yosef\OneDrive\Desktop\NTI\Ecommerce Backend\node_modules\cors\lib\index.js:188:7)
    at C:\Users\yosef\OneDrive\Desktop\NTI\Ecommerce Backend\node_modules\cors\lib\index.js:224:17
    at origin (C:\Users\yosef\OneDrive\Desktop\NTI\Ecommerce Backend\middlewares\cors.middleware.js:8:11)
    at C:\Users\yosef\OneDrive\Desktop\NTI\Ecommerce Backend\node_modules\cors\lib\index.js:219:13
16-05-2026 22:29:10 |ERROR| Error | GET | /uploads/1778872286694-a.png : can't find /uploads/1778872286694-a.png 
Error: can't find /uploads/1778872286694-a.png
    at C:\Users\yosef\OneDrive\Desktop\NTI\Ecommerce Backend\server.js:29:7
    at Layer.handleRequest (C:\Users\yosef\OneDrive\Desktop\NTI\Ecommerce Backend\node_modules\router\lib\layer.js:152:17)
    at trimPrefix (C:\Users\yosef\OneDrive\Desktop\NTI\Ecommerce Backend\node_modules\router\index.js:342:13)
    at C:\Users\yosef\OneDrive\Desktop\NTI\Ecommerce Backend\node_modules\router\index.js:297:9
    at processParams (C:\Users\yosef\OneDrive\Desktop\NTI\Ecommerce Backend\node_modules\router\index.js:582:12)
    at next (C:\Users\yosef\OneDrive\Desktop\NTI\Ecommerce Backend\node_modules\router\index.js:291:5)
    at cors (C:\Users\yosef\OneDrive\Desktop\NTI\Ecommerce Backend\node_modules\cors\lib\index.js:188:7)
    at C:\Users\yosef\OneDrive\Desktop\NTI\Ecommerce Backend\node_modules\cors\lib\index.js:224:17
    at origin (C:\Users\yosef\OneDrive\Desktop\NTI\Ecommerce Backend\middlewares\cors.middleware.js:8:11)
    at C:\Users\yosef\OneDrive\Desktop\NTI\Ecommerce Backend\node_modules\cors\lib\index.js:219:13
16-05-2026 22:29:18 |ERROR| Error | GET | /uploads/1778872457977-a.png : can't find /uploads/1778872457977-a.png 
Error: can't find /uploads/1778872457977-a.png
    at C:\Users\yosef\OneDrive\Desktop\NTI\Ecommerce Backend\server.js:29:7
    at Layer.handleRequest (C:\Users\yosef\OneDrive\Desktop\NTI\Ecommerce Backend\node_modules\router\lib\layer.js:152:17)
    at trimPrefix (C:\Users\yosef\OneDrive\Desktop\NTI\Ecommerce Backend\node_modules\router\index.js:342:13)
    at C:\Users\yosef\OneDrive\Desktop\NTI\Ecommerce Backend\node_modules\router\index.js:297:9
    at processParams (C:\Users\yosef\OneDrive\Desktop\NTI\Ecommerce Backend\node_modules\router\index.js:582:12)
    at next (C:\Users\yosef\OneDrive\Desktop\NTI\Ecommerce Backend\node_modules\router\index.js:291:5)
    at cors (C:\Users\yosef\OneDrive\Desktop\NTI\Ecommerce Backend\node_modules\cors\lib\index.js:188:7)
    at C:\Users\yosef\OneDrive\Desktop\NTI\Ecommerce Backend\node_modules\cors\lib\index.js:224:17
    at origin (C:\Users\yosef\OneDrive\Desktop\NTI\Ecommerce Backend\middlewares\cors.middleware.js:8:11)
    at C:\Users\yosef\OneDrive\Desktop\NTI\Ecommerce Backend\node_modules\cors\lib\index.js:219:13
16-05-2026 22:29:18 |ERROR| Error | GET | /uploads/1778872430510-a.png : can't find /uploads/1778872430510-a.png 
Error: can't find /uploads/1778872430510-a.png
    at C:\Users\yosef\OneDrive\Desktop\NTI\Ecommerce Backend\server.js:29:7
    at Layer.handleRequest (C:\Users\yosef\OneDrive\Desktop\NTI\Ecommerce Backend\node_modules\router\lib\layer.js:152:17)
    at trimPrefix (C:\Users\yosef\OneDrive\Desktop\NTI\Ecommerce Backend\node_modules\router\index.js:342:13)
    at C:\Users\yosef\OneDrive\Desktop\NTI\Ecommerce Backend\node_modules\router\index.js:297:9
    at processParams (C:\Users\yosef\OneDrive\Desktop\NTI\Ecommerce Backend\node_modules\router\index.js:582:12)
    at next (C:\Users\yosef\OneDrive\Desktop\NTI\Ecommerce Backend\node_modules\router\index.js:291:5)
    at cors (C:\Users\yosef\OneDrive\Desktop\NTI\Ecommerce Backend\node_modules\cors\lib\index.js:188:7)
    at C:\Users\yosef\OneDrive\Desktop\NTI\Ecommerce Backend\node_modules\cors\lib\index.js:224:17
    at origin (C:\Users\yosef\OneDrive\Desktop\NTI\Ecommerce Backend\middlewares\cors.middleware.js:8:11)
    at C:\Users\yosef\OneDrive\Desktop\NTI\Ecommerce Backend\node_modules\cors\lib\index.js:219:13
16-05-2026 22:29:18 |ERROR| Error | GET | /uploads/1778872392281-a.png : can't find /uploads/1778872392281-a.png 
Error: can't find /uploads/1778872392281-a.png
    at C:\Users\yosef\OneDrive\Desktop\NTI\Ecommerce Backend\server.js:29:7
    at Layer.handleRequest (C:\Users\yosef\OneDrive\Desktop\NTI\Ecommerce Backend\node_modules\router\lib\layer.js:152:17)
    at trimPrefix (C:\Users\yosef\OneDrive\Desktop\NTI\Ecommerce Backend\node_modules\router\index.js:342:13)
    at C:\Users\yosef\OneDrive\Desktop\NTI\Ecommerce Backend\node_modules\router\index.js:297:9
    at processParams (C:\Users\yosef\OneDrive\Desktop\NTI\Ecommerce Backend\node_modules\router\index.js:582:12)
    at next (C:\Users\yosef\OneDrive\Desktop\NTI\Ecommerce Backend\node_modules\router\index.js:291:5)
    at cors (C:\Users\yosef\OneDrive\Desktop\NTI\Ecommerce Backend\node_modules\cors\lib\index.js:188:7)
    at C:\Users\yosef\OneDrive\Desktop\NTI\Ecommerce Backend\node_modules\cors\lib\index.js:224:17
    at origin (C:\Users\yosef\OneDrive\Desktop\NTI\Ecommerce Backend\middlewares\cors.middleware.js:8:11)
    at C:\Users\yosef\OneDrive\Desktop\NTI\Ecommerce Backend\node_modules\cors\lib\index.js:219:13
16-05-2026 22:29:18 |ERROR| Error | GET | /uploads/1778872286694-a.png : can't find /uploads/1778872286694-a.png 
Error: can't find /uploads/1778872286694-a.png
    at C:\Users\yosef\OneDrive\Desktop\NTI\Ecommerce Backend\server.js:29:7
    at Layer.handleRequest (C:\Users\yosef\OneDrive\Desktop\NTI\Ecommerce Backend\node_modules\router\lib\layer.js:152:17)
    at trimPrefix (C:\Users\yosef\OneDrive\Desktop\NTI\Ecommerce Backend\node_modules\router\index.js:342:13)
    at C:\Users\yosef\OneDrive\Desktop\NTI\Ecommerce Backend\node_modules\router\index.js:297:9
    at processParams (C:\Users\yosef\OneDrive\Desktop\NTI\Ecommerce Backend\node_modules\router\index.js:582:12)
    at next (C:\Users\yosef\OneDrive\Desktop\NTI\Ecommerce Backend\node_modules\router\index.js:291:5)
    at cors (C:\Users\yosef\OneDrive\Desktop\NTI\Ecommerce Backend\node_modules\cors\lib\index.js:188:7)
    at C:\Users\yosef\OneDrive\Desktop\NTI\Ecommerce Backend\node_modules\cors\lib\index.js:224:17
    at origin (C:\Users\yosef\OneDrive\Desktop\NTI\Ecommerce Backend\middlewares\cors.middleware.js:8:11)
    at C:\Users\yosef\OneDrive\Desktop\NTI\Ecommerce Backend\node_modules\cors\lib\index.js:219:13
16-05-2026 22:30:22 |ERROR| Error | GET | /uploads/1778872457977-a.png : can't find /uploads/1778872457977-a.png 
Error: can't find /uploads/1778872457977-a.png
    at C:\Users\yosef\OneDrive\Desktop\NTI\Ecommerce Backend\server.js:29:7
    at Layer.handleRequest (C:\Users\yosef\OneDrive\Desktop\NTI\Ecommerce Backend\node_modules\router\lib\layer.js:152:17)
    at trimPrefix (C:\Users\yosef\OneDrive\Desktop\NTI\Ecommerce Backend\node_modules\router\index.js:342:13)
    at C:\Users\yosef\OneDrive\Desktop\NTI\Ecommerce Backend\node_modules\router\index.js:297:9
    at processParams (C:\Users\yosef\OneDrive\Desktop\NTI\Ecommerce Backend\node_modules\router\index.js:582:12)
    at next (C:\Users\yosef\OneDrive\Desktop\NTI\Ecommerce Backend\node_modules\router\index.js:291:5)
    at cors (C:\Users\yosef\OneDrive\Desktop\NTI\Ecommerce Backend\node_modules\cors\lib\index.js:188:7)
    at C:\Users\yosef\OneDrive\Desktop\NTI\Ecommerce Backend\node_modules\cors\lib\index.js:224:17
    at origin (C:\Users\yosef\OneDrive\Desktop\NTI\Ecommerce Backend\middlewares\cors.middleware.js:8:11)
    at C:\Users\yosef\OneDrive\Desktop\NTI\Ecommerce Backend\node_modules\cors\lib\index.js:219:13
16-05-2026 22:30:22 |ERROR| Error | GET | /uploads/1778872430510-a.png : can't find /uploads/1778872430510-a.png 
Error: can't find /uploads/1778872430510-a.png
    at C:\Users\yosef\OneDrive\Desktop\NTI\Ecommerce Backend\server.js:29:7
    at Layer.handleRequest (C:\Users\yosef\OneDrive\Desktop\NTI\Ecommerce Backend\node_modules\router\lib\layer.js:152:17)
    at trimPrefix (C:\Users\yosef\OneDrive\Desktop\NTI\Ecommerce Backend\node_modules\router\index.js:342:13)
    at C:\Users\yosef\OneDrive\Desktop\NTI\Ecommerce Backend\node_modules\router\index.js:297:9
    at processParams (C:\Users\yosef\OneDrive\Desktop\NTI\Ecommerce Backend\node_modules\router\index.js:582:12)
    at next (C:\Users\yosef\OneDrive\Desktop\NTI\Ecommerce Backend\node_modules\router\index.js:291:5)
    at cors (C:\Users\yosef\OneDrive\Desktop\NTI\Ecommerce Backend\node_modules\cors\lib\index.js:188:7)
    at C:\Users\yosef\OneDrive\Desktop\NTI\Ecommerce Backend\node_modules\cors\lib\index.js:224:17
    at origin (C:\Users\yosef\OneDrive\Desktop\NTI\Ecommerce Backend\middlewares\cors.middleware.js:8:11)
    at C:\Users\yosef\OneDrive\Desktop\NTI\Ecommerce Backend\node_modules\cors\lib\index.js:219:13
16-05-2026 22:30:22 |ERROR| Error | GET | /uploads/1778872392281-a.png : can't find /uploads/1778872392281-a.png 
Error: can't find /uploads/1778872392281-a.png
    at C:\Users\yosef\OneDrive\Desktop\NTI\Ecommerce Backend\server.js:29:7
    at Layer.handleRequest (C:\Users\yosef\OneDrive\Desktop\NTI\Ecommerce Backend\node_modules\router\lib\layer.js:152:17)
    at trimPrefix (C:\Users\yosef\OneDrive\Desktop\NTI\Ecommerce Backend\node_modules\router\index.js:342:13)
    at C:\Users\yosef\OneDrive\Desktop\NTI\Ecommerce Backend\node_modules\router\index.js:297:9
    at processParams (C:\Users\yosef\OneDrive\Desktop\NTI\Ecommerce Backend\node_modules\router\index.js:582:12)
    at next (C:\Users\yosef\OneDrive\Desktop\NTI\Ecommerce Backend\node_modules\router\index.js:291:5)
    at cors (C:\Users\yosef\OneDrive\Desktop\NTI\Ecommerce Backend\node_modules\cors\lib\index.js:188:7)
    at C:\Users\yosef\OneDrive\Desktop\NTI\Ecommerce Backend\node_modules\cors\lib\index.js:224:17
    at origin (C:\Users\yosef\OneDrive\Desktop\NTI\Ecommerce Backend\middlewares\cors.middleware.js:8:11)
    at C:\Users\yosef\OneDrive\Desktop\NTI\Ecommerce Backend\node_modules\cors\lib\index.js:219:13
16-05-2026 22:30:22 |ERROR| Error | GET | /uploads/1778872286694-a.png : can't find /uploads/1778872286694-a.png 
Error: can't find /uploads/1778872286694-a.png
    at C:\Users\yosef\OneDrive\Desktop\NTI\Ecommerce Backend\server.js:29:7
    at Layer.handleRequest (C:\Users\yosef\OneDrive\Desktop\NTI\Ecommerce Backend\node_modules\router\lib\layer.js:152:17)
    at trimPrefix (C:\Users\yosef\OneDrive\Desktop\NTI\Ecommerce Backend\node_modules\router\index.js:342:13)
    at C:\Users\yosef\OneDrive\Desktop\NTI\Ecommerce Backend\node_modules\router\index.js:297:9
    at processParams (C:\Users\yosef\OneDrive\Desktop\NTI\Ecommerce Backend\node_modules\router\index.js:582:12)
    at next (C:\Users\yosef\OneDrive\Desktop\NTI\Ecommerce Backend\node_modules\router\index.js:291:5)
    at cors (C:\Users\yosef\OneDrive\Desktop\NTI\Ecommerce Backend\node_modules\cors\lib\index.js:188:7)
    at C:\Users\yosef\OneDrive\Desktop\NTI\Ecommerce Backend\node_modules\cors\lib\index.js:224:17
    at origin (C:\Users\yosef\OneDrive\Desktop\NTI\Ecommerce Backend\middlewares\cors.middleware.js:8:11)
    at C:\Users\yosef\OneDrive\Desktop\NTI\Ecommerce Backend\node_modules\cors\lib\index.js:219:13
16-05-2026 22:32:49 |ERROR| Error | GET | /uploads/1778872457977-a.png : can't find /uploads/1778872457977-a.png 
Error: can't find /uploads/1778872457977-a.png
    at C:\Users\yosef\OneDrive\Desktop\NTI\Ecommerce Backend\server.js:29:7
    at Layer.handleRequest (C:\Users\yosef\OneDrive\Desktop\NTI\Ecommerce Backend\node_modules\router\lib\layer.js:152:17)
    at trimPrefix (C:\Users\yosef\OneDrive\Desktop\NTI\Ecommerce Backend\node_modules\router\index.js:342:13)
    at C:\Users\yosef\OneDrive\Desktop\NTI\Ecommerce Backend\node_modules\router\index.js:297:9
    at processParams (C:\Users\yosef\OneDrive\Desktop\NTI\Ecommerce Backend\node_modules\router\index.js:582:12)
    at next (C:\Users\yosef\OneDrive\Desktop\NTI\Ecommerce Backend\node_modules\router\index.js:291:5)
    at cors (C:\Users\yosef\OneDrive\Desktop\NTI\Ecommerce Backend\node_modules\cors\lib\index.js:188:7)
    at C:\Users\yosef\OneDrive\Desktop\NTI\Ecommerce Backend\node_modules\cors\lib\index.js:224:17
    at origin (C:\Users\yosef\OneDrive\Desktop\NTI\Ecommerce Backend\middlewares\cors.middleware.js:8:11)
    at C:\Users\yosef\OneDrive\Desktop\NTI\Ecommerce Backend\node_modules\cors\lib\index.js:219:13
16-05-2026 22:32:49 |ERROR| Error | GET | /uploads/1778872430510-a.png : can't find /uploads/1778872430510-a.png 
Error: can't find /uploads/1778872430510-a.png
    at C:\Users\yosef\OneDrive\Desktop\NTI\Ecommerce Backend\server.js:29:7
    at Layer.handleRequest (C:\Users\yosef\OneDrive\Desktop\NTI\Ecommerce Backend\node_modules\router\lib\layer.js:152:17)
    at trimPrefix (C:\Users\yosef\OneDrive\Desktop\NTI\Ecommerce Backend\node_modules\router\index.js:342:13)
    at C:\Users\yosef\OneDrive\Desktop\NTI\Ecommerce Backend\node_modules\router\index.js:297:9
    at processParams (C:\Users\yosef\OneDrive\Desktop\NTI\Ecommerce Backend\node_modules\router\index.js:582:12)
    at next (C:\Users\yosef\OneDrive\Desktop\NTI\Ecommerce Backend\node_modules\router\index.js:291:5)
    at cors (C:\Users\yosef\OneDrive\Desktop\NTI\Ecommerce Backend\node_modules\cors\lib\index.js:188:7)
    at C:\Users\yosef\OneDrive\Desktop\NTI\Ecommerce Backend\node_modules\cors\lib\index.js:224:17
    at origin (C:\Users\yosef\OneDrive\Desktop\NTI\Ecommerce Backend\middlewares\cors.middleware.js:8:11)
    at C:\Users\yosef\OneDrive\Desktop\NTI\Ecommerce Backend\node_modules\cors\lib\index.js:219:13
16-05-2026 22:32:49 |ERROR| Error | GET | /uploads/1778872392281-a.png : can't find /uploads/1778872392281-a.png 
Error: can't find /uploads/1778872392281-a.png
    at C:\Users\yosef\OneDrive\Desktop\NTI\Ecommerce Backend\server.js:29:7
    at Layer.handleRequest (C:\Users\yosef\OneDrive\Desktop\NTI\Ecommerce Backend\node_modules\router\lib\layer.js:152:17)
    at trimPrefix (C:\Users\yosef\OneDrive\Desktop\NTI\Ecommerce Backend\node_modules\router\index.js:342:13)
    at C:\Users\yosef\OneDrive\Desktop\NTI\Ecommerce Backend\node_modules\router\index.js:297:9
    at processParams (C:\Users\yosef\OneDrive\Desktop\NTI\Ecommerce Backend\node_modules\router\index.js:582:12)
    at next (C:\Users\yosef\OneDrive\Desktop\NTI\Ecommerce Backend\node_modules\router\index.js:291:5)
    at cors (C:\Users\yosef\OneDrive\Desktop\NTI\Ecommerce Backend\node_modules\cors\lib\index.js:188:7)
    at C:\Users\yosef\OneDrive\Desktop\NTI\Ecommerce Backend\node_modules\cors\lib\index.js:224:17
    at origin (C:\Users\yosef\OneDrive\Desktop\NTI\Ecommerce Backend\middlewares\cors.middleware.js:8:11)
    at C:\Users\yosef\OneDrive\Desktop\NTI\Ecommerce Backend\node_modules\cors\lib\index.js:219:13
16-05-2026 22:32:49 |ERROR| Error | GET | /uploads/1778872286694-a.png : can't find /uploads/1778872286694-a.png 
Error: can't find /uploads/1778872286694-a.png
    at C:\Users\yosef\OneDrive\Desktop\NTI\Ecommerce Backend\server.js:29:7
    at Layer.handleRequest (C:\Users\yosef\OneDrive\Desktop\NTI\Ecommerce Backend\node_modules\router\lib\layer.js:152:17)
    at trimPrefix (C:\Users\yosef\OneDrive\Desktop\NTI\Ecommerce Backend\node_modules\router\index.js:342:13)
    at C:\Users\yosef\OneDrive\Desktop\NTI\Ecommerce Backend\node_modules\router\index.js:297:9
    at processParams (C:\Users\yosef\OneDrive\Desktop\NTI\Ecommerce Backend\node_modules\router\index.js:582:12)
    at next (C:\Users\yosef\OneDrive\Desktop\NTI\Ecommerce Backend\node_modules\router\index.js:291:5)
    at cors (C:\Users\yosef\OneDrive\Desktop\NTI\Ecommerce Backend\node_modules\cors\lib\index.js:188:7)
    at C:\Users\yosef\OneDrive\Desktop\NTI\Ecommerce Backend\node_modules\cors\lib\index.js:224:17
    at origin (C:\Users\yosef\OneDrive\Desktop\NTI\Ecommerce Backend\middlewares\cors.middleware.js:8:11)
    at C:\Users\yosef\OneDrive\Desktop\NTI\Ecommerce Backend\node_modules\cors\lib\index.js:219:13
16-05-2026 22:33:22 |ERROR| Error | PATCH | /api/v1/order/updateStatus/6a08c14ca81209b9bfb09b1e : Cannot move order from pending to shipped 
Error: Cannot move order from pending to shipped
    at C:\Users\yosef\OneDrive\Desktop\NTI\Ecommerce Backend\controller\order.controller.js:210:4
    at process.processTicksAndRejections (node:internal/process/task_queues:104:5)
16-05-2026 22:33:38 |ERROR| Error | GET | /uploads/1778872457977-a.png : can't find /uploads/1778872457977-a.png 
Error: can't find /uploads/1778872457977-a.png
    at C:\Users\yosef\OneDrive\Desktop\NTI\Ecommerce Backend\server.js:29:7
    at Layer.handleRequest (C:\Users\yosef\OneDrive\Desktop\NTI\Ecommerce Backend\node_modules\router\lib\layer.js:152:17)
    at trimPrefix (C:\Users\yosef\OneDrive\Desktop\NTI\Ecommerce Backend\node_modules\router\index.js:342:13)
    at C:\Users\yosef\OneDrive\Desktop\NTI\Ecommerce Backend\node_modules\router\index.js:297:9
    at processParams (C:\Users\yosef\OneDrive\Desktop\NTI\Ecommerce Backend\node_modules\router\index.js:582:12)
    at next (C:\Users\yosef\OneDrive\Desktop\NTI\Ecommerce Backend\node_modules\router\index.js:291:5)
    at cors (C:\Users\yosef\OneDrive\Desktop\NTI\Ecommerce Backend\node_modules\cors\lib\index.js:188:7)
    at C:\Users\yosef\OneDrive\Desktop\NTI\Ecommerce Backend\node_modules\cors\lib\index.js:224:17
    at origin (C:\Users\yosef\OneDrive\Desktop\NTI\Ecommerce Backend\middlewares\cors.middleware.js:8:11)
    at C:\Users\yosef\OneDrive\Desktop\NTI\Ecommerce Backend\node_modules\cors\lib\index.js:219:13
16-05-2026 22:33:38 |ERROR| Error | GET | /uploads/1778872430510-a.png : can't find /uploads/1778872430510-a.png 
Error: can't find /uploads/1778872430510-a.png
    at C:\Users\yosef\OneDrive\Desktop\NTI\Ecommerce Backend\server.js:29:7
    at Layer.handleRequest (C:\Users\yosef\OneDrive\Desktop\NTI\Ecommerce Backend\node_modules\router\lib\layer.js:152:17)
    at trimPrefix (C:\Users\yosef\OneDrive\Desktop\NTI\Ecommerce Backend\node_modules\router\index.js:342:13)
    at C:\Users\yosef\OneDrive\Desktop\NTI\Ecommerce Backend\node_modules\router\index.js:297:9
    at processParams (C:\Users\yosef\OneDrive\Desktop\NTI\Ecommerce Backend\node_modules\router\index.js:582:12)
    at next (C:\Users\yosef\OneDrive\Desktop\NTI\Ecommerce Backend\node_modules\router\index.js:291:5)
    at cors (C:\Users\yosef\OneDrive\Desktop\NTI\Ecommerce Backend\node_modules\cors\lib\index.js:188:7)
    at C:\Users\yosef\OneDrive\Desktop\NTI\Ecommerce Backend\node_modules\cors\lib\index.js:224:17
    at origin (C:\Users\yosef\OneDrive\Desktop\NTI\Ecommerce Backend\middlewares\cors.middleware.js:8:11)
    at C:\Users\yosef\OneDrive\Desktop\NTI\Ecommerce Backend\node_modules\cors\lib\index.js:219:13
16-05-2026 22:33:38 |ERROR| Error | GET | /uploads/1778872392281-a.png : can't find /uploads/1778872392281-a.png 
Error: can't find /uploads/1778872392281-a.png
    at C:\Users\yosef\OneDrive\Desktop\NTI\Ecommerce Backend\server.js:29:7
    at Layer.handleRequest (C:\Users\yosef\OneDrive\Desktop\NTI\Ecommerce Backend\node_modules\router\lib\layer.js:152:17)
    at trimPrefix (C:\Users\yosef\OneDrive\Desktop\NTI\Ecommerce Backend\node_modules\router\index.js:342:13)
    at C:\Users\yosef\OneDrive\Desktop\NTI\Ecommerce Backend\node_modules\router\index.js:297:9
    at processParams (C:\Users\yosef\OneDrive\Desktop\NTI\Ecommerce Backend\node_modules\router\index.js:582:12)
    at next (C:\Users\yosef\OneDrive\Desktop\NTI\Ecommerce Backend\node_modules\router\index.js:291:5)
    at cors (C:\Users\yosef\OneDrive\Desktop\NTI\Ecommerce Backend\node_modules\cors\lib\index.js:188:7)
    at C:\Users\yosef\OneDrive\Desktop\NTI\Ecommerce Backend\node_modules\cors\lib\index.js:224:17
    at origin (C:\Users\yosef\OneDrive\Desktop\NTI\Ecommerce Backend\middlewares\cors.middleware.js:8:11)
    at C:\Users\yosef\OneDrive\Desktop\NTI\Ecommerce Backend\node_modules\cors\lib\index.js:219:13
16-05-2026 22:33:38 |ERROR| Error | GET | /uploads/1778872286694-a.png : can't find /uploads/1778872286694-a.png 
Error: can't find /uploads/1778872286694-a.png
    at C:\Users\yosef\OneDrive\Desktop\NTI\Ecommerce Backend\server.js:29:7
    at Layer.handleRequest (C:\Users\yosef\OneDrive\Desktop\NTI\Ecommerce Backend\node_modules\router\lib\layer.js:152:17)
    at trimPrefix (C:\Users\yosef\OneDrive\Desktop\NTI\Ecommerce Backend\node_modules\router\index.js:342:13)
    at C:\Users\yosef\OneDrive\Desktop\NTI\Ecommerce Backend\node_modules\router\index.js:297:9
    at processParams (C:\Users\yosef\OneDrive\Desktop\NTI\Ecommerce Backend\node_modules\router\index.js:582:12)
    at next (C:\Users\yosef\OneDrive\Desktop\NTI\Ecommerce Backend\node_modules\router\index.js:291:5)
    at cors (C:\Users\yosef\OneDrive\Desktop\NTI\Ecommerce Backend\node_modules\cors\lib\index.js:188:7)
    at C:\Users\yosef\OneDrive\Desktop\NTI\Ecommerce Backend\node_modules\cors\lib\index.js:224:17
    at origin (C:\Users\yosef\OneDrive\Desktop\NTI\Ecommerce Backend\middlewares\cors.middleware.js:8:11)
    at C:\Users\yosef\OneDrive\Desktop\NTI\Ecommerce Backend\node_modules\cors\lib\index.js:219:13
16-05-2026 22:34:44 |ERROR| Error | PATCH | /api/v1/order/updateStatus/6a08bfbaa81209b9bfb09b19 : Cannot move order from received to cancelledByAdmin 
Error: Cannot move order from received to cancelledByAdmin
    at C:\Users\yosef\OneDrive\Desktop\NTI\Ecommerce Backend\controller\order.controller.js:210:4
    at process.processTicksAndRejections (node:internal/process/task_queues:104:5)
16-05-2026 22:34:48 |ERROR| Error | PATCH | /api/v1/order/updateStatus/6a08bfbaa81209b9bfb09b19 : Cannot move order from received to refused 
Error: Cannot move order from received to refused
    at C:\Users\yosef\OneDrive\Desktop\NTI\Ecommerce Backend\controller\order.controller.js:210:4
    at process.processTicksAndRejections (node:internal/process/task_queues:104:5)
16-05-2026 22:34:52 |ERROR| Error | PATCH | /api/v1/order/updateStatus/6a08bfbaa81209b9bfb09b19 : Cannot move order from received to received 
Error: Cannot move order from received to received
    at C:\Users\yosef\OneDrive\Desktop\NTI\Ecommerce Backend\controller\order.controller.js:210:4
    at process.processTicksAndRejections (node:internal/process/task_queues:104:5)
16-05-2026 22:35:28 |ERROR| Error | GET | /uploads/1778872457977-a.png : can't find /uploads/1778872457977-a.png 
Error: can't find /uploads/1778872457977-a.png
    at C:\Users\yosef\OneDrive\Desktop\NTI\Ecommerce Backend\server.js:29:7
    at Layer.handleRequest (C:\Users\yosef\OneDrive\Desktop\NTI\Ecommerce Backend\node_modules\router\lib\layer.js:152:17)
    at trimPrefix (C:\Users\yosef\OneDrive\Desktop\NTI\Ecommerce Backend\node_modules\router\index.js:342:13)
    at C:\Users\yosef\OneDrive\Desktop\NTI\Ecommerce Backend\node_modules\router\index.js:297:9
    at processParams (C:\Users\yosef\OneDrive\Desktop\NTI\Ecommerce Backend\node_modules\router\index.js:582:12)
    at next (C:\Users\yosef\OneDrive\Desktop\NTI\Ecommerce Backend\node_modules\router\index.js:291:5)
    at cors (C:\Users\yosef\OneDrive\Desktop\NTI\Ecommerce Backend\node_modules\cors\lib\index.js:188:7)
    at C:\Users\yosef\OneDrive\Desktop\NTI\Ecommerce Backend\node_modules\cors\lib\index.js:224:17
    at origin (C:\Users\yosef\OneDrive\Desktop\NTI\Ecommerce Backend\middlewares\cors.middleware.js:8:11)
    at C:\Users\yosef\OneDrive\Desktop\NTI\Ecommerce Backend\node_modules\cors\lib\index.js:219:13
16-05-2026 22:35:28 |ERROR| Error | GET | /uploads/1778872430510-a.png : can't find /uploads/1778872430510-a.png 
Error: can't find /uploads/1778872430510-a.png
    at C:\Users\yosef\OneDrive\Desktop\NTI\Ecommerce Backend\server.js:29:7
    at Layer.handleRequest (C:\Users\yosef\OneDrive\Desktop\NTI\Ecommerce Backend\node_modules\router\lib\layer.js:152:17)
    at trimPrefix (C:\Users\yosef\OneDrive\Desktop\NTI\Ecommerce Backend\node_modules\router\index.js:342:13)
    at C:\Users\yosef\OneDrive\Desktop\NTI\Ecommerce Backend\node_modules\router\index.js:297:9
    at processParams (C:\Users\yosef\OneDrive\Desktop\NTI\Ecommerce Backend\node_modules\router\index.js:582:12)
    at next (C:\Users\yosef\OneDrive\Desktop\NTI\Ecommerce Backend\node_modules\router\index.js:291:5)
    at cors (C:\Users\yosef\OneDrive\Desktop\NTI\Ecommerce Backend\node_modules\cors\lib\index.js:188:7)
    at C:\Users\yosef\OneDrive\Desktop\NTI\Ecommerce Backend\node_modules\cors\lib\index.js:224:17
    at origin (C:\Users\yosef\OneDrive\Desktop\NTI\Ecommerce Backend\middlewares\cors.middleware.js:8:11)
    at C:\Users\yosef\OneDrive\Desktop\NTI\Ecommerce Backend\node_modules\cors\lib\index.js:219:13
16-05-2026 22:35:28 |ERROR| Error | GET | /uploads/1778872392281-a.png : can't find /uploads/1778872392281-a.png 
Error: can't find /uploads/1778872392281-a.png
    at C:\Users\yosef\OneDrive\Desktop\NTI\Ecommerce Backend\server.js:29:7
    at Layer.handleRequest (C:\Users\yosef\OneDrive\Desktop\NTI\Ecommerce Backend\node_modules\router\lib\layer.js:152:17)
    at trimPrefix (C:\Users\yosef\OneDrive\Desktop\NTI\Ecommerce Backend\node_modules\router\index.js:342:13)
    at C:\Users\yosef\OneDrive\Desktop\NTI\Ecommerce Backend\node_modules\router\index.js:297:9
    at processParams (C:\Users\yosef\OneDrive\Desktop\NTI\Ecommerce Backend\node_modules\router\index.js:582:12)
    at next (C:\Users\yosef\OneDrive\Desktop\NTI\Ecommerce Backend\node_modules\router\index.js:291:5)
    at cors (C:\Users\yosef\OneDrive\Desktop\NTI\Ecommerce Backend\node_modules\cors\lib\index.js:188:7)
    at C:\Users\yosef\OneDrive\Desktop\NTI\Ecommerce Backend\node_modules\cors\lib\index.js:224:17
    at origin (C:\Users\yosef\OneDrive\Desktop\NTI\Ecommerce Backend\middlewares\cors.middleware.js:8:11)
    at C:\Users\yosef\OneDrive\Desktop\NTI\Ecommerce Backend\node_modules\cors\lib\index.js:219:13
16-05-2026 22:35:28 |ERROR| Error | GET | /uploads/1778872286694-a.png : can't find /uploads/1778872286694-a.png 
Error: can't find /uploads/1778872286694-a.png
    at C:\Users\yosef\OneDrive\Desktop\NTI\Ecommerce Backend\server.js:29:7
    at Layer.handleRequest (C:\Users\yosef\OneDrive\Desktop\NTI\Ecommerce Backend\node_modules\router\lib\layer.js:152:17)
    at trimPrefix (C:\Users\yosef\OneDrive\Desktop\NTI\Ecommerce Backend\node_modules\router\index.js:342:13)
    at C:\Users\yosef\OneDrive\Desktop\NTI\Ecommerce Backend\node_modules\router\index.js:297:9
    at processParams (C:\Users\yosef\OneDrive\Desktop\NTI\Ecommerce Backend\node_modules\router\index.js:582:12)
    at next (C:\Users\yosef\OneDrive\Desktop\NTI\Ecommerce Backend\node_modules\router\index.js:291:5)
    at cors (C:\Users\yosef\OneDrive\Desktop\NTI\Ecommerce Backend\node_modules\cors\lib\index.js:188:7)
    at C:\Users\yosef\OneDrive\Desktop\NTI\Ecommerce Backend\node_modules\cors\lib\index.js:224:17
    at origin (C:\Users\yosef\OneDrive\Desktop\NTI\Ecommerce Backend\middlewares\cors.middleware.js:8:11)
    at C:\Users\yosef\OneDrive\Desktop\NTI\Ecommerce Backend\node_modules\cors\lib\index.js:219:13
16-05-2026 22:39:35 |ERROR| Error | GET | /uploads/1778872483665-a.png : can't find /uploads/1778872483665-a.png 
Error: can't find /uploads/1778872483665-a.png
    at C:\Users\yosef\OneDrive\Desktop\NTI\Ecommerce Backend\server.js:29:7
    at Layer.handleRequest (C:\Users\yosef\OneDrive\Desktop\NTI\Ecommerce Backend\node_modules\router\lib\layer.js:152:17)
    at trimPrefix (C:\Users\yosef\OneDrive\Desktop\NTI\Ecommerce Backend\node_modules\router\index.js:342:13)
    at C:\Users\yosef\OneDrive\Desktop\NTI\Ecommerce Backend\node_modules\router\index.js:297:9
    at processParams (C:\Users\yosef\OneDrive\Desktop\NTI\Ecommerce Backend\node_modules\router\index.js:582:12)
    at next (C:\Users\yosef\OneDrive\Desktop\NTI\Ecommerce Backend\node_modules\router\index.js:291:5)
    at cors (C:\Users\yosef\OneDrive\Desktop\NTI\Ecommerce Backend\node_modules\cors\lib\index.js:188:7)
    at C:\Users\yosef\OneDrive\Desktop\NTI\Ecommerce Backend\node_modules\cors\lib\index.js:224:17
    at origin (C:\Users\yosef\OneDrive\Desktop\NTI\Ecommerce Backend\middlewares\cors.middleware.js:8:11)
    at C:\Users\yosef\OneDrive\Desktop\NTI\Ecommerce Backend\node_modules\cors\lib\index.js:219:13
16-05-2026 22:39:35 |ERROR| Error | GET | /uploads/1778872457977-a.png : can't find /uploads/1778872457977-a.png 
Error: can't find /uploads/1778872457977-a.png
    at C:\Users\yosef\OneDrive\Desktop\NTI\Ecommerce Backend\server.js:29:7
    at Layer.handleRequest (C:\Users\yosef\OneDrive\Desktop\NTI\Ecommerce Backend\node_modules\router\lib\layer.js:152:17)
    at trimPrefix (C:\Users\yosef\OneDrive\Desktop\NTI\Ecommerce Backend\node_modules\router\index.js:342:13)
    at C:\Users\yosef\OneDrive\Desktop\NTI\Ecommerce Backend\node_modules\router\index.js:297:9
    at processParams (C:\Users\yosef\OneDrive\Desktop\NTI\Ecommerce Backend\node_modules\router\index.js:582:12)
    at next (C:\Users\yosef\OneDrive\Desktop\NTI\Ecommerce Backend\node_modules\router\index.js:291:5)
    at cors (C:\Users\yosef\OneDrive\Desktop\NTI\Ecommerce Backend\node_modules\cors\lib\index.js:188:7)
    at C:\Users\yosef\OneDrive\Desktop\NTI\Ecommerce Backend\node_modules\cors\lib\index.js:224:17
    at origin (C:\Users\yosef\OneDrive\Desktop\NTI\Ecommerce Backend\middlewares\cors.middleware.js:8:11)
    at C:\Users\yosef\OneDrive\Desktop\NTI\Ecommerce Backend\node_modules\cors\lib\index.js:219:13
16-05-2026 22:39:35 |ERROR| Error | GET | /uploads/1778872430510-a.png : can't find /uploads/1778872430510-a.png 
Error: can't find /uploads/1778872430510-a.png
    at C:\Users\yosef\OneDrive\Desktop\NTI\Ecommerce Backend\server.js:29:7
    at Layer.handleRequest (C:\Users\yosef\OneDrive\Desktop\NTI\Ecommerce Backend\node_modules\router\lib\layer.js:152:17)
    at trimPrefix (C:\Users\yosef\OneDrive\Desktop\NTI\Ecommerce Backend\node_modules\router\index.js:342:13)
    at C:\Users\yosef\OneDrive\Desktop\NTI\Ecommerce Backend\node_modules\router\index.js:297:9
    at processParams (C:\Users\yosef\OneDrive\Desktop\NTI\Ecommerce Backend\node_modules\router\index.js:582:12)
    at next (C:\Users\yosef\OneDrive\Desktop\NTI\Ecommerce Backend\node_modules\router\index.js:291:5)
    at cors (C:\Users\yosef\OneDrive\Desktop\NTI\Ecommerce Backend\node_modules\cors\lib\index.js:188:7)
    at C:\Users\yosef\OneDrive\Desktop\NTI\Ecommerce Backend\node_modules\cors\lib\index.js:224:17
    at origin (C:\Users\yosef\OneDrive\Desktop\NTI\Ecommerce Backend\middlewares\cors.middleware.js:8:11)
    at C:\Users\yosef\OneDrive\Desktop\NTI\Ecommerce Backend\node_modules\cors\lib\index.js:219:13
16-05-2026 22:39:35 |ERROR| Error | GET | /uploads/1778872392281-a.png : can't find /uploads/1778872392281-a.png 
Error: can't find /uploads/1778872392281-a.png
    at C:\Users\yosef\OneDrive\Desktop\NTI\Ecommerce Backend\server.js:29:7
    at Layer.handleRequest (C:\Users\yosef\OneDrive\Desktop\NTI\Ecommerce Backend\node_modules\router\lib\layer.js:152:17)
    at trimPrefix (C:\Users\yosef\OneDrive\Desktop\NTI\Ecommerce Backend\node_modules\router\index.js:342:13)
    at C:\Users\yosef\OneDrive\Desktop\NTI\Ecommerce Backend\node_modules\router\index.js:297:9
    at processParams (C:\Users\yosef\OneDrive\Desktop\NTI\Ecommerce Backend\node_modules\router\index.js:582:12)
    at next (C:\Users\yosef\OneDrive\Desktop\NTI\Ecommerce Backend\node_modules\router\index.js:291:5)
    at cors (C:\Users\yosef\OneDrive\Desktop\NTI\Ecommerce Backend\node_modules\cors\lib\index.js:188:7)
    at C:\Users\yosef\OneDrive\Desktop\NTI\Ecommerce Backend\node_modules\cors\lib\index.js:224:17
    at origin (C:\Users\yosef\OneDrive\Desktop\NTI\Ecommerce Backend\middlewares\cors.middleware.js:8:11)
    at C:\Users\yosef\OneDrive\Desktop\NTI\Ecommerce Backend\node_modules\cors\lib\index.js:219:13
16-05-2026 22:39:40 |ERROR| Error | GET | /uploads/1778872483665-a.png : can't find /uploads/1778872483665-a.png 
Error: can't find /uploads/1778872483665-a.png
    at C:\Users\yosef\OneDrive\Desktop\NTI\Ecommerce Backend\server.js:29:7
    at Layer.handleRequest (C:\Users\yosef\OneDrive\Desktop\NTI\Ecommerce Backend\node_modules\router\lib\layer.js:152:17)
    at trimPrefix (C:\Users\yosef\OneDrive\Desktop\NTI\Ecommerce Backend\node_modules\router\index.js:342:13)
    at C:\Users\yosef\OneDrive\Desktop\NTI\Ecommerce Backend\node_modules\router\index.js:297:9
    at processParams (C:\Users\yosef\OneDrive\Desktop\NTI\Ecommerce Backend\node_modules\router\index.js:582:12)
    at next (C:\Users\yosef\OneDrive\Desktop\NTI\Ecommerce Backend\node_modules\router\index.js:291:5)
    at cors (C:\Users\yosef\OneDrive\Desktop\NTI\Ecommerce Backend\node_modules\cors\lib\index.js:188:7)
    at C:\Users\yosef\OneDrive\Desktop\NTI\Ecommerce Backend\node_modules\cors\lib\index.js:224:17
    at origin (C:\Users\yosef\OneDrive\Desktop\NTI\Ecommerce Backend\middlewares\cors.middleware.js:8:11)
    at C:\Users\yosef\OneDrive\Desktop\NTI\Ecommerce Backend\node_modules\cors\lib\index.js:219:13
16-05-2026 22:39:40 |ERROR| Error | GET | /uploads/1778872457977-a.png : can't find /uploads/1778872457977-a.png 
Error: can't find /uploads/1778872457977-a.png
    at C:\Users\yosef\OneDrive\Desktop\NTI\Ecommerce Backend\server.js:29:7
    at Layer.handleRequest (C:\Users\yosef\OneDrive\Desktop\NTI\Ecommerce Backend\node_modules\router\lib\layer.js:152:17)
    at trimPrefix (C:\Users\yosef\OneDrive\Desktop\NTI\Ecommerce Backend\node_modules\router\index.js:342:13)
    at C:\Users\yosef\OneDrive\Desktop\NTI\Ecommerce Backend\node_modules\router\index.js:297:9
    at processParams (C:\Users\yosef\OneDrive\Desktop\NTI\Ecommerce Backend\node_modules\router\index.js:582:12)
    at next (C:\Users\yosef\OneDrive\Desktop\NTI\Ecommerce Backend\node_modules\router\index.js:291:5)
    at cors (C:\Users\yosef\OneDrive\Desktop\NTI\Ecommerce Backend\node_modules\cors\lib\index.js:188:7)
    at C:\Users\yosef\OneDrive\Desktop\NTI\Ecommerce Backend\node_modules\cors\lib\index.js:224:17
    at origin (C:\Users\yosef\OneDrive\Desktop\NTI\Ecommerce Backend\middlewares\cors.middleware.js:8:11)
    at C:\Users\yosef\OneDrive\Desktop\NTI\Ecommerce Backend\node_modules\cors\lib\index.js:219:13
16-05-2026 22:39:40 |ERROR| Error | GET | /uploads/1778872430510-a.png : can't find /uploads/1778872430510-a.png 
Error: can't find /uploads/1778872430510-a.png
    at C:\Users\yosef\OneDrive\Desktop\NTI\Ecommerce Backend\server.js:29:7
    at Layer.handleRequest (C:\Users\yosef\OneDrive\Desktop\NTI\Ecommerce Backend\node_modules\router\lib\layer.js:152:17)
    at trimPrefix (C:\Users\yosef\OneDrive\Desktop\NTI\Ecommerce Backend\node_modules\router\index.js:342:13)
    at C:\Users\yosef\OneDrive\Desktop\NTI\Ecommerce Backend\node_modules\router\index.js:297:9
    at processParams (C:\Users\yosef\OneDrive\Desktop\NTI\Ecommerce Backend\node_modules\router\index.js:582:12)
    at next (C:\Users\yosef\OneDrive\Desktop\NTI\Ecommerce Backend\node_modules\router\index.js:291:5)
    at cors (C:\Users\yosef\OneDrive\Desktop\NTI\Ecommerce Backend\node_modules\cors\lib\index.js:188:7)
    at C:\Users\yosef\OneDrive\Desktop\NTI\Ecommerce Backend\node_modules\cors\lib\index.js:224:17
    at origin (C:\Users\yosef\OneDrive\Desktop\NTI\Ecommerce Backend\middlewares\cors.middleware.js:8:11)
    at C:\Users\yosef\OneDrive\Desktop\NTI\Ecommerce Backend\node_modules\cors\lib\index.js:219:13
16-05-2026 22:39:40 |ERROR| Error | GET | /uploads/1778872392281-a.png : can't find /uploads/1778872392281-a.png 
Error: can't find /uploads/1778872392281-a.png
    at C:\Users\yosef\OneDrive\Desktop\NTI\Ecommerce Backend\server.js:29:7
    at Layer.handleRequest (C:\Users\yosef\OneDrive\Desktop\NTI\Ecommerce Backend\node_modules\router\lib\layer.js:152:17)
    at trimPrefix (C:\Users\yosef\OneDrive\Desktop\NTI\Ecommerce Backend\node_modules\router\index.js:342:13)
    at C:\Users\yosef\OneDrive\Desktop\NTI\Ecommerce Backend\node_modules\router\index.js:297:9
    at processParams (C:\Users\yosef\OneDrive\Desktop\NTI\Ecommerce Backend\node_modules\router\index.js:582:12)
    at next (C:\Users\yosef\OneDrive\Desktop\NTI\Ecommerce Backend\node_modules\router\index.js:291:5)
    at cors (C:\Users\yosef\OneDrive\Desktop\NTI\Ecommerce Backend\node_modules\cors\lib\index.js:188:7)
    at C:\Users\yosef\OneDrive\Desktop\NTI\Ecommerce Backend\node_modules\cors\lib\index.js:224:17
    at origin (C:\Users\yosef\OneDrive\Desktop\NTI\Ecommerce Backend\middlewares\cors.middleware.js:8:11)
    at C:\Users\yosef\OneDrive\Desktop\NTI\Ecommerce Backend\node_modules\cors\lib\index.js:219:13
16-05-2026 22:42:22 |ERROR| Error | GET | /uploads/1778872483665-a.png : can't find /uploads/1778872483665-a.png 
Error: can't find /uploads/1778872483665-a.png
    at C:\Users\yosef\OneDrive\Desktop\NTI\Ecommerce Backend\server.js:29:7
    at Layer.handleRequest (C:\Users\yosef\OneDrive\Desktop\NTI\Ecommerce Backend\node_modules\router\lib\layer.js:152:17)
    at trimPrefix (C:\Users\yosef\OneDrive\Desktop\NTI\Ecommerce Backend\node_modules\router\index.js:342:13)
    at C:\Users\yosef\OneDrive\Desktop\NTI\Ecommerce Backend\node_modules\router\index.js:297:9
    at processParams (C:\Users\yosef\OneDrive\Desktop\NTI\Ecommerce Backend\node_modules\router\index.js:582:12)
    at next (C:\Users\yosef\OneDrive\Desktop\NTI\Ecommerce Backend\node_modules\router\index.js:291:5)
    at cors (C:\Users\yosef\OneDrive\Desktop\NTI\Ecommerce Backend\node_modules\cors\lib\index.js:188:7)
    at C:\Users\yosef\OneDrive\Desktop\NTI\Ecommerce Backend\node_modules\cors\lib\index.js:224:17
    at origin (C:\Users\yosef\OneDrive\Desktop\NTI\Ecommerce Backend\middlewares\cors.middleware.js:8:11)
    at C:\Users\yosef\OneDrive\Desktop\NTI\Ecommerce Backend\node_modules\cors\lib\index.js:219:13
16-05-2026 22:42:22 |ERROR| Error | GET | /uploads/1778872457977-a.png : can't find /uploads/1778872457977-a.png 
Error: can't find /uploads/1778872457977-a.png
    at C:\Users\yosef\OneDrive\Desktop\NTI\Ecommerce Backend\server.js:29:7
    at Layer.handleRequest (C:\Users\yosef\OneDrive\Desktop\NTI\Ecommerce Backend\node_modules\router\lib\layer.js:152:17)
    at trimPrefix (C:\Users\yosef\OneDrive\Desktop\NTI\Ecommerce Backend\node_modules\router\index.js:342:13)
    at C:\Users\yosef\OneDrive\Desktop\NTI\Ecommerce Backend\node_modules\router\index.js:297:9
    at processParams (C:\Users\yosef\OneDrive\Desktop\NTI\Ecommerce Backend\node_modules\router\index.js:582:12)
    at next (C:\Users\yosef\OneDrive\Desktop\NTI\Ecommerce Backend\node_modules\router\index.js:291:5)
    at cors (C:\Users\yosef\OneDrive\Desktop\NTI\Ecommerce Backend\node_modules\cors\lib\index.js:188:7)
    at C:\Users\yosef\OneDrive\Desktop\NTI\Ecommerce Backend\node_modules\cors\lib\index.js:224:17
    at origin (C:\Users\yosef\OneDrive\Desktop\NTI\Ecommerce Backend\middlewares\cors.middleware.js:8:11)
    at C:\Users\yosef\OneDrive\Desktop\NTI\Ecommerce Backend\node_modules\cors\lib\index.js:219:13
16-05-2026 22:42:22 |ERROR| Error | GET | /uploads/1778872430510-a.png : can't find /uploads/1778872430510-a.png 
Error: can't find /uploads/1778872430510-a.png
    at C:\Users\yosef\OneDrive\Desktop\NTI\Ecommerce Backend\server.js:29:7
    at Layer.handleRequest (C:\Users\yosef\OneDrive\Desktop\NTI\Ecommerce Backend\node_modules\router\lib\layer.js:152:17)
    at trimPrefix (C:\Users\yosef\OneDrive\Desktop\NTI\Ecommerce Backend\node_modules\router\index.js:342:13)
    at C:\Users\yosef\OneDrive\Desktop\NTI\Ecommerce Backend\node_modules\router\index.js:297:9
    at processParams (C:\Users\yosef\OneDrive\Desktop\NTI\Ecommerce Backend\node_modules\router\index.js:582:12)
    at next (C:\Users\yosef\OneDrive\Desktop\NTI\Ecommerce Backend\node_modules\router\index.js:291:5)
    at cors (C:\Users\yosef\OneDrive\Desktop\NTI\Ecommerce Backend\node_modules\cors\lib\index.js:188:7)
    at C:\Users\yosef\OneDrive\Desktop\NTI\Ecommerce Backend\node_modules\cors\lib\index.js:224:17
    at origin (C:\Users\yosef\OneDrive\Desktop\NTI\Ecommerce Backend\middlewares\cors.middleware.js:8:11)
    at C:\Users\yosef\OneDrive\Desktop\NTI\Ecommerce Backend\node_modules\cors\lib\index.js:219:13
16-05-2026 22:42:22 |ERROR| Error | GET | /uploads/1778872392281-a.png : can't find /uploads/1778872392281-a.png 
Error: can't find /uploads/1778872392281-a.png
    at C:\Users\yosef\OneDrive\Desktop\NTI\Ecommerce Backend\server.js:29:7
    at Layer.handleRequest (C:\Users\yosef\OneDrive\Desktop\NTI\Ecommerce Backend\node_modules\router\lib\layer.js:152:17)
    at trimPrefix (C:\Users\yosef\OneDrive\Desktop\NTI\Ecommerce Backend\node_modules\router\index.js:342:13)
    at C:\Users\yosef\OneDrive\Desktop\NTI\Ecommerce Backend\node_modules\router\index.js:297:9
    at processParams (C:\Users\yosef\OneDrive\Desktop\NTI\Ecommerce Backend\node_modules\router\index.js:582:12)
    at next (C:\Users\yosef\OneDrive\Desktop\NTI\Ecommerce Backend\node_modules\router\index.js:291:5)
    at cors (C:\Users\yosef\OneDrive\Desktop\NTI\Ecommerce Backend\node_modules\cors\lib\index.js:188:7)
    at C:\Users\yosef\OneDrive\Desktop\NTI\Ecommerce Backend\node_modules\cors\lib\index.js:224:17
    at origin (C:\Users\yosef\OneDrive\Desktop\NTI\Ecommerce Backend\middlewares\cors.middleware.js:8:11)
    at C:\Users\yosef\OneDrive\Desktop\NTI\Ecommerce Backend\node_modules\cors\lib\index.js:219:13
16-05-2026 22:42:51 |ERROR| Error | GET | /uploads/1778872483665-a.png : can't find /uploads/1778872483665-a.png 
Error: can't find /uploads/1778872483665-a.png
    at C:\Users\yosef\OneDrive\Desktop\NTI\Ecommerce Backend\server.js:29:7
    at Layer.handleRequest (C:\Users\yosef\OneDrive\Desktop\NTI\Ecommerce Backend\node_modules\router\lib\layer.js:152:17)
    at trimPrefix (C:\Users\yosef\OneDrive\Desktop\NTI\Ecommerce Backend\node_modules\router\index.js:342:13)
    at C:\Users\yosef\OneDrive\Desktop\NTI\Ecommerce Backend\node_modules\router\index.js:297:9
    at processParams (C:\Users\yosef\OneDrive\Desktop\NTI\Ecommerce Backend\node_modules\router\index.js:582:12)
    at next (C:\Users\yosef\OneDrive\Desktop\NTI\Ecommerce Backend\node_modules\router\index.js:291:5)
    at cors (C:\Users\yosef\OneDrive\Desktop\NTI\Ecommerce Backend\node_modules\cors\lib\index.js:188:7)
    at C:\Users\yosef\OneDrive\Desktop\NTI\Ecommerce Backend\node_modules\cors\lib\index.js:224:17
    at origin (C:\Users\yosef\OneDrive\Desktop\NTI\Ecommerce Backend\middlewares\cors.middleware.js:8:11)
    at C:\Users\yosef\OneDrive\Desktop\NTI\Ecommerce Backend\node_modules\cors\lib\index.js:219:13
16-05-2026 22:42:51 |ERROR| Error | GET | /uploads/1778872457977-a.png : can't find /uploads/1778872457977-a.png 
Error: can't find /uploads/1778872457977-a.png
    at C:\Users\yosef\OneDrive\Desktop\NTI\Ecommerce Backend\server.js:29:7
    at Layer.handleRequest (C:\Users\yosef\OneDrive\Desktop\NTI\Ecommerce Backend\node_modules\router\lib\layer.js:152:17)
    at trimPrefix (C:\Users\yosef\OneDrive\Desktop\NTI\Ecommerce Backend\node_modules\router\index.js:342:13)
    at C:\Users\yosef\OneDrive\Desktop\NTI\Ecommerce Backend\node_modules\router\index.js:297:9
    at processParams (C:\Users\yosef\OneDrive\Desktop\NTI\Ecommerce Backend\node_modules\router\index.js:582:12)
    at next (C:\Users\yosef\OneDrive\Desktop\NTI\Ecommerce Backend\node_modules\router\index.js:291:5)
    at cors (C:\Users\yosef\OneDrive\Desktop\NTI\Ecommerce Backend\node_modules\cors\lib\index.js:188:7)
    at C:\Users\yosef\OneDrive\Desktop\NTI\Ecommerce Backend\node_modules\cors\lib\index.js:224:17
    at origin (C:\Users\yosef\OneDrive\Desktop\NTI\Ecommerce Backend\middlewares\cors.middleware.js:8:11)
    at C:\Users\yosef\OneDrive\Desktop\NTI\Ecommerce Backend\node_modules\cors\lib\index.js:219:13
16-05-2026 22:42:51 |ERROR| Error | GET | /uploads/1778872430510-a.png : can't find /uploads/1778872430510-a.png 
Error: can't find /uploads/1778872430510-a.png
    at C:\Users\yosef\OneDrive\Desktop\NTI\Ecommerce Backend\server.js:29:7
    at Layer.handleRequest (C:\Users\yosef\OneDrive\Desktop\NTI\Ecommerce Backend\node_modules\router\lib\layer.js:152:17)
    at trimPrefix (C:\Users\yosef\OneDrive\Desktop\NTI\Ecommerce Backend\node_modules\router\index.js:342:13)
    at C:\Users\yosef\OneDrive\Desktop\NTI\Ecommerce Backend\node_modules\router\index.js:297:9
    at processParams (C:\Users\yosef\OneDrive\Desktop\NTI\Ecommerce Backend\node_modules\router\index.js:582:12)
    at next (C:\Users\yosef\OneDrive\Desktop\NTI\Ecommerce Backend\node_modules\router\index.js:291:5)
    at cors (C:\Users\yosef\OneDrive\Desktop\NTI\Ecommerce Backend\node_modules\cors\lib\index.js:188:7)
    at C:\Users\yosef\OneDrive\Desktop\NTI\Ecommerce Backend\node_modules\cors\lib\index.js:224:17
    at origin (C:\Users\yosef\OneDrive\Desktop\NTI\Ecommerce Backend\middlewares\cors.middleware.js:8:11)
    at C:\Users\yosef\OneDrive\Desktop\NTI\Ecommerce Backend\node_modules\cors\lib\index.js:219:13
16-05-2026 22:42:51 |ERROR| Error | GET | /uploads/1778872483665-a.png : can't find /uploads/1778872483665-a.png 
Error: can't find /uploads/1778872483665-a.png
    at C:\Users\yosef\OneDrive\Desktop\NTI\Ecommerce Backend\server.js:29:7
    at Layer.handleRequest (C:\Users\yosef\OneDrive\Desktop\NTI\Ecommerce Backend\node_modules\router\lib\layer.js:152:17)
    at trimPrefix (C:\Users\yosef\OneDrive\Desktop\NTI\Ecommerce Backend\node_modules\router\index.js:342:13)
    at C:\Users\yosef\OneDrive\Desktop\NTI\Ecommerce Backend\node_modules\router\index.js:297:9
    at processParams (C:\Users\yosef\OneDrive\Desktop\NTI\Ecommerce Backend\node_modules\router\index.js:582:12)
    at next (C:\Users\yosef\OneDrive\Desktop\NTI\Ecommerce Backend\node_modules\router\index.js:291:5)
    at cors (C:\Users\yosef\OneDrive\Desktop\NTI\Ecommerce Backend\node_modules\cors\lib\index.js:188:7)
    at C:\Users\yosef\OneDrive\Desktop\NTI\Ecommerce Backend\node_modules\cors\lib\index.js:224:17
    at origin (C:\Users\yosef\OneDrive\Desktop\NTI\Ecommerce Backend\middlewares\cors.middleware.js:8:11)
    at C:\Users\yosef\OneDrive\Desktop\NTI\Ecommerce Backend\node_modules\cors\lib\index.js:219:13
16-05-2026 22:42:51 |ERROR| Error | GET | /uploads/1778872392281-a.png : can't find /uploads/1778872392281-a.png 
Error: can't find /uploads/1778872392281-a.png
    at C:\Users\yosef\OneDrive\Desktop\NTI\Ecommerce Backend\server.js:29:7
    at Layer.handleRequest (C:\Users\yosef\OneDrive\Desktop\NTI\Ecommerce Backend\node_modules\router\lib\layer.js:152:17)
    at trimPrefix (C:\Users\yosef\OneDrive\Desktop\NTI\Ecommerce Backend\node_modules\router\index.js:342:13)
    at C:\Users\yosef\OneDrive\Desktop\NTI\Ecommerce Backend\node_modules\router\index.js:297:9
    at processParams (C:\Users\yosef\OneDrive\Desktop\NTI\Ecommerce Backend\node_modules\router\index.js:582:12)
    at next (C:\Users\yosef\OneDrive\Desktop\NTI\Ecommerce Backend\node_modules\router\index.js:291:5)
    at cors (C:\Users\yosef\OneDrive\Desktop\NTI\Ecommerce Backend\node_modules\cors\lib\index.js:188:7)
    at C:\Users\yosef\OneDrive\Desktop\NTI\Ecommerce Backend\node_modules\cors\lib\index.js:224:17
    at origin (C:\Users\yosef\OneDrive\Desktop\NTI\Ecommerce Backend\middlewares\cors.middleware.js:8:11)
    at C:\Users\yosef\OneDrive\Desktop\NTI\Ecommerce Backend\node_modules\cors\lib\index.js:219:13
16-05-2026 22:42:51 |ERROR| Error | GET | /uploads/1778872457977-a.png : can't find /uploads/1778872457977-a.png 
Error: can't find /uploads/1778872457977-a.png
    at C:\Users\yosef\OneDrive\Desktop\NTI\Ecommerce Backend\server.js:29:7
    at Layer.handleRequest (C:\Users\yosef\OneDrive\Desktop\NTI\Ecommerce Backend\node_modules\router\lib\layer.js:152:17)
    at trimPrefix (C:\Users\yosef\OneDrive\Desktop\NTI\Ecommerce Backend\node_modules\router\index.js:342:13)
    at C:\Users\yosef\OneDrive\Desktop\NTI\Ecommerce Backend\node_modules\router\index.js:297:9
    at processParams (C:\Users\yosef\OneDrive\Desktop\NTI\Ecommerce Backend\node_modules\router\index.js:582:12)
    at next (C:\Users\yosef\OneDrive\Desktop\NTI\Ecommerce Backend\node_modules\router\index.js:291:5)
    at cors (C:\Users\yosef\OneDrive\Desktop\NTI\Ecommerce Backend\node_modules\cors\lib\index.js:188:7)
    at C:\Users\yosef\OneDrive\Desktop\NTI\Ecommerce Backend\node_modules\cors\lib\index.js:224:17
    at origin (C:\Users\yosef\OneDrive\Desktop\NTI\Ecommerce Backend\middlewares\cors.middleware.js:8:11)
    at C:\Users\yosef\OneDrive\Desktop\NTI\Ecommerce Backend\node_modules\cors\lib\index.js:219:13
16-05-2026 22:42:51 |ERROR| Error | GET | /uploads/1778872430510-a.png : can't find /uploads/1778872430510-a.png 
Error: can't find /uploads/1778872430510-a.png
    at C:\Users\yosef\OneDrive\Desktop\NTI\Ecommerce Backend\server.js:29:7
    at Layer.handleRequest (C:\Users\yosef\OneDrive\Desktop\NTI\Ecommerce Backend\node_modules\router\lib\layer.js:152:17)
    at trimPrefix (C:\Users\yosef\OneDrive\Desktop\NTI\Ecommerce Backend\node_modules\router\index.js:342:13)
    at C:\Users\yosef\OneDrive\Desktop\NTI\Ecommerce Backend\node_modules\router\index.js:297:9
    at processParams (C:\Users\yosef\OneDrive\Desktop\NTI\Ecommerce Backend\node_modules\router\index.js:582:12)
    at next (C:\Users\yosef\OneDrive\Desktop\NTI\Ecommerce Backend\node_modules\router\index.js:291:5)
    at cors (C:\Users\yosef\OneDrive\Desktop\NTI\Ecommerce Backend\node_modules\cors\lib\index.js:188:7)
    at C:\Users\yosef\OneDrive\Desktop\NTI\Ecommerce Backend\node_modules\cors\lib\index.js:224:17
    at origin (C:\Users\yosef\OneDrive\Desktop\NTI\Ecommerce Backend\middlewares\cors.middleware.js:8:11)
    at C:\Users\yosef\OneDrive\Desktop\NTI\Ecommerce Backend\node_modules\cors\lib\index.js:219:13
16-05-2026 22:42:51 |ERROR| Error | GET | /uploads/1778872392281-a.png : can't find /uploads/1778872392281-a.png 
Error: can't find /uploads/1778872392281-a.png
    at C:\Users\yosef\OneDrive\Desktop\NTI\Ecommerce Backend\server.js:29:7
    at Layer.handleRequest (C:\Users\yosef\OneDrive\Desktop\NTI\Ecommerce Backend\node_modules\router\lib\layer.js:152:17)
    at trimPrefix (C:\Users\yosef\OneDrive\Desktop\NTI\Ecommerce Backend\node_modules\router\index.js:342:13)
    at C:\Users\yosef\OneDrive\Desktop\NTI\Ecommerce Backend\node_modules\router\index.js:297:9
    at processParams (C:\Users\yosef\OneDrive\Desktop\NTI\Ecommerce Backend\node_modules\router\index.js:582:12)
    at next (C:\Users\yosef\OneDrive\Desktop\NTI\Ecommerce Backend\node_modules\router\index.js:291:5)
    at cors (C:\Users\yosef\OneDrive\Desktop\NTI\Ecommerce Backend\node_modules\cors\lib\index.js:188:7)
    at C:\Users\yosef\OneDrive\Desktop\NTI\Ecommerce Backend\node_modules\cors\lib\index.js:224:17
    at origin (C:\Users\yosef\OneDrive\Desktop\NTI\Ecommerce Backend\middlewares\cors.middleware.js:8:11)
    at C:\Users\yosef\OneDrive\Desktop\NTI\Ecommerce Backend\node_modules\cors\lib\index.js:219:13
16-05-2026 22:43:14 |ERROR| Error | GET | /uploads/1778872483665-a.png : can't find /uploads/1778872483665-a.png 
Error: can't find /uploads/1778872483665-a.png
    at C:\Users\yosef\OneDrive\Desktop\NTI\Ecommerce Backend\server.js:29:7
    at Layer.handleRequest (C:\Users\yosef\OneDrive\Desktop\NTI\Ecommerce Backend\node_modules\router\lib\layer.js:152:17)
    at trimPrefix (C:\Users\yosef\OneDrive\Desktop\NTI\Ecommerce Backend\node_modules\router\index.js:342:13)
    at C:\Users\yosef\OneDrive\Desktop\NTI\Ecommerce Backend\node_modules\router\index.js:297:9
    at processParams (C:\Users\yosef\OneDrive\Desktop\NTI\Ecommerce Backend\node_modules\router\index.js:582:12)
    at next (C:\Users\yosef\OneDrive\Desktop\NTI\Ecommerce Backend\node_modules\router\index.js:291:5)
    at cors (C:\Users\yosef\OneDrive\Desktop\NTI\Ecommerce Backend\node_modules\cors\lib\index.js:188:7)
    at C:\Users\yosef\OneDrive\Desktop\NTI\Ecommerce Backend\node_modules\cors\lib\index.js:224:17
    at origin (C:\Users\yosef\OneDrive\Desktop\NTI\Ecommerce Backend\middlewares\cors.middleware.js:8:11)
    at C:\Users\yosef\OneDrive\Desktop\NTI\Ecommerce Backend\node_modules\cors\lib\index.js:219:13
16-05-2026 22:43:14 |ERROR| Error | GET | /uploads/1778872457977-a.png : can't find /uploads/1778872457977-a.png 
Error: can't find /uploads/1778872457977-a.png
    at C:\Users\yosef\OneDrive\Desktop\NTI\Ecommerce Backend\server.js:29:7
    at Layer.handleRequest (C:\Users\yosef\OneDrive\Desktop\NTI\Ecommerce Backend\node_modules\router\lib\layer.js:152:17)
    at trimPrefix (C:\Users\yosef\OneDrive\Desktop\NTI\Ecommerce Backend\node_modules\router\index.js:342:13)
    at C:\Users\yosef\OneDrive\Desktop\NTI\Ecommerce Backend\node_modules\router\index.js:297:9
    at processParams (C:\Users\yosef\OneDrive\Desktop\NTI\Ecommerce Backend\node_modules\router\index.js:582:12)
    at next (C:\Users\yosef\OneDrive\Desktop\NTI\Ecommerce Backend\node_modules\router\index.js:291:5)
    at cors (C:\Users\yosef\OneDrive\Desktop\NTI\Ecommerce Backend\node_modules\cors\lib\index.js:188:7)
    at C:\Users\yosef\OneDrive\Desktop\NTI\Ecommerce Backend\node_modules\cors\lib\index.js:224:17
    at origin (C:\Users\yosef\OneDrive\Desktop\NTI\Ecommerce Backend\middlewares\cors.middleware.js:8:11)
    at C:\Users\yosef\OneDrive\Desktop\NTI\Ecommerce Backend\node_modules\cors\lib\index.js:219:13
16-05-2026 22:43:14 |ERROR| Error | GET | /uploads/1778872430510-a.png : can't find /uploads/1778872430510-a.png 
Error: can't find /uploads/1778872430510-a.png
    at C:\Users\yosef\OneDrive\Desktop\NTI\Ecommerce Backend\server.js:29:7
    at Layer.handleRequest (C:\Users\yosef\OneDrive\Desktop\NTI\Ecommerce Backend\node_modules\router\lib\layer.js:152:17)
    at trimPrefix (C:\Users\yosef\OneDrive\Desktop\NTI\Ecommerce Backend\node_modules\router\index.js:342:13)
    at C:\Users\yosef\OneDrive\Desktop\NTI\Ecommerce Backend\node_modules\router\index.js:297:9
    at processParams (C:\Users\yosef\OneDrive\Desktop\NTI\Ecommerce Backend\node_modules\router\index.js:582:12)
    at next (C:\Users\yosef\OneDrive\Desktop\NTI\Ecommerce Backend\node_modules\router\index.js:291:5)
    at cors (C:\Users\yosef\OneDrive\Desktop\NTI\Ecommerce Backend\node_modules\cors\lib\index.js:188:7)
    at C:\Users\yosef\OneDrive\Desktop\NTI\Ecommerce Backend\node_modules\cors\lib\index.js:224:17
    at origin (C:\Users\yosef\OneDrive\Desktop\NTI\Ecommerce Backend\middlewares\cors.middleware.js:8:11)
    at C:\Users\yosef\OneDrive\Desktop\NTI\Ecommerce Backend\node_modules\cors\lib\index.js:219:13
16-05-2026 22:43:14 |ERROR| Error | GET | /uploads/1778872392281-a.png : can't find /uploads/1778872392281-a.png 
Error: can't find /uploads/1778872392281-a.png
    at C:\Users\yosef\OneDrive\Desktop\NTI\Ecommerce Backend\server.js:29:7
    at Layer.handleRequest (C:\Users\yosef\OneDrive\Desktop\NTI\Ecommerce Backend\node_modules\router\lib\layer.js:152:17)
    at trimPrefix (C:\Users\yosef\OneDrive\Desktop\NTI\Ecommerce Backend\node_modules\router\index.js:342:13)
    at C:\Users\yosef\OneDrive\Desktop\NTI\Ecommerce Backend\node_modules\router\index.js:297:9
    at processParams (C:\Users\yosef\OneDrive\Desktop\NTI\Ecommerce Backend\node_modules\router\index.js:582:12)
    at next (C:\Users\yosef\OneDrive\Desktop\NTI\Ecommerce Backend\node_modules\router\index.js:291:5)
    at cors (C:\Users\yosef\OneDrive\Desktop\NTI\Ecommerce Backend\node_modules\cors\lib\index.js:188:7)
    at C:\Users\yosef\OneDrive\Desktop\NTI\Ecommerce Backend\node_modules\cors\lib\index.js:224:17
    at origin (C:\Users\yosef\OneDrive\Desktop\NTI\Ecommerce Backend\middlewares\cors.middleware.js:8:11)
    at C:\Users\yosef\OneDrive\Desktop\NTI\Ecommerce Backend\node_modules\cors\lib\index.js:219:13
16-05-2026 22:43:43 |ERROR| Error | GET | /uploads/1778872483665-a.png : can't find /uploads/1778872483665-a.png 
Error: can't find /uploads/1778872483665-a.png
    at C:\Users\yosef\OneDrive\Desktop\NTI\Ecommerce Backend\server.js:29:7
    at Layer.handleRequest (C:\Users\yosef\OneDrive\Desktop\NTI\Ecommerce Backend\node_modules\router\lib\layer.js:152:17)
    at trimPrefix (C:\Users\yosef\OneDrive\Desktop\NTI\Ecommerce Backend\node_modules\router\index.js:342:13)
    at C:\Users\yosef\OneDrive\Desktop\NTI\Ecommerce Backend\node_modules\router\index.js:297:9
    at processParams (C:\Users\yosef\OneDrive\Desktop\NTI\Ecommerce Backend\node_modules\router\index.js:582:12)
    at next (C:\Users\yosef\OneDrive\Desktop\NTI\Ecommerce Backend\node_modules\router\index.js:291:5)
    at cors (C:\Users\yosef\OneDrive\Desktop\NTI\Ecommerce Backend\node_modules\cors\lib\index.js:188:7)
    at C:\Users\yosef\OneDrive\Desktop\NTI\Ecommerce Backend\node_modules\cors\lib\index.js:224:17
    at origin (C:\Users\yosef\OneDrive\Desktop\NTI\Ecommerce Backend\middlewares\cors.middleware.js:8:11)
    at C:\Users\yosef\OneDrive\Desktop\NTI\Ecommerce Backend\node_modules\cors\lib\index.js:219:13
16-05-2026 22:43:43 |ERROR| Error | GET | /uploads/1778872457977-a.png : can't find /uploads/1778872457977-a.png 
Error: can't find /uploads/1778872457977-a.png
    at C:\Users\yosef\OneDrive\Desktop\NTI\Ecommerce Backend\server.js:29:7
    at Layer.handleRequest (C:\Users\yosef\OneDrive\Desktop\NTI\Ecommerce Backend\node_modules\router\lib\layer.js:152:17)
    at trimPrefix (C:\Users\yosef\OneDrive\Desktop\NTI\Ecommerce Backend\node_modules\router\index.js:342:13)
    at C:\Users\yosef\OneDrive\Desktop\NTI\Ecommerce Backend\node_modules\router\index.js:297:9
    at processParams (C:\Users\yosef\OneDrive\Desktop\NTI\Ecommerce Backend\node_modules\router\index.js:582:12)
    at next (C:\Users\yosef\OneDrive\Desktop\NTI\Ecommerce Backend\node_modules\router\index.js:291:5)
    at cors (C:\Users\yosef\OneDrive\Desktop\NTI\Ecommerce Backend\node_modules\cors\lib\index.js:188:7)
    at C:\Users\yosef\OneDrive\Desktop\NTI\Ecommerce Backend\node_modules\cors\lib\index.js:224:17
    at origin (C:\Users\yosef\OneDrive\Desktop\NTI\Ecommerce Backend\middlewares\cors.middleware.js:8:11)
    at C:\Users\yosef\OneDrive\Desktop\NTI\Ecommerce Backend\node_modules\cors\lib\index.js:219:13
16-05-2026 22:43:43 |ERROR| Error | GET | /uploads/1778872430510-a.png : can't find /uploads/1778872430510-a.png 
Error: can't find /uploads/1778872430510-a.png
    at C:\Users\yosef\OneDrive\Desktop\NTI\Ecommerce Backend\server.js:29:7
    at Layer.handleRequest (C:\Users\yosef\OneDrive\Desktop\NTI\Ecommerce Backend\node_modules\router\lib\layer.js:152:17)
    at trimPrefix (C:\Users\yosef\OneDrive\Desktop\NTI\Ecommerce Backend\node_modules\router\index.js:342:13)
    at C:\Users\yosef\OneDrive\Desktop\NTI\Ecommerce Backend\node_modules\router\index.js:297:9
    at processParams (C:\Users\yosef\OneDrive\Desktop\NTI\Ecommerce Backend\node_modules\router\index.js:582:12)
    at next (C:\Users\yosef\OneDrive\Desktop\NTI\Ecommerce Backend\node_modules\router\index.js:291:5)
    at cors (C:\Users\yosef\OneDrive\Desktop\NTI\Ecommerce Backend\node_modules\cors\lib\index.js:188:7)
    at C:\Users\yosef\OneDrive\Desktop\NTI\Ecommerce Backend\node_modules\cors\lib\index.js:224:17
    at origin (C:\Users\yosef\OneDrive\Desktop\NTI\Ecommerce Backend\middlewares\cors.middleware.js:8:11)
    at C:\Users\yosef\OneDrive\Desktop\NTI\Ecommerce Backend\node_modules\cors\lib\index.js:219:13
16-05-2026 22:43:43 |ERROR| Error | GET | /uploads/1778872392281-a.png : can't find /uploads/1778872392281-a.png 
Error: can't find /uploads/1778872392281-a.png
    at C:\Users\yosef\OneDrive\Desktop\NTI\Ecommerce Backend\server.js:29:7
    at Layer.handleRequest (C:\Users\yosef\OneDrive\Desktop\NTI\Ecommerce Backend\node_modules\router\lib\layer.js:152:17)
    at trimPrefix (C:\Users\yosef\OneDrive\Desktop\NTI\Ecommerce Backend\node_modules\router\index.js:342:13)
    at C:\Users\yosef\OneDrive\Desktop\NTI\Ecommerce Backend\node_modules\router\index.js:297:9
    at processParams (C:\Users\yosef\OneDrive\Desktop\NTI\Ecommerce Backend\node_modules\router\index.js:582:12)
    at next (C:\Users\yosef\OneDrive\Desktop\NTI\Ecommerce Backend\node_modules\router\index.js:291:5)
    at cors (C:\Users\yosef\OneDrive\Desktop\NTI\Ecommerce Backend\node_modules\cors\lib\index.js:188:7)
    at C:\Users\yosef\OneDrive\Desktop\NTI\Ecommerce Backend\node_modules\cors\lib\index.js:224:17
    at origin (C:\Users\yosef\OneDrive\Desktop\NTI\Ecommerce Backend\middlewares\cors.middleware.js:8:11)
    at C:\Users\yosef\OneDrive\Desktop\NTI\Ecommerce Backend\node_modules\cors\lib\index.js:219:13
16-05-2026 22:44:01 |ERROR| Error | GET | /uploads/1778872483665-a.png : can't find /uploads/1778872483665-a.png 
Error: can't find /uploads/1778872483665-a.png
    at C:\Users\yosef\OneDrive\Desktop\NTI\Ecommerce Backend\server.js:29:7
    at Layer.handleRequest (C:\Users\yosef\OneDrive\Desktop\NTI\Ecommerce Backend\node_modules\router\lib\layer.js:152:17)
    at trimPrefix (C:\Users\yosef\OneDrive\Desktop\NTI\Ecommerce Backend\node_modules\router\index.js:342:13)
    at C:\Users\yosef\OneDrive\Desktop\NTI\Ecommerce Backend\node_modules\router\index.js:297:9
    at processParams (C:\Users\yosef\OneDrive\Desktop\NTI\Ecommerce Backend\node_modules\router\index.js:582:12)
    at next (C:\Users\yosef\OneDrive\Desktop\NTI\Ecommerce Backend\node_modules\router\index.js:291:5)
    at cors (C:\Users\yosef\OneDrive\Desktop\NTI\Ecommerce Backend\node_modules\cors\lib\index.js:188:7)
    at C:\Users\yosef\OneDrive\Desktop\NTI\Ecommerce Backend\node_modules\cors\lib\index.js:224:17
    at origin (C:\Users\yosef\OneDrive\Desktop\NTI\Ecommerce Backend\middlewares\cors.middleware.js:8:11)
    at C:\Users\yosef\OneDrive\Desktop\NTI\Ecommerce Backend\node_modules\cors\lib\index.js:219:13
16-05-2026 22:44:01 |ERROR| Error | GET | /uploads/1778872457977-a.png : can't find /uploads/1778872457977-a.png 
Error: can't find /uploads/1778872457977-a.png
    at C:\Users\yosef\OneDrive\Desktop\NTI\Ecommerce Backend\server.js:29:7
    at Layer.handleRequest (C:\Users\yosef\OneDrive\Desktop\NTI\Ecommerce Backend\node_modules\router\lib\layer.js:152:17)
    at trimPrefix (C:\Users\yosef\OneDrive\Desktop\NTI\Ecommerce Backend\node_modules\router\index.js:342:13)
    at C:\Users\yosef\OneDrive\Desktop\NTI\Ecommerce Backend\node_modules\router\index.js:297:9
    at processParams (C:\Users\yosef\OneDrive\Desktop\NTI\Ecommerce Backend\node_modules\router\index.js:582:12)
    at next (C:\Users\yosef\OneDrive\Desktop\NTI\Ecommerce Backend\node_modules\router\index.js:291:5)
    at cors (C:\Users\yosef\OneDrive\Desktop\NTI\Ecommerce Backend\node_modules\cors\lib\index.js:188:7)
    at C:\Users\yosef\OneDrive\Desktop\NTI\Ecommerce Backend\node_modules\cors\lib\index.js:224:17
    at origin (C:\Users\yosef\OneDrive\Desktop\NTI\Ecommerce Backend\middlewares\cors.middleware.js:8:11)
    at C:\Users\yosef\OneDrive\Desktop\NTI\Ecommerce Backend\node_modules\cors\lib\index.js:219:13
16-05-2026 22:44:01 |ERROR| Error | GET | /uploads/1778872392281-a.png : can't find /uploads/1778872392281-a.png 
Error: can't find /uploads/1778872392281-a.png
    at C:\Users\yosef\OneDrive\Desktop\NTI\Ecommerce Backend\server.js:29:7
    at Layer.handleRequest (C:\Users\yosef\OneDrive\Desktop\NTI\Ecommerce Backend\node_modules\router\lib\layer.js:152:17)
    at trimPrefix (C:\Users\yosef\OneDrive\Desktop\NTI\Ecommerce Backend\node_modules\router\index.js:342:13)
    at C:\Users\yosef\OneDrive\Desktop\NTI\Ecommerce Backend\node_modules\router\index.js:297:9
    at processParams (C:\Users\yosef\OneDrive\Desktop\NTI\Ecommerce Backend\node_modules\router\index.js:582:12)
    at next (C:\Users\yosef\OneDrive\Desktop\NTI\Ecommerce Backend\node_modules\router\index.js:291:5)
    at cors (C:\Users\yosef\OneDrive\Desktop\NTI\Ecommerce Backend\node_modules\cors\lib\index.js:188:7)
    at C:\Users\yosef\OneDrive\Desktop\NTI\Ecommerce Backend\node_modules\cors\lib\index.js:224:17
    at origin (C:\Users\yosef\OneDrive\Desktop\NTI\Ecommerce Backend\middlewares\cors.middleware.js:8:11)
    at C:\Users\yosef\OneDrive\Desktop\NTI\Ecommerce Backend\node_modules\cors\lib\index.js:219:13
16-05-2026 22:44:01 |ERROR| Error | GET | /uploads/1778872430510-a.png : can't find /uploads/1778872430510-a.png 
Error: can't find /uploads/1778872430510-a.png
    at C:\Users\yosef\OneDrive\Desktop\NTI\Ecommerce Backend\server.js:29:7
    at Layer.handleRequest (C:\Users\yosef\OneDrive\Desktop\NTI\Ecommerce Backend\node_modules\router\lib\layer.js:152:17)
    at trimPrefix (C:\Users\yosef\OneDrive\Desktop\NTI\Ecommerce Backend\node_modules\router\index.js:342:13)
    at C:\Users\yosef\OneDrive\Desktop\NTI\Ecommerce Backend\node_modules\router\index.js:297:9
    at processParams (C:\Users\yosef\OneDrive\Desktop\NTI\Ecommerce Backend\node_modules\router\index.js:582:12)
    at next (C:\Users\yosef\OneDrive\Desktop\NTI\Ecommerce Backend\node_modules\router\index.js:291:5)
    at cors (C:\Users\yosef\OneDrive\Desktop\NTI\Ecommerce Backend\node_modules\cors\lib\index.js:188:7)
    at C:\Users\yosef\OneDrive\Desktop\NTI\Ecommerce Backend\node_modules\cors\lib\index.js:224:17
    at origin (C:\Users\yosef\OneDrive\Desktop\NTI\Ecommerce Backend\middlewares\cors.middleware.js:8:11)
    at C:\Users\yosef\OneDrive\Desktop\NTI\Ecommerce Backend\node_modules\cors\lib\index.js:219:13
16-05-2026 22:44:06 |ERROR| Error | GET | /uploads/1778872430510-a.png : can't find /uploads/1778872430510-a.png 
Error: can't find /uploads/1778872430510-a.png
    at C:\Users\yosef\OneDrive\Desktop\NTI\Ecommerce Backend\server.js:29:7
    at Layer.handleRequest (C:\Users\yosef\OneDrive\Desktop\NTI\Ecommerce Backend\node_modules\router\lib\layer.js:152:17)
    at trimPrefix (C:\Users\yosef\OneDrive\Desktop\NTI\Ecommerce Backend\node_modules\router\index.js:342:13)
    at C:\Users\yosef\OneDrive\Desktop\NTI\Ecommerce Backend\node_modules\router\index.js:297:9
    at processParams (C:\Users\yosef\OneDrive\Desktop\NTI\Ecommerce Backend\node_modules\router\index.js:582:12)
    at next (C:\Users\yosef\OneDrive\Desktop\NTI\Ecommerce Backend\node_modules\router\index.js:291:5)
    at cors (C:\Users\yosef\OneDrive\Desktop\NTI\Ecommerce Backend\node_modules\cors\lib\index.js:188:7)
    at C:\Users\yosef\OneDrive\Desktop\NTI\Ecommerce Backend\node_modules\cors\lib\index.js:224:17
    at origin (C:\Users\yosef\OneDrive\Desktop\NTI\Ecommerce Backend\middlewares\cors.middleware.js:8:11)
    at C:\Users\yosef\OneDrive\Desktop\NTI\Ecommerce Backend\node_modules\cors\lib\index.js:219:13
16-05-2026 22:44:07 |ERROR| Error | GET | /uploads/1778872483665-a.png : can't find /uploads/1778872483665-a.png 
Error: can't find /uploads/1778872483665-a.png
    at C:\Users\yosef\OneDrive\Desktop\NTI\Ecommerce Backend\server.js:29:7
    at Layer.handleRequest (C:\Users\yosef\OneDrive\Desktop\NTI\Ecommerce Backend\node_modules\router\lib\layer.js:152:17)
    at trimPrefix (C:\Users\yosef\OneDrive\Desktop\NTI\Ecommerce Backend\node_modules\router\index.js:342:13)
    at C:\Users\yosef\OneDrive\Desktop\NTI\Ecommerce Backend\node_modules\router\index.js:297:9
    at processParams (C:\Users\yosef\OneDrive\Desktop\NTI\Ecommerce Backend\node_modules\router\index.js:582:12)
    at next (C:\Users\yosef\OneDrive\Desktop\NTI\Ecommerce Backend\node_modules\router\index.js:291:5)
    at cors (C:\Users\yosef\OneDrive\Desktop\NTI\Ecommerce Backend\node_modules\cors\lib\index.js:188:7)
    at C:\Users\yosef\OneDrive\Desktop\NTI\Ecommerce Backend\node_modules\cors\lib\index.js:224:17
    at origin (C:\Users\yosef\OneDrive\Desktop\NTI\Ecommerce Backend\middlewares\cors.middleware.js:8:11)
    at C:\Users\yosef\OneDrive\Desktop\NTI\Ecommerce Backend\node_modules\cors\lib\index.js:219:13
16-05-2026 22:44:07 |ERROR| Error | GET | /uploads/1778872457977-a.png : can't find /uploads/1778872457977-a.png 
Error: can't find /uploads/1778872457977-a.png
    at C:\Users\yosef\OneDrive\Desktop\NTI\Ecommerce Backend\server.js:29:7
    at Layer.handleRequest (C:\Users\yosef\OneDrive\Desktop\NTI\Ecommerce Backend\node_modules\router\lib\layer.js:152:17)
    at trimPrefix (C:\Users\yosef\OneDrive\Desktop\NTI\Ecommerce Backend\node_modules\router\index.js:342:13)
    at C:\Users\yosef\OneDrive\Desktop\NTI\Ecommerce Backend\node_modules\router\index.js:297:9
    at processParams (C:\Users\yosef\OneDrive\Desktop\NTI\Ecommerce Backend\node_modules\router\index.js:582:12)
    at next (C:\Users\yosef\OneDrive\Desktop\NTI\Ecommerce Backend\node_modules\router\index.js:291:5)
    at cors (C:\Users\yosef\OneDrive\Desktop\NTI\Ecommerce Backend\node_modules\cors\lib\index.js:188:7)
    at C:\Users\yosef\OneDrive\Desktop\NTI\Ecommerce Backend\node_modules\cors\lib\index.js:224:17
    at origin (C:\Users\yosef\OneDrive\Desktop\NTI\Ecommerce Backend\middlewares\cors.middleware.js:8:11)
    at C:\Users\yosef\OneDrive\Desktop\NTI\Ecommerce Backend\node_modules\cors\lib\index.js:219:13
16-05-2026 22:44:07 |ERROR| Error | GET | /uploads/1778872392281-a.png : can't find /uploads/1778872392281-a.png 
Error: can't find /uploads/1778872392281-a.png
    at C:\Users\yosef\OneDrive\Desktop\NTI\Ecommerce Backend\server.js:29:7
    at Layer.handleRequest (C:\Users\yosef\OneDrive\Desktop\NTI\Ecommerce Backend\node_modules\router\lib\layer.js:152:17)
    at trimPrefix (C:\Users\yosef\OneDrive\Desktop\NTI\Ecommerce Backend\node_modules\router\index.js:342:13)
    at C:\Users\yosef\OneDrive\Desktop\NTI\Ecommerce Backend\node_modules\router\index.js:297:9
    at processParams (C:\Users\yosef\OneDrive\Desktop\NTI\Ecommerce Backend\node_modules\router\index.js:582:12)
    at next (C:\Users\yosef\OneDrive\Desktop\NTI\Ecommerce Backend\node_modules\router\index.js:291:5)
    at cors (C:\Users\yosef\OneDrive\Desktop\NTI\Ecommerce Backend\node_modules\cors\lib\index.js:188:7)
    at C:\Users\yosef\OneDrive\Desktop\NTI\Ecommerce Backend\node_modules\cors\lib\index.js:224:17
    at origin (C:\Users\yosef\OneDrive\Desktop\NTI\Ecommerce Backend\middlewares\cors.middleware.js:8:11)
    at C:\Users\yosef\OneDrive\Desktop\NTI\Ecommerce Backend\node_modules\cors\lib\index.js:219:13
16-05-2026 22:51:08 |ERROR| Error | PATCH | /api/v1/order/updateStatus/6a08c14ca81209b9bfb09b1e : Cannot move order from cancelledByUser to pending 
Error: Cannot move order from cancelledByUser to pending
    at C:\Users\yosef\OneDrive\Desktop\NTI\Ecommerce Backend\controller\order.controller.js:210:4
    at process.processTicksAndRejections (node:internal/process/task_queues:104:5)
20-05-2026 23:46:05 |ERROR| Error | PATCH | /api/v1/order/updateStatus/6a08c14ca81209b9bfb09b1e : Cannot move order from cancelledByUser to preparing 
Error: Cannot move order from cancelledByUser to preparing
    at C:\Users\yosef\OneDrive\Desktop\NTI\Ecommerce Backend\controller\order.controller.js:210:4
    at process.processTicksAndRejections (node:internal/process/task_queues:104:5)
20-05-2026 23:51:54 |ERROR| Error | PATCH | /api/v1/order/updateStatus/6a08be43a81209b9bfb09b11 : Cannot move order from received to cancelledByAdmin 
Error: Cannot move order from received to cancelledByAdmin
    at C:\Users\yosef\OneDrive\Desktop\NTI\Ecommerce Backend\controller\order.controller.js:210:4
    at process.processTicksAndRejections (node:internal/process/task_queues:104:5)
21-05-2026 01:49:03 |ERROR| Error | POST | /api/v1/testimonial : E11000 duplicate key error collection: eCommerece.testimonials index: user_1 dup key: { user: ObjectId('6a046608933209a2df1c0bbf') } 
MongoServerError: E11000 duplicate key error collection: eCommerece.testimonials index: user_1 dup key: { user: ObjectId('6a046608933209a2df1c0bbf') }
    at InsertOneOperation.handleOk (C:\Users\yosef\OneDrive\Desktop\NTI\Ecommerce Backend\node_modules\mongodb\lib\operations\insert.js:51:19)
    at executeOperationWithRetries (C:\Users\yosef\OneDrive\Desktop\NTI\Ecommerce Backend\node_modules\mongodb\lib\operations\execute_operation.js:194:34)
    at process.processTicksAndRejections (node:internal/process/task_queues:104:5)
    at async executeOperation (C:\Users\yosef\OneDrive\Desktop\NTI\Ecommerce Backend\node_modules\mongodb\lib\operations\execute_operation.js:83:16)
    at async Collection.insertOne (C:\Users\yosef\OneDrive\Desktop\NTI\Ecommerce Backend\node_modules\mongodb\lib\collection.js:154:16)
    at async model.$__save (C:\Users\yosef\OneDrive\Desktop\NTI\Ecommerce Backend\node_modules\mongoose\lib\model.js:428:16)
    at async model.save (C:\Users\yosef\OneDrive\Desktop\NTI\Ecommerce Backend\node_modules\mongoose\lib\model.js:667:5)
    at async model.create (C:\Users\yosef\OneDrive\Desktop\NTI\Ecommerce Backend\node_modules\mongoose\lib\model.js:2747:5)
    at async C:\Users\yosef\OneDrive\Desktop\NTI\Ecommerce Backend\controller\testimonial.controller.js:13:19
21-05-2026 01:49:03 |ERROR| Error | POST | /api/v1/testimonial : E11000 duplicate key error collection: eCommerece.testimonials index: user_1 dup key: { user: ObjectId('6a046608933209a2df1c0bbf') } 
MongoServerError: E11000 duplicate key error collection: eCommerece.testimonials index: user_1 dup key: { user: ObjectId('6a046608933209a2df1c0bbf') }
    at InsertOneOperation.handleOk (C:\Users\yosef\OneDrive\Desktop\NTI\Ecommerce Backend\node_modules\mongodb\lib\operations\insert.js:51:19)
    at executeOperationWithRetries (C:\Users\yosef\OneDrive\Desktop\NTI\Ecommerce Backend\node_modules\mongodb\lib\operations\execute_operation.js:194:34)
    at process.processTicksAndRejections (node:internal/process/task_queues:104:5)
    at async executeOperation (C:\Users\yosef\OneDrive\Desktop\NTI\Ecommerce Backend\node_modules\mongodb\lib\operations\execute_operation.js:83:16)
    at async Collection.insertOne (C:\Users\yosef\OneDrive\Desktop\NTI\Ecommerce Backend\node_modules\mongodb\lib\collection.js:154:16)
    at async model.$__save (C:\Users\yosef\OneDrive\Desktop\NTI\Ecommerce Backend\node_modules\mongoose\lib\model.js:428:16)
    at async model.save (C:\Users\yosef\OneDrive\Desktop\NTI\Ecommerce Backend\node_modules\mongoose\lib\model.js:667:5)
    at async model.create (C:\Users\yosef\OneDrive\Desktop\NTI\Ecommerce Backend\node_modules\mongoose\lib\model.js:2747:5)
    at async C:\Users\yosef\OneDrive\Desktop\NTI\Ecommerce Backend\controller\testimonial.controller.js:13:19
21-05-2026 01:49:04 |ERROR| Error | POST | /api/v1/testimonial : E11000 duplicate key error collection: eCommerece.testimonials index: user_1 dup key: { user: ObjectId('6a046608933209a2df1c0bbf') } 
MongoServerError: E11000 duplicate key error collection: eCommerece.testimonials index: user_1 dup key: { user: ObjectId('6a046608933209a2df1c0bbf') }
    at InsertOneOperation.handleOk (C:\Users\yosef\OneDrive\Desktop\NTI\Ecommerce Backend\node_modules\mongodb\lib\operations\insert.js:51:19)
    at executeOperationWithRetries (C:\Users\yosef\OneDrive\Desktop\NTI\Ecommerce Backend\node_modules\mongodb\lib\operations\execute_operation.js:194:34)
    at process.processTicksAndRejections (node:internal/process/task_queues:104:5)
    at async executeOperation (C:\Users\yosef\OneDrive\Desktop\NTI\Ecommerce Backend\node_modules\mongodb\lib\operations\execute_operation.js:83:16)
    at async Collection.insertOne (C:\Users\yosef\OneDrive\Desktop\NTI\Ecommerce Backend\node_modules\mongodb\lib\collection.js:154:16)
    at async model.$__save (C:\Users\yosef\OneDrive\Desktop\NTI\Ecommerce Backend\node_modules\mongoose\lib\model.js:428:16)
    at async model.save (C:\Users\yosef\OneDrive\Desktop\NTI\Ecommerce Backend\node_modules\mongoose\lib\model.js:667:5)
    at async model.create (C:\Users\yosef\OneDrive\Desktop\NTI\Ecommerce Backend\node_modules\mongoose\lib\model.js:2747:5)
    at async C:\Users\yosef\OneDrive\Desktop\NTI\Ecommerce Backend\controller\testimonial.controller.js:13:19
21-05-2026 01:49:05 |ERROR| Error | POST | /api/v1/testimonial : E11000 duplicate key error collection: eCommerece.testimonials index: user_1 dup key: { user: ObjectId('6a046608933209a2df1c0bbf') } 
MongoServerError: E11000 duplicate key error collection: eCommerece.testimonials index: user_1 dup key: { user: ObjectId('6a046608933209a2df1c0bbf') }
    at InsertOneOperation.handleOk (C:\Users\yosef\OneDrive\Desktop\NTI\Ecommerce Backend\node_modules\mongodb\lib\operations\insert.js:51:19)
    at executeOperationWithRetries (C:\Users\yosef\OneDrive\Desktop\NTI\Ecommerce Backend\node_modules\mongodb\lib\operations\execute_operation.js:194:34)
    at process.processTicksAndRejections (node:internal/process/task_queues:104:5)
    at async executeOperation (C:\Users\yosef\OneDrive\Desktop\NTI\Ecommerce Backend\node_modules\mongodb\lib\operations\execute_operation.js:83:16)
    at async Collection.insertOne (C:\Users\yosef\OneDrive\Desktop\NTI\Ecommerce Backend\node_modules\mongodb\lib\collection.js:154:16)
    at async model.$__save (C:\Users\yosef\OneDrive\Desktop\NTI\Ecommerce Backend\node_modules\mongoose\lib\model.js:428:16)
    at async model.save (C:\Users\yosef\OneDrive\Desktop\NTI\Ecommerce Backend\node_modules\mongoose\lib\model.js:667:5)
    at async model.create (C:\Users\yosef\OneDrive\Desktop\NTI\Ecommerce Backend\node_modules\mongoose\lib\model.js:2747:5)
    at async C:\Users\yosef\OneDrive\Desktop\NTI\Ecommerce Backend\controller\testimonial.controller.js:13:19
21-05-2026 01:49:17 |ERROR| Error | POST | /api/v1/testimonial : E11000 duplicate key error collection: eCommerece.testimonials index: user_1 dup key: { user: ObjectId('6a046608933209a2df1c0bbf') } 
MongoServerError: E11000 duplicate key error collection: eCommerece.testimonials index: user_1 dup key: { user: ObjectId('6a046608933209a2df1c0bbf') }
    at InsertOneOperation.handleOk (C:\Users\yosef\OneDrive\Desktop\NTI\Ecommerce Backend\node_modules\mongodb\lib\operations\insert.js:51:19)
    at executeOperationWithRetries (C:\Users\yosef\OneDrive\Desktop\NTI\Ecommerce Backend\node_modules\mongodb\lib\operations\execute_operation.js:194:34)
    at process.processTicksAndRejections (node:internal/process/task_queues:104:5)
    at async executeOperation (C:\Users\yosef\OneDrive\Desktop\NTI\Ecommerce Backend\node_modules\mongodb\lib\operations\execute_operation.js:83:16)
    at async Collection.insertOne (C:\Users\yosef\OneDrive\Desktop\NTI\Ecommerce Backend\node_modules\mongodb\lib\collection.js:154:16)
    at async model.$__save (C:\Users\yosef\OneDrive\Desktop\NTI\Ecommerce Backend\node_modules\mongoose\lib\model.js:428:16)
    at async model.save (C:\Users\yosef\OneDrive\Desktop\NTI\Ecommerce Backend\node_modules\mongoose\lib\model.js:667:5)
    at async model.create (C:\Users\yosef\OneDrive\Desktop\NTI\Ecommerce Backend\node_modules\mongoose\lib\model.js:2747:5)
    at async C:\Users\yosef\OneDrive\Desktop\NTI\Ecommerce Backend\controller\testimonial.controller.js:13:19
21-05-2026 01:49:17 |ERROR| Error | POST | /api/v1/testimonial : E11000 duplicate key error collection: eCommerece.testimonials index: user_1 dup key: { user: ObjectId('6a046608933209a2df1c0bbf') } 
MongoServerError: E11000 duplicate key error collection: eCommerece.testimonials index: user_1 dup key: { user: ObjectId('6a046608933209a2df1c0bbf') }
    at InsertOneOperation.handleOk (C:\Users\yosef\OneDrive\Desktop\NTI\Ecommerce Backend\node_modules\mongodb\lib\operations\insert.js:51:19)
    at executeOperationWithRetries (C:\Users\yosef\OneDrive\Desktop\NTI\Ecommerce Backend\node_modules\mongodb\lib\operations\execute_operation.js:194:34)
    at process.processTicksAndRejections (node:internal/process/task_queues:104:5)
    at async executeOperation (C:\Users\yosef\OneDrive\Desktop\NTI\Ecommerce Backend\node_modules\mongodb\lib\operations\execute_operation.js:83:16)
    at async Collection.insertOne (C:\Users\yosef\OneDrive\Desktop\NTI\Ecommerce Backend\node_modules\mongodb\lib\collection.js:154:16)
    at async model.$__save (C:\Users\yosef\OneDrive\Desktop\NTI\Ecommerce Backend\node_modules\mongoose\lib\model.js:428:16)
    at async model.save (C:\Users\yosef\OneDrive\Desktop\NTI\Ecommerce Backend\node_modules\mongoose\lib\model.js:667:5)
    at async model.create (C:\Users\yosef\OneDrive\Desktop\NTI\Ecommerce Backend\node_modules\mongoose\lib\model.js:2747:5)
    at async C:\Users\yosef\OneDrive\Desktop\NTI\Ecommerce Backend\controller\testimonial.controller.js:13:19
21-05-2026 01:49:17 |ERROR| Error | POST | /api/v1/testimonial : E11000 duplicate key error collection: eCommerece.testimonials index: user_1 dup key: { user: ObjectId('6a046608933209a2df1c0bbf') } 
MongoServerError: E11000 duplicate key error collection: eCommerece.testimonials index: user_1 dup key: { user: ObjectId('6a046608933209a2df1c0bbf') }
    at InsertOneOperation.handleOk (C:\Users\yosef\OneDrive\Desktop\NTI\Ecommerce Backend\node_modules\mongodb\lib\operations\insert.js:51:19)
    at executeOperationWithRetries (C:\Users\yosef\OneDrive\Desktop\NTI\Ecommerce Backend\node_modules\mongodb\lib\operations\execute_operation.js:194:34)
    at process.processTicksAndRejections (node:internal/process/task_queues:104:5)
    at async executeOperation (C:\Users\yosef\OneDrive\Desktop\NTI\Ecommerce Backend\node_modules\mongodb\lib\operations\execute_operation.js:83:16)
    at async Collection.insertOne (C:\Users\yosef\OneDrive\Desktop\NTI\Ecommerce Backend\node_modules\mongodb\lib\collection.js:154:16)
    at async model.$__save (C:\Users\yosef\OneDrive\Desktop\NTI\Ecommerce Backend\node_modules\mongoose\lib\model.js:428:16)
    at async model.save (C:\Users\yosef\OneDrive\Desktop\NTI\Ecommerce Backend\node_modules\mongoose\lib\model.js:667:5)
    at async model.create (C:\Users\yosef\OneDrive\Desktop\NTI\Ecommerce Backend\node_modules\mongoose\lib\model.js:2747:5)
    at async C:\Users\yosef\OneDrive\Desktop\NTI\Ecommerce Backend\controller\testimonial.controller.js:13:19
21-05-2026 01:49:29 |ERROR| Error | POST | /api/v1/testimonial : E11000 duplicate key error collection: eCommerece.testimonials index: user_1 dup key: { user: ObjectId('6a046608933209a2df1c0bbf') } 
MongoServerError: E11000 duplicate key error collection: eCommerece.testimonials index: user_1 dup key: { user: ObjectId('6a046608933209a2df1c0bbf') }
    at InsertOneOperation.handleOk (C:\Users\yosef\OneDrive\Desktop\NTI\Ecommerce Backend\node_modules\mongodb\lib\operations\insert.js:51:19)
    at executeOperationWithRetries (C:\Users\yosef\OneDrive\Desktop\NTI\Ecommerce Backend\node_modules\mongodb\lib\operations\execute_operation.js:194:34)
    at process.processTicksAndRejections (node:internal/process/task_queues:104:5)
    at async executeOperation (C:\Users\yosef\OneDrive\Desktop\NTI\Ecommerce Backend\node_modules\mongodb\lib\operations\execute_operation.js:83:16)
    at async Collection.insertOne (C:\Users\yosef\OneDrive\Desktop\NTI\Ecommerce Backend\node_modules\mongodb\lib\collection.js:154:16)
    at async model.$__save (C:\Users\yosef\OneDrive\Desktop\NTI\Ecommerce Backend\node_modules\mongoose\lib\model.js:428:16)
    at async model.save (C:\Users\yosef\OneDrive\Desktop\NTI\Ecommerce Backend\node_modules\mongoose\lib\model.js:667:5)
    at async model.create (C:\Users\yosef\OneDrive\Desktop\NTI\Ecommerce Backend\node_modules\mongoose\lib\model.js:2747:5)
    at async C:\Users\yosef\OneDrive\Desktop\NTI\Ecommerce Backend\controller\testimonial.controller.js:13:19
21-05-2026 01:49:29 |ERROR| Error | POST | /api/v1/testimonial : E11000 duplicate key error collection: eCommerece.testimonials index: user_1 dup key: { user: ObjectId('6a046608933209a2df1c0bbf') } 
MongoServerError: E11000 duplicate key error collection: eCommerece.testimonials index: user_1 dup key: { user: ObjectId('6a046608933209a2df1c0bbf') }
    at InsertOneOperation.handleOk (C:\Users\yosef\OneDrive\Desktop\NTI\Ecommerce Backend\node_modules\mongodb\lib\operations\insert.js:51:19)
    at executeOperationWithRetries (C:\Users\yosef\OneDrive\Desktop\NTI\Ecommerce Backend\node_modules\mongodb\lib\operations\execute_operation.js:194:34)
    at process.processTicksAndRejections (node:internal/process/task_queues:104:5)
    at async executeOperation (C:\Users\yosef\OneDrive\Desktop\NTI\Ecommerce Backend\node_modules\mongodb\lib\operations\execute_operation.js:83:16)
    at async Collection.insertOne (C:\Users\yosef\OneDrive\Desktop\NTI\Ecommerce Backend\node_modules\mongodb\lib\collection.js:154:16)
    at async model.$__save (C:\Users\yosef\OneDrive\Desktop\NTI\Ecommerce Backend\node_modules\mongoose\lib\model.js:428:16)
    at async model.save (C:\Users\yosef\OneDrive\Desktop\NTI\Ecommerce Backend\node_modules\mongoose\lib\model.js:667:5)
    at async model.create (C:\Users\yosef\OneDrive\Desktop\NTI\Ecommerce Backend\node_modules\mongoose\lib\model.js:2747:5)
    at async C:\Users\yosef\OneDrive\Desktop\NTI\Ecommerce Backend\controller\testimonial.controller.js:13:19
21-05-2026 01:49:29 |ERROR| Error | POST | /api/v1/testimonial : E11000 duplicate key error collection: eCommerece.testimonials index: user_1 dup key: { user: ObjectId('6a046608933209a2df1c0bbf') } 
MongoServerError: E11000 duplicate key error collection: eCommerece.testimonials index: user_1 dup key: { user: ObjectId('6a046608933209a2df1c0bbf') }
    at InsertOneOperation.handleOk (C:\Users\yosef\OneDrive\Desktop\NTI\Ecommerce Backend\node_modules\mongodb\lib\operations\insert.js:51:19)
    at executeOperationWithRetries (C:\Users\yosef\OneDrive\Desktop\NTI\Ecommerce Backend\node_modules\mongodb\lib\operations\execute_operation.js:194:34)
    at process.processTicksAndRejections (node:internal/process/task_queues:104:5)
    at async executeOperation (C:\Users\yosef\OneDrive\Desktop\NTI\Ecommerce Backend\node_modules\mongodb\lib\operations\execute_operation.js:83:16)
    at async Collection.insertOne (C:\Users\yosef\OneDrive\Desktop\NTI\Ecommerce Backend\node_modules\mongodb\lib\collection.js:154:16)
    at async model.$__save (C:\Users\yosef\OneDrive\Desktop\NTI\Ecommerce Backend\node_modules\mongoose\lib\model.js:428:16)
    at async model.save (C:\Users\yosef\OneDrive\Desktop\NTI\Ecommerce Backend\node_modules\mongoose\lib\model.js:667:5)
    at async model.create (C:\Users\yosef\OneDrive\Desktop\NTI\Ecommerce Backend\node_modules\mongoose\lib\model.js:2747:5)
    at async C:\Users\yosef\OneDrive\Desktop\NTI\Ecommerce Backend\controller\testimonial.controller.js:13:19
21-05-2026 02:00:28 |ERROR| Error | PATCH | /api/v1/product/6a0770f6f5de2887974c09e3 : can't find /api/v1/product/6a0770f6f5de2887974c09e3 
Error: can't find /api/v1/product/6a0770f6f5de2887974c09e3
    at C:\Users\yosef\OneDrive\Desktop\NTI\Ecommerce Backend\server.js:29:7
    at Layer.handleRequest (C:\Users\yosef\OneDrive\Desktop\NTI\Ecommerce Backend\node_modules\router\lib\layer.js:152:17)
    at trimPrefix (C:\Users\yosef\OneDrive\Desktop\NTI\Ecommerce Backend\node_modules\router\index.js:342:13)
    at C:\Users\yosef\OneDrive\Desktop\NTI\Ecommerce Backend\node_modules\router\index.js:297:9
    at processParams (C:\Users\yosef\OneDrive\Desktop\NTI\Ecommerce Backend\node_modules\router\index.js:582:12)
    at next (C:\Users\yosef\OneDrive\Desktop\NTI\Ecommerce Backend\node_modules\router\index.js:291:5)
    at C:\Users\yosef\OneDrive\Desktop\NTI\Ecommerce Backend\node_modules\router\index.js:688:15
    at next (C:\Users\yosef\OneDrive\Desktop\NTI\Ecommerce Backend\node_modules\router\index.js:276:14)
    at router.handle (C:\Users\yosef\OneDrive\Desktop\NTI\Ecommerce Backend\node_modules\router\index.js:186:3)
    at router (C:\Users\yosef\OneDrive\Desktop\NTI\Ecommerce Backend\node_modules\router\index.js:60:12)
21-05-2026 02:00:40 |ERROR| Error | PATCH | /api/v1/product/6a0770f6f5de2887974c09e3 : can't find /api/v1/product/6a0770f6f5de2887974c09e3 
Error: can't find /api/v1/product/6a0770f6f5de2887974c09e3
    at C:\Users\yosef\OneDrive\Desktop\NTI\Ecommerce Backend\server.js:29:7
    at Layer.handleRequest (C:\Users\yosef\OneDrive\Desktop\NTI\Ecommerce Backend\node_modules\router\lib\layer.js:152:17)
    at trimPrefix (C:\Users\yosef\OneDrive\Desktop\NTI\Ecommerce Backend\node_modules\router\index.js:342:13)
    at C:\Users\yosef\OneDrive\Desktop\NTI\Ecommerce Backend\node_modules\router\index.js:297:9
    at processParams (C:\Users\yosef\OneDrive\Desktop\NTI\Ecommerce Backend\node_modules\router\index.js:582:12)
    at next (C:\Users\yosef\OneDrive\Desktop\NTI\Ecommerce Backend\node_modules\router\index.js:291:5)
    at C:\Users\yosef\OneDrive\Desktop\NTI\Ecommerce Backend\node_modules\router\index.js:688:15
    at next (C:\Users\yosef\OneDrive\Desktop\NTI\Ecommerce Backend\node_modules\router\index.js:276:14)
    at router.handle (C:\Users\yosef\OneDrive\Desktop\NTI\Ecommerce Backend\node_modules\router\index.js:186:3)
    at router (C:\Users\yosef\OneDrive\Desktop\NTI\Ecommerce Backend\node_modules\router\index.js:60:12)
21-05-2026 02:04:25 |ERROR| Error | PATCH | /api/v1/order/updateStatus/6a08c14ca81209b9bfb09b1e : Cannot move order from cancelledByUser to pending 
Error: Cannot move order from cancelledByUser to pending
    at C:\Users\yosef\OneDrive\Desktop\NTI\Ecommerce Backend\controller\order.controller.js:210:4
    at process.processTicksAndRejections (node:internal/process/task_queues:104:5)
